{
  "summary": {
    "successRate": 1,
    "total": 10.000623481,
    "slowest": 0.005344897,
    "fastest": 0.000258953,
    "average": 0.000980278495516793,
    "requestsPerSec": 50920.22522070592,
    "totalData": 6620042,
    "sizePerRequest": 13,
    "sizePerSec": 661962.927869177
  },
  "responseTimeHistogram": {
    "0.000258953": 1,
    "0.0007675474000000001": 17416,
    "0.0012761418": 488720,
    "0.0017847362000000004": 2753,
    "0.0022933306000000003": 188,
    "0.0028019250000000002": 58,
    "0.0033105194000000006": 35,
    "0.0038191138000000006": 26,
    "0.0043277082000000005": 18,
    "0.004836302600000001": 18,
    "0.005344897": 1
  },
  "latencyPercentiles": {
    "p10": 0.000859137,
    "p25": 0.000917106,
    "p50": 0.000990621,
    "p75": 0.001048462,
    "p90": 0.001090094,
    "p95": 0.001121702,
    "p99": 0.001217383
  },
  "rps": {
    "mean": 50920.59721590685,
    "stddev": 2480.583949432672,
    "max": 63129.10965192179,
    "percentiles": {
      "p10": 49316.895968558376,
      "p25": 49926.126341913536,
      "p50": 50803.06342472638,
      "p75": 51887.46670262335,
      "p90": 53303.52336289816,
      "p95": 54487.218474745176,
      "p99": 56620.032167380596
    }
  },
  "details": {
    "DNSDialup": {
      "average": 0.00076999384,
      "fastest": 0.000096109,
      "slowest": 0.001334553
    },
    "DNSLookup": {
      "average": 0.000007225419999999999,
      "fastest": 0.000003237,
      "slowest": 0.000044914
    }
  },
  "statusCodeDistribution": {
    "200": 509234
  },
  "errorDistribution": {}
}