{
  "summary": {
    "successRate": 1,
    "total": 10.000685197,
    "slowest": 0.004223904,
    "fastest": 0.000161715,
    "average": 0.0009788804205252625,
    "requestsPerSec": 50993.20596082553,
    "totalData": 6629571,
    "sizePerRequest": 13,
    "sizePerSec": 662911.6774907319
  },
  "responseTimeHistogram": {
    "0.000161715": 1,
    "0.0005679338999999999": 1708,
    "0.0009741528": 227776,
    "0.0013803717": 278786,
    "0.0017865906": 1404,
    "0.0021928095": 149,
    "0.0025990284": 40,
    "0.0030052472999999996": 33,
    "0.0034114662000000002": 32,
    "0.0038176851": 18,
    "0.004223904": 20
  },
  "latencyPercentiles": {
    "p10": 0.000850192,
    "p25": 0.000915775,
    "p50": 0.000989769,
    "p75": 0.001050515,
    "p90": 0.001095713,
    "p95": 0.001129564,
    "p99": 0.001225702
  },
  "rps": {
    "mean": 50993.636502174755,
    "stddev": 2653.295620164414,
    "max": 62211.50678191718,
    "percentiles": {
      "p10": 48932.63317306097,
      "p25": 49878.054679596426,
      "p50": 50818.53423109464,
      "p75": 52037.034326192035,
      "p90": 53959.54759031368,
      "p95": 55083.36867849577,
      "p99": 57249.44583142211
    }
  },
  "details": {
    "DNSDialup": {
      "average": 0.00061052356,
      "fastest": 0.000064472,
      "slowest": 0.001402231
    },
    "DNSLookup": {
      "average": 0.000006859359999999999,
      "fastest": 0.000002936,
      "slowest": 0.000023684
    }
  },
  "statusCodeDistribution": {
    "200": 509967
  },
  "errorDistribution": {}
}