{
  "summary": {
    "successRate": 1,
    "total": 10.000654429,
    "slowest": 0.004922401,
    "fastest": 0.000288731,
    "average": 0.0010083130173796078,
    "requestsPerSec": 49503.060376170106,
    "totalData": 6435819,
    "sizePerRequest": 13,
    "sizePerSec": 643539.7848902113
  },
  "responseTimeHistogram": {
    "0.000288731": 1,
    "0.000752098": 18034,
    "0.001215465": 468998,
    "0.001678832": 7476,
    "0.002142199": 386,
    "0.0026055659999999997": 50,
    "0.003068933": 37,
    "0.0035322999999999995": 39,
    "0.003995667": 24,
    "0.004459034": 6,
    "0.004922401": 12
  },
  "latencyPercentiles": {
    "p10": 0.000876715,
    "p25": 0.000944311,
    "p50": 0.001022148,
    "p75": 0.001084723,
    "p90": 0.001128625,
    "p95": 0.001159383,
    "p99": 0.001246514
  },
  "rps": {
    "mean": 49504.3556967809,
    "stddev": 2672.032684161188,
    "max": 70799.4165407024,
    "percentiles": {
      "p10": 47711.26940183283,
      "p25": 48423.160797808785,
      "p50": 49142.27976811427,
      "p75": 50546.97836168956,
      "p90": 52163.4987683069,
      "p95": 53192.59861257942,
      "p99": 56293.52496890716
    }
  },
  "details": {
    "DNSDialup": {
      "average": 0.0007620466599999999,
      "fastest": 0.000097164,
      "slowest": 0.001264949
    },
    "DNSLookup": {
      "average": 0.00000627804,
      "fastest": 0.000003626,
      "slowest": 0.000030227
    }
  },
  "statusCodeDistribution": {
    "200": 495063
  },
  "errorDistribution": {}
}