{
  "summary": {
    "successRate": 1,
    "total": 10.000757576,
    "slowest": 0.01237568,
    "fastest": 0.000154705,
    "average": 0.0008928471993204461,
    "requestsPerSec": 55652.88387108485,
    "totalData": 7235423,
    "sizePerRequest": 13,
    "sizePerSec": 723487.490324103
  },
  "responseTimeHistogram": {
    "0.000154705": 1,
    "0.0013768025": 518895,
    "0.0025989000000000003": 37110,
    "0.0038209975": 435,
    "0.005043095": 124,
    "0.0062651925": 3,
    "0.007487290000000001": 1,
    "0.0087093875": 0,
    "0.009931485": 1,
    "0.0111535825": 0,
    "0.01237568": 1
  },
  "latencyPercentiles": {
    "p10": 0.000735722,
    "p25": 0.000779824,
    "p50": 0.000807725,
    "p75": 0.000845326,
    "p90": 0.001033432,
    "p95": 0.001866858,
    "p99": 0.002049363
  },
  "rps": {
    "mean": 55641.16886709046,
    "stddev": 11567.733190812325,
    "max": 62786.431751802644,
    "percentiles": {
      "p10": 30209.645939947797,
      "p25": 58782.83088700246,
      "p50": 60956.6348094015,
      "p75": 61535.019579644955,
      "p90": 61891.18806906395,
      "p95": 62076.88186719606,
      "p99": 62415.560199154774
    }
  },
  "details": {
    "DNSDialup": {
      "average": 0.0013280491000000005,
      "fastest": 0.000079202,
      "slowest": 0.00227447
    },
    "DNSLookup": {
      "average": 0.0000086923,
      "fastest": 0.0000033,
      "slowest": 0.000105503
    }
  },
  "statusCodeDistribution": {
    "200": 556571
  },
  "errorDistribution": {}
}