{
  "summary": {
    "successRate": 1,
    "total": 10.000283708,
    "slowest": 0.005760376,
    "fastest": 0.000239786,
    "average": 0.0010146134228699805,
    "requestsPerSec": 49194.10432390505,
    "totalData": 6395415,
    "sizePerRequest": 13,
    "sizePerSec": 639523.3562107657
  },
  "responseTimeHistogram": {
    "0.000239786": 1,
    "0.000791845": 35133,
    "0.0013439040000000001": 454304,
    "0.001895963": 2352,
    "0.0024480220000000002": 59,
    "0.0030000810000000004": 29,
    "0.00355214": 18,
    "0.004104199": 20,
    "0.004656258": 31,
    "0.005208317": 7,
    "0.005760376": 1
  },
  "latencyPercentiles": {
    "p10": 0.000887178,
    "p25": 0.000981453,
    "p50": 0.001031297,
    "p75": 0.001078969,
    "p90": 0.001130633,
    "p95": 0.001174654,
    "p99": 0.001290447
  },
  "rps": {
    "mean": 49194.517368287656,
    "stddev": 4203.983417133672,
    "max": 75920.7263582996,
    "percentiles": {
      "p10": 46693.0647559024,
      "p25": 47468.629295865176,
      "p50": 48230.564962410186,
      "p75": 49253.85942767234,
      "p90": 53528.85740703028,
      "p95": 57289.311020653986,
      "p99": 66776.02537850455
    }
  },
  "details": {
    "DNSDialup": {
      "average": 0.0011991422799999998,
      "fastest": 0.000089437,
      "slowest": 0.002822936
    },
    "DNSLookup": {
      "average": 0.000008044760000000002,
      "fastest": 0.000003286,
      "slowest": 0.000055824
    }
  },
  "statusCodeDistribution": {
    "200": 491955
  },
  "errorDistribution": {}
}