{
  "summary": {
    "successRate": 1,
    "total": 10.000621787,
    "slowest": 0.014239028,
    "fastest": 0.000430907,
    "average": 0.0017764344984686111,
    "requestsPerSec": 28077.25419283472,
    "totalData": 3650270,
    "sizePerRequest": 13,
    "sizePerSec": 365004.30450685136
  },
  "responseTimeHistogram": {
    "0.000430907": 1,
    "0.0018117191000000003": 227504,
    "0.0031925312000000003": 40254,
    "0.004573343300000001": 6873,
    "0.005954155400000001": 4436,
    "0.007334967500000001": 706,
    "0.008715779600000001": 128,
    "0.010096591700000001": 134,
    "0.011477403800000001": 237,
    "0.0128582159": 383,
    "0.014239028": 134
  },
  "latencyPercentiles": {
    "p10": 0.001300323,
    "p25": 0.001478326,
    "p50": 0.001575327,
    "p75": 0.00171033,
    "p90": 0.002237636,
    "p95": 0.003110754,
    "p99": 0.005261592
  },
  "rps": {
    "mean": 28166.97910834698,
    "stddev": 6677.189628527089,
    "max": 43052.70147423879,
    "percentiles": {
      "p10": 18703.6004430852,
      "p25": 26646.434076021113,
      "p50": 30759.412001261986,
      "p75": 32448.107564273036,
      "p90": 33237.15837293151,
      "p95": 33665.39502984644,
      "p99": 34440.46736628639
    }
  },
  "details": {
    "DNSDialup": {
      "average": 0.0031609837800000004,
      "fastest": 0.000087501,
      "slowest": 0.005969006
    },
    "DNSLookup": {
      "average": 0.00001106814,
      "fastest": 0.0000056,
      "slowest": 0.000168903
    }
  },
  "statusCodeDistribution": {
    "200": 280790
  },
  "errorDistribution": {}
}