{
  "summary": {
    "successRate": 1,
    "total": 10.000643265,
    "slowest": 0.004395763,
    "fastest": 0.000116467,
    "average": 0.0009312497014723659,
    "requestsPerSec": 53603.65186468832,
    "totalData": 6968923,
    "sizePerRequest": 13,
    "sizePerSec": 696847.4742409482
  },
  "responseTimeHistogram": {
    "0.000116467": 1,
    "0.0005443965999999999": 12246,
    "0.0009723261999999999": 256166,
    "0.0014002558": 265221,
    "0.0018281853999999999": 2009,
    "0.0022561149999999995": 178,
    "0.0026840446": 114,
    "0.0031119741999999996": 39,
    "0.0035399037999999995": 45,
    "0.0039678334": 31,
    "0.004395763": 21
  },
  "latencyPercentiles": {
    "p10": 0.000628379,
    "p25": 0.00083712,
    "p50": 0.00097208,
    "p75": 0.001062491,
    "p90": 0.001113607,
    "p95": 0.001147819,
    "p99": 0.001258889
  },
  "rps": {
    "mean": 53601.68920444827,
    "stddev": 7051.057203964401,
    "max": 81629.95002866577,
    "percentiles": {
      "p10": 48323.70277621249,
      "p25": 49227.10936912961,
      "p50": 50868.509427010715,
      "p75": 56408.726429980496,
      "p90": 63013.95759160981,
      "p95": 68029.05520948066,
      "p99": 79100.52997354718
    }
  },
  "details": {
    "DNSDialup": {
      "average": 0.0009680516799999998,
      "fastest": 0.00007484,
      "slowest": 0.002018571
    },
    "DNSLookup": {
      "average": 0.000005766519999999999,
      "fastest": 0.000003166,
      "slowest": 0.000031248
    }
  },
  "statusCodeDistribution": {
    "200": 536071
  },
  "errorDistribution": {}
}