{
  "summary": {
    "successRate": 1,
    "total": 10.0006225,
    "slowest": 0.005178311,
    "fastest": 0.000293217,
    "average": 0.0009966783036189537,
    "requestsPerSec": 50074.78284476791,
    "totalData": 6510127,
    "sizePerRequest": 13,
    "sizePerSec": 650972.1769819829
  },
  "responseTimeHistogram": {
    "0.000293217": 1,
    "0.0007817264": 34510,
    "0.0012702358": 459821,
    "0.0017587452": 6060,
    "0.0022472546": 227,
    "0.002735764": 70,
    "0.0032242734": 39,
    "0.0037127828": 1,
    "0.0042012922": 10,
    "0.0046898016": 23,
    "0.005178311": 17
  },
  "latencyPercentiles": {
    "p10": 0.000843041,
    "p25": 0.00093264,
    "p50": 0.001012609,
    "p75": 0.001079835,
    "p90": 0.001128226,
    "p95": 0.001171463,
    "p99": 0.001290949
  },
  "rps": {
    "mean": 50069.89044053518,
    "stddev": 3738.229003451486,
    "max": 68410.05627827097,
    "percentiles": {
      "p10": 47474.57781428857,
      "p25": 48419.63038078128,
      "p50": 49301.62544052051,
      "p75": 50914.85883003366,
      "p90": 54765.53994889039,
      "p95": 57394.46968162066,
      "p99": 62166.561737650714
    }
  },
  "details": {
    "DNSDialup": {
      "average": 0.0005297738200000001,
      "fastest": 0.000075661,
      "slowest": 0.000903242
    },
    "DNSLookup": {
      "average": 0.000008434219999999998,
      "fastest": 0.000004027,
      "slowest": 0.000050926
    }
  },
  "statusCodeDistribution": {
    "200": 500779
  },
  "errorDistribution": {}
}