{
  "summary": {
    "successRate": 1,
    "total": 10.000383203,
    "slowest": 0.005011448,
    "fastest": 0.000209132,
    "average": 0.0008701074908546608,
    "requestsPerSec": 57360.40193218984,
    "totalData": 7457138,
    "sizePerRequest": 13,
    "sizePerSec": 745685.2251184679
  },
  "responseTimeHistogram": {
    "0.000209132": 1,
    "0.0006893636": 160086,
    "0.0011695952": 397900,
    "0.0016498268": 14970,
    "0.0021300584": 486,
    "0.00261029": 58,
    "0.0030905216": 41,
    "0.0035707532": 39,
    "0.0040509848": 12,
    "0.0045312164": 18,
    "0.005011448": 15
  },
  "latencyPercentiles": {
    "p10": 0.00057391,
    "p25": 0.000651902,
    "p50": 0.000922605,
    "p75": 0.001025854,
    "p90": 0.001085542,
    "p95": 0.001127475,
    "p99": 0.00124697
  },
  "rps": {
    "mean": 57353.20391408319,
    "stddev": 9890.886767312042,
    "max": 84811.2374889799,
    "percentiles": {
      "p10": 49148.62273246856,
      "p25": 50268.53451136286,
      "p50": 52672.27734466221,
      "p75": 64094.52018892278,
      "p90": 72581.29634429258,
      "p95": 77987.73575105547,
      "p99": 82350.81728677955
    }
  },
  "details": {
    "DNSDialup": {
      "average": 0.0009535166800000001,
      "fastest": 0.000142967,
      "slowest": 0.001370589
    },
    "DNSLookup": {
      "average": 0.00000981838,
      "fastest": 0.000004479,
      "slowest": 0.000049893
    }
  },
  "statusCodeDistribution": {
    "200": 573626
  },
  "errorDistribution": {}
}