{
  "summary": {
    "successRate": 1,
    "total": 10.000411578,
    "slowest": 0.004611023,
    "fastest": 0.000269686,
    "average": 0.0009352037626137333,
    "requestsPerSec": 53368.20348215473,
    "totalData": 6938152,
    "sizePerRequest": 13,
    "sizePerSec": 693786.6452680114
  },
  "responseTimeHistogram": {
    "0.000269686": 1,
    "0.0007038197": 80059,
    "0.0011379533999999998": 423744,
    "0.0015720870999999998": 29449,
    "0.0020062208": 251,
    "0.0024403545": 99,
    "0.0028744881999999998": 46,
    "0.0033086218999999997": 13,
    "0.0037427555999999997": 9,
    "0.0041768893": 16,
    "0.004611023": 17
  },
  "latencyPercentiles": {
    "p10": 0.000618499,
    "p25": 0.000874953,
    "p50": 0.000972521,
    "p75": 0.001049344,
    "p90": 0.001102795,
    "p95": 0.001145414,
    "p99": 0.00125653
  },
  "rps": {
    "mean": 53368.5964441427,
    "stddev": 7785.958151988542,
    "max": 82748.63965038517,
    "percentiles": {
      "p10": 48607.81786449827,
      "p25": 49518.50272888308,
      "p50": 50478.23116265585,
      "p75": 52420.921189646935,
      "p90": 66013.96195294875,
      "p95": 72411.47797249809,
      "p99": 79814.09332392922
    }
  },
  "details": {
    "DNSDialup": {
      "average": 0.0008596128599999998,
      "fastest": 0.000152837,
      "slowest": 0.001192445
    },
    "DNSLookup": {
      "average": 0.000009537299999999998,
      "fastest": 0.000004438,
      "slowest": 0.000076043
    }
  },
  "statusCodeDistribution": {
    "200": 533704
  },
  "errorDistribution": {}
}