{
  "summary": {
    "successRate": 1,
    "total": 10.000589091,
    "slowest": 0.01316069,
    "fastest": 0.000103801,
    "average": 0.0011674123024792862,
    "requestsPerSec": 42562.392687752916,
    "totalData": 5533437,
    "sizePerRequest": 13,
    "sizePerSec": 553311.1049407879
  },
  "responseTimeHistogram": {
    "0.000103801": 1,
    "0.0014094898999999998": 377305,
    "0.0027151788": 38046,
    "0.004020867699999999": 9132,
    "0.005326556599999999": 780,
    "0.006632245499999999": 201,
    "0.007937934399999999": 123,
    "0.0092436233": 38,
    "0.010549312199999999": 13,
    "0.011855001099999998": 2,
    "0.01316069": 8
  },
  "latencyPercentiles": {
    "p10": 0.000830006,
    "p25": 0.000905606,
    "p50": 0.001040107,
    "p75": 0.001202708,
    "p90": 0.001502212,
    "p95": 0.002506717,
    "p99": 0.002921322
  },
  "rps": {
    "mean": 42547.47537298006,
    "stddev": 10909.515711386188,
    "max": 55928.70261017618,
    "percentiles": {
      "p10": 19829.591699694207,
      "p25": 40323.526058900934,
      "p50": 46334.89944626252,
      "p75": 50143.81930699801,
      "p90": 52405.16576126088,
      "p95": 53357.220121168684,
      "p99": 54954.5982758694
    }
  },
  "details": {
    "DNSDialup": {
      "average": 0.0022546189599999995,
      "fastest": 0.000106201,
      "slowest": 0.004423433
    },
    "DNSLookup": {
      "average": 0.000007934060000000001,
      "fastest": 0.000006,
      "slowest": 0.0000459
    }
  },
  "statusCodeDistribution": {
    "200": 425649
  },
  "errorDistribution": {}
}