{
  "summary": {
    "successRate": 1,
    "total": 10.000178948,
    "slowest": 0.00438041,
    "fastest": 0.000152243,
    "average": 0.0009718591627727556,
    "requestsPerSec": 51357.18097351791,
    "totalData": 6676553,
    "sizePerRequest": 13,
    "sizePerSec": 667643.3526557329
  },
  "responseTimeHistogram": {
    "0.000152243": 1,
    "0.0005750597000000001": 12927,
    "0.0009978764": 248347,
    "0.0014206931": 250903,
    "0.0018435098000000002": 1150,
    "0.0022663265": 126,
    "0.0026891432": 51,
    "0.0031119599": 22,
    "0.0035347766": 12,
    "0.0039575933": 10,
    "0.00438041": 32
  },
  "latencyPercentiles": {
    "p10": 0.000791002,
    "p25": 0.000910634,
    "p50": 0.000995129,
    "p75": 0.001062667,
    "p90": 0.001118836,
    "p95": 0.001163813,
    "p99": 0.001277788
  },
  "rps": {
    "mean": 51352.55464192786,
    "stddev": 5676.025930008955,
    "max": 80505.70011435865,
    "percentiles": {
      "p10": 48101.61793156199,
      "p25": 49087.94596399016,
      "p50": 50005.28785755695,
      "p75": 51027.90716243038,
      "p90": 57364.47193000333,
      "p95": 64535.41703686689,
      "p99": 75416.94906291073
    }
  },
  "details": {
    "DNSDialup": {
      "average": 0.0010777464999999998,
      "fastest": 0.000116073,
      "slowest": 0.00201229
    },
    "DNSLookup": {
      "average": 0.00000963616,
      "fastest": 0.000004759,
      "slowest": 0.000039894
    }
  },
  "statusCodeDistribution": {
    "200": 513581
  },
  "errorDistribution": {}
}