{
  "summary": {
    "successRate": 1,
    "total": 10.00055879,
    "slowest": 0.005475113,
    "fastest": 0.00028872,
    "average": 0.0009996651635262176,
    "requestsPerSec": 49926.8101397762,
    "totalData": 6490848,
    "sizePerRequest": 13,
    "sizePerSec": 649048.5318170906
  },
  "responseTimeHistogram": {
    "0.00028872": 1,
    "0.0008073593": 44072,
    "0.0013259985999999999": 450871,
    "0.0018446379": 3986,
    "0.0023632772": 225,
    "0.0028819165": 59,
    "0.0034005558": 32,
    "0.0039191951": 18,
    "0.0044378344": 14,
    "0.0049564737": 6,
    "0.005475113": 12
  },
  "latencyPercentiles": {
    "p10": 0.000828642,
    "p25": 0.000933298,
    "p50": 0.001015915,
    "p75": 0.001085504,
    "p90": 0.001139763,
    "p95": 0.001191038,
    "p99": 0.001312105
  },
  "rps": {
    "mean": 49924.80161561765,
    "stddev": 3913.460294563553,
    "max": 70470.02704964786,
    "percentiles": {
      "p10": 47011.50841726175,
      "p25": 48199.80748193555,
      "p50": 49118.679833943104,
      "p75": 51132.45888489833,
      "p90": 54417.73821840835,
      "p95": 57123.851235836846,
      "p99": 62676.28331445237
    }
  },
  "details": {
    "DNSDialup": {
      "average": 0.0007993170199999999,
      "fastest": 0.00009513,
      "slowest": 0.001387701
    },
    "DNSLookup": {
      "average": 0.000013478639999999996,
      "fastest": 0.000004499,
      "slowest": 0.000124082
    }
  },
  "statusCodeDistribution": {
    "200": 499296
  },
  "errorDistribution": {}
}