{
  "summary": {
    "successRate": 1,
    "total": 10.000105819,
    "slowest": 0.015155848,
    "fastest": 0.000109702,
    "average": 0.0008756229455066125,
    "requestsPerSec": 56973.29711426727,
    "totalData": 7406607,
    "sizePerRequest": 13,
    "sizePerSec": 740652.8624854744
  },
  "responseTimeHistogram": {
    "0.000109702": 1,
    "0.0016143166": 508726,
    "0.0031189312": 59996,
    "0.0046235458": 524,
    "0.0061281604": 169,
    "0.007632775": 71,
    "0.0091373896": 145,
    "0.0106420042": 16,
    "0.0121466188": 15,
    "0.0136512334": 75,
    "0.015155848": 1
  },
  "latencyPercentiles": {
    "p10": 0.000636915,
    "p25": 0.000693516,
    "p50": 0.000753317,
    "p75": 0.000815218,
    "p90": 0.00176534,
    "p95": 0.001884244,
    "p99": 0.002079448
  },
  "rps": {
    "mean": 56958.066878923615,
    "stddev": 16596.509739839854,
    "max": 70678.70929116772,
    "percentiles": {
      "p10": 26566.072478864917,
      "p25": 47715.73501861591,
      "p50": 66478.26772812147,
      "p75": 68045.38627264144,
      "p90": 68762.57962565849,
      "p95": 69113.54164322387,
      "p99": 69827.72160547784
    }
  },
  "details": {
    "DNSDialup": {
      "average": 0.0016671805599999996,
      "fastest": 0.000091802,
      "slowest": 0.002815065
    },
    "DNSLookup": {
      "average": 0.00001076826,
      "fastest": 0.0000041,
      "slowest": 0.000069302
    }
  },
  "statusCodeDistribution": {
    "200": 569739
  },
  "errorDistribution": {}
}