{
  "summary": {
    "successRate": 1,
    "total": 10.000659697,
    "slowest": 0.013099939,
    "fastest": 0.000107007,
    "average": 0.0009920467427830988,
    "requestsPerSec": 50277.98317653324,
    "totalData": 6536569,
    "sizePerRequest": 13,
    "sizePerSec": 653613.7812949321
  },
  "responseTimeHistogram": {
    "0.000107007": 1,
    "0.0014063002000000002": 445677,
    "0.0027055934": 54047,
    "0.0040048866": 1914,
    "0.0053041798": 446,
    "0.006603473": 216,
    "0.0079027662": 193,
    "0.0092020594": 234,
    "0.0105013526": 51,
    "0.011800645799999999": 14,
    "0.013099939": 20
  },
  "latencyPercentiles": {
    "p10": 0.000728647,
    "p25": 0.00078425,
    "p50": 0.000839054,
    "p75": 0.000928559,
    "p90": 0.001640205,
    "p95": 0.002142037,
    "p99": 0.002468358
  },
  "rps": {
    "mean": 50266.6482767658,
    "stddev": 13716.21741251237,
    "max": 62720.44686567784,
    "percentiles": {
      "p10": 23716.632453981903,
      "p25": 43278.14148598474,
      "p50": 57655.11829308729,
      "p75": 60016.66593447274,
      "p90": 60899.399718833025,
      "p95": 61321.21714112301,
      "p99": 61958.37179413989
    }
  },
  "details": {
    "DNSDialup": {
      "average": 0.00161311122,
      "fastest": 0.000085406,
      "slowest": 0.00187332
    },
    "DNSLookup": {
      "average": 0.0000063103599999999995,
      "fastest": 0.0000042,
      "slowest": 0.000051803
    }
  },
  "statusCodeDistribution": {
    "200": 502813
  },
  "errorDistribution": {}
}