{
  "summary": {
    "successRate": 0.23215090162562907,
    "total": 10.000592394,
    "slowest": 0.005094123,
    "fastest": 0.000185997,
    "average": 0.000943085046755179,
    "requestsPerSec": 77688.3977859282,
    "totalData": 2344745,
    "sizePerRequest": 13,
    "sizePerSec": 234460.61069409884
  },
  "responseTimeHistogram": {
    "0.000185997": 1,
    "0.0006768096": 28712,
    "0.0011676222": 138568,
    "0.0016584348": 12708,
    "0.0021492473999999997": 189,
    "0.0026400599999999996": 71,
    "0.0031308725999999996": 31,
    "0.0036216851999999996": 18,
    "0.0041124978": 20,
    "0.0046033103999999995": 29,
    "0.005094123": 18
  },
  "latencyPercentiles": {
    "p10": 0.00062786,
    "p25": 0.000800211,
    "p50": 0.000984397,
    "p75": 0.001086336,
    "p90": 0.001147559,
    "p95": 0.001191452,
    "p99": 0.001321865
  },
  "rps": {
    "mean": 52828.151510697,
    "stddev": 7642.559788502603,
    "max": 78033.95257276141,
    "percentiles": {
      "p10": 46853.530158208094,
      "p25": 47904.0383104286,
      "p50": 50453.152396052166,
      "p75": 56999.20141013192,
      "p90": 62876.63533499149,
      "p95": 68192.30350281828,
      "p99": 74302.94239651316
    }
  },
  "details": {
    "DNSDialup": {
      "average": 0.00122020476,
      "fastest": 0.00009117,
      "slowest": 0.001879816
    },
    "DNSLookup": {
      "average": 0.000005626659999999999,
      "fastest": 0.000003507,
      "slowest": 0.000008065
    }
  },
  "statusCodeDistribution": {
    "200": 180365
  },
  "errorDistribution": {
    "Connection refused (os error 111)": 596565
  }
}