{
  "summary": {
    "successRate": 1,
    "total": 10.000619959,
    "slowest": 0.005044752,
    "fastest": 0.000158492,
    "average": 0.0009778360449940898,
    "requestsPerSec": 51043.53551007687,
    "totalData": 6636071,
    "sizePerRequest": 13,
    "sizePerSec": 663565.9616309993
  },
  "responseTimeHistogram": {
    "0.000158492": 1,
    "0.000647118": 6590,
    "0.0011357440000000002": 484405,
    "0.0016243700000000002": 18834,
    "0.0021129960000000002": 542,
    "0.002601622": 39,
    "0.0030902480000000003": 5,
    "0.0035788740000000006": 1,
    "0.0040675": 10,
    "0.004556126": 23,
    "0.005044752": 17
  },
  "latencyPercentiles": {
    "p10": 0.000853496,
    "p25": 0.00091499,
    "p50": 0.000987933,
    "p75": 0.00104744,
    "p90": 0.001089212,
    "p95": 0.001121019,
    "p99": 0.001233614
  },
  "rps": {
    "mean": 51042.426934151605,
    "stddev": 2557.077885502625,
    "max": 59701.09850021442,
    "percentiles": {
      "p10": 49317.377048255425,
      "p25": 50016.82065678478,
      "p50": 50855.37535287076,
      "p75": 52090.5035291341,
      "p90": 53716.28140489669,
      "p95": 54549.55329642048,
      "p99": 57113.25027406036
    }
  },
  "details": {
    "DNSDialup": {
      "average": 0.00051633884,
      "fastest": 0.000074009,
      "slowest": 0.000856744
    },
    "DNSLookup": {
      "average": 0.000006621339999999999,
      "fastest": 0.000003567,
      "slowest": 0.00002603
    }
  },
  "statusCodeDistribution": {
    "200": 510467
  },
  "errorDistribution": {}
}