{
  "summary": {
    "successRate": 1,
    "total": 10.000039375,
    "slowest": 0.005624618,
    "fastest": 0.000201396,
    "average": 0.0008740865689647146,
    "requestsPerSec": 57099.275171604015,
    "totalData": 7422935,
    "sizePerRequest": 13,
    "sizePerSec": 742290.5772308521
  },
  "responseTimeHistogram": {
    "0.000201396": 1,
    "0.0007437181999999998": 166116,
    "0.0012860403999999997": 401568,
    "0.0018283625999999996": 2985,
    "0.0023706847999999995": 170,
    "0.002913006999999999": 53,
    "0.0034553291999999992": 52,
    "0.0039976514": 0,
    "0.0045399735999999994": 1,
    "0.005082295799999999": 28,
    "0.005624617999999999": 21
  },
  "latencyPercentiles": {
    "p10": 0.000575269,
    "p25": 0.000664915,
    "p50": 0.000925306,
    "p75": 0.001025904,
    "p90": 0.001083712,
    "p95": 0.001126301,
    "p99": 0.00124277
  },
  "rps": {
    "mean": 57092.45282457341,
    "stddev": 9541.015871732523,
    "max": 84466.73716903933,
    "percentiles": {
      "p10": 49275.958890629954,
      "p25": 50240.05639696523,
      "p50": 52381.70164667517,
      "p75": 63134.69787792116,
      "p90": 72712.81199747643,
      "p95": 76804.23191317548,
      "p99": 81439.99518163179
    }
  },
  "details": {
    "DNSDialup": {
      "average": 0.0008273271600000001,
      "fastest": 0.00024126,
      "slowest": 0.001247157
    },
    "DNSLookup": {
      "average": 0.00001491558,
      "fastest": 0.000003908,
      "slowest": 0.000248011
    }
  },
  "statusCodeDistribution": {
    "200": 570995
  },
  "errorDistribution": {}
}