{
  "summary": {
    "successRate": 1,
    "total": 10.000639782,
    "slowest": 0.012001644,
    "fastest": 0.000198104,
    "average": 0.0012165048339051582,
    "requestsPerSec": 41037.17451544142,
    "totalData": 5335174,
    "sizePerRequest": 13,
    "sizePerSec": 533483.2687007384
  },
  "responseTimeHistogram": {
    "0.000198104": 1,
    "0.0013784580000000002": 383869,
    "0.0025588120000000006": 14725,
    "0.003739166000000001": 7419,
    "0.004919520000000001": 3276,
    "0.006099874000000001": 299,
    "0.0072802280000000014": 58,
    "0.008460582000000001": 3,
    "0.009640936000000001": 196,
    "0.01082129": 230,
    "0.012001644": 322
  },
  "latencyPercentiles": {
    "p10": 0.000963219,
    "p25": 0.001053521,
    "p50": 0.001147123,
    "p75": 0.001189025,
    "p90": 0.001234125,
    "p95": 0.001799836,
    "p99": 0.003761276
  },
  "rps": {
    "mean": 41090.493498850294,
    "stddev": 8182.500266222696,
    "max": 46685.36481976064,
    "percentiles": {
      "p10": 31711.40659294959,
      "p25": 42123.58078052088,
      "p50": 44610.69318315417,
      "p75": 45305.67872025178,
      "p90": 45776.44208062994,
      "p95": 45990.400257064066,
      "p99": 46227.73201643678
    }
  },
  "details": {
    "DNSDialup": {
      "average": 0.0018766398200000002,
      "fastest": 0.000087502,
      "slowest": 0.003775076
    },
    "DNSLookup": {
      "average": 0.00000598808,
      "fastest": 0.0000039,
      "slowest": 0.000051401
    }
  },
  "statusCodeDistribution": {
    "200": 410398
  },
  "errorDistribution": {}
}