{
  "summary": {
    "successRate": 1,
    "total": 10.00039412,
    "slowest": 0.005411981,
    "fastest": 0.000322485,
    "average": 0.0010087042603863546,
    "requestsPerSec": 49481.449837099026,
    "totalData": 6432842,
    "sizePerRequest": 13,
    "sizePerSec": 643258.8478822873
  },
  "responseTimeHistogram": {
    "0.000322485": 1,
    "0.0008314346": 29874,
    "0.0013403841999999999": 462239,
    "0.0018493337999999997": 2532,
    "0.0023582834": 43,
    "0.002867233": 75,
    "0.0033761825999999995": 28,
    "0.0038851321999999995": 13,
    "0.0043940818": 13,
    "0.0049030314": 11,
    "0.005411981": 5
  },
  "latencyPercentiles": {
    "p10": 0.000875451,
    "p25": 0.000940198,
    "p50": 0.001019826,
    "p75": 0.001082181,
    "p90": 0.001136154,
    "p95": 0.001181084,
    "p99": 0.00129503
  },
  "rps": {
    "mean": 49481.914686128956,
    "stddev": 3041.644845384305,
    "max": 67900.66273250274,
    "percentiles": {
      "p10": 47302.54245152518,
      "p25": 48237.15889996297,
      "p50": 49120.80265992544,
      "p75": 50011.0374359614,
      "p90": 51900.82505245796,
      "p95": 54831.96155038774,
      "p99": 61304.09511355342
    }
  },
  "details": {
    "DNSDialup": {
      "average": 0.0008257882600000001,
      "fastest": 0.000088392,
      "slowest": 0.001739524
    },
    "DNSLookup": {
      "average": 0.00000813608,
      "fastest": 0.000004228,
      "slowest": 0.000049373
    }
  },
  "statusCodeDistribution": {
    "200": 494834
  },
  "errorDistribution": {}
}