{
  "summary": {
    "successRate": 1,
    "total": 10.000123871,
    "slowest": 0.016813613,
    "fastest": 0.000084901,
    "average": 0.0008620157795841703,
    "requestsPerSec": 57867.18319341507,
    "totalData": 7522827,
    "sizePerRequest": 13,
    "sizePerSec": 752273.3815143958
  },
  "responseTimeHistogram": {
    "0.000084901": 1,
    "0.0017577722000000004": 522737,
    "0.0034306434000000007": 55006,
    "0.005103514600000001": 308,
    "0.006776385800000001": 77,
    "0.008449257000000002": 227,
    "0.010122128200000002": 210,
    "0.011794999400000002": 13,
    "0.013467870600000003": 92,
    "0.015140741800000003": 4,
    "0.016813613": 4
  },
  "latencyPercentiles": {
    "p10": 0.000616108,
    "p25": 0.000672308,
    "p50": 0.000731909,
    "p75": 0.00078691,
    "p90": 0.001744322,
    "p95": 0.001869823,
    "p99": 0.002476732
  },
  "rps": {
    "mean": 57866.73540574,
    "stddev": 17531.384272912772,
    "max": 72682.29780238557,
    "percentiles": {
      "p10": 26902.88667974121,
      "p25": 44821.84616782211,
      "p50": 68442.2494005507,
      "p75": 70260.96543971558,
      "p90": 70925.35111810759,
      "p95": 71309.077645584,
      "p99": 71898.79791050433
    }
  },
  "details": {
    "DNSDialup": {
      "average": 0.00168467932,
      "fastest": 0.000259603,
      "slowest": 0.001983925
    },
    "DNSLookup": {
      "average": 0.000009070179999999999,
      "fastest": 0.0000042,
      "slowest": 0.000037501
    }
  },
  "statusCodeDistribution": {
    "200": 578679
  },
  "errorDistribution": {}
}