{
  "summary": {
    "successRate": 1,
    "total": 10.000604693,
    "slowest": 0.004989031,
    "fastest": 0.000121487,
    "average": 0.0009799308940101514,
    "requestsPerSec": 50931.02023685799,
    "totalData": 6621433,
    "sizePerRequest": 13,
    "sizePerSec": 662103.263079154
  },
  "responseTimeHistogram": {
    "0.000121487": 1,
    "0.0006082414": 11108,
    "0.0010949958": 423488,
    "0.0015817501999999999": 73998,
    "0.0020685046": 539,
    "0.002555259": 95,
    "0.0030420134": 56,
    "0.0035287677999999998": 6,
    "0.0040155222": 7,
    "0.0045022766": 19,
    "0.004989031": 24
  },
  "latencyPercentiles": {
    "p10": 0.000810656,
    "p25": 0.000917626,
    "p50": 0.000997944,
    "p75": 0.001066163,
    "p90": 0.001114797,
    "p95": 0.001156162,
    "p99": 0.00127355
  },
  "rps": {
    "mean": 50931.45274037659,
    "stddev": 4174.2459894117765,
    "max": 75702.4754709459,
    "percentiles": {
      "p10": 48197.69247523112,
      "p25": 48989.50541551718,
      "p50": 49845.20797233296,
      "p75": 51815.47209997093,
      "p90": 55636.36235124758,
      "p95": 59480.44730497572,
      "p99": 64867.36475829965
    }
  },
  "details": {
    "DNSDialup": {
      "average": 0.0007621548199999999,
      "fastest": 0.000181209,
      "slowest": 0.001083897
    },
    "DNSLookup": {
      "average": 0.000008986500000000001,
      "fastest": 0.000004238,
      "slowest": 0.0000533
    }
  },
  "statusCodeDistribution": {
    "200": 509341
  },
  "errorDistribution": {}
}