{
  "summary": {
    "successRate": 1,
    "total": 10.000366029,
    "slowest": 0.004166006,
    "fastest": 0.000189636,
    "average": 0.0009701844356533798,
    "requestsPerSec": 51446.81689730579,
    "totalData": 6688331,
    "sizePerRequest": 13,
    "sizePerSec": 668808.6196649752
  },
  "responseTimeHistogram": {
    "0.000189636": 1,
    "0.000587273": 8273,
    "0.00098491": 248937,
    "0.001382547": 256006,
    "0.001780184": 991,
    "0.002177821": 109,
    "0.002575458": 89,
    "0.002973095": 33,
    "0.003370732": 9,
    "0.003768369": 25,
    "0.004166006": 14
  },
  "latencyPercentiles": {
    "p10": 0.00083694,
    "p25": 0.000906331,
    "p50": 0.000984928,
    "p75": 0.001044867,
    "p90": 0.001096858,
    "p95": 0.001142854,
    "p99": 0.00125787
  },
  "rps": {
    "mean": 51442.94665462195,
    "stddev": 3953.371931998855,
    "max": 75571.11894633088,
    "percentiles": {
      "p10": 48988.68421503303,
      "p25": 49937.41810738906,
      "p50": 50829.052034153356,
      "p75": 51724.13619939296,
      "p90": 53922.06877930324,
      "p95": 59193.04628184097,
      "p99": 67418.72657462483
    }
  },
  "details": {
    "DNSDialup": {
      "average": 0.0007015675400000001,
      "fastest": 0.000087307,
      "slowest": 0.001624334
    },
    "DNSLookup": {
      "average": 0.000009665759999999999,
      "fastest": 0.000004428,
      "slowest": 0.000046828
    }
  },
  "statusCodeDistribution": {
    "200": 514487
  },
  "errorDistribution": {}
}