{
  "summary": {
    "successRate": 1,
    "total": 10.000710502,
    "slowest": 0.01042343,
    "fastest": 0.000110699,
    "average": 0.0007835154447762979,
    "requestsPerSec": 63676.47577366098,
    "totalData": 8278530,
    "sizePerRequest": 13,
    "sizePerSec": 827794.1850575928
  },
  "responseTimeHistogram": {
    "0.000110699": 1,
    "0.0011419720999999998": 597726,
    "0.0021732452": 38754,
    "0.0032045183": 214,
    "0.004235791399999999": 85,
    "0.005267064499999999": 26,
    "0.0062983375999999995": 0,
    "0.007329610699999999": 0,
    "0.0083608838": 2,
    "0.0093921569": 1,
    "0.01042343": 1
  },
  "latencyPercentiles": {
    "p10": 0.000665302,
    "p25": 0.000699102,
    "p50": 0.000722302,
    "p75": 0.000750202,
    "p90": 0.000880994,
    "p95": 0.001574505,
    "p99": 0.001740105
  },
  "rps": {
    "mean": 63639.01511998947,
    "stddev": 12061.679706686244,
    "max": 70328.37028398771,
    "percentiles": {
      "p10": 39820.17688362434,
      "p25": 67208.54892742797,
      "p50": 68723.17345409095,
      "p75": 69312.28213639035,
      "p90": 69620.69823358451,
      "p95": 69772.36789998566,
      "p99": 69966.27905615125
    }
  },
  "details": {
    "DNSDialup": {
      "average": 0.0012316113599999997,
      "fastest": 0.000074,
      "slowest": 0.002053506
    },
    "DNSLookup": {
      "average": 0.000009358059999999998,
      "fastest": 0.000003,
      "slowest": 0.0001415
    }
  },
  "statusCodeDistribution": {
    "200": 636810
  },
  "errorDistribution": {}
}