{
  "summary": {
    "successRate": 1,
    "total": 10.000395572,
    "slowest": 0.00580071,
    "fastest": 0.000294558,
    "average": 0.0009994611387727178,
    "requestsPerSec": 49940.82448081784,
    "totalData": 6492564,
    "sizePerRequest": 13,
    "sizePerSec": 649230.7182506319
  },
  "responseTimeHistogram": {
    "0.000294558": 1,
    "0.0008451731999999999": 65103,
    "0.0013957884": 432737,
    "0.0019464035999999995": 1418,
    "0.0024970187999999996": 17,
    "0.0030476339999999996": 30,
    "0.003598249199999999": 32,
    "0.0041488644": 30,
    "0.0046994796": 40,
    "0.0052500948": 16,
    "0.00580071": 4
  },
  "latencyPercentiles": {
    "p10": 0.000736358,
    "p25": 0.000970992,
    "p50": 0.001029441,
    "p75": 0.001079859,
    "p90": 0.001131888,
    "p95": 0.001175998,
    "p99": 0.00129268
  },
  "rps": {
    "mean": 49937.891824092374,
    "stddev": 4934.355136440537,
    "max": 78742.1900654327,
    "percentiles": {
      "p10": 46506.02252991712,
      "p25": 47350.32307065117,
      "p50": 48275.44970033669,
      "p75": 51148.475330666675,
      "p90": 56392.378776814454,
      "p95": 60073.75254600037,
      "p99": 66235.42270406475
    }
  },
  "details": {
    "DNSDialup": {
      "average": 0.0013402420600000001,
      "fastest": 0.000120074,
      "slowest": 0.003006799
    },
    "DNSLookup": {
      "average": 0.000009477619999999999,
      "fastest": 0.000004117,
      "slowest": 0.000095708
    }
  },
  "statusCodeDistribution": {
    "200": 499428
  },
  "errorDistribution": {}
}