{
  "summary": {
    "successRate": 1,
    "total": 10.000650165,
    "slowest": 0.005141085,
    "fastest": 0.000313105,
    "average": 0.0009822979185819464,
    "requestsPerSec": 50807.296687394926,
    "totalData": 6605378,
    "sizePerRequest": 13,
    "sizePerSec": 660494.856936134
  },
  "responseTimeHistogram": {
    "0.000313105": 1,
    "0.0007959029999999999": 54582,
    "0.001278701": 447916,
    "0.001761499": 5202,
    "0.002244297": 253,
    "0.002727095": 71,
    "0.003209893": 31,
    "0.003692691": 0,
    "0.004175489": 13,
    "0.004658287": 20,
    "0.005141085": 17
  },
  "latencyPercentiles": {
    "p10": 0.000779868,
    "p25": 0.000919958,
    "p50": 0.001002965,
    "p75": 0.001076419,
    "p90": 0.001125034,
    "p95": 0.001164095,
    "p99": 0.001286844
  },
  "rps": {
    "mean": 50804.40632633617,
    "stddev": 4273.646284747815,
    "max": 75705.65521244322,
    "percentiles": {
      "p10": 47690.29617901491,
      "p25": 48606.530933847585,
      "p50": 49618.15074054561,
      "p75": 52156.0863841474,
      "p90": 56347.28522301404,
      "p95": 59257.82596339094,
      "p99": 64460.435578115146
    }
  },
  "details": {
    "DNSDialup": {
      "average": 0.0005823677400000001,
      "fastest": 0.000086692,
      "slowest": 0.000966097
    },
    "DNSLookup": {
      "average": 0.000008388300000000004,
      "fastest": 0.000003567,
      "slowest": 0.000056696
    }
  },
  "statusCodeDistribution": {
    "200": 508106
  },
  "errorDistribution": {}
}