{
  "summary": {
    "successRate": 1,
    "total": 10.000320841,
    "slowest": 0.004448908,
    "fastest": 0.000162413,
    "average": 0.0009519929307780577,
    "requestsPerSec": 52428.21788781446,
    "totalData": 6815887,
    "sizePerRequest": 13,
    "sizePerSec": 681566.832541588
  },
  "responseTimeHistogram": {
    "0.000162413": 1,
    "0.0005910625": 25213,
    "0.0010197119999999999": 296321,
    "0.0014483615": 201723,
    "0.0018770109999999998": 865,
    "0.0023056605": 51,
    "0.00273431": 19,
    "0.0031629595": 21,
    "0.003591609": 10,
    "0.004020258499999999": 41,
    "0.004448908": 34
  },
  "latencyPercentiles": {
    "p10": 0.000655445,
    "p25": 0.000893754,
    "p50": 0.000982966,
    "p75": 0.001055844,
    "p90": 0.001108252,
    "p95": 0.001151974,
    "p99": 0.001270776
  },
  "rps": {
    "mean": 52420.692007828555,
    "stddev": 6523.217518907207,
    "max": 80196.21942406458,
    "percentiles": {
      "p10": 48164.096779994725,
      "p25": 49338.967916860725,
      "p50": 50203.85701252929,
      "p75": 51936.386632474256,
      "p90": 62459.385055671395,
      "p95": 68263.7241865273,
      "p99": 74445.17608408525
    }
  },
  "details": {
    "DNSDialup": {
      "average": 0.00100169976,
      "fastest": 0.000120585,
      "slowest": 0.002128452
    },
    "DNSLookup": {
      "average": 0.00001746644,
      "fastest": 0.000004719,
      "slowest": 0.00031588
    }
  },
  "statusCodeDistribution": {
    "200": 524299
  },
  "errorDistribution": {}
}