{
  "summary": {
    "successRate": 1,
    "total": 10.001059515,
    "slowest": 0.003931416,
    "fastest": 0.000226743,
    "average": 0.0009149886844636838,
    "requestsPerSec": 54550.22032233152,
    "totalData": 7092280,
    "sizePerRequest": 13,
    "sizePerSec": 709152.8641903098
  },
  "responseTimeHistogram": {
    "0.000226743": 1,
    "0.0005972103": 56415,
    "0.0009676775999999999": 232589,
    "0.0013381449": 254152,
    "0.0017086121999999998": 2027,
    "0.0020790795": 204,
    "0.0024495468": 36,
    "0.0028200141": 32,
    "0.0031904814": 58,
    "0.0035609486999999998": 13,
    "0.003931415999999999": 33
  },
  "latencyPercentiles": {
    "p10": 0.000594936,
    "p25": 0.000839917,
    "p50": 0.000956044,
    "p75": 0.001038609,
    "p90": 0.001096927,
    "p95": 0.00114638,
    "p99": 0.001268753
  },
  "rps": {
    "mean": 54540.91412809564,
    "stddev": 8940.83174158686,
    "max": 85110.93922501996,
    "percentiles": {
      "p10": 48913.446306389975,
      "p25": 49805.06019411578,
      "p50": 50950.80366299893,
      "p75": 54149.56851501866,
      "p90": 69812.72686010701,
      "p95": 77097.4388513331,
      "p99": 82554.0977002281
    }
  },
  "details": {
    "DNSDialup": {
      "average": 0.0007159243200000002,
      "fastest": 0.000091561,
      "slowest": 0.001320747
    },
    "DNSLookup": {
      "average": 0.00001106334,
      "fastest": 0.000004569,
      "slowest": 0.000060053
    }
  },
  "statusCodeDistribution": {
    "200": 545560
  },
  "errorDistribution": {}
}