{
  "summary": {
    "successRate": 1,
    "total": 10.000800019,
    "slowest": 0.008124435,
    "fastest": 0.000140601,
    "average": 0.0007833296723274937,
    "requestsPerSec": 63672.50607853596,
    "totalData": 8278088,
    "sizePerRequest": 13,
    "sizePerSec": 827742.5790209675
  },
  "responseTimeHistogram": {
    "0.000140601": 1,
    "0.0009389843999999998": 581845,
    "0.0017373677999999997": 47389,
    "0.0025357512": 7048,
    "0.0033341345999999997": 373,
    "0.004132517999999999": 48,
    "0.004930901399999999": 20,
    "0.005729284799999999": 1,
    "0.006527668199999999": 0,
    "0.0073260515999999986": 10,
    "0.008124435": 41
  },
  "latencyPercentiles": {
    "p10": 0.000665703,
    "p25": 0.000684203,
    "p50": 0.000701503,
    "p75": 0.000724703,
    "p90": 0.000852603,
    "p95": 0.001576507,
    "p99": 0.001776808
  },
  "rps": {
    "mean": 63630.45157910212,
    "stddev": 13991.001306341412,
    "max": 72025.85146243316,
    "percentiles": {
      "p10": 32077.81114649794,
      "p25": 67717.99267065115,
      "p50": 70164.95169578539,
      "p75": 70840.07422999336,
      "p90": 71206.51069870431,
      "p95": 71387.50680584204,
      "p99": 71630.49310091345
    }
  },
  "details": {
    "DNSDialup": {
      "average": 0.0013372137800000004,
      "fastest": 0.000183401,
      "slowest": 0.001856408
    },
    "DNSLookup": {
      "average": 0.00001073202,
      "fastest": 0.000003,
      "slowest": 0.000321901
    }
  },
  "statusCodeDistribution": {
    "200": 636776
  },
  "errorDistribution": {}
}