{
  "summary": {
    "successRate": 1,
    "total": 10.000308145,
    "slowest": 0.005555478,
    "fastest": 0.000260773,
    "average": 0.0009645466965926313,
    "requestsPerSec": 51745.005503527915,
    "totalData": 6727058,
    "sizePerRequest": 13,
    "sizePerSec": 672685.0715458628
  },
  "responseTimeHistogram": {
    "0.000260773": 1,
    "0.0007902435000000001": 55168,
    "0.001319714": 459110,
    "0.0018491845000000002": 2966,
    "0.0023786550000000004": 73,
    "0.0029081255000000003": 93,
    "0.0034375960000000007": 11,
    "0.003967066500000001": 13,
    "0.004496537": 12,
    "0.0050260075000000005": 12,
    "0.005555478": 7
  },
  "latencyPercentiles": {
    "p10": 0.000773036,
    "p25": 0.000902298,
    "p50": 0.000986357,
    "p75": 0.001054272,
    "p90": 0.001112016,
    "p95": 0.001163306,
    "p99": 0.001282406
  },
  "rps": {
    "mean": 51742.104720251875,
    "stddev": 5330.4684022559395,
    "max": 79518.42441893848,
    "percentiles": {
      "p10": 48563.44814500292,
      "p25": 49465.38334370192,
      "p50": 50346.94583846773,
      "p75": 51539.760368192205,
      "p90": 58000.42774063941,
      "p95": 63680.17398391213,
      "p99": 74141.55000103265
    }
  },
  "details": {
    "DNSDialup": {
      "average": 0.0010421341799999996,
      "fastest": 0.000100019,
      "slowest": 0.001941533
    },
    "DNSLookup": {
      "average": 0.0000144827,
      "fastest": 0.0000048,
      "slowest": 0.000281296
    }
  },
  "statusCodeDistribution": {
    "200": 517466
  },
  "errorDistribution": {}
}