{
  "summary": {
    "successRate": 1,
    "total": 10.000433761,
    "slowest": 0.004703984,
    "fastest": 0.000103945,
    "average": 0.000887084606960256,
    "requestsPerSec": 56265.65941513064,
    "totalData": 7314853,
    "sizePerRequest": 13,
    "sizePerSec": 731453.5723966984
  },
  "responseTimeHistogram": {
    "0.000103945": 1,
    "0.0005639489": 32515,
    "0.0010239528": 380440,
    "0.0014839566999999998": 148996,
    "0.0019439605999999998": 549,
    "0.0024039644999999995": 79,
    "0.0028639683999999994": 44,
    "0.0033239722999999994": 7,
    "0.0037839761999999993": 17,
    "0.0042439801": 21,
    "0.004703984": 12
  },
  "latencyPercentiles": {
    "p10": 0.000586791,
    "p25": 0.000731868,
    "p50": 0.000934203,
    "p75": 0.00102901,
    "p90": 0.001082581,
    "p95": 0.00111871,
    "p99": 0.001221802
  },
  "rps": {
    "mean": 56286.817447475,
    "stddev": 7831.135156141367,
    "max": 84077.44466851027,
    "percentiles": {
      "p10": 49493.711393151876,
      "p25": 50616.60547402965,
      "p50": 53440.566734209824,
      "p75": 61023.205852616906,
      "p90": 68151.82699166112,
      "p95": 72176.89112477077,
      "p99": 78553.14120001797
    }
  },
  "details": {
    "DNSDialup": {
      "average": 0.0008462835200000001,
      "fastest": 0.000122509,
      "slowest": 0.001357627
    },
    "DNSLookup": {
      "average": 0.00002375506,
      "fastest": 0.000004258,
      "slowest": 0.000812384
    }
  },
  "statusCodeDistribution": {
    "200": 562681
  },
  "errorDistribution": {}
}