{
  "summary": {
    "successRate": 1,
    "total": 10.000682437,
    "slowest": 0.004837092,
    "fastest": 0.000161932,
    "average": 0.0009990031019563616,
    "requestsPerSec": 49966.99006771992,
    "totalData": 6496152,
    "sizePerRequest": 13,
    "sizePerSec": 649570.8708803589
  },
  "responseTimeHistogram": {
    "0.000161932": 1,
    "0.000629448": 35919,
    "0.001096964": 280592,
    "0.00156448": 181618,
    "0.002031996": 1336,
    "0.002499512": 99,
    "0.002967028": 27,
    "0.0034345440000000003": 22,
    "0.00390206": 37,
    "0.004369576": 36,
    "0.004837092": 17
  },
  "latencyPercentiles": {
    "p10": 0.000658446,
    "p25": 0.000932305,
    "p50": 0.001042729,
    "p75": 0.001132628,
    "p90": 0.001184065,
    "p95": 0.001219821,
    "p99": 0.001339774
  },
  "rps": {
    "mean": 49965.53128288425,
    "stddev": 6826.559046025736,
    "max": 79509.95464631377,
    "percentiles": {
      "p10": 45421.775780867654,
      "p25": 46222.44561959282,
      "p50": 47310.308514436554,
      "p75": 51610.78052434858,
      "p90": 58472.592865629806,
      "p95": 65185.95835840003,
      "p99": 75334.07337981577
    }
  },
  "details": {
    "DNSDialup": {
      "average": 0.0007849799199999998,
      "fastest": 0.00011124,
      "slowest": 0.001219754
    },
    "DNSLookup": {
      "average": 0.000006428220000000001,
      "fastest": 0.000003707,
      "slowest": 0.000027511
    }
  },
  "statusCodeDistribution": {
    "200": 499704
  },
  "errorDistribution": {}
}