{
  "summary": {
    "successRate": 1,
    "total": 10.000677651,
    "slowest": 0.005012135,
    "fastest": 0.000157632,
    "average": 0.0009823672620993054,
    "requestsPerSec": 50813.55661425468,
    "totalData": 6606210,
    "sizePerRequest": 13,
    "sizePerSec": 660576.2359853109
  },
  "responseTimeHistogram": {
    "0.000157632": 1,
    "0.0006430823": 7647,
    "0.0011285326": 472447,
    "0.0016139828999999998": 27426,
    "0.0020994331999999996": 491,
    "0.0025848835": 56,
    "0.0030703337999999996": 22,
    "0.0035557841": 30,
    "0.0040412344": 11,
    "0.0045266847": 22,
    "0.005012134999999999": 17
  },
  "latencyPercentiles": {
    "p10": 0.000853005,
    "p25": 0.00091819,
    "p50": 0.000993497,
    "p75": 0.001054181,
    "p90": 0.001097875,
    "p95": 0.001134446,
    "p99": 0.001246213
  },
  "rps": {
    "mean": 50812.0961954793,
    "stddev": 2817.848249690846,
    "max": 66688.31766964983,
    "percentiles": {
      "p10": 48880.087791052596,
      "p25": 49697.82021953748,
      "p50": 50645.95107140464,
      "p75": 51842.15804292417,
      "p90": 53767.67737551166,
      "p95": 54861.129739918295,
      "p99": 57602.28371833143
    }
  },
  "details": {
    "DNSDialup": {
      "average": 0.0006523232400000001,
      "fastest": 0.000082123,
      "slowest": 0.001090556
    },
    "DNSLookup": {
      "average": 0.00000661752,
      "fastest": 0.000003196,
      "slowest": 0.000034504
    }
  },
  "statusCodeDistribution": {
    "200": 508170
  },
  "errorDistribution": {}
}