{
  "summary": {
    "successRate": 1,
    "total": 10.000679539,
    "slowest": 0.003801542,
    "fastest": 0.00006366,
    "average": 0.0006984126635034274,
    "requestsPerSec": 71482.94245527669,
    "totalData": 9293414,
    "sizePerRequest": 13,
    "sizePerSec": 929278.2519185969
  },
  "responseTimeHistogram": {
    "0.00006366": 1,
    "0.0004374482": 13648,
    "0.0008112364": 657029,
    "0.0011850246": 41725,
    "0.0015588128": 2106,
    "0.001932601": 210,
    "0.0023063892000000003": 28,
    "0.0026801774000000003": 32,
    "0.0030539656000000003": 62,
    "0.0034277538000000002": 24,
    "0.003801542": 13
  },
  "latencyPercentiles": {
    "p10": 0.000565624,
    "p25": 0.000650798,
    "p50": 0.000707689,
    "p75": 0.000760839,
    "p90": 0.000791596,
    "p95": 0.000824411,
    "p99": 0.000978538
  },
  "rps": {
    "mean": 71483.88089223171,
    "stddev": 5711.254329201924,
    "max": 95317.96358733914,
    "percentiles": {
      "p10": 68267.85450722632,
      "p25": 69245.30720450249,
      "p50": 70450.66579386992,
      "p75": 72951.45995985567,
      "p90": 78039.2605689774,
      "p95": 80700.58911430082,
      "p99": 91819.4381750572
    }
  },
  "details": {
    "DNSDialup": {
      "average": 0.0006963685200000001,
      "fastest": 0.00008266,
      "slowest": 0.001086752
    },
    "DNSLookup": {
      "average": 0.0000040467199999999994,
      "fastest": 0.000002023,
      "slowest": 0.000031988
    }
  },
  "statusCodeDistribution": {
    "200": 714878
  },
  "errorDistribution": {}
}