{
  "summary": {
    "successRate": 1,
    "total": 10.000447712,
    "slowest": 0.005973694,
    "fastest": 0.000102723,
    "average": 0.0008623563168146371,
    "requestsPerSec": 57877.308763433895,
    "totalData": 7524387,
    "sizePerRequest": 13,
    "sizePerSec": 752405.0139246406
  },
  "responseTimeHistogram": {
    "0.000102723": 1,
    "0.0006898201": 160024,
    "0.0012769172": 416029,
    "0.0018640143": 2454,
    "0.0024511114": 197,
    "0.0030382085": 46,
    "0.0036253056": 5,
    "0.0042124027": 1,
    "0.0047994998": 40,
    "0.0053865968999999994": 1,
    "0.005973694": 1
  },
  "latencyPercentiles": {
    "p10": 0.000576525,
    "p25": 0.000657608,
    "p50": 0.000913116,
    "p75": 0.00101371,
    "p90": 0.00106791,
    "p95": 0.001103272,
    "p99": 0.001215422
  },
  "rps": {
    "mean": 57873.68806727861,
    "stddev": 9076.685139431409,
    "max": 86520.00306379097,
    "percentiles": {
      "p10": 49824.20958343611,
      "p25": 51010.54898152888,
      "p50": 54148.87149239604,
      "p75": 63798.811599405504,
      "p90": 71137.65315982584,
      "p95": 76317.21561145454,
      "p99": 83104.27155955907
    }
  },
  "details": {
    "DNSDialup": {
      "average": 0.0010917679999999997,
      "fastest": 0.000148572,
      "slowest": 0.002190579
    },
    "DNSLookup": {
      "average": 0.00005226916,
      "fastest": 0.000003937,
      "slowest": 0.00208751
    }
  },
  "statusCodeDistribution": {
    "200": 578799
  },
  "errorDistribution": {}
}