{
  "summary": {
    "successRate": 1,
    "total": 10.000674412,
    "slowest": 0.004190361,
    "fastest": 0.000145684,
    "average": 0.0006596118778944407,
    "requestsPerSec": 75644.19846448251,
    "totalData": 9834409,
    "sizePerRequest": 13,
    "sizePerSec": 983374.5800382727
  },
  "responseTimeHistogram": {
    "0.000145684": 1,
    "0.0005501517": 37928,
    "0.0009546194": 715986,
    "0.0013590871000000002": 2087,
    "0.0017635548000000001": 358,
    "0.0021680225": 28,
    "0.0025724902000000003": 30,
    "0.0029769579": 34,
    "0.0033814256": 23,
    "0.0037858933000000003": 12,
    "0.004190361": 6
  },
  "latencyPercentiles": {
    "p10": 0.000577809,
    "p25": 0.000613353,
    "p50": 0.00066461,
    "p75": 0.000703953,
    "p90": 0.000731677,
    "p95": 0.000754481,
    "p99": 0.000829641
  },
  "rps": {
    "mean": 75644.96330425501,
    "stddev": 3376.775466695347,
    "max": 87851.16747173687,
    "percentiles": {
      "p10": 73955.50360545515,
      "p25": 74841.14017475623,
      "p50": 75713.22710077441,
      "p75": 76615.84482293559,
      "p90": 78026.24022458773,
      "p95": 79166.6830338247,
      "p99": 82351.60975383315
    }
  },
  "details": {
    "DNSDialup": {
      "average": 0.00043299862,
      "fastest": 0.000052759,
      "slowest": 0.00093323
    },
    "DNSLookup": {
      "average": 0.000005207539999999998,
      "fastest": 0.000003006,
      "slowest": 0.000030508
    }
  },
  "statusCodeDistribution": {
    "200": 756493
  },
  "errorDistribution": {}
}