{
  "summary": {
    "successRate": 1,
    "total": 10.000732656,
    "slowest": 0.005327761,
    "fastest": 0.000128824,
    "average": 0.0009790180975471992,
    "requestsPerSec": 50978.76501019427,
    "totalData": 6627725,
    "sizePerRequest": 13,
    "sizePerSec": 662723.9451325255
  },
  "responseTimeHistogram": {
    "0.000128824": 1,
    "0.0006487177000000001": 7598,
    "0.0011686114": 490596,
    "0.0016885051000000001": 11222,
    "0.0022083988": 229,
    "0.0027282925000000004": 70,
    "0.0032481862": 46,
    "0.0037680799": 24,
    "0.0042879736": 9,
    "0.0048078673": 15,
    "0.005327761": 15
  },
  "latencyPercentiles": {
    "p10": 0.000851984,
    "p25": 0.000916557,
    "p50": 0.000989419,
    "p75": 0.001050883,
    "p90": 0.001093085,
    "p95": 0.001124751,
    "p99": 0.001229727
  },
  "rps": {
    "mean": 50985.19287559487,
    "stddev": 2801.751141239793,
    "max": 68526.80083180884,
    "percentiles": {
      "p10": 48913.92579467139,
      "p25": 49803.023043498346,
      "p50": 50792.8197021564,
      "p75": 52103.78794538347,
      "p90": 53913.13323925311,
      "p95": 55029.89774344579,
      "p99": 57388.19310163897
    }
  },
  "details": {
    "DNSDialup": {
      "average": 0.0008745144999999998,
      "fastest": 0.000124502,
      "slowest": 0.00136009
    },
    "DNSLookup": {
      "average": 0.000016583960000000003,
      "fastest": 0.000003797,
      "slowest": 0.000464357
    }
  },
  "statusCodeDistribution": {
    "200": 509825
  },
  "errorDistribution": {}
}