{
  "summary": {
    "successRate": 1,
    "total": 10.000702653,
    "slowest": 0.004851685,
    "fastest": 0.000196211,
    "average": 0.0009673856792255843,
    "requestsPerSec": 51595.874600392446,
    "totalData": 6707935,
    "sizePerRequest": 13,
    "sizePerSec": 670746.3698051018
  },
  "responseTimeHistogram": {
    "0.000196211": 1,
    "0.0006617584000000001": 7799,
    "0.0011273058": 489224,
    "0.0015928532": 18416,
    "0.0020584006": 384,
    "0.002523948": 58,
    "0.0029894954": 46,
    "0.0034550428": 25,
    "0.0039205902": 23,
    "0.0043861376": 13,
    "0.004851685": 6
  },
  "latencyPercentiles": {
    "p10": 0.000844298,
    "p25": 0.000904078,
    "p50": 0.000977377,
    "p75": 0.001036023,
    "p90": 0.00107894,
    "p95": 0.001111798,
    "p99": 0.001205792
  },
  "rps": {
    "mean": 51593.2623481314,
    "stddev": 2534.769134784332,
    "max": 64461.30915113513,
    "percentiles": {
      "p10": 49747.97196936368,
      "p25": 50665.677918284746,
      "p50": 51415.23947698261,
      "p75": 52619.87452660914,
      "p90": 54150.440371673394,
      "p95": 55143.75192664171,
      "p99": 57275.28794397267
    }
  },
  "details": {
    "DNSDialup": {
      "average": 0.0007699698599999999,
      "fastest": 0.000093934,
      "slowest": 0.001498609
    },
    "DNSLookup": {
      "average": 0.000006210699999999999,
      "fastest": 0.000002956,
      "slowest": 0.000027221
    }
  },
  "statusCodeDistribution": {
    "200": 515995
  },
  "errorDistribution": {}
}