{
  "summary": {
    "successRate": 1,
    "total": 10.00106146,
    "slowest": 0.013778127,
    "fastest": 0.000095799,
    "average": 0.0013769389397767044,
    "requestsPerSec": 36139.963887393205,
    "totalData": 4698694,
    "sizePerRequest": 13,
    "sizePerSec": 469819.5305361117
  },
  "responseTimeHistogram": {
    "0.000095799": 1,
    "0.0014640317999999998": 280070,
    "0.0028322646": 59280,
    "0.004200497399999999": 20217,
    "0.005568730199999999": 1054,
    "0.006936962999999999": 285,
    "0.0083051958": 306,
    "0.009673428599999999": 164,
    "0.0110416614": 36,
    "0.0124098942": 13,
    "0.013778127": 12
  },
  "latencyPercentiles": {
    "p10": 0.000951295,
    "p25": 0.001043394,
    "p50": 0.001178694,
    "p75": 0.001427692,
    "p90": 0.002048889,
    "p95": 0.002906385,
    "p99": 0.00361428
  },
  "rps": {
    "mean": 36121.17299364744,
    "stddev": 9964.710908776362,
    "max": 48742.916163795744,
    "percentiles": {
      "p10": 17655.70728763322,
      "p25": 31722.37379023363,
      "p50": 39676.7864848846,
      "p75": 44112.27898369868,
      "p90": 45972.39563863806,
      "p95": 46660.61352472111,
      "p99": 47901.301490485996
    }
  },
  "details": {
    "DNSDialup": {
      "average": 0.002271239,
      "fastest": 0.0000961,
      "slowest": 0.002769987
    },
    "DNSLookup": {
      "average": 0.000014119940000000001,
      "fastest": 0.0000059,
      "slowest": 0.000072
    }
  },
  "statusCodeDistribution": {
    "200": 361438
  },
  "errorDistribution": {}
}