{
  "summary": {
    "successRate": 1,
    "total": 10.000664724,
    "slowest": 0.005053451,
    "fastest": 0.000195355,
    "average": 0.0009714246357965805,
    "requestsPerSec": 51376.38488839314,
    "totalData": 6679374,
    "sizePerRequest": 13,
    "sizePerSec": 667893.0035491108
  },
  "responseTimeHistogram": {
    "0.000195355": 1,
    "0.0006811645999999999": 13679,
    "0.0011669741999999997": 489674,
    "0.0016527837999999995": 9942,
    "0.0021385933999999995": 323,
    "0.0026244029999999995": 75,
    "0.003110212599999999": 54,
    "0.003596022199999999": 0,
    "0.0040818318": 7,
    "0.004567641399999999": 19,
    "0.005053451": 24
  },
  "latencyPercentiles": {
    "p10": 0.000836856,
    "p25": 0.000909679,
    "p50": 0.000983232,
    "p75": 0.001046848,
    "p90": 0.001088824,
    "p95": 0.00111865,
    "p99": 0.001217834
  },
  "rps": {
    "mean": 51385.552557938536,
    "stddev": 2824.05977110913,
    "max": 66330.51179458646,
    "percentiles": {
      "p10": 49383.1508130096,
      "p25": 50018.932165828504,
      "p50": 50956.0516568269,
      "p75": 52540.361505708104,
      "p90": 54406.64497277531,
      "p95": 55653.96765243299,
      "p99": 58400.09928016786
    }
  },
  "details": {
    "DNSDialup": {
      "average": 0.00065471624,
      "fastest": 0.000143793,
      "slowest": 0.000943418
    },
    "DNSLookup": {
      "average": 0.00000854768,
      "fastest": 0.000003126,
      "slowest": 0.000027622
    }
  },
  "statusCodeDistribution": {
    "200": 513798
  },
  "errorDistribution": {}
}