{
  "summary": {
    "successRate": 1,
    "total": 10.000412254,
    "slowest": 0.005500371,
    "fastest": 0.000271747,
    "average": 0.0010179652721854931,
    "requestsPerSec": 49031.07867416922,
    "totalData": 6374303,
    "sizePerRequest": 13,
    "sizePerSec": 637404.0227641999
  },
  "responseTimeHistogram": {
    "0.000271747": 1,
    "0.0007946094000000001": 31386,
    "0.0013174718": 455218,
    "0.0018403342000000004": 3484,
    "0.0023631966000000003": 100,
    "0.0028860590000000003": 80,
    "0.0034089214000000007": 21,
    "0.003931783800000001": 8,
    "0.0044546462000000005": 17,
    "0.0049775086000000005": 12,
    "0.005500371": 4
  },
  "latencyPercentiles": {
    "p10": 0.000867405,
    "p25": 0.000952283,
    "p50": 0.001034909,
    "p75": 0.001102599,
    "p90": 0.001154658,
    "p95": 0.001193623,
    "p99": 0.001297647
  },
  "rps": {
    "mean": 49028.61370000073,
    "stddev": 3463.144584275657,
    "max": 66413.9535716452,
    "percentiles": {
      "p10": 46210.605333924286,
      "p25": 47215.34971019118,
      "p50": 48431.07822289576,
      "p75": 49772.532473801315,
      "p90": 53660.3410535137,
      "p95": 55897.41528123922,
      "p99": 59856.32480163755
    }
  },
  "details": {
    "DNSDialup": {
      "average": 0.0008250909199999998,
      "fastest": 0.000103493,
      "slowest": 0.00181494
    },
    "DNSLookup": {
      "average": 0.000008625380000000002,
      "fastest": 0.000003837,
      "slowest": 0.00005884
    }
  },
  "statusCodeDistribution": {
    "200": 490331
  },
  "errorDistribution": {}
}