{
  "summary": {
    "successRate": 1,
    "total": 10.000286021,
    "slowest": 0.00509584,
    "fastest": 0.00032362,
    "average": 0.00097849608391047,
    "requestsPerSec": 51011.24097138461,
    "totalData": 6631651,
    "sizePerRequest": 13,
    "sizePerSec": 663146.1326279999
  },
  "responseTimeHistogram": {
    "0.00032362": 1,
    "0.000800842": 73186,
    "0.001278064": 425728,
    "0.0017552859999999998": 10675,
    "0.002232508": 379,
    "0.00270973": 70,
    "0.003186952": 40,
    "0.003664174": 5,
    "0.0041413959999999994": 14,
    "0.004618618": 14,
    "0.00509584": 15
  },
  "latencyPercentiles": {
    "p10": 0.000675262,
    "p25": 0.000909732,
    "p50": 0.001007392,
    "p75": 0.001083877,
    "p90": 0.001153791,
    "p95": 0.00121067,
    "p99": 0.001353299
  },
  "rps": {
    "mean": 51006.75978860874,
    "stddev": 6027.786916843555,
    "max": 75531.18682704684,
    "percentiles": {
      "p10": 46193.13126292829,
      "p25": 47874.185838374324,
      "p50": 49358.36136660798,
      "p75": 52458.266590302,
      "p90": 60314.98827458482,
      "p95": 64230.844653643646,
      "p99": 69823.7330868755
    }
  },
  "details": {
    "DNSDialup": {
      "average": 0.0012203774399999997,
      "fastest": 0.00010247,
      "slowest": 0.002322509
    },
    "DNSLookup": {
      "average": 0.000009115879999999999,
      "fastest": 0.000003777,
      "slowest": 0.000075451
    }
  },
  "statusCodeDistribution": {
    "200": 510127
  },
  "errorDistribution": {}
}