{
  "summary": {
    "successRate": 1,
    "total": 10.000656894,
    "slowest": 0.005412082,
    "fastest": 0.00012046,
    "average": 0.0009662492806256737,
    "requestsPerSec": 51677.90530940697,
    "totalData": 6718569,
    "sizePerRequest": 13,
    "sizePerSec": 671812.7690222906
  },
  "responseTimeHistogram": {
    "0.00012046": 1,
    "0.0006496221999999999": 57705,
    "0.0011787844": 428812,
    "0.0017079465999999999": 29626,
    "0.0022371088": 519,
    "0.002766271": 55,
    "0.0032954332": 31,
    "0.0038245954": 28,
    "0.0043537576": 21,
    "0.0048829198": 14,
    "0.0054120819999999995": 1
  },
  "latencyPercentiles": {
    "p10": 0.000639454,
    "p25": 0.000881926,
    "p50": 0.001011331,
    "p75": 0.001104364,
    "p90": 0.001153824,
    "p95": 0.001186272,
    "p99": 0.001295662
  },
  "rps": {
    "mean": 51675.55654914682,
    "stddev": 7183.459567835667,
    "max": 80997.56927096599,
    "percentiles": {
      "p10": 46577.52011604595,
      "p25": 47402.79202445491,
      "p50": 48584.70149227097,
      "p75": 54544.01757876066,
      "p90": 62135.788011998724,
      "p95": 66920.00908271443,
      "p99": 76940.66247718399
    }
  },
  "details": {
    "DNSDialup": {
      "average": 0.00076848148,
      "fastest": 0.000079348,
      "slowest": 0.001494743
    },
    "DNSLookup": {
      "average": 0.0000064757,
      "fastest": 0.000003166,
      "slowest": 0.000025097
    }
  },
  "statusCodeDistribution": {
    "200": 516813
  },
  "errorDistribution": {}
}