{
  "summary": {
    "successRate": 1,
    "total": 10.000682068,
    "slowest": 0.00648088,
    "fastest": 0.000152356,
    "average": 0.0010695297621821243,
    "requestsPerSec": 46663.617223992725,
    "totalData": 6066684,
    "sizePerRequest": 13,
    "sizePerSec": 606627.0239119055
  },
  "responseTimeHistogram": {
    "0.000152356": 1,
    "0.0007852083999999999": 13618,
    "0.0014180608": 450488,
    "0.0020509132": 2305,
    "0.0026837656": 138,
    "0.003316618": 59,
    "0.0039494704": 26,
    "0.0045823228": 16,
    "0.0052151752": 15,
    "0.0058480276": 1,
    "0.00648088": 1
  },
  "latencyPercentiles": {
    "p10": 0.000934042,
    "p25": 0.001001099,
    "p50": 0.001082072,
    "p75": 0.001147787,
    "p90": 0.00119381,
    "p95": 0.001226622,
    "p99": 0.00132316
  },
  "rps": {
    "mean": 46664.41389209191,
    "stddev": 2503.053134155885,
    "max": 57720.09899660508,
    "percentiles": {
      "p10": 45123.046611199105,
      "p25": 45707.4411714223,
      "p50": 46438.470230529296,
      "p75": 47514.134951821514,
      "p90": 49174.36639430273,
      "p95": 50446.705069932636,
      "p99": 53165.039920689356
    }
  },
  "details": {
    "DNSDialup": {
      "average": 0.0008190502999999999,
      "fastest": 0.00009253,
      "slowest": 0.001844206
    },
    "DNSLookup": {
      "average": 0.0000406572,
      "fastest": 0.000002625,
      "slowest": 0.00175552
    }
  },
  "statusCodeDistribution": {
    "200": 466668
  },
  "errorDistribution": {}
}