{
  "summary": {
    "successRate": 1,
    "total": 10.000736198,
    "slowest": 0.004789814,
    "fastest": 0.000113591,
    "average": 0.0009702848602890327,
    "requestsPerSec": 51441.71287138675,
    "totalData": 6687915,
    "sizePerRequest": 13,
    "sizePerSec": 668742.2673280278
  },
  "responseTimeHistogram": {
    "0.000113591": 1,
    "0.0005812133": 3578,
    "0.0010488356": 397538,
    "0.0015164578999999998": 112434,
    "0.0019840802": 710,
    "0.0024517025000000002": 53,
    "0.0029193248": 50,
    "0.0033869471": 31,
    "0.0038545694": 20,
    "0.004322191699999999": 23,
    "0.004789814": 17
  },
  "latencyPercentiles": {
    "p10": 0.000842306,
    "p25": 0.00090831,
    "p50": 0.000982347,
    "p75": 0.00104221,
    "p90": 0.001084904,
    "p95": 0.001117441,
    "p99": 0.001220021
  },
  "rps": {
    "mean": 51441.09124849881,
    "stddev": 2745.5012728251304,
    "max": 64846.06664574531,
    "percentiles": {
      "p10": 49393.927401249806,
      "p25": 50316.08605271134,
      "p50": 51207.45580556473,
      "p75": 52620.348288685476,
      "p90": 54239.35064889624,
      "p95": 56010.99341218109,
      "p99": 57525.991472047426
    }
  },
  "details": {
    "DNSDialup": {
      "average": 0.00055339516,
      "fastest": 0.000072747,
      "slowest": 0.0009887
    },
    "DNSLookup": {
      "average": 0.000006798079999999999,
      "fastest": 0.000003266,
      "slowest": 0.000041727
    }
  },
  "statusCodeDistribution": {
    "200": 514455
  },
  "errorDistribution": {}
}