{
  "summary": {
    "successRate": 1,
    "total": 10.000435106,
    "slowest": 0.005367882,
    "fastest": 0.000275234,
    "average": 0.0009461648996862899,
    "requestsPerSec": 52752.20471992132,
    "totalData": 6858085,
    "sizePerRequest": 13,
    "sizePerSec": 685778.6613589771
  },
  "responseTimeHistogram": {
    "0.000275234": 1,
    "0.0007844988000000001": 85487,
    "0.0012937636": 437950,
    "0.0018030284": 3792,
    "0.0023122932": 199,
    "0.002821558": 49,
    "0.0033308228": 19,
    "0.0038400876": 9,
    "0.0043493524": 27,
    "0.0048586172": 11,
    "0.005367882": 1
  },
  "latencyPercentiles": {
    "p10": 0.000626512,
    "p25": 0.000886437,
    "p50": 0.000982047,
    "p75": 0.001058217,
    "p90": 0.001113313,
    "p95": 0.001157064,
    "p99": 0.001271828
  },
  "rps": {
    "mean": 52733.27013358016,
    "stddev": 7461.763378057535,
    "max": 83412.08916542114,
    "percentiles": {
      "p10": 48209.614199806034,
      "p25": 49122.03193738945,
      "p50": 49987.80919793871,
      "p75": 52210.52564196963,
      "p90": 65053.988304894825,
      "p95": 70729.69940078096,
      "p99": 78563.51424218615
    }
  },
  "details": {
    "DNSDialup": {
      "average": 0.0010217588599999998,
      "fastest": 0.000236432,
      "slowest": 0.001757988
    },
    "DNSLookup": {
      "average": 0.000011072040000000001,
      "fastest": 0.000004298,
      "slowest": 0.000053139
    }
  },
  "statusCodeDistribution": {
    "200": 527545
  },
  "errorDistribution": {}
}