{
  "summary": {
    "successRate": 1,
    "total": 10.000189784,
    "slowest": 0.004339894,
    "fastest": 0.000097272,
    "average": 0.0009305441060175296,
    "requestsPerSec": 53639.182014148064,
    "totalData": 6973226,
    "sizePerRequest": 13,
    "sizePerSec": 697309.3661839248
  },
  "responseTimeHistogram": {
    "0.000097272": 1,
    "0.0005215342000000001": 4485,
    "0.0009457964000000002": 234710,
    "0.0013700586000000004": 295787,
    "0.0017943208000000003": 1209,
    "0.002218583": 105,
    "0.0026428452000000005": 20,
    "0.0030671074000000005": 29,
    "0.0034913696000000004": 20,
    "0.0039156318": 16,
    "0.004339894": 20
  },
  "latencyPercentiles": {
    "p10": 0.000619516,
    "p25": 0.000870387,
    "p50": 0.000965535,
    "p75": 0.001041006,
    "p90": 0.001095076,
    "p95": 0.001138138,
    "p99": 0.001247553
  },
  "rps": {
    "mean": 53630.771131557005,
    "stddev": 7161.541987529922,
    "max": 84162.71805749607,
    "percentiles": {
      "p10": 49052.02948767915,
      "p25": 49963.86182373323,
      "p50": 50887.66352554815,
      "p75": 53712.63117521315,
      "p90": 65459.603605508644,
      "p95": 70317.98030756741,
      "p99": 78211.46268403553
    }
  },
  "details": {
    "DNSDialup": {
      "average": 0.0007874053600000001,
      "fastest": 0.00012246,
      "slowest": 0.001115453
    },
    "DNSLookup": {
      "average": 0.0000070244200000000014,
      "fastest": 0.000003647,
      "slowest": 0.000042168
    }
  },
  "statusCodeDistribution": {
    "200": 536402
  },
  "errorDistribution": {}
}