{
  "summary": {
    "successRate": 1,
    "total": 10.000280913,
    "slowest": 0.005723722,
    "fastest": 0.000192939,
    "average": 0.0009743466473640456,
    "requestsPerSec": 51224.76102987048,
    "totalData": 6659406,
    "sizePerRequest": 13,
    "sizePerSec": 665921.8933883163
  },
  "responseTimeHistogram": {
    "0.000192939": 1,
    "0.0007460173": 55974,
    "0.0012990956": 452086,
    "0.0018521739000000002": 3937,
    "0.0024052522": 183,
    "0.0029583305": 32,
    "0.0035114088000000004": 2,
    "0.0040644871": 13,
    "0.0046175654": 15,
    "0.0051706437": 11,
    "0.005723722": 8
  },
  "latencyPercentiles": {
    "p10": 0.00070765,
    "p25": 0.000913326,
    "p50": 0.001002623,
    "p75": 0.001074898,
    "p90": 0.001131051,
    "p95": 0.001179154,
    "p99": 0.001283277
  },
  "rps": {
    "mean": 51228.17647980808,
    "stddev": 5885.7242011490125,
    "max": 79441.29358440498,
    "percentiles": {
      "p10": 47561.65091014822,
      "p25": 48415.367037497366,
      "p50": 49433.073834763345,
      "p75": 51140.467451896475,
      "p90": 59202.43204792892,
      "p95": 64043.02087421419,
      "p99": 74554.98490261752
    }
  },
  "details": {
    "DNSDialup": {
      "average": 0.00119758966,
      "fastest": 0.000103583,
      "slowest": 0.002448523
    },
    "DNSLookup": {
      "average": 0.000008904019999999996,
      "fastest": 0.000003807,
      "slowest": 0.000055484
    }
  },
  "statusCodeDistribution": {
    "200": 512262
  },
  "errorDistribution": {}
}