{
  "summary": {
    "successRate": 1,
    "total": 10.000158123,
    "slowest": 0.005611202,
    "fastest": 0.00032481,
    "average": 0.0010334929432553586,
    "requestsPerSec": 48294.536352302835,
    "totalData": 6278389,
    "sizePerRequest": 13,
    "sizePerSec": 627828.9725799368
  },
  "responseTimeHistogram": {
    "0.00032481": 1,
    "0.0008534491999999999": 27638,
    "0.0013820884": 453508,
    "0.0019107275999999999": 1591,
    "0.0024393668": 111,
    "0.002968006": 40,
    "0.0034966451999999997": 20,
    "0.0040252844": 12,
    "0.0045539236": 31,
    "0.0050825628": 0,
    "0.005611202": 1
  },
  "latencyPercentiles": {
    "p10": 0.000900443,
    "p25": 0.000963902,
    "p50": 0.001045654,
    "p75": 0.001108408,
    "p90": 0.001158341,
    "p95": 0.00119589,
    "p99": 0.001305707
  },
  "rps": {
    "mean": 48293.28010138899,
    "stddev": 2607.56992828099,
    "max": 61572.15024565708,
    "percentiles": {
      "p10": 46274.13579295387,
      "p25": 47191.411686303254,
      "p50": 47981.78744128598,
      "p75": 49041.85859138647,
      "p90": 50824.66012509265,
      "p95": 52869.65577147699,
      "p99": 56431.41748503885
    }
  },
  "details": {
    "DNSDialup": {
      "average": 0.0010085115199999996,
      "fastest": 0.000088985,
      "slowest": 0.002024598
    },
    "DNSLookup": {
      "average": 0.00001093422,
      "fastest": 0.000005289,
      "slowest": 0.000051917
    }
  },
  "statusCodeDistribution": {
    "200": 482953
  },
  "errorDistribution": {}
}