{
  "summary": {
    "successRate": 1,
    "total": 10.000346951,
    "slowest": 0.015759173,
    "fastest": 0.000912491,
    "average": 0.0035929666723595196,
    "requestsPerSec": 13888.218146882573,
    "totalData": 1805531,
    "sizePerRequest": 13,
    "sizePerSec": 180546.83590947345
  },
  "responseTimeHistogram": {
    "0.000912491": 1,
    "0.0023971592000000003": 773,
    "0.0038818274000000006": 115552,
    "0.0053664956": 21309,
    "0.006851163800000001": 994,
    "0.008335832000000001": 197,
    "0.0098205002": 16,
    "0.011305168400000001": 11,
    "0.012789836600000002": 11,
    "0.014274504800000002": 20,
    "0.015759173000000005": 3
  },
  "latencyPercentiles": {
    "p10": 0.003278543,
    "p25": 0.003349287,
    "p50": 0.003464939,
    "p75": 0.003753298,
    "p90": 0.004024645,
    "p95": 0.004288455,
    "p99": 0.005303056
  },
  "rps": {
    "mean": 13889.078022156338,
    "stddev": 1344.3461490400553,
    "max": 20126.3856916418,
    "percentiles": {
      "p10": 12651.607170810705,
      "p25": 13337.177381952193,
      "p50": 14061.599649584856,
      "p75": 14746.090232168708,
      "p90": 15056.182143668306,
      "p95": 15254.351253516874,
      "p99": 15708.46057686668
    }
  },
  "details": {
    "DNSDialup": {
      "average": 0.00108750872,
      "fastest": 0.000111748,
      "slowest": 0.002304156
    },
    "DNSLookup": {
      "average": 0.000011646900000000002,
      "fastest": 0.000004348,
      "slowest": 0.000060112
    }
  },
  "statusCodeDistribution": {
    "200": 138887
  },
  "errorDistribution": {}
}