{
  "summary": {
    "successRate": 1,
    "total": 10.001323016,
    "slowest": 0.019321981,
    "fastest": 0.000664117,
    "average": 0.002737912422977609,
    "requestsPerSec": 18242.286516306234,
    "totalData": 2371811,
    "sizePerRequest": 13,
    "sizePerSec": 237149.72471198102
  },
  "responseTimeHistogram": {
    "0.000664117": 1,
    "0.0025299034": 124307,
    "0.0043956898": 50407,
    "0.0062614762": 5821,
    "0.0081272626": 1139,
    "0.009993049": 277,
    "0.011858835400000002": 132,
    "0.013724621800000001": 246,
    "0.015590408200000001": 78,
    "0.0174561946": 26,
    "0.019321981": 13
  },
  "latencyPercentiles": {
    "p10": 0.00214405,
    "p25": 0.002184754,
    "p50": 0.002246153,
    "p75": 0.003326182,
    "p90": 0.003778394,
    "p95": 0.004019896,
    "p99": 0.006361858
  },
  "rps": {
    "mean": 18260.605275242397,
    "stddev": 3141.4797339465827,
    "max": 24409.48539041412,
    "percentiles": {
      "p10": 15623.690201453554,
      "p25": 16854.209880659484,
      "p50": 19254.397523884687,
      "p75": 20115.56998423024,
      "p90": 20818.451393469837,
      "p95": 21421.77094581413,
      "p99": 22100.677990189484
    }
  },
  "details": {
    "DNSDialup": {
      "average": 0.0007307781599999999,
      "fastest": 0.000055302,
      "slowest": 0.000955524
    },
    "DNSLookup": {
      "average": 0.00000685418,
      "fastest": 0.0000037,
      "slowest": 0.000092803
    }
  },
  "statusCodeDistribution": {
    "200": 182447
  },
  "errorDistribution": {}
}