{
  "summary": {
    "successRate": 1,
    "total": 10.000211873,
    "slowest": 0.015636524,
    "fastest": 0.001093979,
    "average": 0.0035438419563228545,
    "requestsPerSec": 14080.301676424291,
    "totalData": 1830478,
    "sizePerRequest": 13,
    "sizePerSec": 183043.9217935158
  },
  "responseTimeHistogram": {
    "0.001093979": 1,
    "0.0025482334999999997": 145,
    "0.004002487999999999": 128680,
    "0.005456742499999999": 11242,
    "0.0069109969999999995": 550,
    "0.008365251499999999": 136,
    "0.009819505999999999": 2,
    "0.011273760499999999": 7,
    "0.012728014999999999": 13,
    "0.014182269499999999": 10,
    "0.015636524": 20
  },
  "latencyPercentiles": {
    "p10": 0.003235446,
    "p25": 0.003302575,
    "p50": 0.003410698,
    "p75": 0.003704139,
    "p90": 0.003952052,
    "p95": 0.004229006,
    "p99": 0.005082379
  },
  "rps": {
    "mean": 14080.365729719186,
    "stddev": 1261.569062881925,
    "max": 16868.298051982805,
    "percentiles": {
      "p10": 12723.39450547623,
      "p25": 13613.605437274018,
      "p50": 14234.557234598842,
      "p75": 14944.42529307074,
      "p90": 15244.695923980224,
      "p95": 15420.092380371734,
      "p99": 15765.075326286802
    }
  },
  "details": {
    "DNSDialup": {
      "average": 0.0011146519999999996,
      "fastest": 0.000157142,
      "slowest": 0.001755683
    },
    "DNSLookup": {
      "average": 0.000010941760000000003,
      "fastest": 0.000003977,
      "slowest": 0.000047599
    }
  },
  "statusCodeDistribution": {
    "200": 140806
  },
  "errorDistribution": {}
}