{
  "summary": {
    "successRate": 0.020568026284921423,
    "total": 10.000209278,
    "slowest": 0.017373657,
    "fastest": 0.000894542,
    "average": 0.003850343869289421,
    "requestsPerSec": 79709.43185695198,
    "totalData": 213135,
    "sizePerRequest": 13,
    "sizePerSec": 21313.053964669238
  },
  "responseTimeHistogram": {
    "0.000894542": 1,
    "0.0025424535": 1409,
    "0.004190365": 10218,
    "0.0058382765": 3042,
    "0.0074861879999999995": 1077,
    "0.0091340995": 393,
    "0.010782011": 155,
    "0.0124299225": 22,
    "0.014077834": 36,
    "0.0157257455": 18,
    "0.017373657": 24
  },
  "latencyPercentiles": {
    "p10": 0.002613635,
    "p25": 0.002785234,
    "p50": 0.003094739,
    "p75": 0.004551698,
    "p90": 0.005892265,
    "p95": 0.007100423,
    "p99": 0.009882065
  },
  "rps": {
    "mean": 13070.085673602436,
    "stddev": 3474.6488110663017,
    "max": 28121.40068508143,
    "percentiles": {
      "p10": 9142.060571988999,
      "p25": 10910.13442386592,
      "p50": 13823.742277361636,
      "p75": 14806.66596101517,
      "p90": 16041.562083204015,
      "p95": 17618.806313860357,
      "p99": 24855.116220218344
    }
  },
  "details": {
    "DNSDialup": {
      "average": 0.00124018696,
      "fastest": 0.000081502,
      "slowest": 0.002119057
    },
    "DNSLookup": {
      "average": 0.0000068198599999999994,
      "fastest": 0.000004608,
      "slowest": 0.00001054
    }
  },
  "statusCodeDistribution": {
    "200": 16395
  },
  "errorDistribution": {
    "Connection refused (os error 111)": 780716
  }
}