{
  "summary": {
    "successRate": 1,
    "total": 10.000207846,
    "slowest": 0.015235074,
    "fastest": 0.000948532,
    "average": 0.0034822898977103617,
    "requestsPerSec": 14329.602164950842,
    "totalData": 1862887,
    "sizePerRequest": 13,
    "sizePerSec": 186284.82814436094
  },
  "responseTimeHistogram": {
    "0.000948532": 1,
    "0.0023771862": 8108,
    "0.0038058403999999997": 112981,
    "0.0052344946": 21090,
    "0.0066631488": 887,
    "0.008091803": 121,
    "0.0095204572": 61,
    "0.0109491114": 6,
    "0.0123777656": 14,
    "0.0138064198": 13,
    "0.015235074": 17
  },
  "latencyPercentiles": {
    "p10": 0.00278386,
    "p25": 0.003295274,
    "p50": 0.003510495,
    "p75": 0.003707853,
    "p90": 0.004024994,
    "p95": 0.00430119,
    "p99": 0.005111439
  },
  "rps": {
    "mean": 14338.350849808518,
    "stddev": 2170.737893559699,
    "max": 24788.23379396269,
    "percentiles": {
      "p10": 12546.08805446851,
      "p25": 13303.706412606289,
      "p50": 14061.262106746573,
      "p75": 14930.766337114046,
      "p90": 16594.75605708511,
      "p95": 18943.893000078988,
      "p99": 22306.215787841953
    }
  },
  "details": {
    "DNSDialup": {
      "average": 0.0008993547199999997,
      "fastest": 0.000075942,
      "slowest": 0.002057309
    },
    "DNSLookup": {
      "average": 0.00001051462,
      "fastest": 0.000004037,
      "slowest": 0.000045235
    }
  },
  "statusCodeDistribution": {
    "200": 143299
  },
  "errorDistribution": {}
}