{
  "summary": {
    "successRate": 1,
    "total": 10.001557285,
    "slowest": 0.020684045,
    "fastest": 0.000596101,
    "average": 0.0024850769318810494,
    "requestsPerSec": 20098.47009539975,
    "totalData": 2613208,
    "sizePerRequest": 13,
    "sizePerSec": 261280.1112401967
  },
  "responseTimeHistogram": {
    "0.000596101": 1,
    "0.0026048954": 178557,
    "0.0046136898": 19911,
    "0.006622484200000001": 1511,
    "0.0086312786": 856,
    "0.010640073": 83,
    "0.012648867400000001": 14,
    "0.014657661800000001": 16,
    "0.016666456200000002": 21,
    "0.018675250600000002": 28,
    "0.020684045": 18
  },
  "latencyPercentiles": {
    "p10": 0.002268105,
    "p25": 0.002286007,
    "p50": 0.002311104,
    "p75": 0.002349105,
    "p90": 0.002790806,
    "p95": 0.003742712,
    "p99": 0.005441511
  },
  "rps": {
    "mean": 20151.058139870613,
    "stddev": 3292.3801188475286,
    "max": 26849.33161945138,
    "percentiles": {
      "p10": 16155.688658806008,
      "p25": 18401.431631380867,
      "p50": 21710.510318572033,
      "p75": 22139.66229404455,
      "p90": 22616.213563503847,
      "p95": 22822.94721665333,
      "p99": 23152.25463871712
    }
  },
  "details": {
    "DNSDialup": {
      "average": 0.0012899207999999996,
      "fastest": 0.0000713,
      "slowest": 0.002782806
    },
    "DNSLookup": {
      "average": 0.0000042640200000000016,
      "fastest": 0.000003,
      "slowest": 0.0000307
    }
  },
  "statusCodeDistribution": {
    "200": 201016
  },
  "errorDistribution": {}
}