{
  "summary": {
    "successRate": 1,
    "total": 10.000657503,
    "slowest": 0.016446934,
    "fastest": 0.000726013,
    "average": 0.0037016549545515615,
    "requestsPerSec": 13482.513520691262,
    "totalData": 1752842,
    "sizePerRequest": 13,
    "sizePerSec": 175272.6757689864
  },
  "responseTimeHistogram": {
    "0.000726013": 1,
    "0.0022981050999999995": 55,
    "0.0038701971999999998": 109555,
    "0.005442289299999999": 23633,
    "0.007014381399999999": 1208,
    "0.008586473499999999": 181,
    "0.010158565599999997": 151,
    "0.011730657699999997": 8,
    "0.013302749799999998": 12,
    "0.014874841899999998": 15,
    "0.016446934": 15
  },
  "latencyPercentiles": {
    "p10": 0.003364949,
    "p25": 0.003461792,
    "p50": 0.003573889,
    "p75": 0.00383456,
    "p90": 0.004167087,
    "p95": 0.004485818,
    "p99": 0.005565462
  },
  "rps": {
    "mean": 13485.234078287249,
    "stddev": 1498.752065183923,
    "max": 18163.51235364647,
    "percentiles": {
      "p10": 12208.282098575912,
      "p25": 12799.50069757271,
      "p50": 13677.51262796841,
      "p75": 14309.5931512483,
      "p90": 14863.762568667074,
      "p95": 15219.396109262701,
      "p99": 17347.401480163746
    }
  },
  "details": {
    "DNSDialup": {
      "average": 0.0005499940399999999,
      "fastest": 0.000067957,
      "slowest": 0.000866374
    },
    "DNSLookup": {
      "average": 0.000006007360000000001,
      "fastest": 0.000003317,
      "slowest": 0.000027081
    }
  },
  "statusCodeDistribution": {
    "200": 134834
  },
  "errorDistribution": {}
}