{
  "summary": {
    "successRate": 1,
    "total": 10.00031872,
    "slowest": 0.015220608,
    "fastest": 0.000945995,
    "average": 0.0032905459309676426,
    "requestsPerSec": 15163.41671158257,
    "totalData": 1971307,
    "sizePerRequest": 13,
    "sizePerSec": 197124.4172505734
  },
  "responseTimeHistogram": {
    "0.000945995": 1,
    "0.0023734563": 4288,
    "0.0038009176": 134842,
    "0.0052283788999999995": 10873,
    "0.0066558402": 1226,
    "0.0080833015": 101,
    "0.0095107628": 170,
    "0.0109382241": 98,
    "0.0123656854": 10,
    "0.0137931467": 14,
    "0.015220608": 16
  },
  "latencyPercentiles": {
    "p10": 0.002942283,
    "p25": 0.00303675,
    "p50": 0.003257494,
    "p75": 0.003448271,
    "p90": 0.003711489,
    "p95": 0.004090458,
    "p99": 0.005308993
  },
  "rps": {
    "mean": 15166.470232642392,
    "stddev": 2018.110510278614,
    "max": 27808.59285519249,
    "percentiles": {
      "p10": 13465.266145005533,
      "p25": 14444.855610126197,
      "p50": 15182.39441337127,
      "p75": 16089.599491614446,
      "p90": 16854.992784959017,
      "p95": 17250.883205101785,
      "p99": 22156.747862626125
    }
  },
  "details": {
    "DNSDialup": {
      "average": 0.0007660993399999998,
      "fastest": 0.000098024,
      "slowest": 0.001778809
    },
    "DNSLookup": {
      "average": 0.0000088679,
      "fastest": 0.000004339,
      "slowest": 0.000050966
    }
  },
  "statusCodeDistribution": {
    "200": 151639
  },
  "errorDistribution": {}
}