{
  "summary": {
    "successRate": 1,
    "total": 10.000692846,
    "slowest": 0.018451579,
    "fastest": 0.000627282,
    "average": 0.004649399152008592,
    "requestsPerSec": 10745.35551234147,
    "totalData": 1396993,
    "sizePerRequest": 13,
    "sizePerSec": 139689.62166043912
  },
  "responseTimeHistogram": {
    "0.000627282": 1,
    "0.0024097117": 285,
    "0.0041921414": 10870,
    "0.005974571099999999": 93872,
    "0.007757000799999999": 2007,
    "0.0095394305": 173,
    "0.011321860199999999": 204,
    "0.0131042899": 7,
    "0.014886719599999999": 13,
    "0.016669149299999998": 14,
    "0.018451579": 15
  },
  "latencyPercentiles": {
    "p10": 0.004183522,
    "p25": 0.004408023,
    "p50": 0.004605133,
    "p75": 0.00475339,
    "p90": 0.005224394,
    "p95": 0.005522452,
    "p99": 0.006749061
  },
  "rps": {
    "mean": 10749.882002786153,
    "stddev": 1134.5299345274545,
    "max": 17637.65109378971,
    "percentiles": {
      "p10": 9835.985938153324,
      "p25": 10358.641304289527,
      "p50": 10826.954452668595,
      "p75": 11200.128801480176,
      "p90": 11719.707860739425,
      "p95": 12006.554378034742,
      "p99": 14117.549463271043
    }
  },
  "details": {
    "DNSDialup": {
      "average": 0.0008228840400000002,
      "fastest": 0.000103717,
      "slowest": 0.001252728
    },
    "DNSLookup": {
      "average": 0.00000988196,
      "fastest": 0.000003195,
      "slowest": 0.000162805
    }
  },
  "statusCodeDistribution": {
    "200": 107461
  },
  "errorDistribution": {}
}