{
  "summary": {
    "successRate": 1,
    "total": 10.000645217,
    "slowest": 0.017829705,
    "fastest": 0.000641863,
    "average": 0.0044906221998400496,
    "requestsPerSec": 11126.18211981512,
    "totalData": 1446497,
    "sizePerRequest": 13,
    "sizePerSec": 144640.36755759656
  },
  "responseTimeHistogram": {
    "0.000641863": 1,
    "0.0023606472": 56,
    "0.004079431400000001": 9992,
    "0.005798215600000001": 99428,
    "0.007516999800000001": 1362,
    "0.009235784": 155,
    "0.0109545682": 223,
    "0.0126733524": 8,
    "0.014392136600000001": 14,
    "0.0161109208": 15,
    "0.017829705": 15
  },
  "latencyPercentiles": {
    "p10": 0.004103669,
    "p25": 0.004305512,
    "p50": 0.004410468,
    "p75": 0.004524343,
    "p90": 0.005065769,
    "p95": 0.005311279,
    "p99": 0.006238911
  },
  "rps": {
    "mean": 11131.852993540653,
    "stddev": 1048.5063455010709,
    "max": 15283.192530219225,
    "percentiles": {
      "p10": 10226.094949091026,
      "p25": 10703.248435899319,
      "p50": 11280.069316025776,
      "p75": 11665.965200224748,
      "p90": 12091.929759707857,
      "p95": 12414.838214634028,
      "p99": 13221.940488045973
    }
  },
  "details": {
    "DNSDialup": {
      "average": 0.0007361165799999999,
      "fastest": 0.000099898,
      "slowest": 0.001713575
    },
    "DNSLookup": {
      "average": 0.0000070366,
      "fastest": 0.000002995,
      "slowest": 0.000032321
    }
  },
  "statusCodeDistribution": {
    "200": 111269
  },
  "errorDistribution": {}
}