{
  "summary": {
    "successRate": 1,
    "total": 10.001175557,
    "slowest": 0.014966033,
    "fastest": 0.002260264,
    "average": 0.0034296331874540537,
    "requestsPerSec": 14552.78923667433,
    "totalData": 1892085,
    "sizePerRequest": 13,
    "sizePerSec": 189186.2600767663
  },
  "responseTimeHistogram": {
    "0.002260264": 1,
    "0.0035308409000000002": 118108,
    "0.004801417800000001": 24976,
    "0.0060719947000000005": 1801,
    "0.0073425716": 269,
    "0.0086131485": 260,
    "0.009883725400000001": 84,
    "0.0111543023": 5,
    "0.0124248792": 12,
    "0.013695456100000001": 14,
    "0.014966033000000002": 15
  },
  "latencyPercentiles": {
    "p10": 0.003173066,
    "p25": 0.003239248,
    "p50": 0.003307238,
    "p75": 0.003412221,
    "p90": 0.003899279,
    "p95": 0.004029934,
    "p99": 0.005314997
  },
  "rps": {
    "mean": 14540.105473177442,
    "stddev": 1472.1230360831696,
    "max": 17309.402346591643,
    "percentiles": {
      "p10": 13541.587569584888,
      "p25": 14063.396384561567,
      "p50": 14979.592567146361,
      "p75": 15344.04752906315,
      "p90": 15609.798270374298,
      "p95": 15760.211889524373,
      "p99": 16158.479151898922
    }
  },
  "details": {
    "DNSDialup": {
      "average": 0.0006517799999999999,
      "fastest": 0.000086952,
      "slowest": 0.001395984
    },
    "DNSLookup": {
      "average": 0.00000810148,
      "fastest": 0.000003206,
      "slowest": 0.000030507
    }
  },
  "statusCodeDistribution": {
    "200": 145545
  },
  "errorDistribution": {}
}