{
  "summary": {
    "successRate": 1,
    "total": 10.00070461,
    "slowest": 0.017999207,
    "fastest": 0.000967415,
    "average": 0.0046161951575781675,
    "requestsPerSec": 10822.437440235524,
    "totalData": 1407016,
    "sizePerRequest": 13,
    "sizePerSec": 140691.6867230618
  },
  "responseTimeHistogram": {
    "0.000967415": 1,
    "0.0026705942": 617,
    "0.0043737734": 25125,
    "0.0060769526": 80301,
    "0.0077801318": 1690,
    "0.009483311": 290,
    "0.0111864902": 157,
    "0.0128896694": 8,
    "0.0145928486": 14,
    "0.0162960278": 15,
    "0.017999207": 14
  },
  "latencyPercentiles": {
    "p10": 0.004158773,
    "p25": 0.004387216,
    "p50": 0.004551787,
    "p75": 0.00469263,
    "p90": 0.00530996,
    "p95": 0.005565029,
    "p99": 0.006826615
  },
  "rps": {
    "mean": 10826.888505220888,
    "stddev": 1205.2486914458618,
    "max": 17594.112720097408,
    "percentiles": {
      "p10": 9829.248895939712,
      "p25": 10365.31078673614,
      "p50": 10925.881227451662,
      "p75": 11289.188740590233,
      "p90": 11752.688477715048,
      "p95": 12184.438156424068,
      "p99": 14946.772936549567
    }
  },
  "details": {
    "DNSDialup": {
      "average": 0.0008205265200000002,
      "fastest": 0.000079331,
      "slowest": 0.001667205
    },
    "DNSLookup": {
      "average": 0.000006559760000000001,
      "fastest": 0.000003236,
      "slowest": 0.000028954
    }
  },
  "statusCodeDistribution": {
    "200": 108232
  },
  "errorDistribution": {}
}