{
  "summary": {
    "successRate": 1,
    "total": 10.000370373,
    "slowest": 0.016161531,
    "fastest": 0.00093002,
    "average": 0.003437453462932317,
    "requestsPerSec": 14513.46246053681,
    "totalData": 1886820,
    "sizePerRequest": 13,
    "sizePerSec": 188675.01198697853
  },
  "responseTimeHistogram": {
    "0.00093002": 1,
    "0.0024531711": 2665,
    "0.0039763222": 128455,
    "0.0054994733": 12547,
    "0.0070226244": 1086,
    "0.0085457755": 285,
    "0.0100689266": 55,
    "0.0115920777": 5,
    "0.0131152288": 14,
    "0.0146383799": 20,
    "0.016161531": 7
  },
  "latencyPercentiles": {
    "p10": 0.003178802,
    "p25": 0.003273315,
    "p50": 0.003367614,
    "p75": 0.003466232,
    "p90": 0.003960328,
    "p95": 0.004129308,
    "p99": 0.005509715
  },
  "rps": {
    "mean": 14513.869613859579,
    "stddev": 1775.3717553458184,
    "max": 27334.04157058944,
    "percentiles": {
      "p10": 13390.26241994648,
      "p25": 13944.112198941692,
      "p50": 14678.682139875358,
      "p75": 15139.070914216009,
      "p90": 15557.211645827672,
      "p95": 15800.72882822836,
      "p99": 21031.001799753434
    }
  },
  "details": {
    "DNSDialup": {
      "average": 0.0014400751000000001,
      "fastest": 0.000062837,
      "slowest": 0.002979398
    },
    "DNSLookup": {
      "average": 0.000033149,
      "fastest": 0.000003256,
      "slowest": 0.001281071
    }
  },
  "statusCodeDistribution": {
    "200": 145140
  },
  "errorDistribution": {}
}