{
  "summary": {
    "successRate": 1,
    "total": 10.00105782,
    "slowest": 0.024158176,
    "fastest": 0.000473909,
    "average": 0.003006772377200912,
    "requestsPerSec": 16605.04348529004,
    "totalData": 2158884,
    "sizePerRequest": 13,
    "sizePerSec": 215865.5653087705
  },
  "responseTimeHistogram": {
    "0.000473909": 1,
    "0.0028423356999999995": 109655,
    "0.005210762399999999": 49492,
    "0.007579189099999999": 4767,
    "0.009947615799999998": 1597,
    "0.012316042499999997": 323,
    "0.014684469199999998": 113,
    "0.0170528959": 20,
    "0.0194213226": 14,
    "0.021789749299999998": 53,
    "0.024158175999999996": 33
  },
  "latencyPercentiles": {
    "p10": 0.002236344,
    "p25": 0.002277845,
    "p50": 0.002363746,
    "p75": 0.003783073,
    "p90": 0.004206082,
    "p95": 0.004774694,
    "p99": 0.008572367
  },
  "rps": {
    "mean": 16706.956705722354,
    "stddev": 3648.4025204021855,
    "max": 30829.33374110918,
    "percentiles": {
      "p10": 10313.203995074891,
      "p25": 15473.024277897575,
      "p50": 17555.309758926876,
      "p75": 19426.429657548484,
      "p90": 20036.27366985192,
      "p95": 20263.933270230573,
      "p99": 21008.214845418373
    }
  },
  "details": {
    "DNSDialup": {
      "average": 0.0027303837799999993,
      "fastest": 0.000104602,
      "slowest": 0.003928378
    },
    "DNSLookup": {
      "average": 0.000005440100000000001,
      "fastest": 0.000003901,
      "slowest": 0.000054801
    }
  },
  "statusCodeDistribution": {
    "200": 166068
  },
  "errorDistribution": {}
}