{
  "summary": {
    "successRate": 1,
    "total": 10.000387717,
    "slowest": 0.015108219,
    "fastest": 0.000942349,
    "average": 0.0037339988449439426,
    "requestsPerSec": 13363.681867335743,
    "totalData": 1737346,
    "sizePerRequest": 13,
    "sizePerSec": 173727.86427536467
  },
  "responseTimeHistogram": {
    "0.000942349": 1,
    "0.002358936": 86,
    "0.003775523": 85869,
    "0.00519211": 46049,
    "0.006608697": 1363,
    "0.008025284": 201,
    "0.009441871": 25,
    "0.010858458": 8,
    "0.012275045": 13,
    "0.013691632": 10,
    "0.015108219": 17
  },
  "latencyPercentiles": {
    "p10": 0.003402406,
    "p25": 0.00347308,
    "p50": 0.003621045,
    "p75": 0.003876077,
    "p90": 0.00415611,
    "p95": 0.004434846,
    "p99": 0.005391295
  },
  "rps": {
    "mean": 13366.302764054415,
    "stddev": 1221.8692261766437,
    "max": 15912.513600695345,
    "percentiles": {
      "p10": 12156.359313047233,
      "p25": 12835.912315476922,
      "p50": 13469.293378420527,
      "p75": 14167.405682756767,
      "p90": 14556.413380054471,
      "p95": 14822.539153035832,
      "p99": 15280.01421890342
    }
  },
  "details": {
    "DNSDialup": {
      "average": 0.00099960916,
      "fastest": 0.000105346,
      "slowest": 0.00207996
    },
    "DNSLookup": {
      "average": 0.000009729599999999996,
      "fastest": 0.000003867,
      "slowest": 0.000060062
    }
  },
  "statusCodeDistribution": {
    "200": 133642
  },
  "errorDistribution": {}
}