{
  "summary": {
    "successRate": 1,
    "total": 10.000717611,
    "slowest": 0.01426555,
    "fastest": 0.000949675,
    "average": 0.002710774508877421,
    "requestsPerSec": 18410.578836611046,
    "totalData": 2393547,
    "sizePerRequest": 13,
    "sizePerSec": 239337.5248759436
  },
  "responseTimeHistogram": {
    "0.000949675": 1,
    "0.0022812625": 3422,
    "0.00361285": 168594,
    "0.004944437499999999": 11247,
    "0.006276024999999999": 401,
    "0.0076076124999999994": 97,
    "0.0089392": 157,
    "0.0102707875": 155,
    "0.011602375": 8,
    "0.0129339625": 19,
    "0.01426555": 18
  },
  "latencyPercentiles": {
    "p10": 0.002422163,
    "p25": 0.002514485,
    "p50": 0.002589143,
    "p75": 0.002651165,
    "p90": 0.00345527,
    "p95": 0.003679172,
    "p99": 0.004209716
  },
  "rps": {
    "mean": 18420.199279315253,
    "stddev": 2167.459822074809,
    "max": 26636.107907880116,
    "percentiles": {
      "p10": 16309.756496336118,
      "p25": 17368.449057735877,
      "p50": 18810.9404429617,
      "p75": 19757.747945695755,
      "p90": 20453.053174629033,
      "p95": 20848.644056311794,
      "p99": 21589.620674381993
    }
  },
  "details": {
    "DNSDialup": {
      "average": 0.0005448921399999999,
      "fastest": 0.000067927,
      "slowest": 0.001131243
    },
    "DNSLookup": {
      "average": 0.00000567542,
      "fastest": 0.000002927,
      "slowest": 0.000037693
    }
  },
  "statusCodeDistribution": {
    "200": 184119
  },
  "errorDistribution": {}
}