{
  "summary": {
    "successRate": 1,
    "total": 10.000631887,
    "slowest": 0.016629435,
    "fastest": 0.001097971,
    "average": 0.003656266317300976,
    "requestsPerSec": 13648.63756033579,
    "totalData": 1774435,
    "sizePerRequest": 13,
    "sizePerSec": 177432.28828436526
  },
  "responseTimeHistogram": {
    "0.001097971": 1,
    "0.0026511174000000003": 1162,
    "0.0042042638": 123969,
    "0.0057574102": 10149,
    "0.0073105566": 865,
    "0.008863703": 191,
    "0.0104168494": 107,
    "0.011969995800000001": 6,
    "0.013523142200000001": 10,
    "0.015076288600000001": 19,
    "0.016629435": 16
  },
  "latencyPercentiles": {
    "p10": 0.003295637,
    "p25": 0.00341721,
    "p50": 0.003562118,
    "p75": 0.003772711,
    "p90": 0.004109306,
    "p95": 0.004476135,
    "p99": 0.005672025
  },
  "rps": {
    "mean": 13655.848416119074,
    "stddev": 1582.2760386247376,
    "max": 23245.374117236835,
    "percentiles": {
      "p10": 12346.198239191335,
      "p25": 12964.54137633368,
      "p50": 13816.819214029538,
      "p75": 14467.919648791267,
      "p90": 15105.74471471436,
      "p95": 15541.78113099158,
      "p99": 17767.617028771507
    }
  },
  "details": {
    "DNSDialup": {
      "average": 0.0007324829399999998,
      "fastest": 0.000097168,
      "slowest": 0.001782497
    },
    "DNSLookup": {
      "average": 0.0000070284,
      "fastest": 0.000003166,
      "slowest": 0.000028844
    }
  },
  "statusCodeDistribution": {
    "200": 136495
  },
  "errorDistribution": {}
}