{
  "summary": {
    "successRate": 1,
    "total": 10.000394297,
    "slowest": 0.014355529,
    "fastest": 0.000914923,
    "average": 0.0032689346290613484,
    "requestsPerSec": 15262.298212160184,
    "totalData": 1984177,
    "sizePerRequest": 13,
    "sizePerSec": 198409.8767580824
  },
  "responseTimeHistogram": {
    "0.000914923": 1,
    "0.0022589836": 63,
    "0.0036030441999999998": 133489,
    "0.004947104799999999": 16821,
    "0.0062911654": 1732,
    "0.007635226": 187,
    "0.008979286599999999": 275,
    "0.0103233472": 14,
    "0.0116674078": 8,
    "0.0130114684": 20,
    "0.014355529": 19
  },
  "latencyPercentiles": {
    "p10": 0.002950797,
    "p25": 0.003023496,
    "p50": 0.003131602,
    "p75": 0.003368783,
    "p90": 0.003714497,
    "p95": 0.003994483,
    "p99": 0.005387752
  },
  "rps": {
    "mean": 15264.648902300869,
    "stddev": 1649.825498484398,
    "max": 18128.764911284925,
    "percentiles": {
      "p10": 13811.930745778274,
      "p25": 14831.97179840778,
      "p50": 15488.305022253207,
      "p75": 16223.123998497333,
      "p90": 16769.105483697207,
      "p95": 16997.834435661487,
      "p99": 17481.540899371765
    }
  },
  "details": {
    "DNSDialup": {
      "average": 0.00097078716,
      "fastest": 0.000108488,
      "slowest": 0.002155672
    },
    "DNSLookup": {
      "average": 0.000010574100000000003,
      "fastest": 0.000004919,
      "slowest": 0.000041848
    }
  },
  "statusCodeDistribution": {
    "200": 152629
  },
  "errorDistribution": {}
}