{
  "summary": {
    "successRate": 1,
    "total": 10.000375565,
    "slowest": 0.015046728,
    "fastest": 0.00092981,
    "average": 0.00334782730518129,
    "requestsPerSec": 14903.040293967199,
    "totalData": 1937468,
    "sizePerRequest": 13,
    "sizePerSec": 193739.5238215736
  },
  "responseTimeHistogram": {
    "0.00092981": 1,
    "0.0023415018": 4402,
    "0.0037531936000000004": 126304,
    "0.0051648854": 16300,
    "0.0065765772": 1570,
    "0.007988269000000001": 223,
    "0.009399960800000001": 186,
    "0.0108116526": 7,
    "0.0122233444": 8,
    "0.0136350362": 19,
    "0.015046728": 16
  },
  "latencyPercentiles": {
    "p10": 0.003070236,
    "p25": 0.003171063,
    "p50": 0.003275869,
    "p75": 0.003405419,
    "p90": 0.003864584,
    "p95": 0.004080076,
    "p99": 0.00548505
  },
  "rps": {
    "mean": 14908.623055966196,
    "stddev": 1965.4821689321723,
    "max": 27263.16417822445,
    "percentiles": {
      "p10": 13543.000380507645,
      "p25": 14341.279940180684,
      "p50": 15124.916375675195,
      "p75": 15597.865688690674,
      "p90": 15938.98315138411,
      "p95": 16222.388518394098,
      "p99": 23020.144928830206
    }
  },
  "details": {
    "DNSDialup": {
      "average": 0.0011637985799999998,
      "fastest": 0.000091918,
      "slowest": 0.002590543
    },
    "DNSLookup": {
      "average": 0.000011763660000000005,
      "fastest": 0.000004148,
      "slowest": 0.000182479
    }
  },
  "statusCodeDistribution": {
    "200": 149036
  },
  "errorDistribution": {}
}