{
  "summary": {
    "successRate": 1,
    "total": 10.000555847,
    "slowest": 0.01632746,
    "fastest": 0.002131764,
    "average": 0.0035906022691574585,
    "requestsPerSec": 13901.127310008813,
    "totalData": 1807247,
    "sizePerRequest": 13,
    "sizePerSec": 180714.65503011455
  },
  "responseTimeHistogram": {
    "0.002131764": 1,
    "0.0035513335999999996": 103439,
    "0.0049709032": 33147,
    "0.0063904728": 1904,
    "0.0078100424": 204,
    "0.009229612": 224,
    "0.010649181599999998": 52,
    "0.012068751199999998": 6,
    "0.013488320799999998": 13,
    "0.014907890399999998": 15,
    "0.01632746": 14
  },
  "latencyPercentiles": {
    "p10": 0.003337574,
    "p25": 0.003398983,
    "p50": 0.003467111,
    "p75": 0.003554842,
    "p90": 0.004086788,
    "p95": 0.004249202,
    "p99": 0.005628507
  },
  "rps": {
    "mean": 13907.688599195086,
    "stddev": 1369.448471653716,
    "max": 17362.31144452265,
    "percentiles": {
      "p10": 12843.897874154482,
      "p25": 13471.661154344605,
      "p50": 14240.110118169474,
      "p75": 14607.034747934456,
      "p90": 15004.708860310973,
      "p95": 15241.988630279424,
      "p99": 15600.39720521424
    }
  },
  "details": {
    "DNSDialup": {
      "average": 0.0005847969800000002,
      "fastest": 0.000075982,
      "slowest": 0.001181188
    },
    "DNSLookup": {
      "average": 0.0000073597599999999974,
      "fastest": 0.000003357,
      "slowest": 0.000028563
    }
  },
  "statusCodeDistribution": {
    "200": 139019
  },
  "errorDistribution": {}
}