{
  "summary": {
    "successRate": 1,
    "total": 10.000377206,
    "slowest": 0.015834021,
    "fastest": 0.001710393,
    "average": 0.003626566342148845,
    "requestsPerSec": 13759.280991665426,
    "totalData": 1788774,
    "sizePerRequest": 13,
    "sizePerSec": 178870.65289165053
  },
  "responseTimeHistogram": {
    "0.001710393": 1,
    "0.0031227558": 453,
    "0.0045351186000000005": 133677,
    "0.0059474814": 2502,
    "0.007359844200000001": 590,
    "0.008772207": 233,
    "0.0101845698": 95,
    "0.0115969326": 9,
    "0.0130092954": 16,
    "0.014421658200000001": 14,
    "0.015834021000000004": 8
  },
  "latencyPercentiles": {
    "p10": 0.003328374,
    "p25": 0.003392544,
    "p50": 0.003494414,
    "p75": 0.003748757,
    "p90": 0.004026594,
    "p95": 0.004258916,
    "p99": 0.005581921
  },
  "rps": {
    "mean": 13760.146108597952,
    "stddev": 1349.1171790265387,
    "max": 16229.898719420751,
    "percentiles": {
      "p10": 12605.772183082978,
      "p25": 13339.890273885987,
      "p50": 14028.625410150804,
      "p75": 14563.672375626342,
      "p90": 14862.369935433504,
      "p95": 15104.58818238022,
      "p99": 15481.595052722461
    }
  },
  "details": {
    "DNSDialup": {
      "average": 0.00119781818,
      "fastest": 0.000124822,
      "slowest": 0.001915048
    },
    "DNSLookup": {
      "average": 0.000011050479999999999,
      "fastest": 0.000004328,
      "slowest": 0.000050815
    }
  },
  "statusCodeDistribution": {
    "200": 137598
  },
  "errorDistribution": {}
}