{
  "summary": {
    "successRate": 1,
    "total": 10.000671514,
    "slowest": 0.017016011,
    "fastest": 0.001773045,
    "average": 0.003511325851818769,
    "requestsPerSec": 14214.745459941721,
    "totalData": 1848041,
    "sizePerRequest": 13,
    "sizePerSec": 184791.69097924238
  },
  "responseTimeHistogram": {
    "0.001773045": 1,
    "0.0032973416": 21873,
    "0.0048216382000000006": 117828,
    "0.0063459348": 1813,
    "0.0078702314": 280,
    "0.009394528": 304,
    "0.010918824600000002": 8,
    "0.0124431212": 6,
    "0.0139674178": 11,
    "0.015491714400000002": 18,
    "0.017016011": 15
  },
  "latencyPercentiles": {
    "p10": 0.003268426,
    "p25": 0.003332924,
    "p50": 0.003401449,
    "p75": 0.003484636,
    "p90": 0.003980982,
    "p95": 0.004076407,
    "p99": 0.005497126
  },
  "rps": {
    "mean": 14217.204484793472,
    "stddev": 1342.1117049862282,
    "max": 16037.5317518575,
    "percentiles": {
      "p10": 13314.80473138089,
      "p25": 13822.341049838784,
      "p50": 14564.05416663012,
      "p75": 14873.896492554952,
      "p90": 15173.93652310237,
      "p95": 15415.148466397515,
      "p99": 15713.789256278525
    }
  },
  "details": {
    "DNSDialup": {
      "average": 0.00073862402,
      "fastest": 0.000073094,
      "slowest": 0.001263583
    },
    "DNSLookup": {
      "average": 0.000007142499999999999,
      "fastest": 0.000003306,
      "slowest": 0.000033563
    }
  },
  "statusCodeDistribution": {
    "200": 142157
  },
  "errorDistribution": {}
}