{
  "summary": {
    "successRate": 1,
    "total": 10.001311205,
    "slowest": 0.018144464,
    "fastest": 0.000342608,
    "average": 0.003613993010369771,
    "requestsPerSec": 13817.18828336369,
    "totalData": 1796470,
    "sizePerRequest": 13,
    "sizePerSec": 179623.44768372798
  },
  "responseTimeHistogram": {
    "0.000342608": 1,
    "0.0021227935999999998": 137,
    "0.0039029791999999996": 104772,
    "0.0056831648": 29854,
    "0.0074633504": 1269,
    "0.009243535999999998": 1916,
    "0.0110237216": 173,
    "0.012803907199999999": 22,
    "0.014584092799999998": 9,
    "0.0163642784": 16,
    "0.018144464": 21
  },
  "latencyPercentiles": {
    "p10": 0.002949073,
    "p25": 0.002981578,
    "p50": 0.003023679,
    "p75": 0.003733874,
    "p90": 0.005527482,
    "p95": 0.005583083,
    "p99": 0.008306723
  },
  "rps": {
    "mean": 13868.313076633505,
    "stddev": 3683.828494420642,
    "max": 18602.116920905602,
    "percentiles": {
      "p10": 8730.9538506868,
      "p25": 10128.107119820883,
      "p50": 16313.48156779189,
      "p75": 16883.567988665316,
      "p90": 17275.065513917747,
      "p95": 17518.65912383351,
      "p99": 17955.244574779015
    }
  },
  "details": {
    "DNSDialup": {
      "average": 0.0008876278199999996,
      "fastest": 0.000051001,
      "slowest": 0.001332327
    },
    "DNSLookup": {
      "average": 0.000005490179999999999,
      "fastest": 0.0000038,
      "slowest": 0.000041301
    }
  },
  "statusCodeDistribution": {
    "200": 138190
  },
  "errorDistribution": {}
}