{
  "summary": {
    "successRate": 1,
    "total": 10.00077922,
    "slowest": 0.017952984,
    "fastest": 0.000966843,
    "average": 0.0034744864703576896,
    "requestsPerSec": 14360.081033765688,
    "totalData": 1866956,
    "sizePerRequest": 13,
    "sizePerSec": 186681.05343895394
  },
  "responseTimeHistogram": {
    "0.000966843": 1,
    "0.0026654571": 26438,
    "0.004364071200000001": 85077,
    "0.0060626853000000005": 27604,
    "0.007761299400000001": 3861,
    "0.009459913500000002": 412,
    "0.0111585276": 148,
    "0.012857141700000001": 28,
    "0.014555755800000002": 18,
    "0.016254369900000003": 18,
    "0.017952984": 7
  },
  "latencyPercentiles": {
    "p10": 0.002611948,
    "p25": 0.002699327,
    "p50": 0.002828523,
    "p75": 0.003631274,
    "p90": 0.005574675,
    "p95": 0.005861547,
    "p99": 0.006691337
  },
  "rps": {
    "mean": 14362.338773557587,
    "stddev": 1417.6811968201523,
    "max": 16300.849274246862,
    "percentiles": {
      "p10": 13158.371853378532,
      "p25": 13832.050243619848,
      "p50": 14673.925770639797,
      "p75": 15223.13049808511,
      "p90": 15589.702017205107,
      "p95": 15746.260263186845,
      "p99": 16006.224820832153
    }
  },
  "details": {
    "DNSDialup": {
      "average": 0.0014212750599999998,
      "fastest": 0.000071183,
      "slowest": 0.002852391
    },
    "DNSLookup": {
      "average": 0.00003307556,
      "fastest": 0.000003275,
      "slowest": 0.001298783
    }
  },
  "statusCodeDistribution": {
    "200": 143612
  },
  "errorDistribution": {}
}