{
  "summary": {
    "successRate": 1,
    "total": 10.000624345,
    "slowest": 0.016024618,
    "fastest": 0.001570976,
    "average": 0.0035308181655547394,
    "requestsPerSec": 14134.017549681294,
    "totalData": 1837537,
    "sizePerRequest": 13,
    "sizePerSec": 183742.22814585682
  },
  "responseTimeHistogram": {
    "0.001570976": 1,
    "0.0030163402000000002": 2862,
    "0.0044617044000000005": 134752,
    "0.0059070686": 3019,
    "0.0073524328": 337,
    "0.008797797": 251,
    "0.0102431612": 80,
    "0.0116885254": 5,
    "0.0131338896": 15,
    "0.0145792538": 13,
    "0.016024618": 14
  },
  "latencyPercentiles": {
    "p10": 0.003227042,
    "p25": 0.003301509,
    "p50": 0.003380419,
    "p75": 0.003695459,
    "p90": 0.003941503,
    "p95": 0.004215941,
    "p99": 0.005340277
  },
  "rps": {
    "mean": 14137.114436300692,
    "stddev": 1460.0720421694832,
    "max": 18743.93050647033,
    "percentiles": {
      "p10": 12838.368748843182,
      "p25": 13595.511185177787,
      "p50": 14353.388865223496,
      "p75": 15024.378556645763,
      "p90": 15319.678126553348,
      "p95": 15530.923622023945,
      "p99": 16507.10961210989
    }
  },
  "details": {
    "DNSDialup": {
      "average": 0.0005487830600000004,
      "fastest": 0.00007899,
      "slowest": 0.000968907
    },
    "DNSLookup": {
      "average": 0.000007819220000000001,
      "fastest": 0.000003617,
      "slowest": 0.000047138
    }
  },
  "statusCodeDistribution": {
    "200": 141349
  },
  "errorDistribution": {}
}