{
  "summary": {
    "successRate": 1,
    "total": 10.000679073,
    "slowest": 0.015765762,
    "fastest": 0.002572677,
    "average": 0.003541207021667914,
    "requestsPerSec": 14093.642938760864,
    "totalData": 1832298,
    "sizePerRequest": 13,
    "sizePerSec": 183217.35820389123
  },
  "responseTimeHistogram": {
    "0.002572677": 1,
    "0.0038919855000000003": 121869,
    "0.005211294": 17170,
    "0.0065306025": 1391,
    "0.007849911": 161,
    "0.009169219499999999": 245,
    "0.010488528": 64,
    "0.0118078365": 4,
    "0.013127145": 12,
    "0.0144464535": 15,
    "0.015765762": 14
  },
  "latencyPercentiles": {
    "p10": 0.003258674,
    "p25": 0.003329159,
    "p50": 0.003408285,
    "p75": 0.003534341,
    "p90": 0.004065521,
    "p95": 0.004285543,
    "p99": 0.005495869
  },
  "rps": {
    "mean": 14094.45861385383,
    "stddev": 1423.1346888749044,
    "max": 16171.910711251045,
    "percentiles": {
      "p10": 12934.511864556856,
      "p25": 13628.838622525505,
      "p50": 14502.3116684809,
      "p75": 14858.88427248339,
      "p90": 15213.128930267074,
      "p95": 15411.157678158575,
      "p99": 15765.83022410077
    }
  },
  "details": {
    "DNSDialup": {
      "average": 0.00070548942,
      "fastest": 0.00007362,
      "slowest": 0.001450289
    },
    "DNSLookup": {
      "average": 0.000007837220000000002,
      "fastest": 0.000003788,
      "slowest": 0.000032702
    }
  },
  "statusCodeDistribution": {
    "200": 140946
  },
  "errorDistribution": {}
}