{
  "summary": {
    "successRate": 1,
    "total": 10.000560911,
    "slowest": 0.017408796,
    "fastest": 0.002742359,
    "average": 0.003520664791015611,
    "requestsPerSec": 14174.904913990978,
    "totalData": 1842841,
    "sizePerRequest": 13,
    "sizePerSec": 184273.7638818827
  },
  "responseTimeHistogram": {
    "0.002742359": 1,
    "0.0042090027000000006": 134670,
    "0.0056756464000000005": 6069,
    "0.0071422901": 654,
    "0.008608933800000001": 249,
    "0.0100755775": 64,
    "0.011542221200000001": 0,
    "0.0130088649": 8,
    "0.0144755086": 12,
    "0.0159421523": 15,
    "0.017408796": 15
  },
  "latencyPercentiles": {
    "p10": 0.003213795,
    "p25": 0.003275375,
    "p50": 0.003359879,
    "p75": 0.003694794,
    "p90": 0.00392218,
    "p95": 0.00420895,
    "p99": 0.005318886
  },
  "rps": {
    "mean": 14177.989189894663,
    "stddev": 1444.640937019924,
    "max": 16070.344219015453,
    "percentiles": {
      "p10": 12848.333466691238,
      "p25": 13649.393058660558,
      "p50": 14425.134354097829,
      "p75": 15160.079394641052,
      "p90": 15403.154566055164,
      "p95": 15570.276442725484,
      "p99": 15897.80968430174
    }
  },
  "details": {
    "DNSDialup": {
      "average": 0.0005345399399999999,
      "fastest": 0.000073798,
      "slowest": 0.00094991
    },
    "DNSLookup": {
      "average": 0.00000782176,
      "fastest": 0.000003917,
      "slowest": 0.000046807
    }
  },
  "statusCodeDistribution": {
    "200": 141757
  },
  "errorDistribution": {}
}