{
  "summary": {
    "successRate": 1,
    "total": 10.000322679,
    "slowest": 0.01711973,
    "fastest": 0.000437698,
    "average": 0.0023915083744822886,
    "requestsPerSec": 20884.426103426937,
    "totalData": 2715063,
    "sizePerRequest": 13,
    "sizePerSec": 271497.53934455017
  },
  "responseTimeHistogram": {
    "0.000437698": 1,
    "0.0021059012": 139971,
    "0.0037741043999999996": 59742,
    "0.0054423076": 6784,
    "0.0071105108": 1620,
    "0.008778714": 160,
    "0.0104469172": 126,
    "0.0121151204": 301,
    "0.0137833236": 45,
    "0.015451526799999999": 74,
    "0.01711973": 27
  },
  "latencyPercentiles": {
    "p10": 0.001895293,
    "p25": 0.001914093,
    "p50": 0.001942293,
    "p75": 0.002970088,
    "p90": 0.003216787,
    "p95": 0.003559485,
    "p99": 0.005674077
  },
  "rps": {
    "mean": 20923.85969575411,
    "stddev": 3598.141178801213,
    "max": 26568.784977323696,
    "percentiles": {
      "p10": 18327.92993242543,
      "p25": 20551.049680825246,
      "p50": 21381.766011403583,
      "p75": 22804.850682959324,
      "p90": 24424.047746014177,
      "p95": 24721.85371173622,
      "p99": 25024.300861712698
    }
  },
  "details": {
    "DNSDialup": {
      "average": 0.0014275702200000002,
      "fastest": 0.0000639,
      "slowest": 0.003020688
    },
    "DNSLookup": {
      "average": 0.00000443,
      "fastest": 0.0000031,
      "slowest": 0.0000283
    }
  },
  "statusCodeDistribution": {
    "200": 208851
  },
  "errorDistribution": {}
}