{
  "summary": {
    "successRate": 1,
    "total": 10.000362992,
    "slowest": 0.014420576,
    "fastest": 0.000412664,
    "average": 0.0035945030407969385,
    "requestsPerSec": 13882.896061979267,
    "totalData": 1804842,
    "sizePerRequest": 13,
    "sizePerSec": 180477.64880573048
  },
  "responseTimeHistogram": {
    "0.000412664": 1,
    "0.0018134552": 56,
    "0.0032142463999999997": 7499,
    "0.0046150376": 127897,
    "0.006015828799999999": 2867,
    "0.007416619999999999": 330,
    "0.0088174112": 84,
    "0.0102182024": 10,
    "0.011618993599999999": 63,
    "0.013019784799999998": 10,
    "0.014420575999999997": 17
  },
  "latencyPercentiles": {
    "p10": 0.00328568,
    "p25": 0.00336012,
    "p50": 0.003474509,
    "p75": 0.003801632,
    "p90": 0.0040455,
    "p95": 0.004392424,
    "p99": 0.005355374
  },
  "rps": {
    "mean": 13884.723525465504,
    "stddev": 1777.5211235260792,
    "max": 24380.79796445306,
    "percentiles": {
      "p10": 12452.191749054948,
      "p25": 13152.412363267693,
      "p50": 13860.975818724553,
      "p75": 14660.191213837164,
      "p90": 14989.21732041291,
      "p95": 15359.43012726954,
      "p99": 21651.712951211153
    }
  },
  "details": {
    "DNSDialup": {
      "average": 0.00098109548,
      "fastest": 0.000086285,
      "slowest": 0.001741597
    },
    "DNSLookup": {
      "average": 0.000007358320000000001,
      "fastest": 0.000003506,
      "slowest": 0.000041287
    }
  },
  "statusCodeDistribution": {
    "200": 138834
  },
  "errorDistribution": {}
}