{
  "summary": {
    "successRate": 1,
    "total": 10.00066481,
    "slowest": 0.015273262,
    "fastest": 0.001603004,
    "average": 0.0035092362008986608,
    "requestsPerSec": 14220.15462990005,
    "totalData": 1848743,
    "sizePerRequest": 13,
    "sizePerSec": 184862.01018870063
  },
  "responseTimeHistogram": {
    "0.001603004": 1,
    "0.0029700298": 17076,
    "0.0043370556": 117741,
    "0.0057040814": 6198,
    "0.007071107199999999": 822,
    "0.008438132999999999": 169,
    "0.0098051588": 106,
    "0.0111721846": 56,
    "0.012539210399999999": 14,
    "0.013906236199999998": 15,
    "0.015273261999999998": 13
  },
  "latencyPercentiles": {
    "p10": 0.002890283,
    "p25": 0.003304045,
    "p50": 0.00342319,
    "p75": 0.003719571,
    "p90": 0.004003571,
    "p95": 0.004360207,
    "p99": 0.005540558
  },
  "rps": {
    "mean": 14226.848659183952,
    "stddev": 1912.73088506158,
    "max": 23937.275853167732,
    "percentiles": {
      "p10": 12613.169410182176,
      "p25": 13314.670103520826,
      "p50": 14361.967581523619,
      "p75": 14953.395584954362,
      "p90": 15783.188451371043,
      "p95": 17050.250498268153,
      "p99": 20348.170223368976
    }
  },
  "details": {
    "DNSDialup": {
      "average": 0.0007396866200000003,
      "fastest": 0.000077648,
      "slowest": 0.00121467
    },
    "DNSLookup": {
      "average": 0.000007724579999999997,
      "fastest": 0.000003447,
      "slowest": 0.000035666
    }
  },
  "statusCodeDistribution": {
    "200": 142211
  },
  "errorDistribution": {}
}