{
  "summary": {
    "successRate": 1,
    "total": 10.000624723,
    "slowest": 0.018107812,
    "fastest": 0.000608111,
    "average": 0.0030213885283913934,
    "requestsPerSec": 16526.867528573694,
    "totalData": 2148627,
    "sizePerRequest": 13,
    "sizePerSec": 214849.27787145803
  },
  "responseTimeHistogram": {
    "0.000608111": 1,
    "0.0023580811": 447,
    "0.0041080512": 156788,
    "0.0058580213": 6634,
    "0.0076079914": 1029,
    "0.0093579615": 104,
    "0.0111079316": 27,
    "0.0128579017": 98,
    "0.0146078718": 58,
    "0.016357841900000003": 62,
    "0.018107812": 31
  },
  "latencyPercentiles": {
    "p10": 0.002709147,
    "p25": 0.002731447,
    "p50": 0.002758048,
    "p75": 0.002804048,
    "p90": 0.003850566,
    "p95": 0.00408327,
    "p99": 0.005643698
  },
  "rps": {
    "mean": 16548.612371468684,
    "stddev": 2854.5256367027564,
    "max": 20224.25754362221,
    "percentiles": {
      "p10": 14547.911799506874,
      "p25": 16100.70713232384,
      "p50": 16931.879342426233,
      "p75": 17426.886200028588,
      "p90": 19563.14513296507,
      "p95": 19820.955544399076,
      "p99": 20011.266446693786
    }
  },
  "details": {
    "DNSDialup": {
      "average": 0.0014808934599999995,
      "fastest": 0.000074401,
      "slowest": 0.003125353
    },
    "DNSLookup": {
      "average": 0.00000539012,
      "fastest": 0.000003401,
      "slowest": 0.000055901
    }
  },
  "statusCodeDistribution": {
    "200": 165279
  },
  "errorDistribution": {}
}