{
  "summary": {
    "successRate": 1,
    "total": 10.000204713,
    "slowest": 0.014802874,
    "fastest": 0.000785392,
    "average": 0.0031735836508150436,
    "requestsPerSec": 15722.578138386154,
    "totalData": 2043977,
    "sizePerRequest": 13,
    "sizePerSec": 204393.51579902
  },
  "responseTimeHistogram": {
    "0.000785392": 1,
    "0.0021871402": 9316,
    "0.0035888884000000003": 129173,
    "0.0049906366": 16713,
    "0.0063923848": 1582,
    "0.007794133000000001": 110,
    "0.009195881199999999": 172,
    "0.0105976294": 120,
    "0.0119993776": 9,
    "0.0134011258": 16,
    "0.014802874": 17
  },
  "latencyPercentiles": {
    "p10": 0.002838893,
    "p25": 0.002973765,
    "p50": 0.003096042,
    "p75": 0.003375002,
    "p90": 0.003683199,
    "p95": 0.004008359,
    "p99": 0.00522853
  },
  "rps": {
    "mean": 15726.760700610794,
    "stddev": 2442.4224509891087,
    "max": 27763.93267123861,
    "percentiles": {
      "p10": 13722.61624383154,
      "p25": 14861.155139514298,
      "p50": 15627.477794205866,
      "p75": 16589.683367459864,
      "p90": 17302.304666981374,
      "p95": 19352.15405518014,
      "p99": 25205.217480020772
    }
  },
  "details": {
    "DNSDialup": {
      "average": 0.00088767014,
      "fastest": 0.000147845,
      "slowest": 0.001400768
    },
    "DNSLookup": {
      "average": 0.00000700684,
      "fastest": 0.000003837,
      "slowest": 0.000028022
    }
  },
  "statusCodeDistribution": {
    "200": 157229
  },
  "errorDistribution": {}
}