{
  "summary": {
    "successRate": 1,
    "total": 10.000337902,
    "slowest": 0.017619171,
    "fastest": 0.000913397,
    "average": 0.003288391483175394,
    "requestsPerSec": 15173.687278072137,
    "totalData": 1972646,
    "sizePerRequest": 13,
    "sizePerSec": 197257.93461493778
  },
  "responseTimeHistogram": {
    "0.000913397": 1,
    "0.0025839744000000003": 54131,
    "0.0042545518": 63760,
    "0.0059251292": 30390,
    "0.0075957066": 2805,
    "0.009266284": 422,
    "0.010936861400000001": 156,
    "0.0126074388": 20,
    "0.0142780162": 31,
    "0.0159485936": 18,
    "0.017619171": 8
  },
  "latencyPercentiles": {
    "p10": 0.002470127,
    "p25": 0.002539596,
    "p50": 0.00266855,
    "p75": 0.003456141,
    "p90": 0.005197013,
    "p95": 0.005667961,
    "p99": 0.006443649
  },
  "rps": {
    "mean": 15177.108728430225,
    "stddev": 1732.4099391110042,
    "max": 26143.18592883551,
    "percentiles": {
      "p10": 13805.317808419904,
      "p25": 14662.333980451274,
      "p50": 15401.93756374611,
      "p75": 16117.163167055556,
      "p90": 16642.48493554325,
      "p95": 16897.486329933592,
      "p99": 17426.48826215884
    }
  },
  "details": {
    "DNSDialup": {
      "average": 0.0014775585799999998,
      "fastest": 0.00006958,
      "slowest": 0.002857944
    },
    "DNSLookup": {
      "average": 0.00003431654,
      "fastest": 0.000003116,
      "slowest": 0.001366224
    }
  },
  "statusCodeDistribution": {
    "200": 151742
  },
  "errorDistribution": {}
}