{
  "summary": {
    "successRate": 1,
    "total": 10.000745147,
    "slowest": 0.015079043,
    "fastest": 0.000403396,
    "average": 0.0027276931118326905,
    "requestsPerSec": 18308.135774755185,
    "totalData": 2380235,
    "sizePerRequest": 13,
    "sizePerSec": 238005.7650718174
  },
  "responseTimeHistogram": {
    "0.000403396": 1,
    "0.0018709606999999999": 299,
    "0.0033385254": 163307,
    "0.0048060901": 15286,
    "0.0062736548": 2404,
    "0.0077412195": 878,
    "0.0092087842": 479,
    "0.0106763489": 241,
    "0.0121439136": 84,
    "0.0136114783": 61,
    "0.015079043": 55
  },
  "latencyPercentiles": {
    "p10": 0.002473075,
    "p25": 0.00249457,
    "p50": 0.00251697,
    "p75": 0.00254987,
    "p90": 0.003381665,
    "p95": 0.003724355,
    "p99": 0.006230335
  },
  "rps": {
    "mean": 18308.659752571337,
    "stddev": 3390.574715414591,
    "max": 24716.68499820996,
    "percentiles": {
      "p10": 15840.26595606073,
      "p25": 17415.404671808425,
      "p50": 19633.022744256094,
      "p75": 19942.917157723397,
      "p90": 20540.711690568187,
      "p95": 21584.806925545967,
      "p99": 21905.31255710588
    }
  },
  "details": {
    "DNSDialup": {
      "average": 0.0014608168000000005,
      "fastest": 0.000065699,
      "slowest": 0.00288077
    },
    "DNSLookup": {
      "average": 0.000004675959999999999,
      "fastest": 0.0000031,
      "slowest": 0.000040699
    }
  },
  "statusCodeDistribution": {
    "200": 183095
  },
  "errorDistribution": {}
}