{
  "summary": {
    "successRate": 1,
    "total": 10.001304219,
    "slowest": 0.018091546,
    "fastest": 0.000239264,
    "average": 0.0039048322526482474,
    "requestsPerSec": 12780.533138585053,
    "totalData": 1661686,
    "sizePerRequest": 13,
    "sizePerSec": 166146.9308016057
  },
  "responseTimeHistogram": {
    "0.000239264": 1,
    "0.0020244922": 100,
    "0.0038097204": 62921,
    "0.005594948600000001": 62764,
    "0.007380176800000001": 1596,
    "0.009165405": 184,
    "0.0109506332": 56,
    "0.0127358614": 156,
    "0.0145210896": 10,
    "0.0163063178": 17,
    "0.018091546": 17
  },
  "latencyPercentiles": {
    "p10": 0.003476885,
    "p25": 0.003602257,
    "p50": 0.003817752,
    "p75": 0.003982828,
    "p90": 0.004537728,
    "p95": 0.004969404,
    "p99": 0.006002523
  },
  "rps": {
    "mean": 12791.408736328123,
    "stddev": 1608.6331592365902,
    "max": 20893.987423627215,
    "percentiles": {
      "p10": 11015.437033458442,
      "p25": 12111.561696795245,
      "p50": 13003.785401930556,
      "p75": 13648.919090913858,
      "p90": 14470.658272488465,
      "p95": 14788.056963998335,
      "p99": 16237.069054292007
    }
  },
  "details": {
    "DNSDialup": {
      "average": 0.00084012778,
      "fastest": 0.000086966,
      "slowest": 0.001741357
    },
    "DNSLookup": {
      "average": 0.000007735900000000003,
      "fastest": 0.000003497,
      "slowest": 0.000040306
    }
  },
  "statusCodeDistribution": {
    "200": 127822
  },
  "errorDistribution": {}
}