{
  "summary": {
    "successRate": 1,
    "total": 10.000489248,
    "slowest": 0.02217664,
    "fastest": 0.000630704,
    "average": 0.005524510754519545,
    "requestsPerSec": 9038.157809936782,
    "totalData": 1175018,
    "sizePerRequest": 13,
    "sizePerSec": 117496.05152917815
  },
  "responseTimeHistogram": {
    "0.000630704": 1,
    "0.0027852976": 202,
    "0.0049398912": 29541,
    "0.0070944848": 53558,
    "0.0092490784": 4239,
    "0.011403672": 1687,
    "0.0135582656": 680,
    "0.0157128592": 276,
    "0.0178674528": 142,
    "0.0200220464": 33,
    "0.02217664": 27
  },
  "latencyPercentiles": {
    "p10": 0.004627656,
    "p25": 0.004851831,
    "p50": 0.005114933,
    "p75": 0.005559935,
    "p90": 0.006852343,
    "p95": 0.007872649,
    "p99": 0.012218777
  },
  "rps": {
    "mean": 9062.177453607474,
    "stddev": 1798.6765941187032,
    "max": 15733.31061948261,
    "percentiles": {
      "p10": 6679.510893826795,
      "p25": 8337.131080693856,
      "p50": 9555.912840518647,
      "p75": 10208.000009606907,
      "p90": 10707.6022584051,
      "p95": 11003.994337658618,
      "p99": 11513.831600793505
    }
  },
  "details": {
    "DNSDialup": {
      "average": 0.00232226864,
      "fastest": 0.000083501,
      "slowest": 0.002745618
    },
    "DNSLookup": {
      "average": 0.000006828099999999999,
      "fastest": 0.0000053,
      "slowest": 0.000048801
    }
  },
  "statusCodeDistribution": {
    "200": 90386
  },
  "errorDistribution": {}
}