{
  "summary": {
    "successRate": 1,
    "total": 10.000620178,
    "slowest": 0.017272841,
    "fastest": 0.001813957,
    "average": 0.0037792239920500102,
    "requestsPerSec": 13206.78094450074,
    "totalData": 1716988,
    "sizePerRequest": 13,
    "sizePerSec": 171688.15227850963
  },
  "responseTimeHistogram": {
    "0.001813957": 1,
    "0.0033598454000000003": 3274,
    "0.0049057338": 125488,
    "0.0064516222": 2721,
    "0.0079975106": 275,
    "0.009543399000000001": 265,
    "0.0110892874": 3,
    "0.0126351758": 7,
    "0.014181064200000001": 13,
    "0.015726952600000003": 14,
    "0.017272841000000004": 15
  },
  "latencyPercentiles": {
    "p10": 0.003496436,
    "p25": 0.003568862,
    "p50": 0.003642248,
    "p75": 0.003783895,
    "p90": 0.004309415,
    "p95": 0.004593878,
    "p99": 0.005692566
  },
  "rps": {
    "mean": 13214.762123469756,
    "stddev": 1496.8916779387537,
    "max": 21001.662379010537,
    "percentiles": {
      "p10": 11911.698479076184,
      "p25": 12608.658365699672,
      "p50": 13425.302667938236,
      "p75": 13963.039100603972,
      "p90": 14580.382324702658,
      "p95": 14794.513829475854,
      "p99": 15385.306284024804
    }
  },
  "details": {
    "DNSDialup": {
      "average": 0.0007059256599999999,
      "fastest": 0.000087824,
      "slowest": 0.001190778
    },
    "DNSLookup": {
      "average": 0.00002456298,
      "fastest": 0.000003096,
      "slowest": 0.000887275
    }
  },
  "statusCodeDistribution": {
    "200": 132076
  },
  "errorDistribution": {}
}