{
  "summary": {
    "successRate": 1,
    "total": 10.001347598,
    "slowest": 0.015430708,
    "fastest": 0.000389713,
    "average": 0.0036829850004575604,
    "requestsPerSec": 13547.174385489245,
    "totalData": 1761370,
    "sizePerRequest": 13,
    "sizePerSec": 176113.26701136018
  },
  "responseTimeHistogram": {
    "0.000389713": 1,
    "0.0018938125": 96,
    "0.003397912": 20401,
    "0.0049020115": 112261,
    "0.006406111": 2215,
    "0.0079102105": 199,
    "0.00941431": 183,
    "0.0109184095": 90,
    "0.012422509": 10,
    "0.0139266085": 16,
    "0.015430708": 18
  },
  "latencyPercentiles": {
    "p10": 0.003340662,
    "p25": 0.003472757,
    "p50": 0.003683,
    "p75": 0.003812653,
    "p90": 0.004200409,
    "p95": 0.004488929,
    "p99": 0.005506246
  },
  "rps": {
    "mean": 13553.615745914563,
    "stddev": 1919.309628964686,
    "max": 24424.097086727255,
    "percentiles": {
      "p10": 12107.400042905812,
      "p25": 12879.751420797054,
      "p50": 13408.969259537549,
      "p75": 14184.51417234132,
      "p90": 14769.69672186111,
      "p95": 15493.258571319253,
      "p99": 21959.889009303886
    }
  },
  "details": {
    "DNSDialup": {
      "average": 0.0011467418200000004,
      "fastest": 0.000092954,
      "slowest": 0.001852658
    },
    "DNSLookup": {
      "average": 0.0000105873,
      "fastest": 0.000005139,
      "slowest": 0.000049714
    }
  },
  "statusCodeDistribution": {
    "200": 135490
  },
  "errorDistribution": {}
}