{
  "summary": {
    "successRate": 1,
    "total": 10.000511601,
    "slowest": 0.015226933,
    "fastest": 0.001145537,
    "average": 0.003592277622791755,
    "requestsPerSec": 13890.28937140673,
    "totalData": 1805830,
    "sizePerRequest": 13,
    "sizePerSec": 180573.7618282875
  },
  "responseTimeHistogram": {
    "0.001145537": 1,
    "0.0025536765999999997": 236,
    "0.0039618162": 123103,
    "0.0053699557999999994": 14191,
    "0.0067780954": 955,
    "0.008186235": 153,
    "0.009594374599999999": 219,
    "0.011002514199999999": 9,
    "0.0124106538": 12,
    "0.0138187934": 14,
    "0.015226933": 17
  },
  "latencyPercentiles": {
    "p10": 0.003251344,
    "p25": 0.003316286,
    "p50": 0.003427577,
    "p75": 0.003791049,
    "p90": 0.00399084,
    "p95": 0.004313447,
    "p99": 0.00536379
  },
  "rps": {
    "mean": 13875.040207416485,
    "stddev": 1534.2825289106995,
    "max": 18091.883247448895,
    "percentiles": {
      "p10": 12502.375981198116,
      "p25": 13315.036670912777,
      "p50": 14111.09979109695,
      "p75": 14895.707902414311,
      "p90": 15237.296330227435,
      "p95": 15422.29098340873,
      "p99": 15775.27593586839
    }
  },
  "details": {
    "DNSDialup": {
      "average": 0.0010955245599999993,
      "fastest": 0.000346795,
      "slowest": 0.001584
    },
    "DNSLookup": {
      "average": 0.000009404479999999996,
      "fastest": 0.000004117,
      "slowest": 0.000031359
    }
  },
  "statusCodeDistribution": {
    "200": 138910
  },
  "errorDistribution": {}
}