{
  "summary": {
    "successRate": 1,
    "total": 10.000360436,
    "slowest": 0.015610982,
    "fastest": 0.000908383,
    "average": 0.0034517485609956698,
    "requestsPerSec": 14453.779033770019,
    "totalData": 1879059,
    "sizePerRequest": 13,
    "sizePerSec": 187899.12743901025
  },
  "responseTimeHistogram": {
    "0.000908383": 1,
    "0.0023786429": 1258,
    "0.0038489028000000002": 110657,
    "0.005319162700000001": 6258,
    "0.006789422600000001": 25317,
    "0.0082596825": 558,
    "0.009729942400000002": 313,
    "0.011200202300000002": 107,
    "0.012670462200000001": 21,
    "0.014140722100000001": 37,
    "0.015610982": 16
  },
  "latencyPercentiles": {
    "p10": 0.00262809,
    "p25": 0.002712665,
    "p50": 0.002814196,
    "p75": 0.00352607,
    "p90": 0.005591513,
    "p95": 0.005760569,
    "p99": 0.006512564
  },
  "rps": {
    "mean": 14456.58216410103,
    "stddev": 1509.1576140762327,
    "max": 27128.514781887043,
    "percentiles": {
      "p10": 13341.908268060843,
      "p25": 14017.514884848608,
      "p50": 14724.395378264895,
      "p75": 15188.249059312277,
      "p90": 15503.456510827946,
      "p95": 15701.165751168004,
      "p99": 16313.437378368675
    }
  },
  "details": {
    "DNSDialup": {
      "average": 0.00121002518,
      "fastest": 0.000093124,
      "slowest": 0.002574972
    },
    "DNSLookup": {
      "average": 0.000009381100000000002,
      "fastest": 0.000004398,
      "slowest": 0.000060346
    }
  },
  "statusCodeDistribution": {
    "200": 144543
  },
  "errorDistribution": {}
}