{
  "summary": {
    "successRate": 1,
    "total": 10.001171067,
    "slowest": 0.020234391,
    "fastest": 0.000421506,
    "average": 0.004160550333522195,
    "requestsPerSec": 12000.794626543908,
    "totalData": 1560286,
    "sizePerRequest": 13,
    "sizePerSec": 156010.3301450708
  },
  "responseTimeHistogram": {
    "0.000421506": 1,
    "0.0024027945": 482,
    "0.004384083": 86088,
    "0.0063653715000000005": 21765,
    "0.00834666": 8862,
    "0.010327948500000001": 2041,
    "0.012309237": 555,
    "0.0142905255": 112,
    "0.016271814": 10,
    "0.0182531025": 50,
    "0.020234391": 56
  },
  "latencyPercentiles": {
    "p10": 0.003028144,
    "p25": 0.003215146,
    "p50": 0.00343115,
    "p75": 0.004807569,
    "p90": 0.006350892,
    "p95": 0.006804698,
    "p99": 0.009421635
  },
  "rps": {
    "mean": 12016.45630451277,
    "stddev": 3585.0198971511745,
    "max": 18616.97068111904,
    "percentiles": {
      "p10": 7106.791249717884,
      "p25": 8659.295534726802,
      "p50": 12923.373689779606,
      "p75": 15123.376202596586,
      "p90": 15956.897509449376,
      "p95": 16645.53008609279,
      "p99": 17647.812785547634
    }
  },
  "details": {
    "DNSDialup": {
      "average": 0.0016179932199999996,
      "fastest": 0.000100902,
      "slowest": 0.003408849
    },
    "DNSLookup": {
      "average": 0.000004946040000000001,
      "fastest": 0.0000032,
      "slowest": 0.0000382
    }
  },
  "statusCodeDistribution": {
    "200": 120022
  },
  "errorDistribution": {}
}