{
  "summary": {
    "successRate": 1,
    "total": 10.000677518,
    "slowest": 0.020941935,
    "fastest": 0.00043023,
    "average": 0.004012014796294484,
    "requestsPerSec": 12445.556791125398,
    "totalData": 1618032,
    "sizePerRequest": 13,
    "sizePerSec": 161792.23828463018
  },
  "responseTimeHistogram": {
    "0.00043023": 1,
    "0.0024814004999999997": 160,
    "0.004532571": 99660,
    "0.0065837415": 17434,
    "0.008634912": 6305,
    "0.0106860825": 381,
    "0.012737253": 262,
    "0.0147884235": 132,
    "0.016839594": 54,
    "0.0188907645": 49,
    "0.020941935": 26
  },
  "latencyPercentiles": {
    "p10": 0.003327428,
    "p25": 0.003394332,
    "p50": 0.003517141,
    "p75": 0.003670852,
    "p90": 0.005796697,
    "p95": 0.006637155,
    "p99": 0.008193761
  },
  "rps": {
    "mean": 12506.62661289787,
    "stddev": 2958.9041337168796,
    "max": 23378.49278857144,
    "percentiles": {
      "p10": 7810.399546996917,
      "p25": 11215.270712602949,
      "p50": 13441.961772063054,
      "p75": 14594.064542198084,
      "p90": 15546.092234398246,
      "p95": 16422.163147698648,
      "p99": 16862.66459426943
    }
  },
  "details": {
    "DNSDialup": {
      "average": 0.0028179049800000004,
      "fastest": 0.000096007,
      "slowest": 0.005009243
    },
    "DNSLookup": {
      "average": 0.000008068499999999996,
      "fastest": 0.0000054,
      "slowest": 0.000049303
    }
  },
  "statusCodeDistribution": {
    "200": 124464
  },
  "errorDistribution": {}
}