{
  "summary": {
    "successRate": 1,
    "total": 10.000768656,
    "slowest": 0.014681542,
    "fastest": 0.000932826,
    "average": 0.003612396006428281,
    "requestsPerSec": 13812.838267898835,
    "totalData": 1795807,
    "sizePerRequest": 13,
    "sizePerSec": 179566.89748268484
  },
  "responseTimeHistogram": {
    "0.000932826": 1,
    "0.0023076976000000003": 84,
    "0.0036825692": 97521,
    "0.005057440800000001": 38806,
    "0.006432312400000001": 1302,
    "0.007807184000000001": 90,
    "0.0091820556": 230,
    "0.0105569272": 61,
    "0.0119317988": 11,
    "0.013306670400000001": 16,
    "0.014681542": 17
  },
  "latencyPercentiles": {
    "p10": 0.003311946,
    "p25": 0.0033786,
    "p50": 0.003485967,
    "p75": 0.003732592,
    "p90": 0.004046757,
    "p95": 0.00428182,
    "p99": 0.005211923
  },
  "rps": {
    "mean": 13816.191855875948,
    "stddev": 1320.1974100078487,
    "max": 17416.514607096113,
    "percentiles": {
      "p10": 12604.646072542191,
      "p25": 13261.29636405412,
      "p50": 14075.649578659233,
      "p75": 14655.548927099928,
      "p90": 14965.07713442581,
      "p95": 15176.67407509295,
      "p99": 15607.697065871927
    }
  },
  "details": {
    "DNSDialup": {
      "average": 0.0010671985400000001,
      "fastest": 0.000109515,
      "slowest": 0.00191321
    },
    "DNSLookup": {
      "average": 0.000010479999999999998,
      "fastest": 0.000004388,
      "slowest": 0.000046858
    }
  },
  "statusCodeDistribution": {
    "200": 138139
  },
  "errorDistribution": {}
}