{
  "summary": {
    "successRate": 1,
    "total": 10.00070075,
    "slowest": 0.026574699,
    "fastest": 0.000300606,
    "average": 0.005200314475704795,
    "requestsPerSec": 9608.226703513752,
    "totalData": 1249157,
    "sizePerRequest": 13,
    "sizePerSec": 124906.94714567877
  },
  "responseTimeHistogram": {
    "0.000300606": 1,
    "0.0029280153000000005": 121,
    "0.005555424600000001": 79820,
    "0.0081828339": 12254,
    "0.010810243200000002": 2250,
    "0.013437652500000003": 958,
    "0.0160650618": 566,
    "0.0186924711": 93,
    "0.0213198804": 0,
    "0.023947289700000002": 12,
    "0.026574699000000004": 14
  },
  "latencyPercentiles": {
    "p10": 0.004156378,
    "p25": 0.004239979,
    "p50": 0.005065795,
    "p75": 0.005233399,
    "p90": 0.00637772,
    "p95": 0.007580042,
    "p99": 0.01280784
  },
  "rps": {
    "mean": 9624.912190481942,
    "stddev": 1988.030539953938,
    "max": 13352.129819961387,
    "percentiles": {
      "p10": 7022.2649421828455,
      "p25": 9275.481592490361,
      "p50": 10510.583998835556,
      "p75": 10702.965359258436,
      "p90": 10778.592148199845,
      "p95": 10818.641108737818,
      "p99": 11709.38173927395
    }
  },
  "details": {
    "DNSDialup": {
      "average": 0.0015582653199999999,
      "fastest": 0.000198303,
      "slowest": 0.001802234
    },
    "DNSLookup": {
      "average": 0.000007360119999999999,
      "fastest": 0.0000036,
      "slowest": 0.000067401
    }
  },
  "statusCodeDistribution": {
    "200": 96089
  },
  "errorDistribution": {}
}