{
  "summary": {
    "successRate": 1,
    "total": 10.001854099,
    "slowest": 0.030649373,
    "fastest": 0.003158668,
    "average": 0.005514413931747953,
    "requestsPerSec": 9060.320126951294,
    "totalData": 3534180,
    "sizePerRequest": 39,
    "sizePerSec": 353352.4849511004
  },
  "responseTimeHistogram": {
    "0.003158668": 1,
    "0.0059077385": 76179,
    "0.008656809": 9881,
    "0.0114058795": 2482,
    "0.01415495": 1583,
    "0.0169040205": 291,
    "0.019653091": 113,
    "0.0224021615": 38,
    "0.025151232": 35,
    "0.027900302499999998": 11,
    "0.030649372999999997": 6
  },
  "latencyPercentiles": {
    "p10": 0.004412316,
    "p25": 0.00453308,
    "p50": 0.005278078,
    "p75": 0.005516022,
    "p90": 0.006545675,
    "p95": 0.008709536,
    "p99": 0.012081394
  },
  "rps": {
    "mean": 9047.222934378087,
    "stddev": 1933.3761992131545,
    "max": 10770.389473768744,
    "percentiles": {
      "p10": 5801.672041882455,
      "p25": 8924.60624485121,
      "p50": 9950.587793280729,
      "p75": 10203.561042803962,
      "p90": 10323.96497819121,
      "p95": 10412.950260176804,
      "p99": 10600.924400607237
    }
  },
  "details": {
    "DNSDialup": {
      "average": 0.0005727207199999997,
      "fastest": 0.00007503,
      "slowest": 0.00094
    },
    "DNSLookup": {
      "average": 0.0000076140400000000005,
      "fastest": 0.000003256,
      "slowest": 0.000031258
    }
  },
  "statusCodeDistribution": {
    "200": 90620
  },
  "errorDistribution": {}
}