{
  "summary": {
    "successRate": 1,
    "total": 10.000714426,
    "slowest": 0.021574752,
    "fastest": 0.002589497,
    "average": 0.004188593182497952,
    "requestsPerSec": 11928.047829250154,
    "totalData": 1550757,
    "sizePerRequest": 13,
    "sizePerSec": 155064.621780252
  },
  "responseTimeHistogram": {
    "0.002589497": 1,
    "0.0044880225": 101133,
    "0.006386548000000001": 13295,
    "0.0082850735": 2483,
    "0.010183599": 1854,
    "0.0120821245": 351,
    "0.01398065": 128,
    "0.015879175500000002": 13,
    "0.017777701": 10,
    "0.0196762265": 7,
    "0.021574752": 14
  },
  "latencyPercentiles": {
    "p10": 0.003421915,
    "p25": 0.003500209,
    "p50": 0.00415363,
    "p75": 0.004277681,
    "p90": 0.004777992,
    "p95": 0.005811351,
    "p99": 0.009380711
  },
  "rps": {
    "mean": 11913.74923116053,
    "stddev": 2048.2014919154117,
    "max": 14909.983839867975,
    "percentiles": {
      "p10": 8713.489352867104,
      "p25": 12010.451494890742,
      "p50": 12635.67952491582,
      "p75": 12933.77655747991,
      "p90": 13214.505562757211,
      "p95": 13643.917211267139,
      "p99": 14021.870693092425
    }
  },
  "details": {
    "DNSDialup": {
      "average": 0.000743703,
      "fastest": 0.000091485,
      "slowest": 0.001541158
    },
    "DNSLookup": {
      "average": 0.000009748720000000005,
      "fastest": 0.000004518,
      "slowest": 0.000050575
    }
  },
  "statusCodeDistribution": {
    "200": 119289
  },
  "errorDistribution": {}
}