{
  "summary": {
    "successRate": 1,
    "total": 10.001140728,
    "slowest": 0.028929243,
    "fastest": 0.001016486,
    "average": 0.0053572801319431915,
    "requestsPerSec": 9326.436107319218,
    "totalData": 1212575,
    "sizePerRequest": 13,
    "sizePerSec": 121243.66939514983
  },
  "responseTimeHistogram": {
    "0.001016486": 1,
    "0.0038077617": 9553,
    "0.0065990374000000004": 75418,
    "0.0093903131": 6236,
    "0.0121815888": 859,
    "0.0149728645": 962,
    "0.0177641402": 119,
    "0.020555415900000002": 30,
    "0.0233466916": 31,
    "0.0261379673": 43,
    "0.028929243": 23
  },
  "latencyPercentiles": {
    "p10": 0.003802053,
    "p25": 0.005113837,
    "p50": 0.005399834,
    "p75": 0.005507632,
    "p90": 0.00644822,
    "p95": 0.006956802,
    "p99": 0.012813642
  },
  "rps": {
    "mean": 9337.956254226927,
    "stddev": 1662.3820458931564,
    "max": 16057.189285358923,
    "percentiles": {
      "p10": 8047.280085473372,
      "p25": 9455.308068119084,
      "p50": 9976.632812626414,
      "p75": 10074.763410972146,
      "p90": 10139.99028103959,
      "p95": 10179.858394885774,
      "p99": 11414.577341353308
    }
  },
  "details": {
    "DNSDialup": {
      "average": 0.0015460749200000002,
      "fastest": 0.000166598,
      "slowest": 0.001716279
    },
    "DNSLookup": {
      "average": 0.00000435196,
      "fastest": 0.000003,
      "slowest": 0.0000466
    }
  },
  "statusCodeDistribution": {
    "200": 93275
  },
  "errorDistribution": {}
}