{
  "summary": {
    "successRate": 1,
    "total": 10.00079098,
    "slowest": 0.026095155,
    "fastest": 0.00281392,
    "average": 0.004614760149690415,
    "requestsPerSec": 10822.143990054676,
    "totalData": 4220970,
    "sizePerRequest": 39,
    "sizePerSec": 422063.6156121323
  },
  "responseTimeHistogram": {
    "0.00281392": 1,
    "0.0051420435": 95408,
    "0.007470167": 8555,
    "0.009798290500000001": 2535,
    "0.012126413999999999": 1417,
    "0.0144545375": 145,
    "0.016782661": 88,
    "0.0191107845": 4,
    "0.021438908": 15,
    "0.0237670315": 56,
    "0.026095155": 6
  },
  "latencyPercentiles": {
    "p10": 0.003790374,
    "p25": 0.003886054,
    "p50": 0.004515327,
    "p75": 0.004669357,
    "p90": 0.005238871,
    "p95": 0.006616485,
    "p99": 0.010406535
  },
  "rps": {
    "mean": 10814.402140120459,
    "stddev": 2004.6923351699725,
    "max": 12899.175742670515,
    "percentiles": {
      "p10": 7410.441446733742,
      "p25": 10817.530890561195,
      "p50": 11513.008129230628,
      "p75": 11783.381596993177,
      "p90": 12219.266116886552,
      "p95": 12490.405340341198,
      "p99": 12785.689574325092
    }
  },
  "details": {
    "DNSDialup": {
      "average": 0.0008362063399999999,
      "fastest": 0.000158136,
      "slowest": 0.001289937
    },
    "DNSLookup": {
      "average": 0.000008331799999999999,
      "fastest": 0.000004268,
      "slowest": 0.00004793
    }
  },
  "statusCodeDistribution": {
    "200": 108230
  },
  "errorDistribution": {}
}