{
  "summary": {
    "successRate": 1,
    "total": 10.000892961,
    "slowest": 0.027620792,
    "fastest": 0.003019693,
    "average": 0.005367229912205755,
    "requestsPerSec": 9309.568691823139,
    "totalData": 3631056,
    "sizePerRequest": 39,
    "sizePerSec": 363073.17898110236
  },
  "responseTimeHistogram": {
    "0.003019693": 1,
    "0.0054798029000000005": 73955,
    "0.0079399128": 13876,
    "0.0104000227": 2565,
    "0.012860132600000001": 2374,
    "0.015320242500000001": 120,
    "0.0177803524": 90,
    "0.0202404623": 45,
    "0.0227005722": 36,
    "0.0251606821": 36,
    "0.027620792": 6
  },
  "latencyPercentiles": {
    "p10": 0.004301232,
    "p25": 0.004430436,
    "p50": 0.005147139,
    "p75": 0.005377794,
    "p90": 0.00638267,
    "p95": 0.008511025,
    "p99": 0.011454809
  },
  "rps": {
    "mean": 9312.08024251116,
    "stddev": 1923.4423425249813,
    "max": 11388.104404051965,
    "percentiles": {
      "p10": 6027.843816155575,
      "p25": 9158.906401596347,
      "p50": 10149.821619448066,
      "p75": 10432.44046395905,
      "p90": 10575.283681984558,
      "p95": 10649.611224647622,
      "p99": 10879.330063170612
    }
  },
  "details": {
    "DNSDialup": {
      "average": 0.00048184293999999994,
      "fastest": 0.00007534,
      "slowest": 0.000827604
    },
    "DNSLookup": {
      "average": 0.000005988179999999998,
      "fastest": 0.000003156,
      "slowest": 0.000028353
    }
  },
  "statusCodeDistribution": {
    "200": 93104
  },
  "errorDistribution": {}
}