{
  "summary": {
    "successRate": 1,
    "total": 10.000324338,
    "slowest": 0.018315332,
    "fastest": 0.002673193,
    "average": 0.003428105772840526,
    "requestsPerSec": 14573.427328372716,
    "totalData": 1894607,
    "sizePerRequest": 13,
    "sizePerSec": 189454.55526884532
  },
  "responseTimeHistogram": {
    "0.002673193": 1,
    "0.0042374069": 138449,
    "0.0058016208": 3409,
    "0.0073658347": 2322,
    "0.0089300486": 1263,
    "0.0104942625": 173,
    "0.0120584764": 68,
    "0.0136226903": 22,
    "0.0151869042": 11,
    "0.0167511181": 13,
    "0.018315332": 8
  },
  "latencyPercentiles": {
    "p10": 0.002853878,
    "p25": 0.002914221,
    "p50": 0.003447637,
    "p75": 0.00353061,
    "p90": 0.003916737,
    "p95": 0.004237646,
    "p99": 0.00745308
  },
  "rps": {
    "mean": 14544.453390506107,
    "stddev": 2171.1002289520798,
    "max": 16590.737067772872,
    "percentiles": {
      "p10": 12900.92970923114,
      "p25": 14678.954833779739,
      "p50": 15326.86185809238,
      "p75": 15604.980785607453,
      "p90": 15719.359963731424,
      "p95": 15795.777419444792,
      "p99": 16157.848328586666
    }
  },
  "details": {
    "DNSDialup": {
      "average": 0.0008408120400000001,
      "fastest": 0.000165409,
      "slowest": 0.001225091
    },
    "DNSLookup": {
      "average": 0.000007677580000000001,
      "fastest": 0.000004258,
      "slowest": 0.000034915
    }
  },
  "statusCodeDistribution": {
    "200": 145739
  },
  "errorDistribution": {}
}