{
  "summary": {
    "successRate": 1,
    "total": 10.001131898,
    "slowest": 0.025159462,
    "fastest": 0.000466701,
    "average": 0.004139074027563569,
    "requestsPerSec": 12072.533512346243,
    "totalData": 1569607,
    "sizePerRequest": 13,
    "sizePerSec": 156942.93566050116
  },
  "responseTimeHistogram": {
    "0.000466701": 1,
    "0.0029359771": 759,
    "0.0054052532": 113510,
    "0.0078745293": 3668,
    "0.0103438054": 1494,
    "0.0128130815": 941,
    "0.0152823576": 277,
    "0.017751633699999998": 52,
    "0.0202209098": 13,
    "0.0226901859": 7,
    "0.025159462": 17
  },
  "latencyPercentiles": {
    "p10": 0.003724309,
    "p25": 0.003765109,
    "p50": 0.003818409,
    "p75": 0.003917909,
    "p90": 0.004711326,
    "p95": 0.005586214,
    "p99": 0.010852527
  },
  "rps": {
    "mean": 12071.361586782963,
    "stddev": 2410.6826123582123,
    "max": 16124.766997116005,
    "percentiles": {
      "p10": 9434.235204288902,
      "p25": 12042.43308151549,
      "p50": 13022.210682539135,
      "p75": 13253.372677498995,
      "p90": 13350.520588146977,
      "p95": 13537.551539392798,
      "p99": 14264.06048297465
    }
  },
  "details": {
    "DNSDialup": {
      "average": 0.0012471610599999996,
      "fastest": 0.0000693,
      "slowest": 0.002161706
    },
    "DNSLookup": {
      "average": 0.000009878040000000002,
      "fastest": 0.0000031,
      "slowest": 0.000154101
    }
  },
  "statusCodeDistribution": {
    "200": 120739
  },
  "errorDistribution": {}
}