{
  "summary": {
    "successRate": 1,
    "total": 10.001272234,
    "slowest": 0.030162705,
    "fastest": 0.002545567,
    "average": 0.0053900327640275985,
    "requestsPerSec": 9269.820661898004,
    "totalData": 3615690,
    "sizePerRequest": 39,
    "sizePerSec": 361523.0058140221
  },
  "responseTimeHistogram": {
    "0.002545567": 1,
    "0.0053072807999999996": 63191,
    "0.0080689946": 24341,
    "0.010830708400000002": 2511,
    "0.0135924222": 2312,
    "0.016354136": 155,
    "0.0191158498": 101,
    "0.0218775636": 36,
    "0.0246392774": 46,
    "0.0274009912": 11,
    "0.030162704999999998": 5
  },
  "latencyPercentiles": {
    "p10": 0.004267017,
    "p25": 0.004437975,
    "p50": 0.005098988,
    "p75": 0.005433242,
    "p90": 0.006517906,
    "p95": 0.008593994,
    "p99": 0.012139786
  },
  "rps": {
    "mean": 9268.91249957632,
    "stddev": 2041.7372480996353,
    "max": 12186.186652773633,
    "percentiles": {
      "p10": 5800.844022805464,
      "p25": 9006.887566922518,
      "p50": 10121.304333490763,
      "p75": 10484.884609078801,
      "p90": 10691.23938246572,
      "p95": 10815.631492276201,
      "p99": 11528.924750073926
    }
  },
  "details": {
    "DNSDialup": {
      "average": 0.00076903274,
      "fastest": 0.000068807,
      "slowest": 0.00150434
    },
    "DNSLookup": {
      "average": 0.000006695900000000001,
      "fastest": 0.000003306,
      "slowest": 0.000036117
    }
  },
  "statusCodeDistribution": {
    "200": 92710
  },
  "errorDistribution": {}
}