{
  "summary": {
    "successRate": 1,
    "total": 10.001347694,
    "slowest": 0.026436897,
    "fastest": 0.000700398,
    "average": 0.004966636174877972,
    "requestsPerSec": 10059.944227352447,
    "totalData": 1307969,
    "sizePerRequest": 13,
    "sizePerSec": 130779.2749555818
  },
  "responseTimeHistogram": {
    "0.000700398": 1,
    "0.0032740479": 2233,
    "0.005847697799999999": 87627,
    "0.0084213477": 8526,
    "0.010994997599999999": 1045,
    "0.013568647499999998": 415,
    "0.0161422974": 453,
    "0.0187159473": 233,
    "0.0212895972": 59,
    "0.0238632471": 0,
    "0.026436896999999997": 21
  },
  "latencyPercentiles": {
    "p10": 0.003504488,
    "p25": 0.004663382,
    "p50": 0.004940781,
    "p75": 0.005135482,
    "p90": 0.006075077,
    "p95": 0.006791674,
    "p99": 0.011237757
  },
  "rps": {
    "mean": 10158.436737078078,
    "stddev": 2698.6334194372603,
    "max": 72522.7439381842,
    "percentiles": {
      "p10": 8076.503294494205,
      "p25": 9526.770383557212,
      "p50": 10621.5721160208,
      "p75": 11094.977588653464,
      "p90": 11657.410127911178,
      "p95": 12144.307831165308,
      "p99": 12656.950541165765
    }
  },
  "details": {
    "DNSDialup": {
      "average": 0.0021433296400000003,
      "fastest": 0.000070899,
      "slowest": 0.003460586
    },
    "DNSLookup": {
      "average": 0.00000422598,
      "fastest": 0.000003,
      "slowest": 0.0000397
    }
  },
  "statusCodeDistribution": {
    "200": 100613
  },
  "errorDistribution": {}
}