{
  "summary": {
    "successRate": 1,
    "total": 10.001650713,
    "slowest": 0.026454483,
    "fastest": 0.002556571,
    "average": 0.005527576242666307,
    "requestsPerSec": 9038.90793571647,
    "totalData": 3525756,
    "sizePerRequest": 39,
    "sizePerSec": 352517.4094929424
  },
  "responseTimeHistogram": {
    "0.002556571": 1,
    "0.0049463622": 31215,
    "0.0073361534": 49057,
    "0.009725944600000001": 6595,
    "0.012115735800000001": 2950,
    "0.014505527": 390,
    "0.016895318200000002": 108,
    "0.0192851094": 48,
    "0.0216749006": 23,
    "0.024064691800000003": 11,
    "0.026454483": 6
  },
  "latencyPercentiles": {
    "p10": 0.004246109,
    "p25": 0.004417424,
    "p50": 0.005120462,
    "p75": 0.005768421,
    "p90": 0.007511075,
    "p95": 0.008874923,
    "p99": 0.011578484
  },
  "rps": {
    "mean": 9038.908121650038,
    "stddev": 2066.728905591328,
    "max": 12094.254557181916,
    "percentiles": {
      "p10": 5900.729920291127,
      "p25": 7872.5022697343375,
      "p50": 10029.962506996375,
      "p75": 10506.776163438044,
      "p90": 10713.101051276044,
      "p95": 10803.931452436023,
      "p99": 11463.9499547763
    }
  },
  "details": {
    "DNSDialup": {
      "average": 0.0007304961600000001,
      "fastest": 0.000087103,
      "slowest": 0.001116009
    },
    "DNSLookup": {
      "average": 0.000006373940000000002,
      "fastest": 0.000003286,
      "slowest": 0.000032461
    }
  },
  "statusCodeDistribution": {
    "200": 90404
  },
  "errorDistribution": {}
}