{
  "summary": {
    "successRate": 1,
    "total": 10.000348367,
    "slowest": 0.032275134,
    "fastest": 0.000720212,
    "average": 0.004918499039030168,
    "requestsPerSec": 10158.446113260285,
    "totalData": 1320644,
    "sizePerRequest": 13,
    "sizePerSec": 132059.79947238372
  },
  "responseTimeHistogram": {
    "0.000720212": 1,
    "0.0038757042": 1434,
    "0.0070311964": 94432,
    "0.010186688599999999": 4058,
    "0.013342180799999999": 680,
    "0.016497673": 806,
    "0.0196531652": 88,
    "0.0228086574": 0,
    "0.0259641496": 61,
    "0.0291196418": 10,
    "0.032275134": 18
  },
  "latencyPercentiles": {
    "p10": 0.004292872,
    "p25": 0.004351572,
    "p50": 0.004427774,
    "p75": 0.004668377,
    "p90": 0.0059976,
    "p95": 0.007332222,
    "p99": 0.013260221
  },
  "rps": {
    "mean": 10171.120602881623,
    "stddev": 2205.89442671072,
    "max": 13509.214999261738,
    "percentiles": {
      "p10": 7271.927171857212,
      "p25": 9938.969603455233,
      "p50": 11183.333985694477,
      "p75": 11446.45882464216,
      "p90": 11583.020933993914,
      "p95": 11652.347344186019,
      "p99": 11924.843025474958
    }
  },
  "details": {
    "DNSDialup": {
      "average": 0.00149682472,
      "fastest": 0.000083502,
      "slowest": 0.002509841
    },
    "DNSLookup": {
      "average": 0.000009938099999999999,
      "fastest": 0.0000034,
      "slowest": 0.000091802
    }
  },
  "statusCodeDistribution": {
    "200": 101588
  },
  "errorDistribution": {}
}