{
  "summary": {
    "successRate": 1,
    "total": 10.000393085,
    "slowest": 0.030796142,
    "fastest": 0.000979659,
    "average": 0.006112647951310249,
    "requestsPerSec": 8173.878697089235,
    "totalData": 1062646,
    "sizePerRequest": 13,
    "sizePerSec": 106260.42306216006
  },
  "responseTimeHistogram": {
    "0.000979659": 1,
    "0.0039613072999999995": 137,
    "0.006942955599999999": 68628,
    "0.009924603899999999": 9992,
    "0.0129062522": 1669,
    "0.0158879005": 999,
    "0.018869548799999997": 217,
    "0.021851197099999997": 11,
    "0.024832845399999998": 70,
    "0.027814493699999998": 10,
    "0.030796142": 8
  },
  "latencyPercentiles": {
    "p10": 0.005339219,
    "p25": 0.005441726,
    "p50": 0.005549431,
    "p75": 0.005791046,
    "p90": 0.007262434,
    "p95": 0.008924934,
    "p99": 0.015144506
  },
  "rps": {
    "mean": 8178.419079006468,
    "stddev": 1765.282204647574,
    "max": 13525.609149675087,
    "percentiles": {
      "p10": 5751.211780322138,
      "p25": 7632.048892214008,
      "p50": 8942.839779680662,
      "p75": 9194.383049234666,
      "p90": 9406.872640247082,
      "p95": 9583.541290795582,
      "p99": 9874.976217765327
    }
  },
  "details": {
    "DNSDialup": {
      "average": 0.00180638412,
      "fastest": 0.000417725,
      "slowest": 0.003077485
    },
    "DNSLookup": {
      "average": 0.00000575044,
      "fastest": 0.0000043,
      "slowest": 0.000052503
    }
  },
  "statusCodeDistribution": {
    "200": 81742
  },
  "errorDistribution": {}
}