{
  "summary": {
    "successRate": 1,
    "total": 10.000733251,
    "slowest": 0.02617368,
    "fastest": 0.003370054,
    "average": 0.005229955560634325,
    "requestsPerSec": 9553.299503358587,
    "totalData": 3726060,
    "sizePerRequest": 39,
    "sizePerSec": 372578.6806309849
  },
  "responseTimeHistogram": {
    "0.003370054": 1,
    "0.0056504165999999995": 79922,
    "0.0079307792": 10559,
    "0.0102111418": 2229,
    "0.012491504399999999": 2555,
    "0.014771867000000001": 135,
    "0.0170522296": 76,
    "0.019332592200000002": 38,
    "0.0216129548": 11,
    "0.0238933174": 11,
    "0.02617368": 3
  },
  "latencyPercentiles": {
    "p10": 0.004181898,
    "p25": 0.004325274,
    "p50": 0.005010448,
    "p75": 0.005268813,
    "p90": 0.006289357,
    "p95": 0.008198436,
    "p99": 0.011426742
  },
  "rps": {
    "mean": 9549.46154028715,
    "stddev": 1973.5641892392623,
    "max": 12378.195462103293,
    "percentiles": {
      "p10": 6221.738755211349,
      "p25": 9305.507750271534,
      "p50": 10315.40399278275,
      "p75": 10642.31277134768,
      "p90": 10941.63730660388,
      "p95": 11286.142420780503,
      "p99": 11761.431977001328
    }
  },
  "details": {
    "DNSDialup": {
      "average": 0.0007673820799999999,
      "fastest": 0.000116968,
      "slowest": 0.001234625
    },
    "DNSLookup": {
      "average": 0.000006391879999999999,
      "fastest": 0.000003256,
      "slowest": 0.000034324
    }
  },
  "statusCodeDistribution": {
    "200": 95540
  },
  "errorDistribution": {}
}