{
  "summary": {
    "successRate": 1,
    "total": 10.000580024,
    "slowest": 0.025532258,
    "fastest": 0.001251732,
    "average": 0.004246524580537421,
    "requestsPerSec": 11766.517513744562,
    "totalData": 1529736,
    "sizePerRequest": 13,
    "sizePerSec": 152964.7276786793
  },
  "responseTimeHistogram": {
    "0.001251732": 1,
    "0.0036797846000000004": 1086,
    "0.006107837200000001": 110687,
    "0.0085358898": 3628,
    "0.010963942400000001": 1130,
    "0.013391995000000002": 920,
    "0.0158200476": 70,
    "0.0182481002": 72,
    "0.0206761528": 7,
    "0.0231042054": 63,
    "0.025532258000000002": 8
  },
  "latencyPercentiles": {
    "p10": 0.003753596,
    "p25": 0.003801698,
    "p50": 0.003859999,
    "p75": 0.004005703,
    "p90": 0.004978328,
    "p95": 0.006110757,
    "p99": 0.010593773
  },
  "rps": {
    "mean": 11759.109965401178,
    "stddev": 2503.766388938887,
    "max": 15871.08503471769,
    "percentiles": {
      "p10": 8316.05326764761,
      "p25": 11704.730767466503,
      "p50": 12705.74976470439,
      "p75": 13143.987121319507,
      "p90": 13302.850800926492,
      "p95": 13515.757052853423,
      "p99": 13972.438711254492
    }
  },
  "details": {
    "DNSDialup": {
      "average": 0.0013428827,
      "fastest": 0.000073502,
      "slowest": 0.002241957
    },
    "DNSLookup": {
      "average": 0.00000999024,
      "fastest": 0.0000032,
      "slowest": 0.000079402
    }
  },
  "statusCodeDistribution": {
    "200": 117672
  },
  "errorDistribution": {}
}