{
  "summary": {
    "successRate": 1,
    "total": 10.000888323,
    "slowest": 0.027796424,
    "fastest": 0.002983491,
    "average": 0.004799318942528454,
    "requestsPerSec": 10405.97561325253,
    "totalData": 4058691,
    "sizePerRequest": 39,
    "sizePerSec": 405833.0489168487
  },
  "responseTimeHistogram": {
    "0.002983491": 1,
    "0.0054647843": 94975,
    "0.0079460776": 5139,
    "0.0104273709": 2576,
    "0.0129086642": 1185,
    "0.015389957499999999": 73,
    "0.017871250800000002": 64,
    "0.0203525441": 28,
    "0.0228338374": 11,
    "0.0253151307": 11,
    "0.027796424": 6
  },
  "latencyPercentiles": {
    "p10": 0.003967368,
    "p25": 0.004058537,
    "p50": 0.004728786,
    "p75": 0.004872318,
    "p90": 0.005398228,
    "p95": 0.006790791,
    "p99": 0.010745582
  },
  "rps": {
    "mean": 10396.194057563616,
    "stddev": 1830.2467464344234,
    "max": 12331.884302671866,
    "percentiles": {
      "p10": 7824.68796770289,
      "p25": 10485.95406453055,
      "p50": 11129.258547548614,
      "p75": 11305.784152229335,
      "p90": 11413.817068886323,
      "p95": 11496.296259136949,
      "p99": 11904.505855467183
    }
  },
  "details": {
    "DNSDialup": {
      "average": 0.0005355581799999999,
      "fastest": 0.000080307,
      "slowest": 0.000918845
    },
    "DNSLookup": {
      "average": 0.000008464320000000001,
      "fastest": 0.000004028,
      "slowest": 0.000052789
    }
  },
  "statusCodeDistribution": {
    "200": 104069
  },
  "errorDistribution": {}
}