{
  "summary": {
    "successRate": 1,
    "total": 10.000121126,
    "slowest": 0.024966732,
    "fastest": 0.002807492,
    "average": 0.004299196938613283,
    "requestsPerSec": 11621.259236335374,
    "totalData": 1510782,
    "sizePerRequest": 13,
    "sizePerSec": 151076.37007235986
  },
  "responseTimeHistogram": {
    "0.002807492": 1,
    "0.005023415999999999": 105690,
    "0.0072393399999999995": 7019,
    "0.009455264": 1948,
    "0.011671187999999999": 1312,
    "0.013887111999999998": 149,
    "0.016103036": 50,
    "0.01831896": 21,
    "0.020534883999999996": 11,
    "0.022750807999999997": 11,
    "0.024966732": 2
  },
  "latencyPercentiles": {
    "p10": 0.003509074,
    "p25": 0.003593001,
    "p50": 0.004262054,
    "p75": 0.004390104,
    "p90": 0.004972684,
    "p95": 0.005874058,
    "p99": 0.009884731
  },
  "rps": {
    "mean": 11602.583811191473,
    "stddev": 2024.6528408989302,
    "max": 13639.931221427369,
    "percentiles": {
      "p10": 8556.343689879957,
      "p25": 11610.004742159032,
      "p50": 12393.129740500584,
      "p75": 12629.900088095985,
      "p90": 12803.356214659194,
      "p95": 12905.124934408159,
      "p99": 13354.930941245477
    }
  },
  "details": {
    "DNSDialup": {
      "average": 0.0009353094199999999,
      "fastest": 0.000091351,
      "slowest": 0.002086461
    },
    "DNSLookup": {
      "average": 0.000009109579999999999,
      "fastest": 0.000003857,
      "slowest": 0.0000427
    }
  },
  "statusCodeDistribution": {
    "200": 116214
  },
  "errorDistribution": {}
}