{
  "summary": {
    "successRate": 1,
    "total": 10.000151244,
    "slowest": 0.025465797,
    "fastest": 0.001801718,
    "average": 0.0045849846534428635,
    "requestsPerSec": 10891.83526752668,
    "totalData": 4247880,
    "sizePerRequest": 39,
    "sizePerSec": 424781.5754335405
  },
  "responseTimeHistogram": {
    "0.001801718": 1,
    "0.0041681259": 41004,
    "0.0065345338": 62144,
    "0.0089009417": 3192,
    "0.0112673496": 2282,
    "0.0136337575": 162,
    "0.0160001654": 78,
    "0.0183665733": 33,
    "0.0207329812": 11,
    "0.0230993891": 11,
    "0.025465797": 2
  },
  "latencyPercentiles": {
    "p10": 0.003773418,
    "p25": 0.003864853,
    "p50": 0.004491157,
    "p75": 0.0046319,
    "p90": 0.005214547,
    "p95": 0.006672319,
    "p99": 0.010339093
  },
  "rps": {
    "mean": 10878.666496649903,
    "stddev": 1976.9183128492598,
    "max": 13109.611967493716,
    "percentiles": {
      "p10": 7849.964145033961,
      "p25": 11062.715641242183,
      "p50": 11548.901988143523,
      "p75": 11828.886139953918,
      "p90": 12308.093802484342,
      "p95": 12538.425048429528,
      "p99": 12787.89821514934
    }
  },
  "details": {
    "DNSDialup": {
      "average": 0.0009517270600000001,
      "fastest": 0.00007417,
      "slowest": 0.002138843
    },
    "DNSLookup": {
      "average": 0.000009576659999999998,
      "fastest": 0.000004038,
      "slowest": 0.00005894
    }
  },
  "statusCodeDistribution": {
    "200": 108920
  },
  "errorDistribution": {}
}