{
  "summary": {
    "successRate": 1,
    "total": 10.000726497,
    "slowest": 0.026011724,
    "fastest": 0.002933279,
    "average": 0.005373820175718385,
    "requestsPerSec": 9297.724523102714,
    "totalData": 3626376,
    "sizePerRequest": 39,
    "sizePerSec": 362611.25640100584
  },
  "responseTimeHistogram": {
    "0.002933279": 1,
    "0.0052411235": 55817,
    "0.007548968": 31153,
    "0.009856812500000001": 2544,
    "0.012164657": 3048,
    "0.0144725015": 260,
    "0.016780346": 87,
    "0.0190881905": 47,
    "0.021396035": 8,
    "0.0237038795": 7,
    "0.026011724": 12
  },
  "latencyPercentiles": {
    "p10": 0.004311257,
    "p25": 0.004440314,
    "p50": 0.00516259,
    "p75": 0.005399092,
    "p90": 0.006437292,
    "p95": 0.008581684,
    "p99": 0.011733676
  },
  "rps": {
    "mean": 9293.879814609743,
    "stddev": 1917.5532970775198,
    "max": 11487.849333378206,
    "percentiles": {
      "p10": 6114.481963988163,
      "p25": 9086.15856936709,
      "p50": 10142.752583226038,
      "p75": 10408.545941902476,
      "p90": 10572.640931434515,
      "p95": 10665.899009234818,
      "p99": 11034.628195866077
    }
  },
  "details": {
    "DNSDialup": {
      "average": 0.0007693432200000001,
      "fastest": 0.000103306,
      "slowest": 0.001257796
    },
    "DNSLookup": {
      "average": 0.000006373599999999999,
      "fastest": 0.000003396,
      "slowest": 0.000032511
    }
  },
  "statusCodeDistribution": {
    "200": 92984
  },
  "errorDistribution": {}
}