{
  "summary": {
    "successRate": 1,
    "total": 10.000815338,
    "slowest": 0.025224712,
    "fastest": 0.00202057,
    "average": 0.00467817850995711,
    "requestsPerSec": 10674.929632422336,
    "totalData": 4163562,
    "sizePerRequest": 39,
    "sizePerSec": 416322.2556644711
  },
  "responseTimeHistogram": {
    "0.00202057": 1,
    "0.0043409842": 40780,
    "0.0066613984": 60710,
    "0.0089818126": 2751,
    "0.011302226799999999": 2192,
    "0.013622640999999998": 142,
    "0.0159430552": 98,
    "0.0182634694": 30,
    "0.0205838836": 27,
    "0.022904297799999997": 23,
    "0.025224711999999996": 4
  },
  "latencyPercentiles": {
    "p10": 0.003867707,
    "p25": 0.003951731,
    "p50": 0.004601962,
    "p75": 0.004730195,
    "p90": 0.005277476,
    "p95": 0.00663592,
    "p99": 0.010363977
  },
  "rps": {
    "mean": 10698.498880718646,
    "stddev": 2232.2976440155676,
    "max": 47273.50083908319,
    "percentiles": {
      "p10": 8000.160003199262,
      "p25": 10604.479996469789,
      "p50": 11465.57695043816,
      "p75": 11629.30470607318,
      "p90": 11762.942359500237,
      "p95": 12002.929925280028,
      "p99": 12450.471128992933
    }
  },
  "details": {
    "DNSDialup": {
      "average": 0.0010716800400000003,
      "fastest": 0.000128379,
      "slowest": 0.001598881
    },
    "DNSLookup": {
      "average": 0.00000770694,
      "fastest": 0.000004098,
      "slowest": 0.00003215
    }
  },
  "statusCodeDistribution": {
    "200": 106758
  },
  "errorDistribution": {}
}