{
  "summary": {
    "successRate": 1,
    "total": 10.001186015,
    "slowest": 0.03042823,
    "fastest": 0.003517786,
    "average": 0.005543674934966477,
    "requestsPerSec": 9008.131622077424,
    "totalData": 3513588,
    "sizePerRequest": 39,
    "sizePerSec": 351317.13326101954
  },
  "responseTimeHistogram": {
    "0.003517786": 1,
    "0.0062088304": 76785,
    "0.008899874799999999": 8935,
    "0.011590919199999999": 2463,
    "0.0142819636": 1590,
    "0.016973007999999998": 219,
    "0.0196640524": 60,
    "0.0223550968": 16,
    "0.025046141199999997": 11,
    "0.0277371856": 0,
    "0.03042823": 12
  },
  "latencyPercentiles": {
    "p10": 0.004396949,
    "p25": 0.004584876,
    "p50": 0.005268184,
    "p75": 0.005607449,
    "p90": 0.006644699,
    "p95": 0.008717097,
    "p99": 0.012291018
  },
  "rps": {
    "mean": 8995.556288286729,
    "stddev": 1942.483372758027,
    "max": 11211.539323965755,
    "percentiles": {
      "p10": 5685.748866881944,
      "p25": 8861.99854179805,
      "p50": 9681.976769197603,
      "p75": 10239.167297134058,
      "p90": 10428.673247334687,
      "p95": 10530.540322023287,
      "p99": 10758.209147908097
    }
  },
  "details": {
    "DNSDialup": {
      "average": 0.00086029414,
      "fastest": 0.000082333,
      "slowest": 0.001898214
    },
    "DNSLookup": {
      "average": 0.000007871539999999998,
      "fastest": 0.000002635,
      "slowest": 0.000047198
    }
  },
  "statusCodeDistribution": {
    "200": 90092
  },
  "errorDistribution": {}
}