{
  "summary": {
    "successRate": 1,
    "total": 10.000764704,
    "slowest": 0.026127864,
    "fastest": 0.000622997,
    "average": 0.00519613621362321,
    "requestsPerSec": 9616.664609810621,
    "totalData": 1250262,
    "sizePerRequest": 13,
    "sizePerSec": 125016.63992753808
  },
  "responseTimeHistogram": {
    "0.000622997": 1,
    "0.0031734837": 322,
    "0.0057239704": 81492,
    "0.0082744571": 11156,
    "0.0108249438": 1804,
    "0.0133754305": 783,
    "0.0159259172": 408,
    "0.0184764039": 149,
    "0.0210268906": 35,
    "0.0235773773": 7,
    "0.026127864": 17
  },
  "latencyPercentiles": {
    "p10": 0.004691377,
    "p25": 0.004720477,
    "p50": 0.004760277,
    "p75": 0.004992875,
    "p90": 0.005816371,
    "p95": 0.007089663,
    "p99": 0.012799036
  },
  "rps": {
    "mean": 9647.542323374642,
    "stddev": 1870.7054502612073,
    "max": 14261.888812384574,
    "percentiles": {
      "p10": 7549.080074494306,
      "p25": 9441.432277864938,
      "p50": 10458.006294045854,
      "p75": 10573.448885621885,
      "p90": 10628.28918979705,
      "p95": 10662.057246077571,
      "p99": 11179.087025500392
    }
  },
  "details": {
    "DNSDialup": {
      "average": 0.00127261744,
      "fastest": 0.0000702,
      "slowest": 0.002137689
    },
    "DNSLookup": {
      "average": 0.000009289979999999998,
      "fastest": 0.000003,
      "slowest": 0.000079299
    }
  },
  "statusCodeDistribution": {
    "200": 96174
  },
  "errorDistribution": {}
}