{
  "summary": {
    "successRate": 1,
    "total": 10.001100908,
    "slowest": 0.027657901,
    "fastest": 0.0007817,
    "average": 0.004737363706976475,
    "requestsPerSec": 10547.138857045516,
    "totalData": 1371279,
    "sizePerRequest": 13,
    "sizePerSec": 137112.80514159173
  },
  "responseTimeHistogram": {
    "0.0007817": 1,
    "0.0034693201": 344,
    "0.0061569402": 97477,
    "0.0088445603": 4849,
    "0.0115321804": 1179,
    "0.0142198005": 1213,
    "0.0169074206": 281,
    "0.0195950407": 113,
    "0.0222826608": 10,
    "0.0249702809": 12,
    "0.027657901": 4
  },
  "latencyPercentiles": {
    "p10": 0.0037524,
    "p25": 0.0038259,
    "p50": 0.004567,
    "p75": 0.0047053,
    "p90": 0.0058566,
    "p95": 0.0069113,
    "p99": 0.012817801
  },
  "rps": {
    "mean": 10595.619536067743,
    "stddev": 2377.128590672046,
    "max": 18186.870090177643,
    "percentiles": {
      "p10": 7603.774237030413,
      "p25": 10277.919084746074,
      "p50": 11600.928074245698,
      "p75": 11833.175037724124,
      "p90": 11929.550581293852,
      "p95": 12182.315919167313,
      "p99": 13209.907430571662
    }
  },
  "details": {
    "DNSDialup": {
      "average": 0.0012817899999999999,
      "fastest": 0.000079,
      "slowest": 0.0022181
    },
    "DNSLookup": {
      "average": 0.00000912,
      "fastest": 0.000003,
      "slowest": 0.0001499
    }
  },
  "statusCodeDistribution": {
    "200": 105483
  },
  "errorDistribution": {}
}