{
  "summary": {
    "successRate": 1,
    "total": 10.000950054,
    "slowest": 0.024772841,
    "fastest": 0.000667436,
    "average": 0.004561791570410056,
    "requestsPerSec": 10952.659438209008,
    "totalData": 1423981,
    "sizePerRequest": 13,
    "sizePerSec": 142384.5726967171
  },
  "responseTimeHistogram": {
    "0.000667436": 1,
    "0.0030779765": 418,
    "0.005488517": 95338,
    "0.007899057499999999": 10619,
    "0.010309598": 1581,
    "0.012720138499999999": 844,
    "0.015130679": 574,
    "0.0175412195": 89,
    "0.01995176": 46,
    "0.022362300499999998": 13,
    "0.024772840999999997": 14
  },
  "latencyPercentiles": {
    "p10": 0.003654698,
    "p25": 0.003727601,
    "p50": 0.00444554,
    "p75": 0.004585948,
    "p90": 0.005622504,
    "p95": 0.006429348,
    "p99": 0.012126256
  },
  "rps": {
    "mean": 10968.243124563312,
    "stddev": 2358.4228735798843,
    "max": 15753.96093962919,
    "percentiles": {
      "p10": 8210.2611630763,
      "p25": 10574.429725810805,
      "p50": 11809.636663517855,
      "p75": 12212.555799268373,
      "p90": 12512.08667572891,
      "p95": 12822.76471388068,
      "p99": 13935.606512179713
    }
  },
  "details": {
    "DNSDialup": {
      "average": 0.0006744624200000001,
      "fastest": 0.000051802,
      "slowest": 0.000917349
    },
    "DNSLookup": {
      "average": 0.0000053083000000000005,
      "fastest": 0.000003,
      "slowest": 0.000079504
    }
  },
  "statusCodeDistribution": {
    "200": 109537
  },
  "errorDistribution": {}
}