{
  "summary": {
    "successRate": 1,
    "total": 10.000712693,
    "slowest": 0.029753442,
    "fastest": 0.001827287,
    "average": 0.005202472033679366,
    "requestsPerSec": 9604.615485777558,
    "totalData": 3746067,
    "sizePerRequest": 39,
    "sizePerSec": 374580.0039453248
  },
  "responseTimeHistogram": {
    "0.001827287": 1,
    "0.0046199025": 34853,
    "0.007412518": 55121,
    "0.010205133500000001": 3441,
    "0.012997749000000001": 2288,
    "0.0157903645": 255,
    "0.018582980000000002": 63,
    "0.0213755955": 4,
    "0.024168211000000002": 11,
    "0.026960826500000003": 11,
    "0.029753442": 5
  },
  "latencyPercentiles": {
    "p10": 0.004162098,
    "p25": 0.004307619,
    "p50": 0.004984399,
    "p75": 0.005229139,
    "p90": 0.006133858,
    "p95": 0.008344151,
    "p99": 0.011180649
  },
  "rps": {
    "mean": 9612.797005354856,
    "stddev": 1963.3636002635326,
    "max": 12548.67195473823,
    "percentiles": {
      "p10": 5944.4389503417815,
      "p25": 9489.809508249817,
      "p50": 10356.508689111226,
      "p75": 10672.068673791991,
      "p90": 11029.022820011536,
      "p95": 11342.056301968172,
      "p99": 11764.079436018143
    }
  },
  "details": {
    "DNSDialup": {
      "average": 0.00077407878,
      "fastest": 0.000088516,
      "slowest": 0.001165686
    },
    "DNSLookup": {
      "average": 0.000006743819999999998,
      "fastest": 0.000003377,
      "slowest": 0.000028814
    }
  },
  "statusCodeDistribution": {
    "200": 96053
  },
  "errorDistribution": {}
}