{
  "summary": {
    "successRate": 1,
    "total": 10.000627196,
    "slowest": 0.027516123,
    "fastest": 0.00299057,
    "average": 0.005428907870222267,
    "requestsPerSec": 9203.622752462416,
    "totalData": 3589638,
    "sizePerRequest": 39,
    "sizePerSec": 358941.2873460342
  },
  "responseTimeHistogram": {
    "0.00299057": 1,
    "0.005443125300000001": 66990,
    "0.0078956806": 19900,
    "0.0103482359": 2301,
    "0.0128007912": 2516,
    "0.015253346499999999": 194,
    "0.0177059018": 102,
    "0.020158457100000002": 6,
    "0.0226110124": 11,
    "0.0250635677": 11,
    "0.027516123": 10
  },
  "latencyPercentiles": {
    "p10": 0.004353267,
    "p25": 0.004491025,
    "p50": 0.005207107,
    "p75": 0.005483645,
    "p90": 0.006529036,
    "p95": 0.008431452,
    "p99": 0.011963897
  },
  "rps": {
    "mean": 9196.296794647815,
    "stddev": 1878.5906122851768,
    "max": 11562.839791020187,
    "percentiles": {
      "p10": 6250.591675325632,
      "p25": 9006.360291637247,
      "p50": 10006.973546515492,
      "p75": 10326.99221240446,
      "p90": 10488.509202501189,
      "p95": 10609.264009333128,
      "p99": 11006.100568398311
    }
  },
  "details": {
    "DNSDialup": {
      "average": 0.00047475508000000016,
      "fastest": 0.000079198,
      "slowest": 0.000800431
    },
    "DNSLookup": {
      "average": 0.0000059939200000000026,
      "fastest": 0.000003266,
      "slowest": 0.000029125
    }
  },
  "statusCodeDistribution": {
    "200": 92042
  },
  "errorDistribution": {}
}