{
  "summary": {
    "successRate": 1,
    "total": 10.000466713,
    "slowest": 0.021970559,
    "fastest": 0.003113135,
    "average": 0.0041078590864725185,
    "requestsPerSec": 12162.832344802786,
    "totalData": 1581242,
    "sizePerRequest": 13,
    "sizePerSec": 158116.82048243622
  },
  "responseTimeHistogram": {
    "0.003113135": 1,
    "0.0049988774": 113107,
    "0.0068846198": 4616,
    "0.0087703622": 1929,
    "0.0106561046": 1532,
    "0.012541847": 325,
    "0.0144275894": 85,
    "0.0163133318": 11,
    "0.018199074200000002": 11,
    "0.0200848166": 11,
    "0.021970559": 6
  },
  "latencyPercentiles": {
    "p10": 0.003348266,
    "p25": 0.003421469,
    "p50": 0.004062892,
    "p75": 0.0041784,
    "p90": 0.00468356,
    "p95": 0.005827067,
    "p99": 0.009470036
  },
  "rps": {
    "mean": 12132.382430423238,
    "stddev": 2144.2613066282734,
    "max": 15052.375334147777,
    "percentiles": {
      "p10": 8791.222843113428,
      "p25": 12302.359592569763,
      "p50": 12836.899657456404,
      "p75": 13290.321021660864,
      "p90": 13445.035777036699,
      "p95": 13587.544804676074,
      "p99": 13933.394165795855
    }
  },
  "details": {
    "DNSDialup": {
      "average": 0.0006913800200000001,
      "fastest": 0.000083464,
      "slowest": 0.000966127
    },
    "DNSLookup": {
      "average": 0.000007837640000000002,
      "fastest": 0.000003887,
      "slowest": 0.000054091
    }
  },
  "statusCodeDistribution": {
    "200": 121634
  },
  "errorDistribution": {}
}