{
  "summary": {
    "successRate": 1,
    "total": 10.001155987,
    "slowest": 0.030913951,
    "fastest": 0.002193445,
    "average": 0.006482994908847884,
    "requestsPerSec": 7704.909322498701,
    "totalData": 3005262,
    "sizePerRequest": 39,
    "sizePerSec": 300491.4635774493
  },
  "responseTimeHistogram": {
    "0.002193445": 1,
    "0.0050654956": 11164,
    "0.0079375462": 56897,
    "0.0108095968": 5110,
    "0.0136816474": 2147,
    "0.016553698": 1315,
    "0.019425748599999997": 199,
    "0.0222977992": 122,
    "0.025169849799999998": 69,
    "0.028041900399999996": 29,
    "0.030913951": 5
  },
  "latencyPercentiles": {
    "p10": 0.004979074,
    "p25": 0.005288291,
    "p50": 0.006003647,
    "p75": 0.006626241,
    "p90": 0.008246664,
    "p95": 0.010854012,
    "p99": 0.015356831
  },
  "rps": {
    "mean": 7717.077075373397,
    "stddev": 1958.1044256984237,
    "max": 12388.685723043352,
    "percentiles": {
      "p10": 4710.3547728972635,
      "p25": 7112.552232179528,
      "p50": 8356.184422943405,
      "p75": 8986.211373459872,
      "p90": 9312.402257326232,
      "p95": 9540.252859102,
      "p99": 9921.712676020994
    }
  },
  "details": {
    "DNSDialup": {
      "average": 0.0008548714400000001,
      "fastest": 0.000098434,
      "slowest": 0.00136259
    },
    "DNSLookup": {
      "average": 0.00000751166,
      "fastest": 0.000003848,
      "slowest": 0.000049833
    }
  },
  "statusCodeDistribution": {
    "200": 77058
  },
  "errorDistribution": {}
}