{
  "summary": {
    "successRate": 1,
    "total": 10.000610156,
    "slowest": 0.026198155,
    "fastest": 0.003057495,
    "average": 0.005207061346421132,
    "requestsPerSec": 9596.114487316887,
    "totalData": 3742713,
    "sizePerRequest": 39,
    "sizePerSec": 374248.4650053586
  },
  "responseTimeHistogram": {
    "0.003057495": 1,
    "0.005371561": 77979,
    "0.007685627": 12533,
    "0.009999693": 2292,
    "0.012313759": 2654,
    "0.014627825": 274,
    "0.016941891": 107,
    "0.019255957": 54,
    "0.021570023": 36,
    "0.023884089": 31,
    "0.026198155": 6
  },
  "latencyPercentiles": {
    "p10": 0.004172733,
    "p25": 0.004313607,
    "p50": 0.004986105,
    "p75": 0.005226689,
    "p90": 0.006155463,
    "p95": 0.00833094,
    "p99": 0.011311752
  },
  "rps": {
    "mean": 9595.669839535643,
    "stddev": 1989.7315901646907,
    "max": 12301.342776728588,
    "percentiles": {
      "p10": 6077.378956843261,
      "p25": 9401.436539503724,
      "p50": 10353.900502571218,
      "p75": 10660.678882800103,
      "p90": 11037.566357097216,
      "p95": 11337.490197119818,
      "p99": 11677.215805760243
    }
  },
  "details": {
    "DNSDialup": {
      "average": 0.0006260603799999998,
      "fastest": 0.000093283,
      "slowest": 0.001206902
    },
    "DNSLookup": {
      "average": 0.000006987279999999999,
      "fastest": 0.000003486,
      "slowest": 0.000034524
    }
  },
  "statusCodeDistribution": {
    "200": 95967
  },
  "errorDistribution": {}
}