{
  "summary": {
    "successRate": 1,
    "total": 10.001052121,
    "slowest": 0.026290974,
    "fastest": 0.003039906,
    "average": 0.007354003302538833,
    "requestsPerSec": 6793.785211590939,
    "totalData": 2649855,
    "sizePerRequest": 39,
    "sizePerSec": 264957.62325204664
  },
  "responseTimeHistogram": {
    "0.003039906": 1,
    "0.0053650128": 7876,
    "0.0076901196": 30499,
    "0.0100152264": 25752,
    "0.0123403332": 2305,
    "0.01466544": 1154,
    "0.0169905468": 235,
    "0.019315653599999996": 56,
    "0.0216407604": 22,
    "0.023965867199999998": 27,
    "0.026290974": 18
  },
  "latencyPercentiles": {
    "p10": 0.005245859,
    "p25": 0.006488392,
    "p50": 0.007070965,
    "p75": 0.008123371,
    "p90": 0.009054585,
    "p95": 0.010355845,
    "p99": 0.01422465
  },
  "rps": {
    "mean": 6792.512903041608,
    "stddev": 1470.7636693081706,
    "max": 11059.637874859634,
    "percentiles": {
      "p10": 5310.010431665779,
      "p25": 6215.095223278213,
      "p50": 6734.647834550197,
      "p75": 7187.870981138678,
      "p90": 8843.381206508588,
      "p95": 9492.583661685072,
      "p99": 10342.894050205161
    }
  },
  "details": {
    "DNSDialup": {
      "average": 0.00078925316,
      "fastest": 0.000067868,
      "slowest": 0.001757222
    },
    "DNSLookup": {
      "average": 0.00000639646,
      "fastest": 0.000003356,
      "slowest": 0.000025508
    }
  },
  "statusCodeDistribution": {
    "200": 67945
  },
  "errorDistribution": {}
}