{
  "summary": {
    "successRate": 1,
    "total": 10.000719832,
    "slowest": 0.028550936,
    "fastest": 0.001570042,
    "average": 0.0049301385584301465,
    "requestsPerSec": 10130.170797889421,
    "totalData": 3951051,
    "sizePerRequest": 39,
    "sizePerSec": 395076.6611176875
  },
  "responseTimeHistogram": {
    "0.001570042": 1,
    "0.0042681314": 34764,
    "0.0069662208": 60960,
    "0.009664310200000002": 3221,
    "0.0123623996": 1966,
    "0.015060489": 227,
    "0.017758578400000002": 75,
    "0.0204566678": 44,
    "0.0231547572": 34,
    "0.0258528466": 3,
    "0.028550936": 14
  },
  "latencyPercentiles": {
    "p10": 0.003999885,
    "p25": 0.004117692,
    "p50": 0.004788039,
    "p75": 0.004978768,
    "p90": 0.005703514,
    "p95": 0.007204801,
    "p99": 0.011141482
  },
  "rps": {
    "mean": 10104.918302051257,
    "stddev": 1975.3659401098305,
    "max": 12688.70117301305,
    "percentiles": {
      "p10": 6601.0984227775525,
      "p25": 10150.965361932502,
      "p50": 10774.34944528908,
      "p75": 11220.59765110747,
      "p90": 11387.99820939226,
      "p95": 11476.727179624051,
      "p99": 11938.837640890268
    }
  },
  "details": {
    "DNSDialup": {
      "average": 0.0005838007999999999,
      "fastest": 0.000083498,
      "slowest": 0.000916386
    },
    "DNSLookup": {
      "average": 0.000008374439999999998,
      "fastest": 0.000003717,
      "slowest": 0.000050684
    }
  },
  "statusCodeDistribution": {
    "200": 101309
  },
  "errorDistribution": {}
}