{
  "summary": {
    "successRate": 1,
    "total": 10.001361314,
    "slowest": 0.026934763,
    "fastest": 0.003172412,
    "average": 0.005444861283230071,
    "requestsPerSec": 9176.450796905985,
    "totalData": 3579303,
    "sizePerRequest": 39,
    "sizePerSec": 357881.58107933344
  },
  "responseTimeHistogram": {
    "0.003172412": 1,
    "0.0055486471": 72346,
    "0.0079248822": 14068,
    "0.010301117299999999": 2275,
    "0.0126773524": 2504,
    "0.0150535875": 384,
    "0.0174298226": 138,
    "0.0198060577": 29,
    "0.0221822928": 11,
    "0.0245585279": 11,
    "0.026934763": 10
  },
  "latencyPercentiles": {
    "p10": 0.004352662,
    "p25": 0.004480782,
    "p50": 0.005213713,
    "p75": 0.005466284,
    "p90": 0.006521834,
    "p95": 0.008589776,
    "p99": 0.011928199
  },
  "rps": {
    "mean": 9159.564615932983,
    "stddev": 1927.928710788151,
    "max": 11273.48372348441,
    "percentiles": {
      "p10": 5902.896551337735,
      "p25": 9004.039211990614,
      "p50": 10062.502369516029,
      "p75": 10321.985474568424,
      "p90": 10476.599562459274,
      "p95": 10539.392256059045,
      "p99": 10785.104178562808
    }
  },
  "details": {
    "DNSDialup": {
      "average": 0.0007117833799999998,
      "fastest": 0.00006952,
      "slowest": 0.001584207
    },
    "DNSLookup": {
      "average": 0.00000681014,
      "fastest": 0.000003046,
      "slowest": 0.000031409
    }
  },
  "statusCodeDistribution": {
    "200": 91777
  },
  "errorDistribution": {}
}