{
  "summary": {
    "successRate": 1,
    "total": 10.000648029,
    "slowest": 0.025627716,
    "fastest": 0.001579406,
    "average": 0.0044886963122292576,
    "requestsPerSec": 11125.079062614013,
    "totalData": 4339062,
    "sizePerRequest": 39,
    "sizePerSec": 433878.0834419465
  },
  "responseTimeHistogram": {
    "0.001579406": 1,
    "0.003984237": 40734,
    "0.006389068": 66095,
    "0.008793899": 2831,
    "0.01119873": 1331,
    "0.013603561": 204,
    "0.016008392": 31,
    "0.018413223": 4,
    "0.020818054": 11,
    "0.023222885": 11,
    "0.025627716": 5
  },
  "latencyPercentiles": {
    "p10": 0.003775464,
    "p25": 0.003858019,
    "p50": 0.004485842,
    "p75": 0.004610158,
    "p90": 0.005053572,
    "p95": 0.00581182,
    "p99": 0.009260492
  },
  "rps": {
    "mean": 11112.015484884501,
    "stddev": 1670.7780137222449,
    "max": 12904.102730421222,
    "percentiles": {
      "p10": 9467.760382346101,
      "p25": 11137.70773217065,
      "p50": 11625.221870001129,
      "p75": 11835.778784560147,
      "p90": 12205.444848946914,
      "p95": 12559.067529680224,
      "p99": 12769.167398145835
    }
  },
  "details": {
    "DNSDialup": {
      "average": 0.0010238786199999997,
      "fastest": 0.000164903,
      "slowest": 0.001560353
    },
    "DNSLookup": {
      "average": 0.000010432119999999998,
      "fastest": 0.000003827,
      "slowest": 0.00007975
    }
  },
  "statusCodeDistribution": {
    "200": 111258
  },
  "errorDistribution": {}
}