{
  "summary": {
    "successRate": 1,
    "total": 10.001310856,
    "slowest": 0.028240803,
    "fastest": 0.003098943,
    "average": 0.005931861308753365,
    "requestsPerSec": 8423.095853426195,
    "totalData": 1095146,
    "sizePerRequest": 13,
    "sizePerSec": 109500.24609454055
  },
  "responseTimeHistogram": {
    "0.003098943": 1,
    "0.005613129": 63325,
    "0.008127315": 15915,
    "0.010641501": 2827,
    "0.013155687": 940,
    "0.015669873": 1030,
    "0.018184059": 165,
    "0.020698244999999997": 11,
    "0.023212431": 10,
    "0.025726617": 10,
    "0.028240803": 8
  },
  "latencyPercentiles": {
    "p10": 0.005277074,
    "p25": 0.005326674,
    "p50": 0.005394275,
    "p75": 0.005604978,
    "p90": 0.006853395,
    "p95": 0.008636423,
    "p99": 0.014254103
  },
  "rps": {
    "mean": 8425.561461514697,
    "stddev": 1761.9691682964913,
    "max": 11048.450292666515,
    "percentiles": {
      "p10": 6098.775152492202,
      "p25": 8089.274855156677,
      "p50": 9241.825297463694,
      "p75": 9377.409798955636,
      "p90": 9465.083936364606,
      "p95": 9523.17263014784,
      "p99": 10069.835335586567
    }
  },
  "details": {
    "DNSDialup": {
      "average": 0.0014099961599999997,
      "fastest": 0.000083201,
      "slowest": 0.002885841
    },
    "DNSLookup": {
      "average": 0.000009642179999999996,
      "fastest": 0.0000035,
      "slowest": 0.000063501
    }
  },
  "statusCodeDistribution": {
    "200": 84242
  },
  "errorDistribution": {}
}