{
  "summary": {
    "successRate": 1,
    "total": 10.000971878,
    "slowest": 0.028476318,
    "fastest": 0.003167292,
    "average": 0.005460161695966686,
    "requestsPerSec": 9150.410691715775,
    "totalData": 3569007,
    "sizePerRequest": 39,
    "sizePerSec": 356866.01697691524
  },
  "responseTimeHistogram": {
    "0.003167292": 1,
    "0.0056981945999999995": 73978,
    "0.0082290972": 12386,
    "0.0107599998": 2416,
    "0.0132909024": 2360,
    "0.015821804999999998": 247,
    "0.0183527076": 86,
    "0.0208836102": 15,
    "0.0234145128": 11,
    "0.025945415399999998": 0,
    "0.028476317999999997": 13
  },
  "latencyPercentiles": {
    "p10": 0.004321116,
    "p25": 0.004482535,
    "p50": 0.00518164,
    "p75": 0.005489829,
    "p90": 0.006646292,
    "p95": 0.00876217,
    "p99": 0.012318219
  },
  "rps": {
    "mean": 9148.856177179441,
    "stddev": 2011.8431883940793,
    "max": 13115.050099495455,
    "percentiles": {
      "p10": 5934.219927369488,
      "p25": 8915.99802591707,
      "p50": 10023.453869584711,
      "p75": 10368.80911399455,
      "p90": 10570.182327103987,
      "p95": 10656.299988407223,
      "p99": 10874.870938584052
    }
  },
  "details": {
    "DNSDialup": {
      "average": 0.0008520614599999998,
      "fastest": 0.000126624,
      "slowest": 0.001926603
    },
    "DNSLookup": {
      "average": 0.00000774746,
      "fastest": 0.000003576,
      "slowest": 0.000034184
    }
  },
  "statusCodeDistribution": {
    "200": 91513
  },
  "errorDistribution": {}
}