{
  "summary": {
    "successRate": 1,
    "total": 10.000671147,
    "slowest": 0.027330264,
    "fastest": 0.00078471,
    "average": 0.005986431240470123,
    "requestsPerSec": 8346.839804350582,
    "totalData": 1085162,
    "sizePerRequest": 13,
    "sizePerSec": 108508.91745655758
  },
  "responseTimeHistogram": {
    "0.00078471": 1,
    "0.0034392654": 738,
    "0.0060938208": 69179,
    "0.0087483762": 10690,
    "0.0114029316": 1242,
    "0.014057486999999999": 855,
    "0.016712042400000002": 580,
    "0.0193665978": 101,
    "0.0220211532": 5,
    "0.024675708600000002": 47,
    "0.027330264": 36
  },
  "latencyPercentiles": {
    "p10": 0.005447172,
    "p25": 0.005514374,
    "p50": 0.005607675,
    "p75": 0.005790677,
    "p90": 0.007208295,
    "p95": 0.007723803,
    "p99": 0.013831885
  },
  "rps": {
    "mean": 8394.192821762023,
    "stddev": 1521.2854295567581,
    "max": 11943.781889262938,
    "percentiles": {
      "p10": 6717.549867731549,
      "p25": 8423.473525203091,
      "p50": 8889.800487109555,
      "p75": 9113.374751333155,
      "p90": 9287.343728058702,
      "p95": 9397.110669161859,
      "p99": 10979.88387674797
    }
  },
  "details": {
    "DNSDialup": {
      "average": 0.00171047682,
      "fastest": 0.000077701,
      "slowest": 0.003469646
    },
    "DNSLookup": {
      "average": 0.000005102020000000001,
      "fastest": 0.0000032,
      "slowest": 0.0000488
    }
  },
  "statusCodeDistribution": {
    "200": 83474
  },
  "errorDistribution": {}
}