{
  "summary": {
    "successRate": 1,
    "total": 10.000371174,
    "slowest": 0.023843716,
    "fastest": 0.001251359,
    "average": 0.004674174640545454,
    "requestsPerSec": 10684.403422724397,
    "totalData": 4167072,
    "sizePerRequest": 39,
    "sizePerSec": 416691.7334862515
  },
  "responseTimeHistogram": {
    "0.001251359": 1,
    "0.0035105947": 70,
    "0.0057698304": 99226,
    "0.0080290661": 3826,
    "0.0102883018": 2480,
    "0.0125475375": 1006,
    "0.0148067732": 114,
    "0.0170660089": 87,
    "0.0193252446": 16,
    "0.0215844803": 16,
    "0.023843716": 6
  },
  "latencyPercentiles": {
    "p10": 0.003858572,
    "p25": 0.003944927,
    "p50": 0.004592345,
    "p75": 0.004722996,
    "p90": 0.005271612,
    "p95": 0.006651718,
    "p99": 0.01040739
  },
  "rps": {
    "mean": 10677.452989152323,
    "stddev": 1950.4049339067844,
    "max": 16442.874576219223,
    "percentiles": {
      "p10": 7812.1971834623355,
      "p25": 10644.553520653757,
      "p50": 11470.024394656679,
      "p75": 11666.23382287925,
      "p90": 11812.6120251757,
      "p95": 11965.4132061142,
      "p99": 12398.41443192138
    }
  },
  "details": {
    "DNSDialup": {
      "average": 0.00064087966,
      "fastest": 0.000089096,
      "slowest": 0.001549817
    },
    "DNSLookup": {
      "average": 0.000011719140000000004,
      "fastest": 0.000004739,
      "slowest": 0.000076543
    }
  },
  "statusCodeDistribution": {
    "200": 106848
  },
  "errorDistribution": {}
}