{
  "summary": {
    "successRate": 1,
    "total": 10.000692629,
    "slowest": 0.03993773,
    "fastest": 0.001795911,
    "average": 0.00915115886689986,
    "requestsPerSec": 5459.421864609334,
    "totalData": 709774,
    "sizePerRequest": 13,
    "sizePerSec": 70972.48423992134
  },
  "responseTimeHistogram": {
    "0.001795911": 1,
    "0.0056100929": 84,
    "0.0094242748": 39490,
    "0.013238456700000002": 11167,
    "0.0170526386": 2542,
    "0.0208668205": 1053,
    "0.024681002400000002": 143,
    "0.0284951843": 78,
    "0.0323093662": 24,
    "0.0361235481": 11,
    "0.03993773": 5
  },
  "latencyPercentiles": {
    "p10": 0.006945044,
    "p25": 0.007483748,
    "p50": 0.008611567,
    "p75": 0.009617261,
    "p90": 0.012074777,
    "p95": 0.014316191,
    "p99": 0.019399973
  },
  "rps": {
    "mean": 5479.716033526252,
    "stddev": 1269.3389564387442,
    "max": 7697.61421562956,
    "percentiles": {
      "p10": 3672.245288148625,
      "p25": 4868.464598019307,
      "p50": 5933.5918869028055,
      "p75": 6286.664110850745,
      "p90": 6617.949201825105,
      "p95": 6830.257544175253,
      "p99": 7343.401373499977
    }
  },
  "details": {
    "DNSDialup": {
      "average": 0.0022016181599999996,
      "fastest": 0.000105701,
      "slowest": 0.00362423
    },
    "DNSLookup": {
      "average": 0.000013718159999999997,
      "fastest": 0.0000063,
      "slowest": 0.000057
    }
  },
  "statusCodeDistribution": {
    "200": 54598
  },
  "errorDistribution": {}
}