{
  "summary": {
    "successRate": 1,
    "total": 10.001179272,
    "slowest": 0.024351144,
    "fastest": 0.002936534,
    "average": 0.005242651872194847,
    "requestsPerSec": 9530.57608584781,
    "totalData": 3717363,
    "sizePerRequest": 39,
    "sizePerSec": 371692.4673480645
  },
  "responseTimeHistogram": {
    "0.002936534": 1,
    "0.005077995": 48088,
    "0.007219456": 41129,
    "0.009360917": 2528,
    "0.011502378": 3041,
    "0.013643839000000001": 299,
    "0.0157853": 136,
    "0.017926761": 68,
    "0.020068222": 5,
    "0.022209683": 16,
    "0.024351144": 6
  },
  "latencyPercentiles": {
    "p10": 0.004247199,
    "p25": 0.004361219,
    "p50": 0.005074906,
    "p75": 0.005273139,
    "p90": 0.006172705,
    "p95": 0.00813877,
    "p99": 0.011227574
  },
  "rps": {
    "mean": 9532.18230826547,
    "stddev": 1894.6750325593075,
    "max": 12676.830041269593,
    "percentiles": {
      "p10": 6125.070828091733,
      "p25": 9387.214379335037,
      "p50": 10310.219489557698,
      "p75": 10566.653328489969,
      "p90": 10694.176264869118,
      "p95": 10782.131459667742,
      "p99": 11428.700821606035
    }
  },
  "details": {
    "DNSDialup": {
      "average": 0.0007352982400000001,
      "fastest": 0.000078881,
      "slowest": 0.001189968
    },
    "DNSLookup": {
      "average": 0.0000064695,
      "fastest": 0.000003226,
      "slowest": 0.000029605
    }
  },
  "statusCodeDistribution": {
    "200": 95317
  },
  "errorDistribution": {}
}