{
  "summary": {
    "successRate": 1,
    "total": 10.000683172,
    "slowest": 0.027404648,
    "fastest": 0.004029974,
    "average": 0.008264638463148389,
    "requestsPerSec": 6044.087084893804,
    "totalData": 2357355,
    "sizePerRequest": 39,
    "sizePerSec": 235719.39631085834
  },
  "responseTimeHistogram": {
    "0.004029974": 1,
    "0.0063674414": 14521,
    "0.008704908800000001": 21539,
    "0.0110423762": 19380,
    "0.0133798436": 3133,
    "0.015717310999999998": 1123,
    "0.0180547784": 595,
    "0.0203922458": 60,
    "0.0227297132": 36,
    "0.025067180600000002": 31,
    "0.027404647999999997": 26
  },
  "latencyPercentiles": {
    "p10": 0.005235044,
    "p25": 0.006445961,
    "p50": 0.008141367,
    "p75": 0.009711356,
    "p90": 0.010757116,
    "p95": 0.01180799,
    "p99": 0.016333409
  },
  "rps": {
    "mean": 6038.100155666174,
    "stddev": 1669.4578368536258,
    "max": 11329.541328143721,
    "percentiles": {
      "p10": 4601.667858463047,
      "p25": 5178.038010800209,
      "p50": 5641.742974178627,
      "p75": 7022.401674141197,
      "p90": 8421.196994956083,
      "p95": 9037.502832010237,
      "p99": 10257.411290488195
    }
  },
  "details": {
    "DNSDialup": {
      "average": 0.0007527332000000003,
      "fastest": 0.000070629,
      "slowest": 0.001655722
    },
    "DNSLookup": {
      "average": 0.00000670034,
      "fastest": 0.000003226,
      "slowest": 0.00003223
    }
  },
  "statusCodeDistribution": {
    "200": 60445
  },
  "errorDistribution": {}
}