{
  "summary": {
    "successRate": 1,
    "total": 10.000733614,
    "slowest": 0.028274467,
    "fastest": 0.002855393,
    "average": 0.0048608139530205595,
    "requestsPerSec": 10273.94628891672,
    "totalData": 4007133,
    "sizePerRequest": 39,
    "sizePerSec": 400683.9052677521
  },
  "responseTimeHistogram": {
    "0.002855393": 1,
    "0.0053973004": 89616,
    "0.0079392078": 9252,
    "0.0104811152": 2583,
    "0.0130230226": 1037,
    "0.01556493": 120,
    "0.018106837400000002": 75,
    "0.0206487448": 21,
    "0.023190652200000002": 28,
    "0.025732559600000003": 11,
    "0.028274467": 3
  },
  "latencyPercentiles": {
    "p10": 0.003991461,
    "p25": 0.004093943,
    "p50": 0.004759715,
    "p75": 0.0049203,
    "p90": 0.005570988,
    "p95": 0.00687629,
    "p99": 0.010739712
  },
  "rps": {
    "mean": 10250.929969432229,
    "stddev": 1874.3111664160149,
    "max": 12096.071840990064,
    "percentiles": {
      "p10": 6947.956280038596,
      "p25": 10295.954615432103,
      "p50": 11042.643375924512,
      "p75": 11259.569098337797,
      "p90": 11387.567902255953,
      "p95": 11462.989844317117,
      "p99": 11621.214527119078
    }
  },
  "details": {
    "DNSDialup": {
      "average": 0.00105233988,
      "fastest": 0.000204283,
      "slowest": 0.001722668
    },
    "DNSLookup": {
      "average": 0.00001211232,
      "fastest": 0.000004709,
      "slowest": 0.000130724
    }
  },
  "statusCodeDistribution": {
    "200": 102747
  },
  "errorDistribution": {}
}