{
  "summary": {
    "successRate": 1,
    "total": 10.001056524,
    "slowest": 0.02843837,
    "fastest": 0.002961911,
    "average": 0.004773059764004325,
    "requestsPerSec": 10463.494506692981,
    "totalData": 4081194,
    "sizePerRequest": 39,
    "sizePerSec": 408076.2857610263
  },
  "responseTimeHistogram": {
    "0.002961911": 1,
    "0.0055095569": 96198,
    "0.0080572028": 4581,
    "0.0106048487": 2822,
    "0.0131524946": 849,
    "0.0157001405": 71,
    "0.0182477864": 50,
    "0.020795432300000003": 15,
    "0.023343078200000002": 33,
    "0.0258907241": 22,
    "0.02843837": 4
  },
  "latencyPercentiles": {
    "p10": 0.003933514,
    "p25": 0.004028081,
    "p50": 0.004691995,
    "p75": 0.004844717,
    "p90": 0.005375741,
    "p95": 0.006755967,
    "p99": 0.010603734
  },
  "rps": {
    "mean": 10446.11529203145,
    "stddev": 1890.833679060508,
    "max": 12381.847509912808,
    "percentiles": {
      "p10": 7237.438082894724,
      "p25": 10494.160476701289,
      "p50": 11183.589810327281,
      "p75": 11404.745286418824,
      "p90": 11546.462914282196,
      "p95": 11664.097737503895,
      "p99": 12132.205860481927
    }
  },
  "details": {
    "DNSDialup": {
      "average": 0.00083835932,
      "fastest": 0.000138729,
      "slowest": 0.001235507
    },
    "DNSLookup": {
      "average": 0.000008999120000000001,
      "fastest": 0.000004187,
      "slowest": 0.00006966
    }
  },
  "statusCodeDistribution": {
    "200": 104646
  },
  "errorDistribution": {}
}