{
  "summary": {
    "successRate": 1,
    "total": 10.000652845,
    "slowest": 0.006357984,
    "fastest": 0.000230669,
    "average": 0.0009906434708434092,
    "requestsPerSec": 50390.11030684368,
    "totalData": 6551142,
    "sizePerRequest": 13,
    "sizePerSec": 655071.4339889678
  },
  "responseTimeHistogram": {
    "0.000230669": 1,
    "0.0008434005": 35993,
    "0.001456132": 466278,
    "0.0020688635": 1401,
    "0.002681595": 61,
    "0.0032943265": 72,
    "0.003907058": 38,
    "0.0045197895": 11,
    "0.005132521": 10,
    "0.0057452525": 45,
    "0.006357984": 24
  },
  "latencyPercentiles": {
    "p10": 0.000867926,
    "p25": 0.000924518,
    "p50": 0.001000247,
    "p75": 0.001057992,
    "p90": 0.001102014,
    "p95": 0.001136266,
    "p99": 0.001237361
  },
  "rps": {
    "mean": 50384.36084229116,
    "stddev": 2821.3932684632446,
    "max": 59220.98309843131,
    "percentiles": {
      "p10": 48671.89452991141,
      "p25": 49556.24633959798,
      "p50": 50394.81662548308,
      "p75": 51431.49664854865,
      "p90": 52820.177307732025,
      "p95": 53816.214825526564,
      "p99": 55724.81425978775
    }
  },
  "details": {
    "DNSDialup": {
      "average": 0.0004735905599999999,
      "fastest": 0.000073588,
      "slowest": 0.000818219
    },
    "DNSLookup": {
      "average": 0.000005880860000000002,
      "fastest": 0.000003115,
      "slowest": 0.000029545
    }
  },
  "statusCodeDistribution": {
    "200": 503934
  },
  "errorDistribution": {}
}