{
  "summary": {
    "successRate": 1,
    "total": 10.00074324,
    "slowest": 0.006230793,
    "fastest": 0.00022668,
    "average": 0.001013070736431071,
    "requestsPerSec": 49268.838142873865,
    "totalData": 6405425,
    "sizePerRequest": 13,
    "sizePerSec": 640494.8958573603
  },
  "responseTimeHistogram": {
    "0.00022668": 1,
    "0.0008270913": 24249,
    "0.0014275026": 466145,
    "0.0020279139": 1920,
    "0.0026283252": 182,
    "0.0032287365": 118,
    "0.0038291478": 30,
    "0.0044295591": 33,
    "0.0050299704": 11,
    "0.0056303817": 15,
    "0.006230793": 21
  },
  "latencyPercentiles": {
    "p10": 0.000885022,
    "p25": 0.000944502,
    "p50": 0.001021789,
    "p75": 0.001083455,
    "p90": 0.001129749,
    "p95": 0.001164249,
    "p99": 0.001268794
  },
  "rps": {
    "mean": 49263.80756514514,
    "stddev": 2847.957376590125,
    "max": 64824.04323763546,
    "percentiles": {
      "p10": 47557.82523796238,
      "p25": 48403.85046116413,
      "p50": 49102.93144500664,
      "p75": 50222.45326116065,
      "p90": 51801.34165474825,
      "p95": 52809.88072868686,
      "p99": 55701.933485004934
    }
  },
  "details": {
    "DNSDialup": {
      "average": 0.0007546965400000001,
      "fastest": 0.000097875,
      "slowest": 0.001106051
    },
    "DNSLookup": {
      "average": 0.000006352500000000001,
      "fastest": 0.000003226,
      "slowest": 0.00002683
    }
  },
  "statusCodeDistribution": {
    "200": 492725
  },
  "errorDistribution": {}
}