{
  "summary": {
    "successRate": 1,
    "total": 10.000520991,
    "slowest": 0.028270796,
    "fastest": 0.000052101,
    "average": 0.0012363056351090724,
    "requestsPerSec": 40352.6976607693,
    "totalData": 5246124,
    "sizePerRequest": 13,
    "sizePerSec": 524585.0695900009
  },
  "responseTimeHistogram": {
    "0.000052101": 1,
    "0.0028739705": 389353,
    "0.00569584": 9872,
    "0.0085177095": 1366,
    "0.011339579": 1681,
    "0.014161448500000002": 920,
    "0.016983317999999997": 204,
    "0.019805187499999998": 51,
    "0.022627057": 47,
    "0.0254489265": 40,
    "0.028270796": 13
  },
  "latencyPercentiles": {
    "p10": 0.000923007,
    "p25": 0.000973607,
    "p50": 0.001023707,
    "p75": 0.001116807,
    "p90": 0.00147381,
    "p95": 0.002055614,
    "p99": 0.006496745
  },
  "rps": {
    "mean": 40532.57524033045,
    "stddev": 13490.486581731831,
    "max": 53545.13138623997,
    "percentiles": {
      "p10": 16115.198243461702,
      "p25": 37407.6557111898,
      "p50": 46706.21659743008,
      "p75": 49407.07015174112,
      "p90": 50341.11116871719,
      "p95": 50746.84441207758,
      "p99": 51423.657387915555
    }
  },
  "details": {
    "DNSDialup": {
      "average": 0.002311017939999999,
      "fastest": 0.000141401,
      "slowest": 0.00288942
    },
    "DNSLookup": {
      "average": 0.000014858060000000005,
      "fastest": 0.000007,
      "slowest": 0.000157601
    }
  },
  "statusCodeDistribution": {
    "200": 403548
  },
  "errorDistribution": {}
}