{
  "summary": {
    "successRate": 1,
    "total": 10.000115488,
    "slowest": 0.011185792,
    "fastest": 0.000128001,
    "average": 0.0008580854902355223,
    "requestsPerSec": 57949.03075823357,
    "totalData": 7533461,
    "sizePerRequest": 13,
    "sizePerSec": 753337.3998570365
  },
  "responseTimeHistogram": {
    "0.000128001": 1,
    "0.0012337801": 542535,
    "0.0023395592": 35100,
    "0.0034453382999999997": 1361,
    "0.0045511174": 193,
    "0.0056568964999999995": 124,
    "0.0067626755999999994": 80,
    "0.0078684547": 92,
    "0.0089742338": 8,
    "0.0100800129": 2,
    "0.011185792": 1
  },
  "latencyPercentiles": {
    "p10": 0.000696606,
    "p25": 0.000745707,
    "p50": 0.000777306,
    "p75": 0.000827607,
    "p90": 0.000977208,
    "p95": 0.001830215,
    "p99": 0.002012116
  },
  "rps": {
    "mean": 57933.30226222621,
    "stddev": 12035.173950712831,
    "max": 66109.68007228475,
    "percentiles": {
      "p10": 32109.048329821504,
      "p25": 60600.70902829638,
      "p50": 63079.89123382006,
      "p75": 64028.92186400615,
      "p90": 64655.073191348725,
      "p95": 65077.120398587125,
      "p99": 65606.02263288212
    }
  },
  "details": {
    "DNSDialup": {
      "average": 0.0017255423999999998,
      "fastest": 0.0000886,
      "slowest": 0.002836824
    },
    "DNSLookup": {
      "average": 0.000010950119999999997,
      "fastest": 0.0000039,
      "slowest": 0.000068301
    }
  },
  "statusCodeDistribution": {
    "200": 579497
  },
  "errorDistribution": {}
}