{
  "summary": {
    "successRate": 1,
    "total": 10.000782117,
    "slowest": 0.009976323,
    "fastest": 0.000102602,
    "average": 0.0008711368312639349,
    "requestsPerSec": 57065.13683863712,
    "totalData": 7419048,
    "sizePerRequest": 13,
    "sizePerSec": 741846.7789022825
  },
  "responseTimeHistogram": {
    "0.000102602": 1,
    "0.0010899741": 524963,
    "0.0020773462": 41518,
    "0.0030647183000000002": 3964,
    "0.0040520904000000005": 139,
    "0.0050394625": 73,
    "0.006026834600000001": 8,
    "0.007014206700000001": 26,
    "0.0080015788": 1,
    "0.0089889509": 2,
    "0.009976323": 1
  },
  "latencyPercentiles": {
    "p10": 0.000713808,
    "p25": 0.000757709,
    "p50": 0.000785609,
    "p75": 0.00082511,
    "p90": 0.000973311,
    "p95": 0.001841622,
    "p99": 0.002026525
  },
  "rps": {
    "mean": 57049.310348841485,
    "stddev": 12356.074260461166,
    "max": 64623.62867002504,
    "percentiles": {
      "p10": 29664.903843118176,
      "p25": 60111.28288779822,
      "p50": 62765.55670893088,
      "p75": 63587.61737798431,
      "p90": 63892.78163452807,
      "p95": 64015.869534052814,
      "p99": 64270.44359962405
    }
  },
  "details": {
    "DNSDialup": {
      "average": 0.0013478085,
      "fastest": 0.000076901,
      "slowest": 0.00241643
    },
    "DNSLookup": {
      "average": 0.000012790159999999997,
      "fastest": 0.0000032,
      "slowest": 0.000282103
    }
  },
  "statusCodeDistribution": {
    "200": 570696
  },
  "errorDistribution": {}
}