{
  "summary": {
    "successRate": 1,
    "total": 10.000852683,
    "slowest": 0.016836441,
    "fastest": 0.000038902,
    "average": 0.0009162908224215772,
    "requestsPerSec": 54477.75477446256,
    "totalData": 7082712,
    "sizePerRequest": 13,
    "sizePerSec": 708210.8120680134
  },
  "responseTimeHistogram": {
    "0.000038902": 1,
    "0.0017186559": 524159,
    "0.0033984098": 14162,
    "0.005078163700000001": 4164,
    "0.006757917600000001": 627,
    "0.0084376715": 554,
    "0.010117425400000001": 461,
    "0.0117971793": 359,
    "0.013476933200000001": 331,
    "0.015156687100000002": 2,
    "0.016836441": 4
  },
  "latencyPercentiles": {
    "p10": 0.000594233,
    "p25": 0.000704538,
    "p50": 0.000806445,
    "p75": 0.00087905,
    "p90": 0.001207765,
    "p95": 0.001477779,
    "p99": 0.003990123
  },
  "rps": {
    "mean": 54448.70568584535,
    "stddev": 15004.528615897998,
    "max": 73753.64260762148,
    "percentiles": {
      "p10": 32316.290642112246,
      "p25": 48013.16040726799,
      "p50": 61613.320799965964,
      "p75": 66431.28868728295,
      "p90": 67334.61672646004,
      "p95": 67699.91878054834,
      "p99": 68736.85670256849
    }
  },
  "details": {
    "DNSDialup": {
      "average": 0.0011748316400000001,
      "fastest": 0.000091705,
      "slowest": 0.00196901
    },
    "DNSLookup": {
      "average": 0.00000576232,
      "fastest": 0.000003001,
      "slowest": 0.000040302
    }
  },
  "statusCodeDistribution": {
    "200": 544824
  },
  "errorDistribution": {}
}