{
  "summary": {
    "successRate": 1,
    "total": 10.000580598,
    "slowest": 0.006006274,
    "fastest": 0.000280408,
    "average": 0.0009977493677120262,
    "requestsPerSec": 50021.29577357164,
    "totalData": 6503146,
    "sizePerRequest": 13,
    "sizePerSec": 650276.8450564314
  },
  "responseTimeHistogram": {
    "0.000280408": 1,
    "0.0008529945999999999": 55969,
    "0.0014255811999999998": 441954,
    "0.0019981677999999998": 1958,
    "0.0025707544": 188,
    "0.003143341": 96,
    "0.0037159275999999993": 26,
    "0.004288514199999999": 2,
    "0.0048611007999999995": 7,
    "0.0054336874": 11,
    "0.006006274": 30
  },
  "latencyPercentiles": {
    "p10": 0.000837703,
    "p25": 0.000932553,
    "p50": 0.001013609,
    "p75": 0.001082049,
    "p90": 0.001133606,
    "p95": 0.001174177,
    "p99": 0.001297328
  },
  "rps": {
    "mean": 50017.19972481727,
    "stddev": 4034.8682536889887,
    "max": 72110.14589752659,
    "percentiles": {
      "p10": 47309.37492639439,
      "p25": 48328.75560958996,
      "p50": 49252.45715036664,
      "p75": 51187.78420727558,
      "p90": 54311.54120250167,
      "p95": 56836.790454462425,
      "p99": 63255.37630279854
    }
  },
  "details": {
    "DNSDialup": {
      "average": 0.00075250304,
      "fastest": 0.000076834,
      "slowest": 0.001787722
    },
    "DNSLookup": {
      "average": 0.000009550000000000003,
      "fastest": 0.000003928,
      "slowest": 0.000047299
    }
  },
  "statusCodeDistribution": {
    "200": 500242
  },
  "errorDistribution": {}
}