{
  "summary": {
    "successRate": 1,
    "total": 10.001957025,
    "slowest": 0.018317202,
    "fastest": 0.000087705,
    "average": 0.0010145657567510017,
    "requestsPerSec": 49109.189208898846,
    "totalData": 6385444,
    "sizePerRequest": 13,
    "sizePerSec": 638419.459715685
  },
  "responseTimeHistogram": {
    "0.000087705": 1,
    "0.0019106547000000002": 486755,
    "0.0037336044000000003": 3221,
    "0.005556554100000001": 470,
    "0.007379503800000001": 296,
    "0.0092024535": 345,
    "0.011025403200000002": 82,
    "0.012848352900000002": 12,
    "0.014671302600000002": 4,
    "0.0164942523": 1,
    "0.018317202": 1
  },
  "latencyPercentiles": {
    "p10": 0.000890053,
    "p25": 0.000935056,
    "p50": 0.000978358,
    "p75": 0.001029262,
    "p90": 0.001115467,
    "p95": 0.001149869,
    "p99": 0.001762406
  },
  "rps": {
    "mean": 49071.14887159472,
    "stddev": 5284.259335431631,
    "max": 56321.86201083374,
    "percentiles": {
      "p10": 46231.895384625575,
      "p25": 48612.634423683936,
      "p50": 50378.1528955857,
      "p75": 51307.80172777748,
      "p90": 51958.47855544488,
      "p95": 52435.34085828338,
      "p99": 53399.03996370142
    }
  },
  "details": {
    "DNSDialup": {
      "average": 0.00241430922,
      "fastest": 0.000119807,
      "slowest": 0.002754766
    },
    "DNSLookup": {
      "average": 0.00001471484,
      "fastest": 0.0000053,
      "slowest": 0.000080504
    }
  },
  "statusCodeDistribution": {
    "200": 491188
  },
  "errorDistribution": {}
}