{
  "summary": {
    "successRate": 1,
    "total": 10.000350522,
    "slowest": 0.006668116,
    "fastest": 0.000269783,
    "average": 0.0009725071248960182,
    "requestsPerSec": 51326.50089322539,
    "totalData": 6672679,
    "sizePerRequest": 13,
    "sizePerSec": 667244.5116119301
  },
  "responseTimeHistogram": {
    "0.000269783": 1,
    "0.0009096163": 126542,
    "0.0015494496": 385860,
    "0.0021892829": 608,
    "0.0028291162": 159,
    "0.0034689495": 63,
    "0.0041087828": 0,
    "0.0047486161": 0,
    "0.0053884494": 0,
    "0.0060282827": 22,
    "0.006668116": 28
  },
  "latencyPercentiles": {
    "p10": 0.000826251,
    "p25": 0.000910728,
    "p50": 0.000990579,
    "p75": 0.00105367,
    "p90": 0.001102346,
    "p95": 0.001142381,
    "p99": 0.001253649
  },
  "rps": {
    "mean": 51333.20988729795,
    "stddev": 4503.388066877358,
    "max": 74509.33601980306,
    "percentiles": {
      "p10": 48813.14328749685,
      "p25": 49708.174930282315,
      "p50": 50448.83350414642,
      "p75": 51399.9574973445,
      "p90": 55707.386799489694,
      "p95": 60970.23160979305,
      "p99": 68689.451660482
    }
  },
  "details": {
    "DNSDialup": {
      "average": 0.00073187554,
      "fastest": 0.000091842,
      "slowest": 0.001093179
    },
    "DNSLookup": {
      "average": 0.000009750879999999997,
      "fastest": 0.000004348,
      "slowest": 0.00004776
    }
  },
  "statusCodeDistribution": {
    "200": 513283
  },
  "errorDistribution": {}
}