{
  "summary": {
    "successRate": 1,
    "total": 10.000606147,
    "slowest": 0.007024369,
    "fastest": 0.000198242,
    "average": 0.0010593675538453846,
    "requestsPerSec": 47114.44417210085,
    "totalData": 6125249,
    "sizePerRequest": 13,
    "sizePerSec": 612487.774237311
  },
  "responseTimeHistogram": {
    "0.000198242": 1,
    "0.0008808547": 25163,
    "0.0015634674": 444463,
    "0.0022460801": 1219,
    "0.0029286928": 128,
    "0.0036113054999999997": 89,
    "0.004293918200000001": 50,
    "0.004976530900000001": 12,
    "0.0056591436": 24,
    "0.0063417563": 15,
    "0.007024369": 9
  },
  "latencyPercentiles": {
    "p10": 0.000930496,
    "p25": 0.00098961,
    "p50": 0.001068446,
    "p75": 0.001131397,
    "p90": 0.001176521,
    "p95": 0.001209467,
    "p99": 0.001306608
  },
  "rps": {
    "mean": 47113.40575555383,
    "stddev": 2558.227080523913,
    "max": 56119.58012150572,
    "percentiles": {
      "p10": 45800.77861323674,
      "p25": 46408.26067039958,
      "p50": 47050.138081048135,
      "p75": 47947.707969430245,
      "p90": 49118.694575158785,
      "p95": 49871.400884646435,
      "p99": 52855.239010288846
    }
  },
  "details": {
    "DNSDialup": {
      "average": 0.0008200559800000001,
      "fastest": 0.000093514,
      "slowest": 0.001694665
    },
    "DNSLookup": {
      "average": 0.0000066182599999999995,
      "fastest": 0.000003567,
      "slowest": 0.000033333
    }
  },
  "statusCodeDistribution": {
    "200": 471173
  },
  "errorDistribution": {}
}