{
  "summary": {
    "successRate": 1,
    "total": 10.00056867,
    "slowest": 0.007580623,
    "fastest": 0.000235094,
    "average": 0.0010878552135843243,
    "requestsPerSec": 45876.6911302055,
    "totalData": 5964309,
    "sizePerRequest": 13,
    "sizePerSec": 596396.9846926715
  },
  "responseTimeHistogram": {
    "0.000235094": 1,
    "0.0009696469": 60093,
    "0.0017041997999999998": 397539,
    "0.0024387526999999996": 925,
    "0.0031733055999999997": 102,
    "0.0039078585": 56,
    "0.004642411399999999": 29,
    "0.005376964299999999": 13,
    "0.0061115171999999995": 16,
    "0.0068460701": 17,
    "0.007580623": 2
  },
  "latencyPercentiles": {
    "p10": 0.000947597,
    "p25": 0.001016028,
    "p50": 0.00110002,
    "p75": 0.001167353,
    "p90": 0.001216276,
    "p95": 0.001251515,
    "p99": 0.001361054
  },
  "rps": {
    "mean": 45875.74962047498,
    "stddev": 2813.3442946046353,
    "max": 58666.84500319756,
    "percentiles": {
      "p10": 44170.040433116505,
      "p25": 45020.80995681686,
      "p50": 45650.612834449865,
      "p75": 46661.63286627255,
      "p90": 48610.530513345046,
      "p95": 49808.017316251295,
      "p99": 52918.463312215026
    }
  },
  "details": {
    "DNSDialup": {
      "average": 0.00081884352,
      "fastest": 0.000103676,
      "slowest": 0.001731313
    },
    "DNSLookup": {
      "average": 0.00000801994,
      "fastest": 0.000003296,
      "slowest": 0.000053369
    }
  },
  "statusCodeDistribution": {
    "200": 458793
  },
  "errorDistribution": {}
}