{
  "summary": {
    "successRate": 1,
    "total": 10.000220921,
    "slowest": 0.006460549,
    "fastest": 0.000292265,
    "average": 0.0009526385520086534,
    "requestsPerSec": 52392.042549756785,
    "totalData": 6811116,
    "sizePerRequest": 13,
    "sizePerSec": 681096.5531468382
  },
  "responseTimeHistogram": {
    "0.000292265": 1,
    "0.0009090934000000001": 150132,
    "0.0015259218000000002": 372606,
    "0.0021427502": 840,
    "0.0027595786": 256,
    "0.003376407": 46,
    "0.0039932354000000005": 0,
    "0.0046100638000000005": 6,
    "0.0052268922": 7,
    "0.0058437206": 18,
    "0.006460549": 20
  },
  "latencyPercentiles": {
    "p10": 0.000630746,
    "p25": 0.00089119,
    "p50": 0.000987941,
    "p75": 0.00106474,
    "p90": 0.001121472,
    "p95": 0.001167461,
    "p99": 0.001289303
  },
  "rps": {
    "mean": 52385.536350321956,
    "stddev": 7160.595693502943,
    "max": 80317.90168121408,
    "percentiles": {
      "p10": 47585.863932879096,
      "p25": 48706.05416253255,
      "p50": 49770.689310026384,
      "p75": 53111.217089049154,
      "p90": 63244.74597046836,
      "p95": 68402.77715275278,
      "p99": 75821.81532850614
    }
  },
  "details": {
    "DNSDialup": {
      "average": 0.00107714336,
      "fastest": 0.000177037,
      "slowest": 0.001930962
    },
    "DNSLookup": {
      "average": 0.00001043062,
      "fastest": 0.0000052,
      "slowest": 0.000047018
    }
  },
  "statusCodeDistribution": {
    "200": 523932
  },
  "errorDistribution": {}
}