{
  "summary": {
    "successRate": 1,
    "total": 10.00052055,
    "slowest": 0.007082577,
    "fastest": 0.000315318,
    "average": 0.0010375963511939012,
    "requestsPerSec": 48101.696066211276,
    "totalData": 6253546,
    "sizePerRequest": 13,
    "sizePerSec": 625322.0488607466
  },
  "responseTimeHistogram": {
    "0.000315318": 1,
    "0.0009920439": 159247,
    "0.0016687698": 320796,
    "0.0023454957": 792,
    "0.0030222215999999996": 125,
    "0.0036989475": 30,
    "0.0043756734": 3,
    "0.0050523993": 1,
    "0.0057291252": 4,
    "0.0064058511": 19,
    "0.007082577": 24
  },
  "latencyPercentiles": {
    "p10": 0.000892053,
    "p25": 0.000966253,
    "p50": 0.001049569,
    "p75": 0.0011155,
    "p90": 0.001174183,
    "p95": 0.001221314,
    "p99": 0.001351133
  },
  "rps": {
    "mean": 48100.170839397375,
    "stddev": 3382.9920746761227,
    "max": 62627.20525796359,
    "percentiles": {
      "p10": 45708.332629037526,
      "p25": 46900.06097007697,
      "p50": 47710.539258122226,
      "p75": 48849.36085898989,
      "p90": 51413.619467797085,
      "p95": 54038.405094502144,
      "p99": 58186.93724363008
    }
  },
  "details": {
    "DNSDialup": {
      "average": 0.0008673712600000001,
      "fastest": 0.000138005,
      "slowest": 0.00120641
    },
    "DNSLookup": {
      "average": 0.000008375339999999997,
      "fastest": 0.000004237,
      "slowest": 0.00004815
    }
  },
  "statusCodeDistribution": {
    "200": 481042
  },
  "errorDistribution": {}
}