{
  "summary": {
    "successRate": 1,
    "total": 10.000632122,
    "slowest": 0.005965133,
    "fastest": 0.000221535,
    "average": 0.0009890683393144267,
    "requestsPerSec": 50466.50990088284,
    "totalData": 6561061,
    "sizePerRequest": 13,
    "sizePerSec": 656064.6287114769
  },
  "responseTimeHistogram": {
    "0.000221535": 1,
    "0.0007958948000000001": 20408,
    "0.0013702546": 481412,
    "0.0019446144": 2401,
    "0.0025189742000000003": 223,
    "0.0030933340000000005": 127,
    "0.0036676938000000004": 48,
    "0.0042420536": 22,
    "0.0048164134": 16,
    "0.005390773200000001": 13,
    "0.005965133000000001": 26
  },
  "latencyPercentiles": {
    "p10": 0.000864589,
    "p25": 0.000922276,
    "p50": 0.000996347,
    "p75": 0.001056896,
    "p90": 0.001101673,
    "p95": 0.001136258,
    "p99": 0.00124357
  },
  "rps": {
    "mean": 50464.55933261111,
    "stddev": 2849.253454797369,
    "max": 63361.83245627416,
    "percentiles": {
      "p10": 48706.555331097814,
      "p25": 49632.26593608441,
      "p50": 50423.795460233734,
      "p75": 51521.16489453836,
      "p90": 53028.25875909355,
      "p95": 53960.23040918303,
      "p99": 55597.60158958864
    }
  },
  "details": {
    "DNSDialup": {
      "average": 0.00073235284,
      "fastest": 0.000101684,
      "slowest": 0.001134404
    },
    "DNSLookup": {
      "average": 0.000007157740000000002,
      "fastest": 0.000003487,
      "slowest": 0.000034976
    }
  },
  "statusCodeDistribution": {
    "200": 504697
  },
  "errorDistribution": {}
}