{
  "summary": {
    "successRate": 1,
    "total": 10.000678032,
    "slowest": 0.021228518,
    "fastest": 0.0001595,
    "average": 0.0013937876832745032,
    "requestsPerSec": 35617.38502731951,
    "totalData": 4630574,
    "sizePerRequest": 13,
    "sizePerSec": 463026.0053551537
  },
  "responseTimeHistogram": {
    "0.0001595": 1,
    "0.0022664017999999998": 323163,
    "0.0043733036": 30776,
    "0.0064802053999999994": 1858,
    "0.0085871072": 217,
    "0.010694008999999999": 141,
    "0.012800910799999999": 36,
    "0.014907812599999999": 3,
    "0.0170147144": 1,
    "0.019121616199999997": 1,
    "0.021228518": 1
  },
  "latencyPercentiles": {
    "p10": 0.0010195,
    "p25": 0.0011143,
    "p50": 0.001191301,
    "p75": 0.001335201,
    "p90": 0.0021161,
    "p95": 0.002916602,
    "p99": 0.0038801
  },
  "rps": {
    "mean": 35578.034236870335,
    "stddev": 9185.366537249965,
    "max": 46901.269220501716,
    "percentiles": {
      "p10": 17819.42138737257,
      "p25": 31654.420279344216,
      "p50": 39805.05349718925,
      "p75": 42043.75601055119,
      "p90": 43306.05851758495,
      "p95": 44029.495358934306,
      "p99": 45208.13294311579
    }
  },
  "details": {
    "DNSDialup": {
      "average": 0.00232541994,
      "fastest": 0.000504,
      "slowest": 0.002791703
    },
    "DNSLookup": {
      "average": 0.000015526019999999998,
      "fastest": 0.0000058,
      "slowest": 0.000141501
    }
  },
  "statusCodeDistribution": {
    "200": 356198
  },
  "errorDistribution": {}
}