{
  "summary": {
    "successRate": 1,
    "total": 10.000825361,
    "slowest": 0.015269412,
    "fastest": 0.000038299,
    "average": 0.0010672671600205482,
    "requestsPerSec": 46792.637918157525,
    "totalData": 6083545,
    "sizePerRequest": 13,
    "sizePerSec": 608304.2929360478
  },
  "responseTimeHistogram": {
    "0.000038299": 1,
    "0.0015614103": 440774,
    "0.0030845215999999996": 20828,
    "0.0046076329": 3997,
    "0.0061307442": 807,
    "0.007653855499999999": 537,
    "0.0091769668": 302,
    "0.0107000781": 344,
    "0.012223189399999999": 309,
    "0.013746300699999998": 65,
    "0.015269411999999998": 1
  },
  "latencyPercentiles": {
    "p10": 0.000673492,
    "p25": 0.000754291,
    "p50": 0.001006788,
    "p75": 0.001190885,
    "p90": 0.001367783,
    "p95": 0.001685879,
    "p99": 0.003852252
  },
  "rps": {
    "mean": 46732.81738122032,
    "stddev": 12359.68577287822,
    "max": 68378.29543429281,
    "percentiles": {
      "p10": 27558.499624452277,
      "p25": 46407.06779642589,
      "p50": 48854.76128164618,
      "p75": 50868.00886602981,
      "p90": 64031.46441044865,
      "p95": 66096.92722617903,
      "p99": 67170.76824410673
    }
  },
  "details": {
    "DNSDialup": {
      "average": 0.00141156062,
      "fastest": 0.000078999,
      "slowest": 0.001748679
    },
    "DNSLookup": {
      "average": 0.000006185980000000002,
      "fastest": 0.0000032,
      "slowest": 0.0000468
    }
  },
  "statusCodeDistribution": {
    "200": 467965
  },
  "errorDistribution": {}
}