{
  "summary": {
    "successRate": 1,
    "total": 10.000749648,
    "slowest": 0.005533432,
    "fastest": 0.000137657,
    "average": 0.0006737483856490453,
    "requestsPerSec": 74056.34838065492,
    "totalData": 9628047,
    "sizePerRequest": 13,
    "sizePerSec": 962732.5289485139
  },
  "responseTimeHistogram": {
    "0.000137657": 1,
    "0.0006772344999999999": 367683,
    "0.0012168119999999998": 371768,
    "0.0017563894999999996": 823,
    "0.0022959669999999995": 138,
    "0.0028355444999999995": 89,
    "0.003375121999999999": 60,
    "0.0039146994999999995": 9,
    "0.0044542769999999995": 22,
    "0.0049938544999999996": 17,
    "0.005533432": 9
  },
  "latencyPercentiles": {
    "p10": 0.000588615,
    "p25": 0.000623856,
    "p50": 0.000677962,
    "p75": 0.000717138,
    "p90": 0.000747754,
    "p95": 0.000780275,
    "p99": 0.000852239
  },
  "rps": {
    "mean": 74056.39130113296,
    "stddev": 3962.226415614446,
    "max": 86431.33111519447,
    "percentiles": {
      "p10": 72564.94562633557,
      "p25": 73490.5182713526,
      "p50": 74254.31589357735,
      "p75": 75142.21266492402,
      "p90": 76163.1621103367,
      "p95": 77192.46112994199,
      "p99": 80888.43770447948
    }
  },
  "details": {
    "DNSDialup": {
      "average": 0.00045329707999999997,
      "fastest": 0.000066185,
      "slowest": 0.000644188
    },
    "DNSLookup": {
      "average": 0.00000515434,
      "fastest": 0.000002926,
      "slowest": 0.000035335
    }
  },
  "statusCodeDistribution": {
    "200": 740619
  },
  "errorDistribution": {}
}