{
  "summary": {
    "successRate": 1,
    "total": 10.000618183,
    "slowest": 0.006798559,
    "fastest": 0.000325328,
    "average": 0.0010156797129735084,
    "requestsPerSec": 49139.46228197881,
    "totalData": 6388525,
    "sizePerRequest": 13,
    "sizePerSec": 638813.0096657246
  },
  "responseTimeHistogram": {
    "0.000325328": 1,
    "0.0009726511": 161373,
    "0.0016199742": 329067,
    "0.0022672973000000003": 695,
    "0.0029146204000000003": 196,
    "0.0035619435000000003": 37,
    "0.0042092666": 6,
    "0.0048565897": 8,
    "0.0055039128": 14,
    "0.0061512358999999996": 14,
    "0.006798559": 14
  },
  "latencyPercentiles": {
    "p10": 0.000860883,
    "p25": 0.000948769,
    "p50": 0.001030075,
    "p75": 0.001098226,
    "p90": 0.001148186,
    "p95": 0.001189373,
    "p99": 0.001317783
  },
  "rps": {
    "mean": 49136.15484948659,
    "stddev": 3576.1432244943776,
    "max": 68194.114547058,
    "percentiles": {
      "p10": 46623.24168597996,
      "p25": 47599.28047599285,
      "p50": 48537.433743645095,
      "p75": 50282.421275576795,
      "p90": 53101.019539575755,
      "p95": 55218.08392248133,
      "p99": 59703.27169874361
    }
  },
  "details": {
    "DNSDialup": {
      "average": 0.0007610515000000003,
      "fastest": 0.000143719,
      "slowest": 0.001197161
    },
    "DNSLookup": {
      "average": 0.00000765226,
      "fastest": 0.000003497,
      "slowest": 0.000045776
    }
  },
  "statusCodeDistribution": {
    "200": 491425
  },
  "errorDistribution": {}
}