{
  "summary": {
    "successRate": 1,
    "total": 10.000668516,
    "slowest": 0.006676188,
    "fastest": 0.000265597,
    "average": 0.0010128047962324998,
    "requestsPerSec": 49281.30546587952,
    "totalData": 6406998,
    "sizePerRequest": 13,
    "sizePerSec": 640656.9710564337
  },
  "responseTimeHistogram": {
    "0.000265597": 1,
    "0.0009066561": 74936,
    "0.0015477152": 416581,
    "0.0021887742999999998": 1088,
    "0.0028298333999999996": 139,
    "0.0034708924999999995": 51,
    "0.0041119516": 0,
    "0.0047530107": 0,
    "0.0053940698": 0,
    "0.0060351289": 33,
    "0.006676188": 17
  },
  "latencyPercentiles": {
    "p10": 0.00086512,
    "p25": 0.000945381,
    "p50": 0.001026249,
    "p75": 0.001092356,
    "p90": 0.001142579,
    "p95": 0.001184017,
    "p99": 0.001311485
  },
  "rps": {
    "mean": 49277.78581985077,
    "stddev": 3363.4543833374546,
    "max": 63367.78451909864,
    "percentiles": {
      "p10": 47023.04834211094,
      "p25": 47814.49735559691,
      "p50": 48732.0120587222,
      "p75": 50442.71758085124,
      "p90": 53081.11564349017,
      "p95": 54800.96449697337,
      "p99": 58641.172433860826
    }
  },
  "details": {
    "DNSDialup": {
      "average": 0.0005542797800000001,
      "fastest": 0.000077665,
      "slowest": 0.000887913
    },
    "DNSLookup": {
      "average": 0.000008775400000000004,
      "fastest": 0.000003486,
      "slowest": 0.000065743
    }
  },
  "statusCodeDistribution": {
    "200": 492846
  },
  "errorDistribution": {}
}