{
  "summary": {
    "successRate": 1,
    "total": 10.001730987,
    "slowest": 0.017846346,
    "fastest": 0.0000414,
    "average": 0.0008526752110911191,
    "requestsPerSec": 58528.56878083118,
    "totalData": 7610031,
    "sizePerRequest": 13,
    "sizePerSec": 760871.3941508053
  },
  "responseTimeHistogram": {
    "0.0000414": 1,
    "0.0018218945999999999": 581107,
    "0.0036023891999999997": 2809,
    "0.005382883799999999": 465,
    "0.007163378399999999": 80,
    "0.008943873": 699,
    "0.0107243676": 117,
    "0.0125048622": 64,
    "0.0142853568": 37,
    "0.0160658514": 2,
    "0.017846346": 6
  },
  "latencyPercentiles": {
    "p10": 0.000639009,
    "p25": 0.000759811,
    "p50": 0.000837312,
    "p75": 0.000929713,
    "p90": 0.000962714,
    "p95": 0.000996414,
    "p99": 0.00148012
  },
  "rps": {
    "mean": 58504.29339844626,
    "stddev": 5667.737100232722,
    "max": 62581.123910924834,
    "percentiles": {
      "p10": 55191.96637356838,
      "p25": 58464.62844774209,
      "p50": 60073.811903838985,
      "p75": 60801.59300173474,
      "p90": 61311.17478556898,
      "p95": 61604.700438639746,
      "p99": 62028.79037746054
    }
  },
  "details": {
    "DNSDialup": {
      "average": 0.00141571144,
      "fastest": 0.000082801,
      "slowest": 0.002399633
    },
    "DNSLookup": {
      "average": 0.000007456100000000001,
      "fastest": 0.0000034,
      "slowest": 0.000039901
    }
  },
  "statusCodeDistribution": {
    "200": 585387
  },
  "errorDistribution": {}
}