{
  "summary": {
    "successRate": 1,
    "total": 10.000271671,
    "slowest": 0.007053826,
    "fastest": 0.000276626,
    "average": 0.0009533450564499442,
    "requestsPerSec": 52356.47762633668,
    "totalData": 6806527,
    "sizePerRequest": 13,
    "sizePerSec": 680634.2091423768
  },
  "responseTimeHistogram": {
    "0.000276626": 1,
    "0.0009543459999999999": 220290,
    "0.0016320659999999997": 302475,
    "0.002309786": 584,
    "0.0029875059999999996": 148,
    "0.0036652259999999993": 31,
    "0.004342946": 2,
    "0.005020666": 3,
    "0.005698386": 32,
    "0.0063761059999999994": 12,
    "0.007053825999999999": 1
  },
  "latencyPercentiles": {
    "p10": 0.000666367,
    "p25": 0.000892534,
    "p50": 0.000982772,
    "p75": 0.001058348,
    "p90": 0.001110716,
    "p95": 0.001150335,
    "p99": 0.001258612
  },
  "rps": {
    "mean": 52357.73902146999,
    "stddev": 5612.687624849149,
    "max": 78571.80510904948,
    "percentiles": {
      "p10": 48422.43127523472,
      "p25": 49315.48791725094,
      "p50": 50459.71509020287,
      "p75": 54304.350191524834,
      "p90": 60196.5729468263,
      "p95": 63502.184475144735,
      "p99": 69911.80810438625
    }
  },
  "details": {
    "DNSDialup": {
      "average": 0.0010380355999999999,
      "fastest": 0.000084227,
      "slowest": 0.001999203
    },
    "DNSLookup": {
      "average": 0.000010063579999999998,
      "fastest": 0.00000536,
      "slowest": 0.000046557
    }
  },
  "statusCodeDistribution": {
    "200": 523579
  },
  "errorDistribution": {}
}