{
  "summary": {
    "successRate": 1,
    "total": 10.000670635,
    "slowest": 0.006444072,
    "fastest": 0.000173373,
    "average": 0.0009820629000245743,
    "requestsPerSec": 50830.09115618174,
    "totalData": 6608355,
    "sizePerRequest": 13,
    "sizePerSec": 660791.1850303627
  },
  "responseTimeHistogram": {
    "0.000173373": 1,
    "0.0008004429": 77496,
    "0.0014275128": 427371,
    "0.0020545827000000003": 3046,
    "0.0026816526000000003": 186,
    "0.0033087225000000002": 50,
    "0.003935792400000001": 74,
    "0.0045628623000000005": 48,
    "0.0051899322000000005": 17,
    "0.0058170021": 22,
    "0.006444072": 24
  },
  "latencyPercentiles": {
    "p10": 0.000675106,
    "p25": 0.000920053,
    "p50": 0.001013298,
    "p75": 0.001095998,
    "p90": 0.001147893,
    "p95": 0.001185188,
    "p99": 0.001317636
  },
  "rps": {
    "mean": 50827.444124532536,
    "stddev": 5905.981393210173,
    "max": 80185.30915040756,
    "percentiles": {
      "p10": 46911.183626176804,
      "p25": 47821.58187990201,
      "p50": 48904.650832293424,
      "p75": 52226.18098452865,
      "p90": 58681.08671333408,
      "p95": 62569.75070925463,
      "p99": 69301.46135690306
    }
  },
  "details": {
    "DNSDialup": {
      "average": 0.0007003486599999998,
      "fastest": 0.000077234,
      "slowest": 0.001499608
    },
    "DNSLookup": {
      "average": 0.00000743548,
      "fastest": 0.000003096,
      "slowest": 0.000039583
    }
  },
  "statusCodeDistribution": {
    "200": 508335
  },
  "errorDistribution": {}
}