{
  "summary": {
    "successRate": 1,
    "total": 10.00243152,
    "slowest": 0.016893921,
    "fastest": 0.000041101,
    "average": 0.0011332083651292453,
    "requestsPerSec": 44046.29005648019,
    "totalData": 5727410,
    "sizePerRequest": 13,
    "sizePerSec": 572601.7707342424
  },
  "responseTimeHistogram": {
    "0.000041101": 1,
    "0.0017263829999999997": 413897,
    "0.0034116649999999995": 21520,
    "0.005096946999999999": 2317,
    "0.006782228999999999": 1794,
    "0.008467510999999999": 489,
    "0.010152792999999998": 179,
    "0.011838074999999998": 308,
    "0.013523356999999998": 42,
    "0.015208638999999998": 21,
    "0.016893921": 2
  },
  "latencyPercentiles": {
    "p10": 0.000667208,
    "p25": 0.000823509,
    "p50": 0.000969313,
    "p75": 0.001316435,
    "p90": 0.001567918,
    "p95": 0.001815548,
    "p99": 0.003887146
  },
  "rps": {
    "mean": 44043.93982461592,
    "stddev": 12121.787523348006,
    "max": 65828.18762994396,
    "percentiles": {
      "p10": 26432.991522883574,
      "p25": 40204.16515150881,
      "p50": 44012.631625274895,
      "p75": 51360.25824099594,
      "p90": 60527.12220345764,
      "p95": 61332.39577144537,
      "p99": 62383.69099305583
    }
  },
  "details": {
    "DNSDialup": {
      "average": 0.00311815088,
      "fastest": 0.0000825,
      "slowest": 0.003499441
    },
    "DNSLookup": {
      "average": 0.000005394059999999997,
      "fastest": 0.0000038,
      "slowest": 0.000043501
    }
  },
  "statusCodeDistribution": {
    "200": 440570
  },
  "errorDistribution": {}
}