{
  "summary": {
    "successRate": 1,
    "total": 10.000623266,
    "slowest": 0.007764104,
    "fastest": 0.00027157,
    "average": 0.001019715757449193,
    "requestsPerSec": 48948.74919088868,
    "totalData": 6363734,
    "sizePerRequest": 13,
    "sizePerSec": 636333.7394815529
  },
  "responseTimeHistogram": {
    "0.00027157": 1,
    "0.0010208234": 225887,
    "0.0017700768": 262872,
    "0.0025193302": 570,
    "0.0032685836": 82,
    "0.004017837": 42,
    "0.004767090399999999": 13,
    "0.005516343799999999": 1,
    "0.0062655971999999996": 0,
    "0.0070148506": 29,
    "0.007764104": 21
  },
  "latencyPercentiles": {
    "p10": 0.000855868,
    "p25": 0.000951463,
    "p50": 0.001034741,
    "p75": 0.001103271,
    "p90": 0.001156944,
    "p95": 0.001202935,
    "p99": 0.001331866
  },
  "rps": {
    "mean": 48941.414252570976,
    "stddev": 3724.775121824618,
    "max": 63494.123688954845,
    "percentiles": {
      "p10": 46121.095789213854,
      "p25": 47371.71604091455,
      "p50": 48444.976316012275,
      "p75": 50515.027769741326,
      "p90": 53061.96045121907,
      "p95": 54532.11396191141,
      "p99": 59110.00141223823
    }
  },
  "details": {
    "DNSDialup": {
      "average": 0.00060596288,
      "fastest": 0.000089838,
      "slowest": 0.000964665
    },
    "DNSLookup": {
      "average": 0.000008843620000000003,
      "fastest": 0.000004228,
      "slowest": 0.000056115
    }
  },
  "statusCodeDistribution": {
    "200": 489518
  },
  "errorDistribution": {}
}