{
  "summary": {
    "successRate": 1,
    "total": 10.000654023,
    "slowest": 0.007006885,
    "fastest": 0.000164697,
    "average": 0.0010530150737604054,
    "requestsPerSec": 47403.09972825065,
    "totalData": 6162806,
    "sizePerRequest": 13,
    "sizePerSec": 616240.2964672584
  },
  "responseTimeHistogram": {
    "0.000164697": 1,
    "0.0008489158": 22649,
    "0.0015331346": 449645,
    "0.0022173534": 1451,
    "0.0029015722": 154,
    "0.0035857909999999996": 56,
    "0.0042700098": 35,
    "0.0049542286": 28,
    "0.0056384474": 20,
    "0.006322666199999999": 9,
    "0.007006884999999999": 14
  },
  "latencyPercentiles": {
    "p10": 0.000919725,
    "p25": 0.000982444,
    "p50": 0.001064024,
    "p75": 0.001128697,
    "p90": 0.001175809,
    "p95": 0.001210927,
    "p99": 0.001314871
  },
  "rps": {
    "mean": 47403.20278401385,
    "stddev": 2775.5704338111877,
    "max": 60105.263136592905,
    "percentiles": {
      "p10": 45728.854907446854,
      "p25": 46468.794092548254,
      "p50": 47237.36002804627,
      "p75": 48344.63660297708,
      "p90": 49971.06885412489,
      "p95": 51033.049002534164,
      "p99": 54130.534113566464
    }
  },
  "details": {
    "DNSDialup": {
      "average": 0.0008800946,
      "fastest": 0.000308828,
      "slowest": 0.001430459
    },
    "DNSLookup": {
      "average": 0.000005481220000000001,
      "fastest": 0.000002565,
      "slowest": 0.000028984
    }
  },
  "statusCodeDistribution": {
    "200": 474062
  },
  "errorDistribution": {}
}