{
  "summary": {
    "successRate": 1,
    "total": 10.000587719,
    "slowest": 0.006171473,
    "fastest": 0.000142602,
    "average": 0.0010086861804981654,
    "requestsPerSec": 49486.791567234686,
    "totalData": 6433661,
    "sizePerRequest": 13,
    "sizePerSec": 643328.290374051
  },
  "responseTimeHistogram": {
    "0.000142602": 1,
    "0.0007454891": 10305,
    "0.0013483762": 481645,
    "0.0019512633": 2617,
    "0.0025541504": 136,
    "0.0031570375": 69,
    "0.0037599246": 37,
    "0.0043628117": 19,
    "0.0049656988": 22,
    "0.005568585900000001": 17,
    "0.006171473": 29
  },
  "latencyPercentiles": {
    "p10": 0.000884976,
    "p25": 0.00094042,
    "p50": 0.001017283,
    "p75": 0.001076553,
    "p90": 0.001122611,
    "p95": 0.001158931,
    "p99": 0.001261507
  },
  "rps": {
    "mean": 49483.82993855821,
    "stddev": 2832.324556828453,
    "max": 68665.53438601852,
    "percentiles": {
      "p10": 47780.591523722695,
      "p25": 48626.905266682676,
      "p50": 49511.60056801532,
      "p75": 50508.74026691987,
      "p90": 51687.61573777276,
      "p95": 52537.43817844633,
      "p99": 54780.22015439622
    }
  },
  "details": {
    "DNSDialup": {
      "average": 0.00060784608,
      "fastest": 0.000071172,
      "slowest": 0.00099408
    },
    "DNSLookup": {
      "average": 0.000006583459999999998,
      "fastest": 0.000003587,
      "slowest": 0.000034555
    }
  },
  "statusCodeDistribution": {
    "200": 494897
  },
  "errorDistribution": {}
}