{
  "summary": {
    "successRate": 1,
    "total": 10.000623921,
    "slowest": 0.010416719,
    "fastest": 0.000093401,
    "average": 0.0008735450635138516,
    "requestsPerSec": 56932.04788997484,
    "totalData": 7401628,
    "sizePerRequest": 13,
    "sizePerSec": 740116.6225696729
  },
  "responseTimeHistogram": {
    "0.000093401": 1,
    "0.0011257327999999998": 525924,
    "0.0021580645999999997": 41360,
    "0.0031903963999999996": 1829,
    "0.0042227281999999994": 43,
    "0.005255059999999999": 86,
    "0.006287391799999999": 87,
    "0.0073197235999999995": 23,
    "0.008352055399999999": 0,
    "0.009384387199999998": 2,
    "0.010416718999999998": 1
  },
  "latencyPercentiles": {
    "p10": 0.00073481,
    "p25": 0.000762208,
    "p50": 0.000789009,
    "p75": 0.00083131,
    "p90": 0.000962211,
    "p95": 0.001800421,
    "p99": 0.001981422
  },
  "rps": {
    "mean": 56917.734500281236,
    "stddev": 11672.355038994003,
    "max": 64008.74359437495,
    "percentiles": {
      "p10": 31416.606818363267,
      "p25": 60003.51620604877,
      "p50": 62114.69633715282,
      "p75": 62858.99945688809,
      "p90": 63233.93132755105,
      "p95": 63436.29923252999,
      "p99": 63664.80270828905
    }
  },
  "details": {
    "DNSDialup": {
      "average": 0.0014219991,
      "fastest": 0.000069501,
      "slowest": 0.002453233
    },
    "DNSLookup": {
      "average": 0.000012468199999999994,
      "fastest": 0.0000033,
      "slowest": 0.000121002
    }
  },
  "statusCodeDistribution": {
    "200": 569356
  },
  "errorDistribution": {}
}