{
  "summary": {
    "successRate": 1,
    "total": 10.000692514,
    "slowest": 0.006814133,
    "fastest": 0.000251773,
    "average": 0.0010018613851921075,
    "requestsPerSec": 49825.44951786526,
    "totalData": 6477757,
    "sizePerRequest": 13,
    "sizePerSec": 647730.8437322483
  },
  "responseTimeHistogram": {
    "0.000251773": 1,
    "0.000908009": 80477,
    "0.001564245": 416689,
    "0.0022204809999999994": 865,
    "0.0028767169999999996": 108,
    "0.0035329529999999997": 71,
    "0.004189188999999999": 29,
    "0.0048454249999999996": 11,
    "0.005501661": 22,
    "0.006157897": 7,
    "0.006814133": 9
  },
  "latencyPercentiles": {
    "p10": 0.000878173,
    "p25": 0.000935288,
    "p50": 0.001011455,
    "p75": 0.001069936,
    "p90": 0.001114297,
    "p95": 0.001148429,
    "p99": 0.001245261
  },
  "rps": {
    "mean": 49824.64405804589,
    "stddev": 2671.633787887804,
    "max": 58672.30728696976,
    "percentiles": {
      "p10": 48372.91028524728,
      "p25": 49023.835388764586,
      "p50": 49744.75102248588,
      "p75": 50739.66319471909,
      "p90": 52214.30756211564,
      "p95": 53063.968614170284,
      "p99": 55091.58548043528
    }
  },
  "details": {
    "DNSDialup": {
      "average": 0.0006941581199999999,
      "fastest": 0.000081533,
      "slowest": 0.001585507
    },
    "DNSLookup": {
      "average": 0.000006197740000000003,
      "fastest": 0.000003126,
      "slowest": 0.000030057
    }
  },
  "statusCodeDistribution": {
    "200": 498289
  },
  "errorDistribution": {}
}