{
  "summary": {
    "successRate": 1,
    "total": 10.00064218,
    "slowest": 0.006924796,
    "fastest": 0.00012381,
    "average": 0.0009963422190799717,
    "requestsPerSec": 50092.18318018054,
    "totalData": 6512402,
    "sizePerRequest": 13,
    "sizePerSec": 651198.381342347
  },
  "responseTimeHistogram": {
    "0.00012381": 1,
    "0.0008039086000000001": 26788,
    "0.0014840072000000001": 472464,
    "0.0021641058": 1403,
    "0.0028442044": 95,
    "0.003524303": 75,
    "0.004204401600000001": 47,
    "0.004884500200000001": 37,
    "0.005564598800000001": 29,
    "0.006244697400000001": 4,
    "0.006924796": 11
  },
  "latencyPercentiles": {
    "p10": 0.000864904,
    "p25": 0.000929512,
    "p50": 0.001006321,
    "p75": 0.001068657,
    "p90": 0.001114733,
    "p95": 0.001149561,
    "p99": 0.001257708
  },
  "rps": {
    "mean": 50089.40750429095,
    "stddev": 3103.724532460811,
    "max": 74237.38370228083,
    "percentiles": {
      "p10": 48283.936795724345,
      "p25": 49016.90102747404,
      "p50": 49880.77989758189,
      "p75": 51149.510017783025,
      "p90": 52939.19832808372,
      "p95": 54203.99483442,
      "p99": 56398.301726277954
    }
  },
  "details": {
    "DNSDialup": {
      "average": 0.00069977072,
      "fastest": 0.000075059,
      "slowest": 0.00161989
    },
    "DNSLookup": {
      "average": 0.00000667004,
      "fastest": 0.000003347,
      "slowest": 0.000027892
    }
  },
  "statusCodeDistribution": {
    "200": 500954
  },
  "errorDistribution": {}
}