{
  "summary": {
    "successRate": 1,
    "total": 10.001478667,
    "slowest": 0.01288872,
    "fastest": 0.0000597,
    "average": 0.0008717779332388293,
    "requestsPerSec": 57116.0544375133,
    "totalData": 7426185,
    "sizePerRequest": 13,
    "sizePerSec": 742508.7076876729
  },
  "responseTimeHistogram": {
    "0.0000597": 1,
    "0.001342602": 567071,
    "0.0026255040000000003": 2585,
    "0.0039084060000000006": 871,
    "0.005191308": 230,
    "0.00647421": 179,
    "0.007757112000000001": 130,
    "0.009040013999999999": 155,
    "0.010322916": 11,
    "0.011605818": 8,
    "0.01288872": 4
  },
  "latencyPercentiles": {
    "p10": 0.000794301,
    "p25": 0.000820901,
    "p50": 0.000849102,
    "p75": 0.000882701,
    "p90": 0.000934501,
    "p95": 0.000986002,
    "p99": 0.001197202
  },
  "rps": {
    "mean": 57100.19028284266,
    "stddev": 4373.244859650821,
    "max": 61357.57795114897,
    "percentiles": {
      "p10": 54835.560861220285,
      "p25": 56689.47867314089,
      "p50": 58002.813136436715,
      "p75": 58748.28332285109,
      "p90": 59478.93643236464,
      "p95": 59838.80546534422,
      "p99": 60579.78774972325
    }
  },
  "details": {
    "DNSDialup": {
      "average": 0.0012419299200000001,
      "fastest": 0.0001284,
      "slowest": 0.001419502
    },
    "DNSLookup": {
      "average": 0.000006719999999999999,
      "fastest": 0.000003,
      "slowest": 0.0000359
    }
  },
  "statusCodeDistribution": {
    "200": 571245
  },
  "errorDistribution": {}
}