{
  "summary": {
    "successRate": 1,
    "total": 10.000626286,
    "slowest": 0.006570012,
    "fastest": 0.000101728,
    "average": 0.0010175950768859274,
    "requestsPerSec": 49047.528221974004,
    "totalData": 6376578,
    "sizePerRequest": 13,
    "sizePerSec": 637617.866885662
  },
  "responseTimeHistogram": {
    "0.000101728": 1,
    "0.0007485564000000001": 21464,
    "0.0013953848": 466114,
    "0.0020422132000000003": 2616,
    "0.0026890416000000003": 126,
    "0.0033358700000000003": 69,
    "0.0039826984": 65,
    "0.0046295267999999995": 0,
    "0.0052763552": 16,
    "0.0059231836000000005": 25,
    "0.006570012": 10
  },
  "latencyPercentiles": {
    "p10": 0.000871639,
    "p25": 0.000949158,
    "p50": 0.001030304,
    "p75": 0.00109641,
    "p90": 0.001148592,
    "p95": 0.001192246,
    "p99": 0.00132024
  },
  "rps": {
    "mean": 49044.94521628473,
    "stddev": 3411.828503724023,
    "max": 65115.95340858496,
    "percentiles": {
      "p10": 46801.59593442139,
      "p25": 47623.997732455944,
      "p50": 48560.43345943848,
      "p75": 50027.11570736156,
      "p90": 52634.6283219736,
      "p95": 55041.03163536032,
      "p99": 58901.66102684101
    }
  },
  "details": {
    "DNSDialup": {
      "average": 0.00067899088,
      "fastest": 0.000082053,
      "slowest": 0.001070576
    },
    "DNSLookup": {
      "average": 0.000008006580000000003,
      "fastest": 0.000003556,
      "slowest": 0.000050894
    }
  },
  "statusCodeDistribution": {
    "200": 490506
  },
  "errorDistribution": {}
}