{
  "summary": {
    "successRate": 1,
    "total": 10.000553868,
    "slowest": 0.01817854,
    "fastest": 0.000049601,
    "average": 0.00118656782018829,
    "requestsPerSec": 42060.57039959939,
    "totalData": 5468177,
    "sizePerRequest": 13,
    "sizePerSec": 546787.4151947921
  },
  "responseTimeHistogram": {
    "0.000049601": 1,
    "0.0018624949": 396785,
    "0.0036753887999999998": 17021,
    "0.0054882826999999995": 1834,
    "0.0073011766": 1237,
    "0.0091140705": 1949,
    "0.0109269644": 941,
    "0.0127398583": 330,
    "0.0145527522": 228,
    "0.0163656461": 249,
    "0.01817854": 54
  },
  "latencyPercentiles": {
    "p10": 0.000790906,
    "p25": 0.000871306,
    "p50": 0.000974208,
    "p75": 0.001111808,
    "p90": 0.001594413,
    "p95": 0.001971715,
    "p99": 0.006943653
  },
  "rps": {
    "mean": 42083.7009422672,
    "stddev": 14466.70183045003,
    "max": 60386.61321378103,
    "percentiles": {
      "p10": 16493.00777417636,
      "p25": 36949.12578569512,
      "p50": 47234.589890176554,
      "p75": 53420.9985617432,
      "p90": 55218.90142996005,
      "p95": 56031.13752904567,
      "p99": 57619.146842494745
    }
  },
  "details": {
    "DNSDialup": {
      "average": 0.00142447102,
      "fastest": 0.0000764,
      "slowest": 0.002488719
    },
    "DNSLookup": {
      "average": 0.00001378208,
      "fastest": 0.0000034,
      "slowest": 0.000165901
    }
  },
  "statusCodeDistribution": {
    "200": 420629
  },
  "errorDistribution": {}
}