{
  "summary": {
    "successRate": 1,
    "total": 10.000692537,
    "slowest": 0.006467525,
    "fastest": 0.00015994,
    "average": 0.001005808274016919,
    "requestsPerSec": 49628.16306608346,
    "totalData": 6452108,
    "sizePerRequest": 13,
    "sizePerSec": 645166.1198590851
  },
  "responseTimeHistogram": {
    "0.00015994": 1,
    "0.0007906985": 17470,
    "0.0014214569999999999": 476431,
    "0.0020522154999999998": 2050,
    "0.002682974": 162,
    "0.0033137325": 70,
    "0.003944491": 28,
    "0.0045752495": 45,
    "0.005206008": 27,
    "0.0058367665": 21,
    "0.006467525": 11
  },
  "latencyPercentiles": {
    "p10": 0.000880943,
    "p25": 0.00093827,
    "p50": 0.001015484,
    "p75": 0.001074364,
    "p90": 0.001119278,
    "p95": 0.001155016,
    "p99": 0.001260688
  },
  "rps": {
    "mean": 49626.96678002354,
    "stddev": 2886.9853102922616,
    "max": 65167.393580240096,
    "percentiles": {
      "p10": 48124.91302424566,
      "p25": 48781.11812132549,
      "p50": 49579.56032044627,
      "p75": 50615.047853727796,
      "p90": 51964.102353802366,
      "p95": 53027.96723112579,
      "p99": 55695.02377113967
    }
  },
  "details": {
    "DNSDialup": {
      "average": 0.00080940098,
      "fastest": 0.000095278,
      "slowest": 0.001456028
    },
    "DNSLookup": {
      "average": 0.00000692572,
      "fastest": 0.000003135,
      "slowest": 0.000039634
    }
  },
  "statusCodeDistribution": {
    "200": 496316
  },
  "errorDistribution": {}
}