{
  "summary": {
    "successRate": 1,
    "total": 10.000221143,
    "slowest": 0.006857952,
    "fastest": 0.00027271,
    "average": 0.0010450103756919297,
    "requestsPerSec": 47764.94371170528,
    "totalData": 6209580,
    "sizePerRequest": 13,
    "sizePerSec": 620944.2682521687
  },
  "responseTimeHistogram": {
    "0.00027271": 1,
    "0.0009312342": 66221,
    "0.0015897584": 410114,
    "0.0022482826": 1104,
    "0.0029068068": 141,
    "0.0035653309999999997": 24,
    "0.0042238552": 7,
    "0.0048823794": 1,
    "0.0055409036": 4,
    "0.0061994278": 20,
    "0.006857952": 23
  },
  "latencyPercentiles": {
    "p10": 0.000911506,
    "p25": 0.00096978,
    "p50": 0.001055291,
    "p75": 0.001115888,
    "p90": 0.00117825,
    "p95": 0.001226705,
    "p99": 0.001334108
  },
  "rps": {
    "mean": 47764.803770849656,
    "stddev": 3077.160243674807,
    "max": 62447.66630369688,
    "percentiles": {
      "p10": 45840.61672933539,
      "p25": 46755.311794718626,
      "p50": 47555.40581802451,
      "p75": 48411.088925757605,
      "p90": 49975.41289806311,
      "p95": 52572.47261105042,
      "p99": 58326.53273974338
    }
  },
  "details": {
    "DNSDialup": {
      "average": 0.00127561028,
      "fastest": 0.000091922,
      "slowest": 0.002028449
    },
    "DNSLookup": {
      "average": 0.00001801468,
      "fastest": 0.000004599,
      "slowest": 0.000472201
    }
  },
  "statusCodeDistribution": {
    "200": 477660
  },
  "errorDistribution": {}
}