{
  "summary": {
    "successRate": 1,
    "total": 10.000604455,
    "slowest": 0.012075675,
    "fastest": 0.000107602,
    "average": 0.0008800137171196688,
    "requestsPerSec": 56651.275685315566,
    "totalData": 7365111,
    "sizePerRequest": 13,
    "sizePerSec": 736466.5839091024
  },
  "responseTimeHistogram": {
    "0.000107602": 1,
    "0.0013044093": 517735,
    "0.0025012166": 47243,
    "0.0036980239": 1186,
    "0.0048948312": 168,
    "0.0060916385": 48,
    "0.0072884458": 54,
    "0.0084852531": 93,
    "0.0096820604": 16,
    "0.0108788677": 2,
    "0.012075675": 1
  },
  "latencyPercentiles": {
    "p10": 0.000688016,
    "p25": 0.000733016,
    "p50": 0.000770417,
    "p75": 0.000823718,
    "p90": 0.001068324,
    "p95": 0.001917744,
    "p99": 0.002052547
  },
  "rps": {
    "mean": 56619.70740879749,
    "stddev": 14389.04794657885,
    "max": 67005.17279934105,
    "percentiles": {
      "p10": 25970.046409176863,
      "p25": 58875.201294609105,
      "p50": 63870.078249857805,
      "p75": 64827.69439103353,
      "p90": 65517.50627767831,
      "p95": 65768.87316397605,
      "p99": 66396.61359189826
    }
  },
  "details": {
    "DNSDialup": {
      "average": 0.0014330367199999995,
      "fastest": 0.000083102,
      "slowest": 0.002447856
    },
    "DNSLookup": {
      "average": 0.000010528279999999999,
      "fastest": 0.000003501,
      "slowest": 0.000143803
    }
  },
  "statusCodeDistribution": {
    "200": 566547
  },
  "errorDistribution": {}
}