{
  "summary": {
    "successRate": 1,
    "total": 10.000502074,
    "slowest": 0.007009906,
    "fastest": 0.000285503,
    "average": 0.0010261092141342972,
    "requestsPerSec": 48640.85786899263,
    "totalData": 6323629,
    "sizePerRequest": 13,
    "sizePerSec": 632331.1522969041
  },
  "responseTimeHistogram": {
    "0.000285503": 1,
    "0.0009579432999999999": 125299,
    "0.0016303835999999998": 360085,
    "0.0023028238999999997": 827,
    "0.0029752641999999997": 133,
    "0.0036477044999999996": 34,
    "0.0043201448": 4,
    "0.0049925850999999995": 0,
    "0.0056650254": 0,
    "0.0063374657": 33,
    "0.007009906": 17
  },
  "latencyPercentiles": {
    "p10": 0.0008935,
    "p25": 0.000955698,
    "p50": 0.001036088,
    "p75": 0.001096884,
    "p90": 0.001149531,
    "p95": 0.001194696,
    "p99": 0.001324998
  },
  "rps": {
    "mean": 48644.47906928244,
    "stddev": 3122.90678313398,
    "max": 62318.000229582845,
    "percentiles": {
      "p10": 46933.026770937824,
      "p25": 47642.05364074833,
      "p50": 48441.94588093783,
      "p75": 49203.267096935655,
      "p90": 51155.84405474768,
      "p95": 53705.98821768203,
      "p99": 58021.00118907947
    }
  },
  "details": {
    "DNSDialup": {
      "average": 0.0005888179800000001,
      "fastest": 0.00007399,
      "slowest": 0.000889885
    },
    "DNSLookup": {
      "average": 0.000008763239999999999,
      "fastest": 0.000004088,
      "slowest": 0.000047269
    }
  },
  "statusCodeDistribution": {
    "200": 486433
  },
  "errorDistribution": {}
}