{
  "summary": {
    "successRate": 1,
    "total": 10.000906913,
    "slowest": 0.013799134,
    "fastest": 0.0002038,
    "average": 0.0015244771741554414,
    "requestsPerSec": 32712.633248764247,
    "totalData": 4253028,
    "sizePerRequest": 13,
    "sizePerSec": 425264.2322339352
  },
  "responseTimeHistogram": {
    "0.0002038": 1,
    "0.0015633334": 251493,
    "0.0029228668": 60864,
    "0.0042824002": 11478,
    "0.005641933599999999": 2064,
    "0.007001466999999999": 313,
    "0.0083610004": 209,
    "0.0097205338": 257,
    "0.0110800672": 339,
    "0.0124396006": 124,
    "0.013799134": 14
  },
  "latencyPercentiles": {
    "p10": 0.001114903,
    "p25": 0.001231103,
    "p50": 0.001343504,
    "p75": 0.001542904,
    "p90": 0.001907105,
    "p95": 0.002768607,
    "p99": 0.004296711
  },
  "rps": {
    "mean": 32695.665830422848,
    "stddev": 7957.346124411095,
    "max": 42534.28736164547,
    "percentiles": {
      "p10": 20600.845653140557,
      "p25": 29946.967738875388,
      "p50": 35366.49701249677,
      "p75": 38375.537117924425,
      "p90": 39635.27205442172,
      "p95": 40321.68903653753,
      "p99": 41779.35088780946
    }
  },
  "details": {
    "DNSDialup": {
      "average": 0.0019821469200000004,
      "fastest": 0.0001043,
      "slowest": 0.002560906
    },
    "DNSLookup": {
      "average": 0.000008024019999999998,
      "fastest": 0.0000051,
      "slowest": 0.0000363
    }
  },
  "statusCodeDistribution": {
    "200": 327156
  },
  "errorDistribution": {}
}