{
  "summary": {
    "successRate": 1,
    "total": 10.000295204,
    "slowest": 0.005878491,
    "fastest": 0.00023797,
    "average": 0.000993606810164411,
    "requestsPerSec": 50238.316944788465,
    "totalData": 6531174,
    "sizePerRequest": 13,
    "sizePerSec": 653098.12028225
  },
  "responseTimeHistogram": {
    "0.00023797": 1,
    "0.0008020221": 35643,
    "0.0013660742000000002": 464298,
    "0.0019301263": 2058,
    "0.0024941784000000002": 184,
    "0.0030582305000000005": 138,
    "0.0036222826000000003": 26,
    "0.0041863347": 0,
    "0.0047503868": 5,
    "0.0053144389": 14,
    "0.0058784910000000004": 31
  },
  "latencyPercentiles": {
    "p10": 0.000849419,
    "p25": 0.00092684,
    "p50": 0.001009904,
    "p75": 0.001073093,
    "p90": 0.001128482,
    "p95": 0.001169487,
    "p99": 0.00128076
  },
  "rps": {
    "mean": 50236.68796523637,
    "stddev": 3750.945887592986,
    "max": 67984.57131265594,
    "percentiles": {
      "p10": 47744.01520761962,
      "p25": 48649.024627261075,
      "p50": 49612.05378467937,
      "p75": 50895.33204645473,
      "p90": 54847.29240375018,
      "p95": 56524.98404294696,
      "p99": 62423.14023775347
    }
  },
  "details": {
    "DNSDialup": {
      "average": 0.0006697366200000001,
      "fastest": 0.000180161,
      "slowest": 0.001010135
    },
    "DNSLookup": {
      "average": 0.0000073433600000000004,
      "fastest": 0.000004278,
      "slowest": 0.000046377
    }
  },
  "statusCodeDistribution": {
    "200": 502398
  },
  "errorDistribution": {}
}