{
  "summary": {
    "successRate": 1,
    "total": 10.002139081,
    "slowest": 0.018848639,
    "fastest": 0.000042201,
    "average": 0.0010406894134463906,
    "requestsPerSec": 47959.441087080006,
    "totalData": 6236061,
    "sizePerRequest": 13,
    "sizePerSec": 623472.7341320401
  },
  "responseTimeHistogram": {
    "0.000042201": 1,
    "0.0019228448000000002": 459939,
    "0.0038034886000000005": 14200,
    "0.005684132400000002": 3405,
    "0.007564776200000001": 863,
    "0.009445420000000001": 809,
    "0.011326063800000003": 297,
    "0.013206707600000003": 117,
    "0.015087351400000002": 55,
    "0.016967995200000002": 10,
    "0.018848639": 1
  },
  "latencyPercentiles": {
    "p10": 0.000647812,
    "p25": 0.000781414,
    "p50": 0.000923417,
    "p75": 0.001015218,
    "p90": 0.001451927,
    "p95": 0.001740731,
    "p99": 0.004194676
  },
  "rps": {
    "mean": 47818.61516711378,
    "stddev": 13136.849985861749,
    "max": 64467.43350848843,
    "percentiles": {
      "p10": 28059.71872495394,
      "p25": 40502.45039824946,
      "p50": 52048.71372465599,
      "p75": 59141.01794008722,
      "p90": 60044.86822143748,
      "p95": 60498.56233142668,
      "p99": 61635.87207754046
    }
  },
  "details": {
    "DNSDialup": {
      "average": 0.0017244576800000003,
      "fastest": 0.000152903,
      "slowest": 0.002738353
    },
    "DNSLookup": {
      "average": 0.000006812160000000002,
      "fastest": 0.0000035,
      "slowest": 0.000052301
    }
  },
  "statusCodeDistribution": {
    "200": 479697
  },
  "errorDistribution": {}
}