{
  "summary": {
    "successRate": 1,
    "total": 10.000757484,
    "slowest": 0.006475183,
    "fastest": 0.000252227,
    "average": 0.0009826464320283209,
    "requestsPerSec": 50801.151894025876,
    "totalData": 6604650,
    "sizePerRequest": 13,
    "sizePerSec": 660414.9746223363
  },
  "responseTimeHistogram": {
    "0.000252227": 1,
    "0.0008745226": 105507,
    "0.0014968182": 400161,
    "0.0021191138": 1986,
    "0.0027414094": 208,
    "0.003363705": 93,
    "0.0039860006": 38,
    "0.0046082962": 8,
    "0.0052305918": 10,
    "0.0058528874": 13,
    "0.006475183": 25
  },
  "latencyPercentiles": {
    "p10": 0.00066427,
    "p25": 0.00091718,
    "p50": 0.001017458,
    "p75": 0.001104161,
    "p90": 0.001156406,
    "p95": 0.00119287,
    "p99": 0.001313469
  },
  "rps": {
    "mean": 50798.33326651847,
    "stddev": 6217.8182418717215,
    "max": 77638.26013459654,
    "percentiles": {
      "p10": 46411.57504681492,
      "p25": 47405.69342378071,
      "p50": 48649.19893488216,
      "p75": 52819.04654818605,
      "p90": 59190.980099955705,
      "p95": 64082.55297567572,
      "p99": 71639.22125446085
    }
  },
  "details": {
    "DNSDialup": {
      "average": 0.0007709474799999999,
      "fastest": 0.000098864,
      "slowest": 0.001383382
    },
    "DNSLookup": {
      "average": 0.000008389980000000001,
      "fastest": 0.000003036,
      "slowest": 0.000034775
    }
  },
  "statusCodeDistribution": {
    "200": 508050
  },
  "errorDistribution": {}
}