{
  "summary": {
    "successRate": 1,
    "total": 10.000668056,
    "slowest": 0.007010086,
    "fastest": 0.000319176,
    "average": 0.0010152468715722111,
    "requestsPerSec": 49160.51580224552,
    "totalData": 6391294,
    "sizePerRequest": 13,
    "sizePerSec": 639086.7054291918
  },
  "responseTimeHistogram": {
    "0.000319176": 1,
    "0.000988267": 190604,
    "0.0016573579999999998": 300165,
    "0.0023264489999999995": 609,
    "0.0029955399999999997": 164,
    "0.003664631": 41,
    "0.004333721999999999": 3,
    "0.005002812999999999": 1,
    "0.005671903999999999": 14,
    "0.0063409949999999994": 19,
    "0.007010086": 17
  },
  "latencyPercentiles": {
    "p10": 0.000878947,
    "p25": 0.000945479,
    "p50": 0.001026546,
    "p75": 0.001088401,
    "p90": 0.001142472,
    "p95": 0.001186975,
    "p99": 0.001311952
  },
  "rps": {
    "mean": 49158.85565903396,
    "stddev": 3295.8810422843853,
    "max": 65704.23792334505,
    "percentiles": {
      "p10": 47302.642002882734,
      "p25": 48049.16871434547,
      "p50": 48798.778739985144,
      "p75": 49726.54443370174,
      "p90": 51926.60719352575,
      "p95": 54805.003696843814,
      "p99": 59819.111815446595
    }
  },
  "details": {
    "DNSDialup": {
      "average": 0.0008830886599999998,
      "fastest": 0.000204542,
      "slowest": 0.001307428
    },
    "DNSLookup": {
      "average": 0.000008041940000000001,
      "fastest": 0.000004107,
      "slowest": 0.000048731
    }
  },
  "statusCodeDistribution": {
    "200": 491638
  },
  "errorDistribution": {}
}