{
  "summary": {
    "successRate": 1,
    "total": 10.000379781,
    "slowest": 0.006122428,
    "fastest": 0.000319427,
    "average": 0.000999984784335064,
    "requestsPerSec": 49917.20423942568,
    "totalData": 6489483,
    "sizePerRequest": 13,
    "sizePerSec": 648923.6551125338
  },
  "responseTimeHistogram": {
    "0.000319427": 1,
    "0.0008997270999999999": 78065,
    "0.0014800272": 419960,
    "0.0020603273": 878,
    "0.0026406274": 158,
    "0.0032209275000000003": 73,
    "0.0038012276": 8,
    "0.0043815276999999994": 2,
    "0.0049618278": 9,
    "0.0055421279": 22,
    "0.006122428": 15
  },
  "latencyPercentiles": {
    "p10": 0.000868576,
    "p25": 0.000932607,
    "p50": 0.001013136,
    "p75": 0.001074102,
    "p90": 0.001128714,
    "p95": 0.00116953,
    "p99": 0.001278053
  },
  "rps": {
    "mean": 49915.47486274053,
    "stddev": 3722.9971134063617,
    "max": 72509.60027107963,
    "percentiles": {
      "p10": 47769.676850654505,
      "p25": 48624.706213229416,
      "p50": 49491.465176792706,
      "p75": 50222.74643541933,
      "p90": 52014.49644015727,
      "p95": 56373.27398152168,
      "p99": 65711.59791645077
    }
  },
  "details": {
    "DNSDialup": {
      "average": 0.0008369644399999999,
      "fastest": 0.0004696,
      "slowest": 0.001275078
    },
    "DNSLookup": {
      "average": 0.000007894520000000002,
      "fastest": 0.000004027,
      "slowest": 0.000050144
    }
  },
  "statusCodeDistribution": {
    "200": 499191
  },
  "errorDistribution": {}
}