{
  "summary": {
    "successRate": 1,
    "total": 10.000621558,
    "slowest": 0.00644445,
    "fastest": 0.000185244,
    "average": 0.0009824978308479674,
    "requestsPerSec": 50794.34283698549,
    "totalData": 6603675,
    "sizePerRequest": 13,
    "sizePerSec": 660326.4568808114
  },
  "responseTimeHistogram": {
    "0.000185244": 1,
    "0.0008111646": 57723,
    "0.0014370852": 448180,
    "0.0020630058": 1760,
    "0.0026889263999999996": 196,
    "0.003314847": 27,
    "0.0039407676": 33,
    "0.0045666882": 11,
    "0.0051926088": 1,
    "0.0058185293999999995": 20,
    "0.00644445": 23
  },
  "latencyPercentiles": {
    "p10": 0.000786532,
    "p25": 0.000917546,
    "p50": 0.001000502,
    "p75": 0.001073999,
    "p90": 0.001124928,
    "p95": 0.001166209,
    "p99": 0.001298303
  },
  "rps": {
    "mean": 50793.167152515016,
    "stddev": 3912.8703591990206,
    "max": 65080.19404126482,
    "percentiles": {
      "p10": 47968.200495030724,
      "p25": 48766.2688151903,
      "p50": 49999.09920651022,
      "p75": 52363.110725293816,
      "p90": 55536.01881728656,
      "p95": 57526.145633191,
      "p99": 61724.998624440304
    }
  },
  "details": {
    "DNSDialup": {
      "average": 0.0007417342,
      "fastest": 0.000075481,
      "slowest": 0.001735636
    },
    "DNSLookup": {
      "average": 0.000008026140000000002,
      "fastest": 0.000003707,
      "slowest": 0.000050474
    }
  },
  "statusCodeDistribution": {
    "200": 507975
  },
  "errorDistribution": {}
}