{
  "summary": {
    "successRate": 1,
    "total": 10.000726292,
    "slowest": 0.01286536,
    "fastest": 0.000084099,
    "average": 0.0007344575475890349,
    "requestsPerSec": 67965.5637154798,
    "totalData": 8836165,
    "sizePerRequest": 13,
    "sizePerSec": 883552.3283012374
  },
  "responseTimeHistogram": {
    "0.000084099": 1,
    "0.0013622251": 644389,
    "0.0026403511999999996": 34487,
    "0.0039184773": 394,
    "0.005196603399999999": 178,
    "0.006474729499999999": 163,
    "0.0077528556": 51,
    "0.0090309817": 33,
    "0.0103091078": 5,
    "0.0115872339": 1,
    "0.01286536": 3
  },
  "latencyPercentiles": {
    "p10": 0.000596797,
    "p25": 0.000634797,
    "p50": 0.000668697,
    "p75": 0.000703597,
    "p90": 0.000829696,
    "p95": 0.001520095,
    "p99": 0.001861791
  },
  "rps": {
    "mean": 67950.71516478548,
    "stddev": 14522.125922123209,
    "max": 76903.37096451421,
    "percentiles": {
      "p10": 38233.056300478,
      "p25": 72121.48864762357,
      "p50": 73929.17245144828,
      "p75": 74868.37317047059,
      "p90": 75344.03859055782,
      "p95": 75664.66302101348,
      "p99": 76227.03010486554
    }
  },
  "details": {
    "DNSDialup": {
      "average": 0.0012346521200000003,
      "fastest": 0.000076199,
      "slowest": 0.002131194
    },
    "DNSLookup": {
      "average": 0.000009479980000000001,
      "fastest": 0.0000033,
      "slowest": 0.00017
    }
  },
  "statusCodeDistribution": {
    "200": 679705
  },
  "errorDistribution": {}
}