{
  "summary": {
    "successRate": 1,
    "total": 10.00077058,
    "slowest": 0.018088853,
    "fastest": 0.000436803,
    "average": 0.001931861429051662,
    "requestsPerSec": 25846.408327467103,
    "totalData": 3360292,
    "sizePerRequest": 13,
    "sizePerSec": 336003.30825707235
  },
  "responseTimeHistogram": {
    "0.000436803": 1,
    "0.002202008": 196507,
    "0.003967213": 54100,
    "0.005732418": 6190,
    "0.007497623": 1018,
    "0.009262827999999999": 95,
    "0.011028033": 9,
    "0.012793237999999998": 41,
    "0.014558442999999999": 172,
    "0.016323648": 269,
    "0.018088853": 82
  },
  "latencyPercentiles": {
    "p10": 0.001303711,
    "p25": 0.001555713,
    "p50": 0.001647614,
    "p75": 0.001928116,
    "p90": 0.002679022,
    "p95": 0.003301728,
    "p99": 0.005528747
  },
  "rps": {
    "mean": 25972.01607418905,
    "stddev": 7593.72847828501,
    "max": 35500.46706266557,
    "percentiles": {
      "p10": 16825.60015062919,
      "p25": 19230.027688235423,
      "p50": 31195.81795484712,
      "p75": 32275.582816849346,
      "p90": 33066.48510283681,
      "p95": 33329.69492554973,
      "p99": 33788.02259924603
    }
  },
  "details": {
    "DNSDialup": {
      "average": 0.0022067148000000005,
      "fastest": 0.000089801,
      "slowest": 0.005149344
    },
    "DNSLookup": {
      "average": 0.000006226060000000001,
      "fastest": 0.000004,
      "slowest": 0.000050101
    }
  },
  "statusCodeDistribution": {
    "200": 258484
  },
  "errorDistribution": {}
}