{
  "summary": {
    "successRate": 1,
    "total": 10.001678823,
    "slowest": 0.014527743,
    "fastest": 0.000445401,
    "average": 0.0018685305472117852,
    "requestsPerSec": 26715.514937906537,
    "totalData": 3473600,
    "sizePerRequest": 13,
    "sizePerSec": 347301.694192785
  },
  "responseTimeHistogram": {
    "0.000445401": 1,
    "0.0018536352": 188828,
    "0.0032618694": 65831,
    "0.0046701035999999994": 8403,
    "0.0060783378": 2869,
    "0.007486572": 491,
    "0.008894806199999999": 100,
    "0.0103030404": 77,
    "0.0117112746": 214,
    "0.0131195088": 238,
    "0.014527743000000001": 148
  },
  "latencyPercentiles": {
    "p10": 0.001369304,
    "p25": 0.001556005,
    "p50": 0.001699805,
    "p75": 0.001898606,
    "p90": 0.002235306,
    "p95": 0.00311281,
    "p99": 0.005073515
  },
  "rps": {
    "mean": 26841.7321783221,
    "stddev": 7075.873040179827,
    "max": 156250.00000002445,
    "percentiles": {
      "p10": 19140.509110198876,
      "p25": 25102.183889997956,
      "p50": 28633.745035729095,
      "p75": 30384.743306181757,
      "p90": 31766.932927678805,
      "p95": 32531.851250676926,
      "p99": 33338.344311465444
    }
  },
  "details": {
    "DNSDialup": {
      "average": 0.00198915586,
      "fastest": 0.0000771,
      "slowest": 0.004203512
    },
    "DNSLookup": {
      "average": 0.000007144039999999999,
      "fastest": 0.0000055,
      "slowest": 0.0000438
    }
  },
  "statusCodeDistribution": {
    "200": 267200
  },
  "errorDistribution": {}
}