{
  "summary": {
    "successRate": 0.47553804281218276,
    "total": 10.000739475,
    "slowest": 0.014023201,
    "fastest": 0.000270908,
    "average": 0.0015544047782635505,
    "requestsPerSec": 43241.50239900135,
    "totalData": 2673385,
    "sizePerRequest": 13,
    "sizePerSec": 267318.7324480323
  },
  "responseTimeHistogram": {
    "0.000270908": 1,
    "0.0016461373": 184181,
    "0.0030213666": 16586,
    "0.0043965959": 2874,
    "0.0057718252000000005": 591,
    "0.0071470545000000005": 262,
    "0.0085222838": 156,
    "0.009897513100000001": 368,
    "0.0112727424": 301,
    "0.0126479717": 243,
    "0.014023201": 82
  },
  "latencyPercentiles": {
    "p10": 0.001160534,
    "p25": 0.001356938,
    "p50": 0.001455642,
    "p75": 0.001502443,
    "p90": 0.001678348,
    "p95": 0.002669476,
    "p99": 0.004267423
  },
  "rps": {
    "mean": 32175.825660691946,
    "stddev": 7120.842784060123,
    "max": 39231.48656341243,
    "percentiles": {
      "p10": 24066.08852543149,
      "p25": 30704.034510130947,
      "p50": 35338.62424298548,
      "p75": 36107.27200458127,
      "p90": 36726.8950338227,
      "p95": 36936.71756640148,
      "p99": 37502.3861661685
    }
  },
  "details": {
    "DNSDialup": {
      "average": 0.0017885772800000004,
      "fastest": 0.000059302,
      "slowest": 0.001983957
    },
    "DNSLookup": {
      "average": 0.0000035761200000000005,
      "fastest": 0.0000034,
      "slowest": 0.000004901
    }
  },
  "statusCodeDistribution": {
    "200": 205645
  },
  "errorDistribution": {
    "Connection refused (os error 111)": 226802
  }
}