{
  "summary": {
    "successRate": 1,
    "total": 10.001506454,
    "slowest": 0.010979698,
    "fastest": 0.000405097,
    "average": 0.0012678131351361675,
    "requestsPerSec": 39395.06531462765,
    "totalData": 5122130,
    "sizePerRequest": 13,
    "sizePerSec": 512135.8490901595
  },
  "responseTimeHistogram": {
    "0.000405097": 1,
    "0.0014625570999999998": 368416,
    "0.0025200172": 11654,
    "0.0035774772999999996": 6723,
    "0.0046349374": 5885,
    "0.0056923975": 366,
    "0.006749857599999999": 14,
    "0.007807317699999999": 109,
    "0.0088647778": 135,
    "0.009922237899999999": 287,
    "0.010979698": 420
  },
  "latencyPercentiles": {
    "p10": 0.000980591,
    "p25": 0.00103889,
    "p50": 0.001211589,
    "p75": 0.001276788,
    "p90": 0.001340187,
    "p95": 0.001739085,
    "p99": 0.004041264
  },
  "rps": {
    "mean": 39397.39515836082,
    "stddev": 7844.886451819958,
    "max": 46688.501322452146,
    "percentiles": {
      "p10": 30216.324711876092,
      "p25": 39001.84278602231,
      "p50": 43109.00978304442,
      "p75": 43606.35590204644,
      "p90": 43993.74171243689,
      "p95": 44291.33458323888,
      "p99": 44853.896279769855
    }
  },
  "details": {
    "DNSDialup": {
      "average": 0.0013034598800000003,
      "fastest": 0.0000677,
      "slowest": 0.002779374
    },
    "DNSLookup": {
      "average": 0.000004131959999999999,
      "fastest": 0.000003,
      "slowest": 0.0000311
    }
  },
  "statusCodeDistribution": {
    "200": 394010
  },
  "errorDistribution": {}
}