{
  "summary": {
    "successRate": 1,
    "total": 10.000584072,
    "slowest": 0.015250389,
    "fastest": 0.000230403,
    "average": 0.0015203277096970732,
    "requestsPerSec": 32846.18154650518,
    "totalData": 4270253,
    "sizePerRequest": 13,
    "sizePerSec": 427000.36010456725
  },
  "responseTimeHistogram": {
    "0.000230403": 1,
    "0.0017324016": 305772,
    "0.0032344001999999998": 13767,
    "0.004736398799999999": 3881,
    "0.006238397399999999": 3836,
    "0.007740395999999999": 396,
    "0.009242394599999999": 177,
    "0.010744393199999999": 85,
    "0.012246391799999999": 92,
    "0.0137483904": 403,
    "0.015250389": 71
  },
  "latencyPercentiles": {
    "p10": 0.001153415,
    "p25": 0.001279516,
    "p50": 0.001426017,
    "p75": 0.001471818,
    "p90": 0.001543119,
    "p95": 0.002334328,
    "p99": 0.00486816
  },
  "rps": {
    "mean": 32913.35012436493,
    "stddev": 7200.607106406165,
    "max": 38184.29565108028,
    "percentiles": {
      "p10": 22906.8170687586,
      "p25": 33044.199921815605,
      "p50": 36324.61355814692,
      "p75": 36908.4478408692,
      "p90": 37234.06354256093,
      "p95": 37378.89391563586,
      "p99": 37680.51063645069
    }
  },
  "details": {
    "DNSDialup": {
      "average": 0.00183824278,
      "fastest": 0.000079701,
      "slowest": 0.003899448
    },
    "DNSLookup": {
      "average": 0.0000056821,
      "fastest": 0.0000039,
      "slowest": 0.0000491
    }
  },
  "statusCodeDistribution": {
    "200": 328481
  },
  "errorDistribution": {}
}