{
  "summary": {
    "successRate": 1,
    "total": 10.000647442,
    "slowest": 0.008306125,
    "fastest": 0.000505357,
    "average": 0.0011591460338270189,
    "requestsPerSec": 43069.211518355616,
    "totalData": 5599360,
    "sizePerRequest": 13,
    "sizePerSec": 559899.7497386229
  },
  "responseTimeHistogram": {
    "0.000505357": 1,
    "0.0012854338": 384673,
    "0.0020655105999999998": 45272,
    "0.0028455874": 626,
    "0.0036256642": 42,
    "0.0044057409999999995": 17,
    "0.005185817799999999": 12,
    "0.0059658946": 25,
    "0.006745971399999999": 2,
    "0.007526048199999999": 11,
    "0.008306125": 39
  },
  "latencyPercentiles": {
    "p10": 0.001014579,
    "p25": 0.001068423,
    "p50": 0.001166803,
    "p75": 0.001231238,
    "p90": 0.00129024,
    "p95": 0.001345768,
    "p99": 0.001473834
  },
  "rps": {
    "mean": 43066.392186773744,
    "stddev": 2681.3073860000263,
    "max": 48516.71400797431,
    "percentiles": {
      "p10": 40903.449668304434,
      "p25": 42451.888943859485,
      "p50": 43445.18064929392,
      "p75": 44261.41659722862,
      "p90": 45153.53103622849,
      "p95": 45810.00032306891,
      "p99": 47005.43254238151
    }
  },
  "details": {
    "DNSDialup": {
      "average": 0.0006886919400000001,
      "fastest": 0.000085758,
      "slowest": 0.001131892
    },
    "DNSLookup": {
      "average": 0.000006708800000000001,
      "fastest": 0.000003166,
      "slowest": 0.000035076
    }
  },
  "statusCodeDistribution": {
    "200": 430720
  },
  "errorDistribution": {}
}