{
  "summary": {
    "successRate": 1,
    "total": 10.000718794,
    "slowest": 0.008082064,
    "fastest": 0.000287717,
    "average": 0.0011378228021749874,
    "requestsPerSec": 43878.04607237514,
    "totalData": 5704556,
    "sizePerRequest": 13,
    "sizePerSec": 570414.5989408769
  },
  "responseTimeHistogram": {
    "0.000287717": 1,
    "0.0010671517": 130945,
    "0.0018465864": 306928,
    "0.0026260210999999997": 773,
    "0.0034054557999999998": 55,
    "0.0041848905": 21,
    "0.0049643251999999995": 16,
    "0.0057437599": 23,
    "0.0065231946": 0,
    "0.007302629299999999": 11,
    "0.008082064": 39
  },
  "latencyPercentiles": {
    "p10": 0.000998517,
    "p25": 0.001051871,
    "p50": 0.001146972,
    "p75": 0.001210329,
    "p90": 0.00126426,
    "p95": 0.001309654,
    "p99": 0.001447107
  },
  "rps": {
    "mean": 43871.495779432174,
    "stddev": 2703.9549797921118,
    "max": 52924.54733725116,
    "percentiles": {
      "p10": 41876.29022553243,
      "p25": 43205.24943780737,
      "p50": 44224.3720514361,
      "p75": 45102.95875409568,
      "p90": 45824.00261256927,
      "p95": 46614.82343295923,
      "p99": 48443.28892297595
    }
  },
  "details": {
    "DNSDialup": {
      "average": 0.0007939421199999999,
      "fastest": 0.000130804,
      "slowest": 0.001200678
    },
    "DNSLookup": {
      "average": 0.00000666514,
      "fastest": 0.000003316,
      "slowest": 0.000036297
    }
  },
  "statusCodeDistribution": {
    "200": 438812
  },
  "errorDistribution": {}
}