{
  "summary": {
    "successRate": 1,
    "total": 10.000696179,
    "slowest": 0.007850345,
    "fastest": 0.000175335,
    "average": 0.0011244141585175164,
    "requestsPerSec": 44398.30908295809,
    "totalData": 5772182,
    "sizePerRequest": 13,
    "sizePerSec": 577178.0180784552
  },
  "responseTimeHistogram": {
    "0.000175335": 1,
    "0.000942836": 19033,
    "0.001710337": 423601,
    "0.002477838": 1160,
    "0.003245339": 108,
    "0.00401284": 18,
    "0.0047803410000000005": 7,
    "0.005547841999999999": 34,
    "0.006315342999999999": 2,
    "0.007082844": 11,
    "0.007850345": 39
  },
  "latencyPercentiles": {
    "p10": 0.000989304,
    "p25": 0.001039366,
    "p50": 0.001134133,
    "p75": 0.001194525,
    "p90": 0.001245612,
    "p95": 0.001291697,
    "p99": 0.001417147
  },
  "rps": {
    "mean": 44394.31573361351,
    "stddev": 2714.0092314724325,
    "max": 52500.67725873784,
    "percentiles": {
      "p10": 42410.365093228706,
      "p25": 44000.523606232186,
      "p50": 44691.42077032825,
      "p75": 45501.31043774089,
      "p90": 46425.96285176337,
      "p95": 46915.18644585165,
      "p99": 48712.24059096199
    }
  },
  "details": {
    "DNSDialup": {
      "average": 0.00074330812,
      "fastest": 0.000099906,
      "slowest": 0.0011491
    },
    "DNSLookup": {
      "average": 0.000007332199999999999,
      "fastest": 0.000003937,
      "slowest": 0.000037179
    }
  },
  "statusCodeDistribution": {
    "200": 444014
  },
  "errorDistribution": {}
}