{
  "summary": {
    "successRate": 1,
    "total": 10.000607623,
    "slowest": 0.018670094,
    "fastest": 0.000308621,
    "average": 0.0020644925326775217,
    "requestsPerSec": 24191.030097371913,
    "totalData": 3145025,
    "sizePerRequest": 13,
    "sizePerSec": 314483.39126583486
  },
  "responseTimeHistogram": {
    "0.000308621": 1,
    "0.0021447683000000006": 210059,
    "0.003980915600000001": 20654,
    "0.005817062900000001": 9262,
    "0.0076532102000000015": 632,
    "0.009489357500000002": 159,
    "0.011325504800000002": 8,
    "0.013161652100000002": 457,
    "0.014997799400000003": 603,
    "0.0168339467": 40,
    "0.018670094": 50
  },
  "latencyPercentiles": {
    "p10": 0.001509606,
    "p25": 0.001793326,
    "p50": 0.001902633,
    "p75": 0.001983139,
    "p90": 0.002361964,
    "p95": 0.003822667,
    "p99": 0.005264669
  },
  "rps": {
    "mean": 24348.300123137844,
    "stddev": 5542.8577267287965,
    "max": 31665.146127768665,
    "percentiles": {
      "p10": 18504.81125092516,
      "p25": 21112.667600560213,
      "p50": 26826.309345730886,
      "p75": 27730.456733730545,
      "p90": 28208.973742964972,
      "p95": 28502.280182416533,
      "p99": 29301.880720847395
    }
  },
  "details": {
    "DNSDialup": {
      "average": 0.0020206480600000005,
      "fastest": 0.000203714,
      "slowest": 0.002254957
    },
    "DNSLookup": {
      "average": 0.00000564248,
      "fastest": 0.0000041,
      "slowest": 0.000051904
    }
  },
  "statusCodeDistribution": {
    "200": 241925
  },
  "errorDistribution": {}
}