{
  "summary": {
    "successRate": 1,
    "total": 10.000581128,
    "slowest": 0.007768963,
    "fastest": 0.000213555,
    "average": 0.0011273056609569477,
    "requestsPerSec": 44278.22686825765,
    "totalData": 5756504,
    "sizePerRequest": 13,
    "sizePerSec": 575616.9492873495
  },
  "responseTimeHistogram": {
    "0.000213555": 1,
    "0.0009690958000000001": 36380,
    "0.0017246366": 405087,
    "0.0024801773999999998": 1061,
    "0.0032357182": 115,
    "0.0039912590000000005": 47,
    "0.0047467998": 20,
    "0.0055023406": 17,
    "0.0062578814": 42,
    "0.0070134222": 32,
    "0.007768963": 6
  },
  "latencyPercentiles": {
    "p10": 0.000985024,
    "p25": 0.00104699,
    "p50": 0.00113756,
    "p75": 0.001205852,
    "p90": 0.001254724,
    "p95": 0.001300396,
    "p99": 0.001440034
  },
  "rps": {
    "mean": 44274.26520884803,
    "stddev": 2799.308993313716,
    "max": 59287.32429996065,
    "percentiles": {
      "p10": 42412.64643650972,
      "p25": 43404.93393698263,
      "p50": 44286.44026700123,
      "p75": 45430.571006873375,
      "p90": 46704.35621352453,
      "p95": 47510.65707138483,
      "p99": 49074.74083028464
    }
  },
  "details": {
    "DNSDialup": {
      "average": 0.0008515446200000001,
      "fastest": 0.00014157,
      "slowest": 0.001265524
    },
    "DNSLookup": {
      "average": 0.000007983800000000005,
      "fastest": 0.000004337,
      "slowest": 0.000050224
    }
  },
  "statusCodeDistribution": {
    "200": 442808
  },
  "errorDistribution": {}
}