{
  "summary": {
    "successRate": 1,
    "total": 10.0001248,
    "slowest": 0.008616703,
    "fastest": 0.000306604,
    "average": 0.001087721613328099,
    "requestsPerSec": 45891.82726999567,
    "totalData": 5966012,
    "sizePerRequest": 13,
    "sizePerSec": 596593.7545099438
  },
  "responseTimeHistogram": {
    "0.000306604": 1,
    "0.0011376138999999999": 283163,
    "0.0019686238": 175133,
    "0.0027996336999999995": 475,
    "0.0036306435999999996": 50,
    "0.0044616535": 1,
    "0.0052926634": 10,
    "0.0061236733": 35,
    "0.0069546832": 6,
    "0.007785693099999999": 11,
    "0.008616703": 39
  },
  "latencyPercentiles": {
    "p10": 0.000943486,
    "p25": 0.001012367,
    "p50": 0.001099945,
    "p75": 0.001169747,
    "p90": 0.001216441,
    "p95": 0.001252133,
    "p99": 0.001385683
  },
  "rps": {
    "mean": 45888.36336147133,
    "stddev": 3048.9703321152647,
    "max": 61821.546226229344,
    "percentiles": {
      "p10": 43964.17890837103,
      "p25": 44958.07684366724,
      "p50": 45697.701968024296,
      "p75": 47054.46083296993,
      "p90": 48857.58548840476,
      "p95": 49747.112160075754,
      "p99": 52664.36111572053
    }
  },
  "details": {
    "DNSDialup": {
      "average": 0.0006664572200000002,
      "fastest": 0.00009083,
      "slowest": 0.001156765
    },
    "DNSLookup": {
      "average": 0.00000907878,
      "fastest": 0.000003827,
      "slowest": 0.000054352
    }
  },
  "statusCodeDistribution": {
    "200": 458924
  },
  "errorDistribution": {}
}