{
  "summary": {
    "successRate": 1,
    "total": 10.001737161,
    "slowest": 0.017213988,
    "fastest": 0.000235203,
    "average": 0.00153783284201597,
    "requestsPerSec": 32467.259914230017,
    "totalData": 4221477,
    "sizePerRequest": 13,
    "sizePerSec": 422074.3788849902
  },
  "responseTimeHistogram": {
    "0.000235203": 1,
    "0.0019330815": 307347,
    "0.00363096": 9814,
    "0.0053288385": 4091,
    "0.007026717": 2645,
    "0.0087245955": 32,
    "0.010422474000000001": 57,
    "0.0121203525": 375,
    "0.013818231": 340,
    "0.0155161095": 5,
    "0.017213988": 22
  },
  "latencyPercentiles": {
    "p10": 0.001194014,
    "p25": 0.001261814,
    "p50": 0.001380017,
    "p75": 0.001584218,
    "p90": 0.001668519,
    "p95": 0.002026522,
    "p99": 0.005368465
  },
  "rps": {
    "mean": 32544.76529500369,
    "stddev": 6883.114070509398,
    "max": 46639.696254633614,
    "percentiles": {
      "p10": 21302.645788606835,
      "p25": 33301.30208091333,
      "p50": 35560.389478000965,
      "p75": 36119.65631696834,
      "p90": 36545.35900117849,
      "p95": 36900.65761383948,
      "p99": 37752.75574259568
    }
  },
  "details": {
    "DNSDialup": {
      "average": 0.0014257455200000003,
      "fastest": 0.000076601,
      "slowest": 0.002877335
    },
    "DNSLookup": {
      "average": 0.000005284079999999999,
      "fastest": 0.0000035,
      "slowest": 0.0000423
    }
  },
  "statusCodeDistribution": {
    "200": 324729
  },
  "errorDistribution": {}
}