{
  "summary": {
    "successRate": 1,
    "total": 10.000623131,
    "slowest": 0.007804046,
    "fastest": 0.000220397,
    "average": 0.001144699048016653,
    "requestsPerSec": 43611.28244579583,
    "totalData": 5669820,
    "sizePerRequest": 13,
    "sizePerSec": 566946.6717953458
  },
  "responseTimeHistogram": {
    "0.000220397": 1,
    "0.0009787619000000002": 25436,
    "0.0017371268000000001": 409372,
    "0.0024954917000000005": 1091,
    "0.0032538566000000005": 126,
    "0.0040122215000000004": 23,
    "0.0047705864": 21,
    "0.0055289513": 20,
    "0.0062873162": 0,
    "0.0070456811": 22,
    "0.007804046": 28
  },
  "latencyPercentiles": {
    "p10": 0.00100653,
    "p25": 0.001057181,
    "p50": 0.00115523,
    "p75": 0.001216138,
    "p90": 0.001270162,
    "p95": 0.001318715,
    "p99": 0.001440515
  },
  "rps": {
    "mean": 43604.060771911856,
    "stddev": 2636.1942978241937,
    "max": 51732.161885050366,
    "percentiles": {
      "p10": 41521.674313993826,
      "p25": 43083.27566352574,
      "p50": 44078.17770299048,
      "p75": 44700.303962065256,
      "p90": 45624.13516750378,
      "p95": 46288.13724212293,
      "p99": 47355.75782305699
    }
  },
  "details": {
    "DNSDialup": {
      "average": 0.00069695518,
      "fastest": 0.000069529,
      "slowest": 0.001649378
    },
    "DNSLookup": {
      "average": 0.00000667258,
      "fastest": 0.000003316,
      "slowest": 0.0000268
    }
  },
  "statusCodeDistribution": {
    "200": 436140
  },
  "errorDistribution": {}
}