{
  "summary": {
    "successRate": 1,
    "total": 10.000293661,
    "slowest": 0.006635419,
    "fastest": 0.000366861,
    "average": 0.0012104625355883033,
    "requestsPerSec": 41244.08882196324,
    "totalData": 5361889,
    "sizePerRequest": 13,
    "sizePerSec": 536173.1546855222
  },
  "responseTimeHistogram": {
    "0.000366861": 1,
    "0.0009937168": 14916,
    "0.0016205726": 392686,
    "0.0022474284000000002": 4381,
    "0.0028742842": 261,
    "0.0035011400000000002": 136,
    "0.0041279958": 25,
    "0.0047548516": 0,
    "0.0053817074": 12,
    "0.006008563200000001": 23,
    "0.006635419": 12
  },
  "latencyPercentiles": {
    "p10": 0.001050158,
    "p25": 0.001102544,
    "p50": 0.001216719,
    "p75": 0.001280386,
    "p90": 0.001376134,
    "p95": 0.001494253,
    "p99": 0.001635923
  },
  "rps": {
    "mean": 41242.37747636488,
    "stddev": 2671.071329551122,
    "max": 56810.271297050094,
    "percentiles": {
      "p10": 39732.22497232751,
      "p25": 40737.61303811941,
      "p50": 41313.57977366958,
      "p75": 42142.42830116388,
      "p90": 42917.40424658602,
      "p95": 43373.339980570985,
      "p99": 49627.83152951782
    }
  },
  "details": {
    "DNSDialup": {
      "average": 0.0012154098399999997,
      "fastest": 0.000095006,
      "slowest": 0.002121235
    },
    "DNSLookup": {
      "average": 0.000008339939999999996,
      "fastest": 0.000003677,
      "slowest": 0.00008051
    }
  },
  "statusCodeDistribution": {
    "200": 412453
  },
  "errorDistribution": {}
}