{
  "summary": {
    "successRate": 1,
    "total": 10.000278855,
    "slowest": 0.007362364,
    "fastest": 0.000156863,
    "average": 0.0010888799677472088,
    "requestsPerSec": 45842.821649996884,
    "totalData": 5959733,
    "sizePerRequest": 13,
    "sizePerSec": 595956.6814499594
  },
  "responseTimeHistogram": {
    "0.000156863": 1,
    "0.0008774131": 17311,
    "0.0015979631999999998": 439822,
    "0.0023185133": 1090,
    "0.0030390634": 136,
    "0.0037596135": 31,
    "0.0044801636": 10,
    "0.0052007137": 14,
    "0.0059212638": 7,
    "0.0066418139": 4,
    "0.007362364": 15
  },
  "latencyPercentiles": {
    "p10": 0.000965186,
    "p25": 0.001018185,
    "p50": 0.001105304,
    "p75": 0.001166129,
    "p90": 0.001205631,
    "p95": 0.001232455,
    "p99": 0.001329263
  },
  "rps": {
    "mean": 45843.526730912876,
    "stddev": 3095.1858350592156,
    "max": 63975.01448252809,
    "percentiles": {
      "p10": 44344.06025827204,
      "p25": 45167.78023646603,
      "p50": 45549.0222614542,
      "p75": 46161.870755376825,
      "p90": 47107.1131740889,
      "p95": 50362.67661240755,
      "p99": 57405.95873851674
    }
  },
  "details": {
    "DNSDialup": {
      "average": 0.0009239846000000001,
      "fastest": 0.000105457,
      "slowest": 0.00172989
    },
    "DNSLookup": {
      "average": 0.00002073442,
      "fastest": 0.000004047,
      "slowest": 0.000598705
    }
  },
  "statusCodeDistribution": {
    "200": 458441
  },
  "errorDistribution": {}
}