{
  "summary": {
    "successRate": 1,
    "total": 10.000611888,
    "slowest": 0.006168552,
    "fastest": 0.000331099,
    "average": 0.00114093211852862,
    "requestsPerSec": 43751.32290905278,
    "totalData": 5688020,
    "sizePerRequest": 13,
    "sizePerSec": 568767.1978176861
  },
  "responseTimeHistogram": {
    "0.000331099": 1,
    "0.0009148443": 12971,
    "0.0014985896": 421421,
    "0.0020823349": 2583,
    "0.0026660802": 368,
    "0.0032498254999999998": 73,
    "0.0038335708": 24,
    "0.0044173161": 13,
    "0.0050010613999999995": 16,
    "0.005584806699999999": 12,
    "0.006168551999999999": 58
  },
  "latencyPercentiles": {
    "p10": 0.001004187,
    "p25": 0.001058347,
    "p50": 0.00115094,
    "p75": 0.001213806,
    "p90": 0.001264749,
    "p95": 0.001311873,
    "p99": 0.001446868
  },
  "rps": {
    "mean": 43751.64068415112,
    "stddev": 2617.5176156283746,
    "max": 52628.18239166652,
    "percentiles": {
      "p10": 41944.29317359124,
      "p25": 42945.00123202918,
      "p50": 43948.83594650339,
      "p75": 44693.047147850746,
      "p90": 46002.571543750586,
      "p95": 47049.290666597735,
      "p99": 49547.55574399589
    }
  },
  "details": {
    "DNSDialup": {
      "average": 0.0008547684399999999,
      "fastest": 0.00030446,
      "slowest": 0.001363369
    },
    "DNSLookup": {
      "average": 0.000008828879999999998,
      "fastest": 0.000004258,
      "slowest": 0.000045616
    }
  },
  "statusCodeDistribution": {
    "200": 437540
  },
  "errorDistribution": {}
}