{
  "summary": {
    "successRate": 1,
    "total": 10.000656696,
    "slowest": 0.008665023,
    "fastest": 0.00026829,
    "average": 0.001122580972062321,
    "requestsPerSec": 44474.67936559593,
    "totalData": 5782088,
    "sizePerRequest": 13,
    "sizePerSec": 578170.8317527472
  },
  "responseTimeHistogram": {
    "0.00026829": 1,
    "0.0011079633": 197301,
    "0.0019476366": 246746,
    "0.0027873099": 564,
    "0.0036269832": 64,
    "0.0044666565": 11,
    "0.0053063298": 27,
    "0.0061460031": 11,
    "0.0069856764": 1,
    "0.0078253497": 24,
    "0.008665023": 26
  },
  "latencyPercentiles": {
    "p10": 0.00098797,
    "p25": 0.001039723,
    "p50": 0.001130569,
    "p75": 0.001194267,
    "p90": 0.001243337,
    "p95": 0.001282853,
    "p99": 0.001414899
  },
  "rps": {
    "mean": 44475.76777486676,
    "stddev": 2612.2607003434114,
    "max": 50870.7833940091,
    "percentiles": {
      "p10": 42827.54239251009,
      "p25": 43941.56887637956,
      "p50": 44706.48243995108,
      "p75": 45552.04859528673,
      "p90": 46461.580178368196,
      "p95": 46993.11821932248,
      "p99": 48580.66664117476
    }
  },
  "details": {
    "DNSDialup": {
      "average": 0.0006636612599999999,
      "fastest": 0.000079047,
      "slowest": 0.001360647
    },
    "DNSLookup": {
      "average": 0.00000729408,
      "fastest": 0.000003697,
      "slowest": 0.000036878
    }
  },
  "statusCodeDistribution": {
    "200": 444776
  },
  "errorDistribution": {}
}