{
  "summary": {
    "successRate": 1,
    "total": 10.000303714,
    "slowest": 0.006426678,
    "fastest": 0.000419913,
    "average": 0.0011830352552877814,
    "requestsPerSec": 42204.418192733305,
    "totalData": 5486741,
    "sizePerRequest": 13,
    "sizePerSec": 548657.4365055329
  },
  "responseTimeHistogram": {
    "0.000419913": 1,
    "0.0010205895": 35215,
    "0.0016212660000000001": 383632,
    "0.0022219425": 2787,
    "0.002822619": 271,
    "0.0034232955000000004": 62,
    "0.004023972": 32,
    "0.0046246485": 1,
    "0.005225325": 17,
    "0.0058260015000000005": 22,
    "0.006426678000000001": 17
  },
  "latencyPercentiles": {
    "p10": 0.001029927,
    "p25": 0.00108263,
    "p50": 0.001191773,
    "p75": 0.001255401,
    "p90": 0.001329579,
    "p95": 0.001428194,
    "p99": 0.001561202
  },
  "rps": {
    "mean": 42201.643000041964,
    "stddev": 2562.9149191472657,
    "max": 58214.39920071103,
    "percentiles": {
      "p10": 40750.685702873365,
      "p25": 41763.31736545628,
      "p50": 42308.41600428516,
      "p75": 43127.34273529459,
      "p90": 44007.89856570446,
      "p95": 44562.96301043729,
      "p99": 47288.22564258253
    }
  },
  "details": {
    "DNSDialup": {
      "average": 0.0006101364400000001,
      "fastest": 0.000097442,
      "slowest": 0.000971134
    },
    "DNSLookup": {
      "average": 0.0000080815,
      "fastest": 0.000003867,
      "slowest": 0.000058409
    }
  },
  "statusCodeDistribution": {
    "200": 422057
  },
  "errorDistribution": {}
}