{
  "summary": {
    "successRate": 1,
    "total": 10.001605703,
    "slowest": 0.017513542,
    "fastest": 0.000419608,
    "average": 0.001653094380045621,
    "requestsPerSec": 30189.952390287708,
    "totalData": 3925324,
    "sizePerRequest": 13,
    "sizePerSec": 392469.3810737402
  },
  "responseTimeHistogram": {
    "0.000419608": 1,
    "0.0021290014000000003": 257037,
    "0.0038383948000000005": 35034,
    "0.005547788200000001": 2946,
    "0.007257181600000001": 4789,
    "0.008966575000000001": 865,
    "0.010675968400000001": 284,
    "0.012385361800000001": 291,
    "0.014094755200000001": 215,
    "0.0158041486": 174,
    "0.017513542": 312
  },
  "latencyPercentiles": {
    "p10": 0.001091323,
    "p25": 0.001284327,
    "p50": 0.001357827,
    "p75": 0.001409927,
    "p90": 0.002790158,
    "p95": 0.002962162,
    "p99": 0.006321823
  },
  "rps": {
    "mean": 30404.960153534033,
    "stddev": 10917.411104251583,
    "max": 91217.98818742001,
    "percentiles": {
      "p10": 15438.1198054237,
      "p25": 19810.50947527741,
      "p50": 37843.91786668204,
      "p75": 38925.38900430209,
      "p90": 39244.047518934945,
      "p95": 39403.11678653756,
      "p99": 39875.01943530581
    }
  },
  "details": {
    "DNSDialup": {
      "average": 0.00140741142,
      "fastest": 0.000077902,
      "slowest": 0.001566333
    },
    "DNSLookup": {
      "average": 0.000004248100000000001,
      "fastest": 0.0000033,
      "slowest": 0.000038601
    }
  },
  "statusCodeDistribution": {
    "200": 301948
  },
  "errorDistribution": {}
}