{
  "summary": {
    "successRate": 1,
    "total": 10.000838172,
    "slowest": 0.013336737,
    "fastest": 0.000242097,
    "average": 0.0013469417376729556,
    "requestsPerSec": 37086.091547647535,
    "totalData": 4821596,
    "sizePerRequest": 13,
    "sizePerSec": 482119.1901194179
  },
  "responseTimeHistogram": {
    "0.000242097": 1,
    "0.001551561": 343375,
    "0.002861025": 17880,
    "0.004170489": 7430,
    "0.005479953": 1103,
    "0.006789417": 213,
    "0.008098881": 139,
    "0.009408345": 38,
    "0.010717809": 110,
    "0.012027273": 339,
    "0.013336737": 264
  },
  "latencyPercentiles": {
    "p10": 0.001024287,
    "p25": 0.001112087,
    "p50": 0.001279385,
    "p75": 0.001319684,
    "p90": 0.001386083,
    "p95": 0.001967176,
    "p99": 0.003998151
  },
  "rps": {
    "mean": 37191.10513761241,
    "stddev": 7491.818832458631,
    "max": 44409.38538956608,
    "percentiles": {
      "p10": 28538.095721116202,
      "p25": 36424.84538703904,
      "p50": 40815.19141424428,
      "p75": 41274.38469609976,
      "p90": 41576.59239851797,
      "p95": 41788.99948033046,
      "p99": 42225.14871546756
    }
  },
  "details": {
    "DNSDialup": {
      "average": 0.0014985118399999998,
      "fastest": 0.000097399,
      "slowest": 0.00165708
    },
    "DNSLookup": {
      "average": 0.000004153959999999999,
      "fastest": 0.0000029,
      "slowest": 0.0000418
    }
  },
  "statusCodeDistribution": {
    "200": 370892
  },
  "errorDistribution": {}
}