{
  "summary": {
    "successRate": 1,
    "total": 10.000153572,
    "slowest": 0.007734746,
    "fastest": 0.000399636,
    "average": 0.0011387710132262907,
    "requestsPerSec": 43836.12679983351,
    "totalData": 5698784,
    "sizePerRequest": 13,
    "sizePerSec": 569869.6483978356
  },
  "responseTimeHistogram": {
    "0.000399636": 1,
    "0.001133147": 199945,
    "0.0018666579999999998": 237561,
    "0.002600169": 659,
    "0.00333368": 86,
    "0.0040671909999999995": 18,
    "0.004800702": 6,
    "0.005534213": 26,
    "0.006267724": 16,
    "0.007001235": 33,
    "0.007734746": 17
  },
  "latencyPercentiles": {
    "p10": 0.001000137,
    "p25": 0.001052635,
    "p50": 0.001147098,
    "p75": 0.001207233,
    "p90": 0.001263759,
    "p95": 0.001315727,
    "p99": 0.001442566
  },
  "rps": {
    "mean": 43825.13044850395,
    "stddev": 2584.572678528101,
    "max": 54529.60809652357,
    "percentiles": {
      "p10": 42068.66026040975,
      "p25": 43172.035011713735,
      "p50": 44130.91812123535,
      "p75": 44846.0569004406,
      "p90": 45588.0990013221,
      "p95": 46381.32873230663,
      "p99": 48562.0017116336
    }
  },
  "details": {
    "DNSDialup": {
      "average": 0.00098418244,
      "fastest": 0.000113442,
      "slowest": 0.001494186
    },
    "DNSLookup": {
      "average": 0.00003452752,
      "fastest": 0.000004418,
      "slowest": 0.000929242
    }
  },
  "statusCodeDistribution": {
    "200": 438368
  },
  "errorDistribution": {}
}