{
  "summary": {
    "successRate": 1,
    "total": 10.000690223,
    "slowest": 0.021954279,
    "fastest": 0.00022431,
    "average": 0.0020605871235712257,
    "requestsPerSec": 24223.22805708608,
    "totalData": 3149237,
    "sizePerRequest": 13,
    "sizePerSec": 314901.964742119
  },
  "responseTimeHistogram": {
    "0.00022431": 1,
    "0.0023973069000000004": 212702,
    "0.004570303800000001": 21476,
    "0.006743300700000001": 7056,
    "0.008916297600000001": 393,
    "0.011089294500000001": 49,
    "0.013262291400000003": 171,
    "0.015435288300000002": 55,
    "0.0176082852": 182,
    "0.019781282100000002": 132,
    "0.021954279": 32
  },
  "latencyPercentiles": {
    "p10": 0.001551969,
    "p25": 0.001696376,
    "p50": 0.001821682,
    "p75": 0.002089393,
    "p90": 0.002519512,
    "p95": 0.003450753,
    "p99": 0.005720755
  },
  "rps": {
    "mean": 24371.647963089763,
    "stddev": 5772.414848512687,
    "max": 52631.57894739267,
    "percentiles": {
      "p10": 16341.448308267802,
      "p25": 21706.412074126554,
      "p50": 26319.0945030622,
      "p75": 28483.88627300199,
      "p90": 29600.458807113297,
      "p95": 30151.33550248605,
      "p99": 31019.39953246718
    }
  },
  "details": {
    "DNSDialup": {
      "average": 0.0026341513999999996,
      "fastest": 0.000091804,
      "slowest": 0.005356638
    },
    "DNSLookup": {
      "average": 0.000008960420000000001,
      "fastest": 0.0000056,
      "slowest": 0.000049402
    }
  },
  "statusCodeDistribution": {
    "200": 242249
  },
  "errorDistribution": {}
}