{
  "summary": {
    "successRate": 1,
    "total": 10.000494464,
    "slowest": 0.010370268,
    "fastest": 0.000109986,
    "average": 0.0011044253669713214,
    "requestsPerSec": 45196.66518761446,
    "totalData": 5875857,
    "sizePerRequest": 13,
    "sizePerSec": 587556.647438988
  },
  "responseTimeHistogram": {
    "0.000109986": 1,
    "0.0011360142000000001": 304734,
    "0.0021620424": 141881,
    "0.0031880706": 3245,
    "0.004214098800000001": 1058,
    "0.005240127000000001": 527,
    "0.006266155200000001": 226,
    "0.007292183400000001": 215,
    "0.0083182116": 46,
    "0.009344239800000001": 19,
    "0.010370268": 37
  },
  "latencyPercentiles": {
    "p10": 0.000872345,
    "p25": 0.000979715,
    "p50": 0.001081346,
    "p75": 0.00116826,
    "p90": 0.00128488,
    "p95": 0.001435651,
    "p99": 0.002305735
  },
  "rps": {
    "mean": 45174.00517533555,
    "stddev": 6385.157804834016,
    "max": 73322.96045816097,
    "percentiles": {
      "p10": 39391.97494783642,
      "p25": 43238.636352183086,
      "p50": 45646.39499587012,
      "p75": 47502.19460139176,
      "p90": 51003.0705062774,
      "p95": 54965.70511119704,
      "p99": 62007.98690920141
    }
  },
  "details": {
    "DNSDialup": {
      "average": 0.0006914444200000001,
      "fastest": 0.000088866,
      "slowest": 0.001609278
    },
    "DNSLookup": {
      "average": 0.00000741682,
      "fastest": 0.000003607,
      "slowest": 0.000045214
    }
  },
  "statusCodeDistribution": {
    "200": 451989
  },
  "errorDistribution": {}
}