{
  "summary": {
    "successRate": 1,
    "total": 10.000433849,
    "slowest": 0.007158786,
    "fastest": 0.000260185,
    "average": 0.0010859803261645997,
    "requestsPerSec": 45966.20576075969,
    "totalData": 5975866,
    "sizePerRequest": 13,
    "sizePerSec": 597560.6748898759
  },
  "responseTimeHistogram": {
    "0.000260185": 1,
    "0.0009500451000000001": 50654,
    "0.0016399052000000002": 407542,
    "0.0023297653000000002": 1260,
    "0.0030196254000000003": 88,
    "0.0037094855000000004": 40,
    "0.0043993456": 12,
    "0.0050892057": 19,
    "0.0057790658": 14,
    "0.0064689259": 36,
    "0.007158786": 16
  },
  "latencyPercentiles": {
    "p10": 0.000942497,
    "p25": 0.001010225,
    "p50": 0.001092635,
    "p75": 0.001166154,
    "p90": 0.001214402,
    "p95": 0.001252214,
    "p99": 0.001380793
  },
  "rps": {
    "mean": 45965.698474253215,
    "stddev": 2951.5241372010964,
    "max": 59425.19104998916,
    "percentiles": {
      "p10": 44017.43411246703,
      "p25": 45005.859762943255,
      "p50": 45767.25498119563,
      "p75": 47188.07570462681,
      "p90": 48724.328621032684,
      "p95": 49960.367111581414,
      "p99": 52540.38852554348
    }
  },
  "details": {
    "DNSDialup": {
      "average": 0.0008243262599999998,
      "fastest": 0.00009049,
      "slowest": 0.001678269
    },
    "DNSLookup": {
      "average": 0.000010996700000000003,
      "fastest": 0.000003736,
      "slowest": 0.00018302
    }
  },
  "statusCodeDistribution": {
    "200": 459682
  },
  "errorDistribution": {}
}