{
  "summary": {
    "successRate": 1,
    "total": 10.000323432,
    "slowest": 0.007487082,
    "fastest": 0.000189472,
    "average": 0.001160549506767617,
    "requestsPerSec": 43012.2088475268,
    "totalData": 5591768,
    "sizePerRequest": 13,
    "sizePerSec": 559158.7150178484
  },
  "responseTimeHistogram": {
    "0.000189472": 1,
    "0.000919233": 4223,
    "0.001648994": 424500,
    "0.002378755": 1177,
    "0.003108516": 139,
    "0.0038382769999999997": 46,
    "0.004568038": 9,
    "0.005297799000000001": 19,
    "0.0060275599999999995": 7,
    "0.006757321": 14,
    "0.007487081999999999": 1
  },
  "latencyPercentiles": {
    "p10": 0.001023909,
    "p25": 0.001074575,
    "p50": 0.001170284,
    "p75": 0.001228693,
    "p90": 0.001281706,
    "p95": 0.001326908,
    "p99": 0.001448259
  },
  "rps": {
    "mean": 43011.99833530128,
    "stddev": 2086.3503035453186,
    "max": 48629.41593369721,
    "percentiles": {
      "p10": 41439.82367054549,
      "p25": 42414.913083439315,
      "p50": 43277.287060866416,
      "p75": 44021.31071651871,
      "p90": 44425.03205165088,
      "p95": 44868.52168057664,
      "p99": 46210.155769322606
    }
  },
  "details": {
    "DNSDialup": {
      "average": 0.00088299816,
      "fastest": 0.000097483,
      "slowest": 0.00193338
    },
    "DNSLookup": {
      "average": 0.000009111200000000002,
      "fastest": 0.000003997,
      "slowest": 0.000054352
    }
  },
  "statusCodeDistribution": {
    "200": 430136
  },
  "errorDistribution": {}
}