{
  "summary": {
    "successRate": 1,
    "total": 10.000694005,
    "slowest": 0.009806532,
    "fastest": 0.00036176,
    "average": 0.0011397160461107103,
    "requestsPerSec": 43804.55994163777,
    "totalData": 5694988,
    "sizePerRequest": 13,
    "sizePerSec": 569459.279241291
  },
  "responseTimeHistogram": {
    "0.00036176": 1,
    "0.0013062372": 415720,
    "0.0022507144": 21826,
    "0.0031951916": 403,
    "0.0041396688": 26,
    "0.005084146": 22,
    "0.0060286232": 28,
    "0.0069731004000000004": 0,
    "0.0079175776": 0,
    "0.0088620548": 31,
    "0.009806532": 19
  },
  "latencyPercentiles": {
    "p10": 0.001000737,
    "p25": 0.00105547,
    "p50": 0.001146985,
    "p75": 0.001214768,
    "p90": 0.001264962,
    "p95": 0.001307739,
    "p99": 0.001518721
  },
  "rps": {
    "mean": 43801.436120253544,
    "stddev": 2772.091379056275,
    "max": 51999.88137213779,
    "percentiles": {
      "p10": 42460.73158438484,
      "p25": 43222.15198762314,
      "p50": 44021.97230322879,
      "p75": 44592.63021727485,
      "p90": 45632.4309686907,
      "p95": 46634.369530345146,
      "p99": 49082.81384845988
    }
  },
  "details": {
    "DNSDialup": {
      "average": 0.00061591148,
      "fastest": 0.000083534,
      "slowest": 0.000973585
    },
    "DNSLookup": {
      "average": 0.0000067818999999999985,
      "fastest": 0.000002595,
      "slowest": 0.000032531
    }
  },
  "statusCodeDistribution": {
    "200": 438076
  },
  "errorDistribution": {}
}