{
  "summary": {
    "successRate": 1,
    "total": 10.000218347,
    "slowest": 0.005362854,
    "fastest": 0.000172006,
    "average": 0.0011124074698607366,
    "requestsPerSec": 44875.720152113194,
    "totalData": 5833971,
    "sizePerRequest": 13,
    "sizePerSec": 583384.3619774715
  },
  "responseTimeHistogram": {
    "0.000172006": 1,
    "0.0006910908": 2698,
    "0.0012101756": 371010,
    "0.0017292604": 74182,
    "0.0022483452": 684,
    "0.00276743": 57,
    "0.0032865148": 75,
    "0.0038055996000000004": 13,
    "0.0043246844": 8,
    "0.0048437692": 14,
    "0.005362853999999999": 25
  },
  "latencyPercentiles": {
    "p10": 0.000978477,
    "p25": 0.001034458,
    "p50": 0.001125362,
    "p75": 0.001188517,
    "p90": 0.001235955,
    "p95": 0.00127313,
    "p99": 0.001393248
  },
  "rps": {
    "mean": 44872.821590008716,
    "stddev": 2409.8412071939965,
    "max": 53410.885138391655,
    "percentiles": {
      "p10": 43113.111559486766,
      "p25": 44156.922689038955,
      "p50": 44924.41642032664,
      "p75": 45664.81901341183,
      "p90": 47094.17871768795,
      "p95": 48092.02890651508,
      "p99": 49994.096225629415
    }
  },
  "details": {
    "DNSDialup": {
      "average": 0.00083535484,
      "fastest": 0.000091851,
      "slowest": 0.001308582
    },
    "DNSLookup": {
      "average": 0.0000182504,
      "fastest": 0.000003737,
      "slowest": 0.000216714
    }
  },
  "statusCodeDistribution": {
    "200": 448767
  },
  "errorDistribution": {}
}