{
  "summary": {
    "successRate": 1,
    "total": 10.000359173,
    "slowest": 0.006627983,
    "fastest": 0.000376113,
    "average": 0.0011242433997004611,
    "requestsPerSec": 44398.905311198265,
    "totalData": 5772065,
    "sizePerRequest": 13,
    "sizePerSec": 577185.7690455775
  },
  "responseTimeHistogram": {
    "0.000376113": 1,
    "0.0010012999999999999": 58569,
    "0.0016264869999999998": 383382,
    "0.002251674": 1718,
    "0.0028768609999999997": 177,
    "0.003502048": 50,
    "0.004127235": 12,
    "0.004752421999999999": 11,
    "0.005377608999999999": 28,
    "0.0060027959999999995": 16,
    "0.006627983": 41
  },
  "latencyPercentiles": {
    "p10": 0.000984135,
    "p25": 0.001043144,
    "p50": 0.001134025,
    "p75": 0.001200263,
    "p90": 0.001250787,
    "p95": 0.001292776,
    "p99": 0.001442881
  },
  "rps": {
    "mean": 44395.246692389606,
    "stddev": 2765.055973836693,
    "max": 54399.73102688963,
    "percentiles": {
      "p10": 42579.457525688784,
      "p25": 43609.206446084885,
      "p50": 44418.67805412163,
      "p75": 45331.15716975822,
      "p90": 46897.90876412723,
      "p95": 47832.356914818985,
      "p99": 50184.21622090307
    }
  },
  "details": {
    "DNSDialup": {
      "average": 0.0009516967599999999,
      "fastest": 0.000086694,
      "slowest": 0.001795228
    },
    "DNSLookup": {
      "average": 0.000029215959999999997,
      "fastest": 0.000003697,
      "slowest": 0.000985145
    }
  },
  "statusCodeDistribution": {
    "200": 444005
  },
  "errorDistribution": {}
}