{
  "summary": {
    "successRate": 0.9944157187176835,
    "total": 10.001456542,
    "slowest": 0.018395617,
    "fastest": 0.0003266,
    "average": 0.0021509215221202412,
    "requestsPerSec": 23204.620149615803,
    "totalData": 3000192,
    "sizePerRequest": 13,
    "sizePerSec": 299975.50730746356
  },
  "responseTimeHistogram": {
    "0.0003266": 1,
    "0.0021335017": 168328,
    "0.0039404034": 51888,
    "0.005747305099999999": 7834,
    "0.007554206799999999": 1297,
    "0.0093611085": 198,
    "0.011168010199999998": 167,
    "0.012974911899999999": 843,
    "0.014781813599999999": 98,
    "0.016588715299999997": 14,
    "0.018395617": 116
  },
  "latencyPercentiles": {
    "p10": 0.001612502,
    "p25": 0.001771502,
    "p50": 0.001935301,
    "p75": 0.002158802,
    "p90": 0.002615785,
    "p95": 0.003844403,
    "p99": 0.006229862
  },
  "rps": {
    "mean": 23262.948638869166,
    "stddev": 5845.105033308886,
    "max": 31458.52264144118,
    "percentiles": {
      "p10": 15911.235977716524,
      "p25": 21628.814176605374,
      "p50": 25411.18280349347,
      "p75": 26793.485149032524,
      "p90": 27911.703377228176,
      "p95": 28458.15639728665,
      "p99": 29512.959140359304
    }
  },
  "details": {
    "DNSDialup": {
      "average": 0.0018179611600000001,
      "fastest": 0.0000516,
      "slowest": 0.002866482
    },
    "DNSLookup": {
      "average": 0.000006325979999999999,
      "fastest": 0.0000052,
      "slowest": 0.0000227
    }
  },
  "statusCodeDistribution": {
    "200": 230784
  },
  "errorDistribution": {
    "Connection refused (os error 111)": 1296
  }
}