{
  "summary": {
    "successRate": 1,
    "total": 10.000223364,
    "slowest": 0.015298048,
    "fastest": 0.000336505,
    "average": 0.001793402628747188,
    "requestsPerSec": 27846.977998760627,
    "totalData": 3620188,
    "sizePerRequest": 13,
    "sizePerSec": 362010.71398388816
  },
  "responseTimeHistogram": {
    "0.000336505": 1,
    "0.0018326592999999998": 237597,
    "0.0033288135999999997": 27780,
    "0.004824967899999999": 10612,
    "0.006321122199999999": 718,
    "0.0078172765": 339,
    "0.0093134308": 28,
    "0.0108095851": 55,
    "0.0123057394": 184,
    "0.0138018937": 1086,
    "0.015298048": 76
  },
  "latencyPercentiles": {
    "p10": 0.001399123,
    "p25": 0.001554625,
    "p50": 0.001630827,
    "p75": 0.001732528,
    "p90": 0.001945931,
    "p95": 0.00312245,
    "p99": 0.004608775
  },
  "rps": {
    "mean": 27956.39612076959,
    "stddev": 6412.71579701032,
    "max": 34868.49950273861,
    "percentiles": {
      "p10": 21997.229781424732,
      "p25": 24790.300977621842,
      "p50": 30713.32343970912,
      "p75": 31556.43769614862,
      "p90": 32128.581303364004,
      "p95": 32526.58031485107,
      "p99": 33522.025319819426
    }
  },
  "details": {
    "DNSDialup": {
      "average": 0.00175767252,
      "fastest": 0.000079201,
      "slowest": 0.003542658
    },
    "DNSLookup": {
      "average": 0.000008930159999999997,
      "fastest": 0.0000033,
      "slowest": 0.000219204
    }
  },
  "statusCodeDistribution": {
    "200": 278476
  },
  "errorDistribution": {}
}