{
  "summary": {
    "successRate": 1,
    "total": 10.000699355,
    "slowest": 0.009142321,
    "fastest": 0.00031105,
    "average": 0.0011595540581844806,
    "requestsPerSec": 43046.28953621814,
    "totalData": 5596409,
    "sizePerRequest": 13,
    "sizePerSec": 559601.7639708358
  },
  "responseTimeHistogram": {
    "0.00031105": 1,
    "0.0011941770999999999": 250879,
    "0.0020773042": 178960,
    "0.0029604313": 528,
    "0.0038435583999999997": 25,
    "0.0047266855": 0,
    "0.0056098126": 33,
    "0.0064929397": 17,
    "0.0073760668": 2,
    "0.0082591939": 9,
    "0.009142321": 39
  },
  "latencyPercentiles": {
    "p10": 0.001027598,
    "p25": 0.001075669,
    "p50": 0.001168531,
    "p75": 0.001231908,
    "p90": 0.001275301,
    "p95": 0.00130731,
    "p99": 0.001433887
  },
  "rps": {
    "mean": 43040.2225586652,
    "stddev": 2371.9161837019724,
    "max": 49008.69414233868,
    "percentiles": {
      "p10": 42014.86065621499,
      "p25": 42697.632406257784,
      "p50": 43203.47355927854,
      "p75": 43836.68253594523,
      "p90": 44540.312803694935,
      "p95": 45231.212914175725,
      "p99": 46232.79131033861
    }
  },
  "details": {
    "DNSDialup": {
      "average": 0.00073753574,
      "fastest": 0.000099877,
      "slowest": 0.001137226
    },
    "DNSLookup": {
      "average": 0.0000074870199999999985,
      "fastest": 0.000003256,
      "slowest": 0.000045775
    }
  },
  "statusCodeDistribution": {
    "200": 430493
  },
  "errorDistribution": {}
}