{
  "summary": {
    "successRate": 1,
    "total": 10.000640946,
    "slowest": 0.005890526,
    "fastest": 0.000166026,
    "average": 0.0011635498459616842,
    "requestsPerSec": 42909.9497039377,
    "totalData": 5578651,
    "sizePerRequest": 13,
    "sizePerSec": 557829.3461511901
  },
  "responseTimeHistogram": {
    "0.000166026": 1,
    "0.0007384760000000001": 6558,
    "0.001310926": 392497,
    "0.0018833760000000004": 28994,
    "0.0024558260000000004": 847,
    "0.0030282760000000003": 91,
    "0.0036007260000000007": 9,
    "0.004173176": 26,
    "0.004745626": 31,
    "0.005318076000000001": 23,
    "0.005890526": 50
  },
  "latencyPercentiles": {
    "p10": 0.001022313,
    "p25": 0.001084106,
    "p50": 0.001176123,
    "p75": 0.001249305,
    "p90": 0.00129441,
    "p95": 0.001327608,
    "p99": 0.001492695
  },
  "rps": {
    "mean": 42907.25140467813,
    "stddev": 2701.769991512057,
    "max": 59065.438599420784,
    "percentiles": {
      "p10": 41407.024807541755,
      "p25": 42123.24841252997,
      "p50": 42820.40214416814,
      "p75": 43545.95840449788,
      "p90": 45306.85039578022,
      "p95": 46827.628300696866,
      "p99": 49693.8396739907
    }
  },
  "details": {
    "DNSDialup": {
      "average": 0.00075947348,
      "fastest": 0.000068581,
      "slowest": 0.001624689
    },
    "DNSLookup": {
      "average": 0.000006233739999999999,
      "fastest": 0.000003357,
      "slowest": 0.000027442
    }
  },
  "statusCodeDistribution": {
    "200": 429127
  },
  "errorDistribution": {}
}