{
  "summary": {
    "successRate": 0.8015419589946189,
    "total": 10.000639222,
    "slowest": 0.023233293,
    "fastest": 0.0004793,
    "average": 0.0023344839961599168,
    "requestsPerSec": 23488.098589064368,
    "totalData": 2447627,
    "sizePerRequest": 13,
    "sizePerSec": 244747.05522978617
  },
  "responseTimeHistogram": {
    "0.0004793": 1,
    "0.0027546993": 170164,
    "0.0050300986": 14583,
    "0.007305497900000001": 2264,
    "0.0095808972": 289,
    "0.0118562965": 89,
    "0.014131695800000002": 612,
    "0.016407095099999998": 151,
    "0.0186824944": 93,
    "0.0209578937": 32,
    "0.023233293": 1
  },
  "latencyPercentiles": {
    "p10": 0.0017293,
    "p25": 0.001974499,
    "p50": 0.002135898,
    "p75": 0.002309798,
    "p90": 0.002698901,
    "p95": 0.004164897,
    "p99": 0.006408194
  },
  "rps": {
    "mean": 21600.232688438562,
    "stddev": 5445.521803823881,
    "max": 84175.08417523337,
    "percentiles": {
      "p10": 15922.46500587693,
      "p25": 19547.18067459084,
      "p50": 23403.768006649534,
      "p75": 24407.83452353316,
      "p90": 25100.687748384724,
      "p95": 25656.901691100124,
      "p99": 26583.717412667804
    }
  },
  "details": {
    "DNSDialup": {
      "average": 0.0031923631400000005,
      "fastest": 0.0000625,
      "slowest": 0.012039696
    },
    "DNSLookup": {
      "average": 0.000008248000000000003,
      "fastest": 0.0000057,
      "slowest": 0.0000698
    }
  },
  "statusCodeDistribution": {
    "200": 188279
  },
  "errorDistribution": {
    "Connection refused (os error 111)": 46617
  }
}