{
  "summary": {
    "successRate": 1,
    "total": 10.000706538,
    "slowest": 0.013813372,
    "fastest": 0.000319298,
    "average": 0.0015680905471306779,
    "requestsPerSec": 31857.04917841876,
    "totalData": 4141709,
    "sizePerRequest": 13,
    "sizePerSec": 414141.6393194439
  },
  "responseTimeHistogram": {
    "0.000319298": 1,
    "0.0016687054": 280118,
    "0.0030181128": 26485,
    "0.0043675202": 10035,
    "0.0057169276": 399,
    "0.007066335000000001": 55,
    "0.008415742399999999": 99,
    "0.009765149800000001": 74,
    "0.0111145572": 850,
    "0.012463964600000002": 438,
    "0.013813372": 39
  },
  "latencyPercentiles": {
    "p10": 0.001238789,
    "p25": 0.001385987,
    "p50": 0.001448987,
    "p75": 0.001532986,
    "p90": 0.001727584,
    "p95": 0.002581877,
    "p99": 0.003469268
  },
  "rps": {
    "mean": 32079.456953808356,
    "stddev": 7998.314934428443,
    "max": 166666.66666804196,
    "percentiles": {
      "p10": 27514.8359995723,
      "p25": 29531.04295060379,
      "p50": 34600.657412490655,
      "p75": 35452.07501943658,
      "p90": 36077.82761230093,
      "p95": 36560.253373696876,
      "p99": 37809.79273631876
    }
  },
  "details": {
    "DNSDialup": {
      "average": 0.0015249722199999999,
      "fastest": 0.000093599,
      "slowest": 0.001709085
    },
    "DNSLookup": {
      "average": 0.0000044979799999999986,
      "fastest": 0.000003199,
      "slowest": 0.0000456
    }
  },
  "statusCodeDistribution": {
    "200": 318593
  },
  "errorDistribution": {}
}