{
  "summary": {
    "successRate": 1,
    "total": 10.000937016,
    "slowest": 0.008613217,
    "fastest": 0.000152334,
    "average": 0.0008266086615696901,
    "requestsPerSec": 60383.44197487345,
    "totalData": 7850583,
    "sizePerRequest": 13,
    "sizePerSec": 784984.7456733548
  },
  "responseTimeHistogram": {
    "0.000152334": 1,
    "0.0009984223": 584482,
    "0.0018445106": 18638,
    "0.0026905989": 541,
    "0.0035366872": 40,
    "0.004382775499999999": 62,
    "0.0052288638": 77,
    "0.006074952099999999": 0,
    "0.006921040399999999": 0,
    "0.007767128699999999": 27,
    "0.008613217": 23
  },
  "latencyPercentiles": {
    "p10": 0.000723413,
    "p25": 0.000758814,
    "p50": 0.000831777,
    "p75": 0.000876159,
    "p90": 0.000908931,
    "p95": 0.000943508,
    "p99": 0.001087496
  },
  "rps": {
    "mean": 60364.581483480935,
    "stddev": 3774.7584022451033,
    "max": 67525.29318150293,
    "percentiles": {
      "p10": 58940.03796779117,
      "p25": 59904.69652820928,
      "p50": 60805.15627724819,
      "p75": 61682.24093183336,
      "p90": 62532.25890446333,
      "p95": 63219.57003634584,
      "p99": 64496.921485109415
    }
  },
  "details": {
    "DNSDialup": {
      "average": 0.00056214196,
      "fastest": 0.000062174,
      "slowest": 0.001309858
    },
    "DNSLookup": {
      "average": 0.000005997540000000001,
      "fastest": 0.000003223,
      "slowest": 0.000033328
    }
  },
  "statusCodeDistribution": {
    "200": 603891
  },
  "errorDistribution": {}
}