{
  "summary": {
    "successRate": 1,
    "total": 10.000640124,
    "slowest": 0.009220606,
    "fastest": 0.000417091,
    "average": 0.0011664904363258813,
    "requestsPerSec": 42790.96084789782,
    "totalData": 5563181,
    "sizePerRequest": 13,
    "sizePerSec": 556282.4910226717
  },
  "responseTimeHistogram": {
    "0.000417091": 1,
    "0.0012974425": 393845,
    "0.002177794": 33543,
    "0.0030581455": 390,
    "0.003938497": 54,
    "0.0048188484999999994": 23,
    "0.0056992": 20,
    "0.006579551499999999": 11,
    "0.0074599029999999995": 0,
    "0.0083402545": 0,
    "0.009220606": 50
  },
  "latencyPercentiles": {
    "p10": 0.001031287,
    "p25": 0.00108202,
    "p50": 0.001173722,
    "p75": 0.001237191,
    "p90": 0.001285868,
    "p95": 0.001322373,
    "p99": 0.001468996
  },
  "rps": {
    "mean": 42786.72192815376,
    "stddev": 2448.7376198145535,
    "max": 50435.55706773275,
    "percentiles": {
      "p10": 41610.88124544512,
      "p25": 42339.51546978768,
      "p50": 43094.82585481121,
      "p75": 43565.25203449747,
      "p90": 44356.53420922342,
      "p95": 44773.45533081805,
      "p99": 46342.60546554218
    }
  },
  "details": {
    "DNSDialup": {
      "average": 0.0006876157,
      "fastest": 0.000080932,
      "slowest": 0.001448262
    },
    "DNSLookup": {
      "average": 0.000007034800000000001,
      "fastest": 0.000003407,
      "slowest": 0.000028805
    }
  },
  "statusCodeDistribution": {
    "200": 427937
  },
  "errorDistribution": {}
}