{
  "summary": {
    "successRate": 1,
    "total": 10.000634575,
    "slowest": 0.019604501,
    "fastest": 0.000336903,
    "average": 0.0016987429190515114,
    "requestsPerSec": 29399.53437904714,
    "totalData": 3822182,
    "sizePerRequest": 13,
    "sizePerSec": 382193.9469276129
  },
  "responseTimeHistogram": {
    "0.000336903": 1,
    "0.0022636628": 277233,
    "0.0041904226": 14532,
    "0.0061171824": 749,
    "0.0080439422": 49,
    "0.009970702": 79,
    "0.011897461799999998": 959,
    "0.013824221599999999": 362,
    "0.0157509814": 0,
    "0.0176777412": 2,
    "0.019604501": 48
  },
  "latencyPercentiles": {
    "p10": 0.001355014,
    "p25": 0.001506015,
    "p50": 0.001567216,
    "p75": 0.001650617,
    "p90": 0.001798918,
    "p95": 0.002843229,
    "p99": 0.00395564
  },
  "rps": {
    "mean": 29642.33347646061,
    "stddev": 7396.519191071927,
    "max": 156303.8404564136,
    "percentiles": {
      "p10": 24670.713076511543,
      "p25": 26741.723109966606,
      "p50": 32033.248704634698,
      "p75": 32632.332417112335,
      "p90": 33230.7405225555,
      "p95": 33757.40952329967,
      "p99": 35379.38715805281
    }
  },
  "details": {
    "DNSDialup": {
      "average": 0.00672091098,
      "fastest": 0.000174602,
      "slowest": 0.008022782
    },
    "DNSLookup": {
      "average": 0.000007662099999999997,
      "fastest": 0.0000039,
      "slowest": 0.000075701
    }
  },
  "statusCodeDistribution": {
    "200": 294014
  },
  "errorDistribution": {}
}