{
  "summary": {
    "successRate": 1,
    "total": 10.000755442,
    "slowest": 0.008044188,
    "fastest": 0.000293423,
    "average": 0.0011309008765005742,
    "requestsPerSec": 44138.56558737355,
    "totalData": 5738447,
    "sizePerRequest": 13,
    "sizePerSec": 573801.3526358561
  },
  "responseTimeHistogram": {
    "0.000293423": 1,
    "0.0010684995": 137087,
    "0.001843576": 303431,
    "0.0026186525": 723,
    "0.0033937290000000003": 50,
    "0.0041688055": 27,
    "0.004943882": 10,
    "0.0057189585": 34,
    "0.006494035": 6,
    "0.007269111500000001": 27,
    "0.008044188": 23
  },
  "latencyPercentiles": {
    "p10": 0.000994132,
    "p25": 0.001050595,
    "p50": 0.00114073,
    "p75": 0.00120641,
    "p90": 0.001252617,
    "p95": 0.001290645,
    "p99": 0.001431911
  },
  "rps": {
    "mean": 44132.29450762111,
    "stddev": 2663.635285789336,
    "max": 51180.71198279383,
    "percentiles": {
      "p10": 42425.66244279734,
      "p25": 43415.84678407721,
      "p50": 44245.042317867374,
      "p75": 45124.01885341503,
      "p90": 46320.43431486309,
      "p95": 46988.0932772773,
      "p99": 49105.146219323215
    }
  },
  "details": {
    "DNSDialup": {
      "average": 0.0005031050399999997,
      "fastest": 0.000077375,
      "slowest": 0.000855271
    },
    "DNSLookup": {
      "average": 0.000007792320000000003,
      "fastest": 0.000003857,
      "slowest": 0.00005375
    }
  },
  "statusCodeDistribution": {
    "200": 441419
  },
  "errorDistribution": {}
}