{
  "summary": {
    "successRate": 1,
    "total": 10.000134566,
    "slowest": 0.006958179,
    "fastest": 0.000274122,
    "average": 0.0010810510045914567,
    "requestsPerSec": 46172.47867542346,
    "totalData": 6002503,
    "sizePerRequest": 13,
    "sizePerSec": 600242.222780505
  },
  "responseTimeHistogram": {
    "0.000274122": 1,
    "0.0009425277": 50858,
    "0.0016109333999999999": 409530,
    "0.0022793390999999996": 1158,
    "0.0029477448": 92,
    "0.0036161505": 39,
    "0.004284556199999999": 9,
    "0.0049529618999999995": 17,
    "0.0056213676": 13,
    "0.0062897733": 11,
    "0.006958179": 3
  },
  "latencyPercentiles": {
    "p10": 0.00093252,
    "p25": 0.001007339,
    "p50": 0.001093753,
    "p75": 0.001166116,
    "p90": 0.001211678,
    "p95": 0.001247627,
    "p99": 0.00137604
  },
  "rps": {
    "mean": 46170.99483203361,
    "stddev": 2897.754940200531,
    "max": 60414.329716080465,
    "percentiles": {
      "p10": 44068.73841818197,
      "p25": 45204.84143851811,
      "p50": 46025.59022816766,
      "p75": 47373.99877069785,
      "p90": 48930.54669859044,
      "p95": 50259.69846984142,
      "p99": 53542.64671811211
    }
  },
  "details": {
    "DNSDialup": {
      "average": 0.0010283510199999998,
      "fastest": 0.000106116,
      "slowest": 0.001942263
    },
    "DNSLookup": {
      "average": 0.000012679780000000002,
      "fastest": 0.000004469,
      "slowest": 0.000199242
    }
  },
  "statusCodeDistribution": {
    "200": 461731
  },
  "errorDistribution": {}
}