{
  "summary": {
    "successRate": 1,
    "total": 10.000235532,
    "slowest": 0.005545485,
    "fastest": 0.000116564,
    "average": 0.001108658957432387,
    "requestsPerSec": 45026.139490331356,
    "totalData": 5853536,
    "sizePerRequest": 13,
    "sizePerSec": 585339.8133743077
  },
  "responseTimeHistogram": {
    "0.000116564": 1,
    "0.0006594560999999999": 2139,
    "0.0012023481999999999": 361964,
    "0.0017452402999999998": 85340,
    "0.0022881323999999997": 621,
    "0.0028310245": 105,
    "0.0033739165999999996": 45,
    "0.0039168087": 14,
    "0.0044597008": 21,
    "0.0050025929": 21,
    "0.005545485": 1
  },
  "latencyPercentiles": {
    "p10": 0.000967739,
    "p25": 0.001027664,
    "p50": 0.001121579,
    "p75": 0.001186022,
    "p90": 0.001241421,
    "p95": 0.001288514,
    "p99": 0.001413068
  },
  "rps": {
    "mean": 45021.9377499048,
    "stddev": 2715.1784314682654,
    "max": 60792.62919565913,
    "percentiles": {
      "p10": 43020.685930238506,
      "p25": 44195.913972502894,
      "p50": 45025.958268978036,
      "p75": 45831.88524256462,
      "p90": 47403.03379416645,
      "p95": 48704.790383357904,
      "p99": 52795.88535317996
    }
  },
  "details": {
    "DNSDialup": {
      "average": 0.0007555098600000002,
      "fastest": 0.000080751,
      "slowest": 0.00158587
    },
    "DNSLookup": {
      "average": 0.000037182659999999996,
      "fastest": 0.000003797,
      "slowest": 0.001502466
    }
  },
  "statusCodeDistribution": {
    "200": 450272
  },
  "errorDistribution": {}
}