{
  "summary": {
    "successRate": 1,
    "total": 10.002298813,
    "slowest": 0.013237848,
    "fastest": 0.000191412,
    "average": 0.0016686111478503823,
    "requestsPerSec": 29916.622727875707,
    "totalData": 3890055,
    "sizePerRequest": 13,
    "sizePerSec": 388916.0954623842
  },
  "responseTimeHistogram": {
    "0.000191412": 1,
    "0.0014960556": 138520,
    "0.0028006992000000003": 151633,
    "0.0041053428": 2733,
    "0.0054099864000000004": 1808,
    "0.006714630000000001": 3650,
    "0.0080192736": 90,
    "0.0093239172": 28,
    "0.0106285608": 72,
    "0.011933204400000001": 98,
    "0.013237848000000002": 602
  },
  "latencyPercentiles": {
    "p10": 0.001299684,
    "p25": 0.001371588,
    "p50": 0.001566501,
    "p75": 0.00172081,
    "p90": 0.001807716,
    "p95": 0.002060832,
    "p99": 0.005740769
  },
  "rps": {
    "mean": 30143.74071009491,
    "stddev": 7113.910650664396,
    "max": 135278.33517513893,
    "percentiles": {
      "p10": 18902.946969432487,
      "p25": 31081.40251527427,
      "p50": 32527.057190799143,
      "p75": 33042.22404792494,
      "p90": 33469.19423275343,
      "p95": 33829.411930414746,
      "p99": 34467.076377338475
    }
  },
  "details": {
    "DNSDialup": {
      "average": 0.0017765286400000001,
      "fastest": 0.000092806,
      "slowest": 0.001976928
    },
    "DNSLookup": {
      "average": 0.0000055203599999999994,
      "fastest": 0.0000037,
      "slowest": 0.000052803
    }
  },
  "statusCodeDistribution": {
    "200": 299235
  },
  "errorDistribution": {}
}