{
  "summary": {
    "successRate": 1,
    "total": 10.000582429,
    "slowest": 0.008836745,
    "fastest": 0.000314253,
    "average": 0.0011379541578581764,
    "requestsPerSec": 43869.74489883483,
    "totalData": 5703399,
    "sizePerRequest": 13,
    "sizePerSec": 570306.6836848528
  },
  "responseTimeHistogram": {
    "0.000314253": 1,
    "0.0011665021999999999": 250814,
    "0.0020187514": 187279,
    "0.0028710006": 474,
    "0.0037232498": 50,
    "0.004575499": 18,
    "0.0054277482000000005": 32,
    "0.006279997399999999": 5,
    "0.007132246599999999": 0,
    "0.0079844958": 35,
    "0.008836745": 15
  },
  "latencyPercentiles": {
    "p10": 0.000998893,
    "p25": 0.001051115,
    "p50": 0.001145674,
    "p75": 0.001208827,
    "p90": 0.001263455,
    "p95": 0.001311797,
    "p99": 0.001448338
  },
  "rps": {
    "mean": 43860.080120667866,
    "stddev": 2723.627585955434,
    "max": 50085.73767640522,
    "percentiles": {
      "p10": 41874.209474030526,
      "p25": 43258.21260695729,
      "p50": 44236.003593048255,
      "p75": 45053.39483896243,
      "p90": 45991.47169496279,
      "p95": 46723.9010857024,
      "p99": 47814.396844125484
    }
  },
  "details": {
    "DNSDialup": {
      "average": 0.0006430793599999999,
      "fastest": 0.000070888,
      "slowest": 0.001249011
    },
    "DNSLookup": {
      "average": 0.000008024639999999999,
      "fastest": 0.000003416,
      "slowest": 0.000045805
    }
  },
  "statusCodeDistribution": {
    "200": 438723
  },
  "errorDistribution": {}
}