{
  "summary": {
    "successRate": 1,
    "total": 10.0004116,
    "slowest": 0.009217785,
    "fastest": 0.000282048,
    "average": 0.0011177262125594038,
    "requestsPerSec": 44660.961754814176,
    "totalData": 5806164,
    "sizePerRequest": 13,
    "sizePerSec": 580592.5028125843
  },
  "responseTimeHistogram": {
    "0.000282048": 1,
    "0.0011756217": 312151,
    "0.0020691954": 133644,
    "0.0029627691": 579,
    "0.0038563428": 154,
    "0.0047499165": 15,
    "0.0056434902": 32,
    "0.0065370639": 2,
    "0.0074306376": 0,
    "0.0083242113": 17,
    "0.009217785": 33
  },
  "latencyPercentiles": {
    "p10": 0.000977233,
    "p25": 0.001033834,
    "p50": 0.001125714,
    "p75": 0.001188073,
    "p90": 0.001245602,
    "p95": 0.001299227,
    "p99": 0.001455529
  },
  "rps": {
    "mean": 44656.22393871105,
    "stddev": 3099.1151463338924,
    "max": 58107.5597935314,
    "percentiles": {
      "p10": 42719.12588791185,
      "p25": 43708.35703786703,
      "p50": 44811.65271390335,
      "p75": 45709.45328250672,
      "p90": 47241.74679632565,
      "p95": 48511.36621310161,
      "p99": 50810.90174560259
    }
  },
  "details": {
    "DNSDialup": {
      "average": 0.0009073275000000002,
      "fastest": 0.000146615,
      "slowest": 0.001260891
    },
    "DNSLookup": {
      "average": 0.000008835719999999995,
      "fastest": 0.000004047,
      "slowest": 0.000048962
    }
  },
  "statusCodeDistribution": {
    "200": 446628
  },
  "errorDistribution": {}
}