{
  "summary": {
    "successRate": 0.9971020331711179,
    "total": 10.000237245,
    "slowest": 0.018204446,
    "fastest": 0.000283804,
    "average": 0.0017663075545958542,
    "requestsPerSec": 28295.028714591263,
    "totalData": 3667781,
    "sizePerRequest": 13,
    "sizePerSec": 366769.3985794034
  },
  "responseTimeHistogram": {
    "0.000283804": 1,
    "0.0020758682": 259425,
    "0.0038679324": 15658,
    "0.0056599966": 4935,
    "0.0074520608": 583,
    "0.009244125": 90,
    "0.0110361892": 150,
    "0.0128282534": 1073,
    "0.0146203176": 221,
    "0.016412381799999997": 0,
    "0.018204446": 1
  },
  "latencyPercentiles": {
    "p10": 0.001393017,
    "p25": 0.001532419,
    "p50": 0.00160712,
    "p75": 0.001706321,
    "p90": 0.001911823,
    "p95": 0.002941935,
    "p99": 0.004486812
  },
  "rps": {
    "mean": 28350.358551249195,
    "stddev": 6528.798739291696,
    "max": 34844.91458397442,
    "percentiles": {
      "p10": 22419.194091117315,
      "p25": 25211.161485413417,
      "p50": 31093.57012768618,
      "p75": 32073.440315156688,
      "p90": 32680.682294542676,
      "p95": 32971.46974627109,
      "p99": 34057.639519538025
    }
  },
  "details": {
    "DNSDialup": {
      "average": 0.00253593238,
      "fastest": 0.0000431,
      "slowest": 0.010406126
    },
    "DNSLookup": {
      "average": 0.000004008,
      "fastest": 0.0000033,
      "slowest": 0.000017
    }
  },
  "statusCodeDistribution": {
    "200": 282137
  },
  "errorDistribution": {
    "Connection refused (os error 111)": 820
  }
}