{
  "summary": {
    "successRate": 1,
    "total": 10.000618088,
    "slowest": 0.006702307,
    "fastest": 0.000330506,
    "average": 0.0011630727195787297,
    "requestsPerSec": 42919.54719429138,
    "totalData": 5579886,
    "sizePerRequest": 13,
    "sizePerSec": 557954.113525788
  },
  "responseTimeHistogram": {
    "0.000330506": 1,
    "0.0009676861": 15235,
    "0.0016048662": 411484,
    "0.0022420463000000002": 1955,
    "0.0028792264": 381,
    "0.0035164065": 52,
    "0.0041535866": 17,
    "0.004790766700000001": 14,
    "0.005427946800000001": 13,
    "0.0060651269": 61,
    "0.006702307": 9
  },
  "latencyPercentiles": {
    "p10": 0.001027203,
    "p25": 0.001078825,
    "p50": 0.001171114,
    "p75": 0.001235842,
    "p90": 0.001282962,
    "p95": 0.001320102,
    "p99": 0.001459709
  },
  "rps": {
    "mean": 42953.756907136936,
    "stddev": 2591.540964104046,
    "max": 79659.0592258467,
    "percentiles": {
      "p10": 41883.68838739077,
      "p25": 42443.60231265483,
      "p50": 43137.69985169628,
      "p75": 43738.45537644703,
      "p90": 44469.45977034761,
      "p95": 45103.74361072594,
      "p99": 46341.573507064895
    }
  },
  "details": {
    "DNSDialup": {
      "average": 0.0008193346,
      "fastest": 0.000086731,
      "slowest": 0.001642476
    },
    "DNSLookup": {
      "average": 0.000006674639999999999,
      "fastest": 0.000003497,
      "slowest": 0.000029996
    }
  },
  "statusCodeDistribution": {
    "200": 429222
  },
  "errorDistribution": {}
}