{
  "summary": {
    "successRate": 1,
    "total": 10.000607346,
    "slowest": 0.009136127,
    "fastest": 0.000258863,
    "average": 0.0011434344140984788,
    "requestsPerSec": 43656.04856735268,
    "totalData": 5675631,
    "sizePerRequest": 13,
    "sizePerSec": 567528.6313755849
  },
  "responseTimeHistogram": {
    "0.000258863": 1,
    "0.0011465894": 210527,
    "0.0020343158000000004": 225425,
    "0.0029220421999999998": 489,
    "0.0038097686": 45,
    "0.004697495": 0,
    "0.0055852214": 33,
    "0.0064729478": 17,
    "0.0073606742": 0,
    "0.0082484006": 12,
    "0.009136127": 38
  },
  "latencyPercentiles": {
    "p10": 0.001003139,
    "p25": 0.001060698,
    "p50": 0.001153313,
    "p75": 0.001219293,
    "p90": 0.001270341,
    "p95": 0.00131375,
    "p99": 0.001468278
  },
  "rps": {
    "mean": 43652.85902278645,
    "stddev": 2919.967113383367,
    "max": 57049.90154888525,
    "percentiles": {
      "p10": 41613.509168960336,
      "p25": 42887.29740522279,
      "p50": 43851.98250549547,
      "p75": 44726.41094566077,
      "p90": 46059.50320928628,
      "p95": 46928.62176641286,
      "p99": 49893.80833049887
    }
  },
  "details": {
    "DNSDialup": {
      "average": 0.0005156257999999999,
      "fastest": 0.000086732,
      "slowest": 0.000880604
    },
    "DNSLookup": {
      "average": 0.00000893398,
      "fastest": 0.000003877,
      "slowest": 0.000053861
    }
  },
  "statusCodeDistribution": {
    "200": 436587
  },
  "errorDistribution": {}
}