{
  "summary": {
    "successRate": 1,
    "total": 10.000198372,
    "slowest": 0.004072328,
    "fastest": 0.000033983,
    "average": 0.000636497281112833,
    "requestsPerSec": 78396.14483999558,
    "totalData": 10191701,
    "sizePerRequest": 13,
    "sizePerSec": 1019149.8829199426
  },
  "responseTimeHistogram": {
    "0.000033983": 1,
    "0.0004378175000000001": 141138,
    "0.0008416520000000001": 492637,
    "0.0012454865000000002": 133301,
    "0.0016493210000000003": 15324,
    "0.0020531555000000003": 1518,
    "0.0024569900000000005": 40,
    "0.0028608245000000003": 7,
    "0.0032646590000000005": 6,
    "0.0036684935000000007": 3,
    "0.004072328": 2
  },
  "latencyPercentiles": {
    "p10": 0.000398679,
    "p25": 0.000463538,
    "p50": 0.000575934,
    "p75": 0.000780197,
    "p90": 0.000949162,
    "p95": 0.00105702,
    "p99": 0.001396951
  },
  "rps": {
    "mean": 78400.5053088338,
    "stddev": 9727.231741875874,
    "max": 98753.63630760531,
    "percentiles": {
      "p10": 64511.352091722256,
      "p25": 70211.03330279836,
      "p50": 79677.218068426,
      "p75": 86912.2658268244,
      "p90": 89554.5950646558,
      "p95": 92018.55093986985,
      "p99": 95659.31834330391
    }
  },
  "details": {
    "DNSDialup": {
      "average": 0.0009369570200000002,
      "fastest": 0.000148789,
      "slowest": 0.001757169
    },
    "DNSLookup": {
      "average": 0.0000074849399999999995,
      "fastest": 0.000004148,
      "slowest": 0.000029546
    }
  },
  "statusCodeDistribution": {
    "200": 783977
  },
  "errorDistribution": {}
}