{
  "summary": {
    "successRate": 1,
    "total": 10.001770292,
    "slowest": 0.002782866,
    "fastest": 0.000037881,
    "average": 0.0006119712419799251,
    "requestsPerSec": 81524.56777098715,
    "totalData": 10600070,
    "sizePerRequest": 13,
    "sizePerSec": 1059819.381022833
  },
  "responseTimeHistogram": {
    "0.000037881": 1,
    "0.00031237950000000006": 27883,
    "0.0005868780000000001": 471094,
    "0.0008613765000000001": 207629,
    "0.0011358750000000002": 86455,
    "0.0014103735": 16689,
    "0.0016848720000000002": 4927,
    "0.0019593705000000004": 572,
    "0.0022338690000000003": 119,
    "0.0025083675000000002": 7,
    "0.002782866": 14
  },
  "latencyPercentiles": {
    "p10": 0.000398067,
    "p25": 0.000488429,
    "p50": 0.000548501,
    "p75": 0.000701901,
    "p90": 0.000923978,
    "p95": 0.001052252,
    "p99": 0.001337306
  },
  "rps": {
    "mean": 81521.68754742114,
    "stddev": 9130.600295291308,
    "max": 107214.15226809899,
    "percentiles": {
      "p10": 67707.05507513467,
      "p25": 76428.70662220825,
      "p50": 82836.72498096414,
      "p75": 86289.61279515823,
      "p90": 92888.17286058032,
      "p95": 97003.67643933745,
      "p99": 102100.57117087317
    }
  },
  "details": {
    "DNSDialup": {
      "average": 0.00066701516,
      "fastest": 0.000074398,
      "slowest": 0.001209227
    },
    "DNSLookup": {
      "average": 0.00000638282,
      "fastest": 0.000003296,
      "slowest": 0.000029004
    }
  },
  "statusCodeDistribution": {
    "200": 815390
  },
  "errorDistribution": {}
}