{
  "summary": {
    "successRate": 1,
    "total": 10.000611681,
    "slowest": 0.002519205,
    "fastest": 0.000033155,
    "average": 0.0006174359796158126,
    "requestsPerSec": 80807.75714303029,
    "totalData": 10505651,
    "sizePerRequest": 13,
    "sizePerSec": 1050500.842859394
  },
  "responseTimeHistogram": {
    "0.000033155": 1,
    "0.00028176": 27225,
    "0.000530365": 313281,
    "0.0007789699999999999": 288331,
    "0.001027575": 130162,
    "0.00127618": 32071,
    "0.0015247849999999999": 12978,
    "0.00177339": 3652,
    "0.002021995": 352,
    "0.0022706": 59,
    "0.002519205": 15
  },
  "latencyPercentiles": {
    "p10": 0.00035872,
    "p25": 0.000446884,
    "p50": 0.00057026,
    "p75": 0.000753065,
    "p90": 0.000918476,
    "p95": 0.001072853,
    "p99": 0.001414619
  },
  "rps": {
    "mean": 80795.68272362178,
    "stddev": 11549.199196795355,
    "max": 105894.6088179844,
    "percentiles": {
      "p10": 65300.88809207753,
      "p25": 71029.69311665982,
      "p50": 80261.81584692818,
      "p75": 90212.8823996008,
      "p90": 96727.19001311144,
      "p95": 99418.7802075831,
      "p99": 103005.93906845077
    }
  },
  "details": {
    "DNSDialup": {
      "average": 0.0008267874600000001,
      "fastest": 0.000089435,
      "slowest": 0.001379217
    },
    "DNSLookup": {
      "average": 0.000006717220000000001,
      "fastest": 0.000003487,
      "slowest": 0.000024716
    }
  },
  "statusCodeDistribution": {
    "200": 808127
  },
  "errorDistribution": {}
}