{
  "summary": {
    "successRate": 1,
    "total": 10.001124923,
    "slowest": 0.012566382,
    "fastest": 0.0000305,
    "average": 0.0008064323793138022,
    "requestsPerSec": 61875.839444506455,
    "totalData": 8044764,
    "sizePerRequest": 13,
    "sizePerSec": 804385.9127785838
  },
  "responseTimeHistogram": {
    "0.0000305": 1,
    "0.0012840882": 564228,
    "0.0025376764": 53278,
    "0.0037912646": 694,
    "0.0050448528": 195,
    "0.006298441": 118,
    "0.0075520292": 69,
    "0.0088056174": 208,
    "0.0100592056": 25,
    "0.011312793799999998": 5,
    "0.012566382": 7
  },
  "latencyPercentiles": {
    "p10": 0.000487307,
    "p25": 0.000608109,
    "p50": 0.000749611,
    "p75": 0.000896313,
    "p90": 0.001240718,
    "p95": 0.00141102,
    "p99": 0.001883027
  },
  "rps": {
    "mean": 61854.983040930514,
    "stddev": 11435.40166149789,
    "max": 78836.031572476,
    "percentiles": {
      "p10": 46593.25315035925,
      "p25": 50413.894069205395,
      "p50": 66108.2965912231,
      "p75": 72721.49647435533,
      "p90": 74151.35985131073,
      "p95": 74800.41140226513,
      "p99": 75849.57568558784
    }
  },
  "details": {
    "DNSDialup": {
      "average": 0.0013277713799999997,
      "fastest": 0.000071101,
      "slowest": 0.001527522
    },
    "DNSLookup": {
      "average": 0.000007976120000000001,
      "fastest": 0.0000035,
      "slowest": 0.000050301
    }
  },
  "statusCodeDistribution": {
    "200": 618828
  },
  "errorDistribution": {}
}