{
  "summary": {
    "successRate": 1,
    "total": 10.000684577,
    "slowest": 0.016754219,
    "fastest": 0.000030602,
    "average": 0.0009314058563291116,
    "requestsPerSec": 53556.93361550563,
    "totalData": 6962878,
    "sizePerRequest": 13,
    "sizePerSec": 696240.1370015732
  },
  "responseTimeHistogram": {
    "0.000030602": 1,
    "0.0017029637": 515776,
    "0.0033753254": 19072,
    "0.005047687100000001": 299,
    "0.0067200488000000004": 161,
    "0.0083924105": 154,
    "0.0100647722": 120,
    "0.0117371339": 14,
    "0.0134094956": 7,
    "0.0150818573": 0,
    "0.016754219": 2
  },
  "latencyPercentiles": {
    "p10": 0.000560834,
    "p25": 0.000692642,
    "p50": 0.000846352,
    "p75": 0.001069165,
    "p90": 0.001433387,
    "p95": 0.001584997,
    "p99": 0.002187433
  },
  "rps": {
    "mean": 53557.92355006341,
    "stddev": 11781.66367510708,
    "max": 74695.7578532252,
    "percentiles": {
      "p10": 37685.89746609305,
      "p25": 41717.49214445932,
      "p50": 58333.20909594135,
      "p75": 64264.359639849965,
      "p90": 66342.4060659556,
      "p95": 67511.41618047473,
      "p99": 70549.40781515554
    }
  },
  "details": {
    "DNSDialup": {
      "average": 0.0015668852199999998,
      "fastest": 0.000111306,
      "slowest": 0.003017883
    },
    "DNSLookup": {
      "average": 0.000012842820000000003,
      "fastest": 0.0000038,
      "slowest": 0.000314419
    }
  },
  "statusCodeDistribution": {
    "200": 535606
  },
  "errorDistribution": {}
}