{
  "summary": {
    "successRate": 1,
    "total": 10.000670636,
    "slowest": 0.003097434,
    "fastest": 0.000028814,
    "average": 0.0006382734543954144,
    "requestsPerSec": 78157.95844593795,
    "totalData": 10161216,
    "sizePerRequest": 13,
    "sizePerSec": 1016053.4597971935
  },
  "responseTimeHistogram": {
    "0.000028814": 1,
    "0.00033567600000000003": 62710,
    "0.000642538": 379653,
    "0.0009494000000000002": 261316,
    "0.0012562620000000002": 57434,
    "0.0015631240000000002": 16299,
    "0.0018699860000000003": 3876,
    "0.002176848": 270,
    "0.00248371": 52,
    "0.0027905720000000003": 20,
    "0.003097434": 1
  },
  "latencyPercentiles": {
    "p10": 0.000353577,
    "p25": 0.000454212,
    "p50": 0.000598964,
    "p75": 0.000788224,
    "p90": 0.000948842,
    "p95": 0.001095107,
    "p99": 0.001459451
  },
  "rps": {
    "mean": 78173.3454240754,
    "stddev": 11329.932620959768,
    "max": 106453.65481333058,
    "percentiles": {
      "p10": 63721.02913375677,
      "p25": 68911.81837685166,
      "p50": 77504.69678462304,
      "p75": 87120.26141315846,
      "p90": 93616.04711352965,
      "p95": 96831.17963984366,
      "p99": 102002.5092617202
    }
  },
  "details": {
    "DNSDialup": {
      "average": 0.00048618885999999995,
      "fastest": 0.000072514,
      "slowest": 0.000863015
    },
    "DNSLookup": {
      "average": 0.00000703506,
      "fastest": 0.000003677,
      "slowest": 0.000035886
    }
  },
  "statusCodeDistribution": {
    "200": 781632
  },
  "errorDistribution": {}
}