{
  "summary": {
    "successRate": 1,
    "total": 10.000771038,
    "slowest": 0.01707805,
    "fastest": 0.000034903,
    "average": 0.0009844093565713455,
    "requestsPerSec": 50677.392580457956,
    "totalData": 6588569,
    "sizePerRequest": 13,
    "sizePerSec": 658806.1035459534
  },
  "responseTimeHistogram": {
    "0.000034903": 1,
    "0.0017392177000000002": 473302,
    "0.0034435324000000006": 31377,
    "0.005147847100000001": 1211,
    "0.006852161800000001": 424,
    "0.0085564765": 205,
    "0.010260791200000001": 178,
    "0.0119651059": 80,
    "0.013669420600000001": 28,
    "0.015373735300000002": 3,
    "0.01707805": 4
  },
  "latencyPercentiles": {
    "p10": 0.000587646,
    "p25": 0.000721658,
    "p50": 0.000860468,
    "p75": 0.001076186,
    "p90": 0.001533121,
    "p95": 0.001873648,
    "p99": 0.002624408
  },
  "rps": {
    "mean": 50678.36807147784,
    "stddev": 11755.585152018537,
    "max": 68698.11040267695,
    "percentiles": {
      "p10": 35402.159531728495,
      "p25": 43222.06662982732,
      "p50": 51882.03067871142,
      "p75": 61109.83868402934,
      "p90": 63724.91644232604,
      "p95": 64783.76585118117,
      "p99": 66445.96776482354
    }
  },
  "details": {
    "DNSDialup": {
      "average": 0.0014703979999999997,
      "fastest": 0.000088007,
      "slowest": 0.002467298
    },
    "DNSLookup": {
      "average": 0.0000072666200000000006,
      "fastest": 0.0000041,
      "slowest": 0.000054704
    }
  },
  "statusCodeDistribution": {
    "200": 506813
  },
  "errorDistribution": {}
}