{
  "summary": {
    "successRate": 1,
    "total": 10.000801856,
    "slowest": 0.003147692,
    "fastest": 0.000028022,
    "average": 0.0004883032268610296,
    "requestsPerSec": 102283.4983363158,
    "totalData": 13297921,
    "sizePerRequest": 13,
    "sizePerSec": 1329685.4783721054
  },
  "responseTimeHistogram": {
    "0.000028022": 1,
    "0.000339989": 147689,
    "0.0006519560000000001": 758220,
    "0.0009639230000000001": 106944,
    "0.00127589": 9519,
    "0.001587857": 505,
    "0.001899824": 30,
    "0.0022117910000000003": 0,
    "0.002523758": 5,
    "0.002835725": 3,
    "0.003147692": 1
  },
  "latencyPercentiles": {
    "p10": 0.000306601,
    "p25": 0.000395374,
    "p50": 0.000472915,
    "p75": 0.000570468,
    "p90": 0.000669517,
    "p95": 0.000767704,
    "p99": 0.000961966
  },
  "rps": {
    "mean": 102282.09569594338,
    "stddev": 5505.668463572472,
    "max": 118203.08471985484,
    "percentiles": {
      "p10": 95316.96766832464,
      "p25": 98441.80400085497,
      "p50": 102433.70068751462,
      "p75": 106126.20255941423,
      "p90": 109124.30349410427,
      "p95": 111028.15674054928,
      "p99": 113766.41888194156
    }
  },
  "details": {
    "DNSDialup": {
      "average": 0.0005247141199999999,
      "fastest": 0.000063124,
      "slowest": 0.001131631
    },
    "DNSLookup": {
      "average": 0.0000035850199999999997,
      "fastest": 0.000001392,
      "slowest": 0.000029094
    }
  },
  "statusCodeDistribution": {
    "200": 1022917
  },
  "errorDistribution": {}
}