{
  "summary": {
    "successRate": 1,
    "total": 10.000277015,
    "slowest": 0.00795696,
    "fastest": 0.000034835,
    "average": 0.000642652329155543,
    "requestsPerSec": 77630.7495117924,
    "totalData": 10092277,
    "sizePerRequest": 13,
    "sizePerSec": 1009199.7436533011
  },
  "responseTimeHistogram": {
    "0.000034835": 1,
    "0.0008270475": 631222,
    "0.00161926": 143776,
    "0.0024114724999999997": 1272,
    "0.003203685": 52,
    "0.003995897500000001": 5,
    "0.00478811": 0,
    "0.0055803225": 0,
    "0.006372535": 0,
    "0.0071647475000000006": 0,
    "0.00795696": 1
  },
  "latencyPercentiles": {
    "p10": 0.000382964,
    "p25": 0.000477406,
    "p50": 0.000605952,
    "p75": 0.000765208,
    "p90": 0.000957861,
    "p95": 0.001075142,
    "p99": 0.001393274
  },
  "rps": {
    "mean": 77637.25637556394,
    "stddev": 8917.156851644313,
    "max": 100524.55814955436,
    "percentiles": {
      "p10": 66404.34252007843,
      "p25": 70619.30731862049,
      "p50": 76865.7048044672,
      "p75": 84281.50021070428,
      "p90": 90480.8265223277,
      "p95": 92903.66040422772,
      "p99": 96652.57900297776
    }
  },
  "details": {
    "DNSDialup": {
      "average": 0.00104775576,
      "fastest": 0.000283062,
      "slowest": 0.001606758
    },
    "DNSLookup": {
      "average": 0.00001059612,
      "fastest": 0.000005159,
      "slowest": 0.000044193
    }
  },
  "statusCodeDistribution": {
    "200": 776329
  },
  "errorDistribution": {}
}