{
  "summary": {
    "successRate": 1,
    "total": 10.000517942,
    "slowest": 0.00297031,
    "fastest": 0.000034032,
    "average": 0.0006325610638022242,
    "requestsPerSec": 78875.61470063707,
    "totalData": 10254361,
    "sizePerRequest": 13,
    "sizePerSec": 1025382.9911082819
  },
  "responseTimeHistogram": {
    "0.000034032": 1,
    "0.00032765980000000006": 43399,
    "0.0006212876000000001": 391992,
    "0.0009149154000000001": 260795,
    "0.0012085432000000001": 71795,
    "0.0015021710000000003": 17615,
    "0.0017957988000000002": 2995,
    "0.0020894266": 156,
    "0.0023830544": 15,
    "0.0026766822": 19,
    "0.0029703100000000003": 15
  },
  "latencyPercentiles": {
    "p10": 0.000377958,
    "p25": 0.000468575,
    "p50": 0.000593491,
    "p75": 0.000750987,
    "p90": 0.000945039,
    "p95": 0.001075182,
    "p99": 0.001385891
  },
  "rps": {
    "mean": 78883.90304107142,
    "stddev": 9930.061643354611,
    "max": 100929.45573892503,
    "percentiles": {
      "p10": 66311.37903264222,
      "p25": 70280.06962696332,
      "p50": 78521.53845800091,
      "p75": 86815.14766754754,
      "p90": 92631.48175746808,
      "p95": 94814.05144241787,
      "p99": 98307.3140641668
    }
  },
  "details": {
    "DNSDialup": {
      "average": 0.0012001202200000003,
      "fastest": 0.000311185,
      "slowest": 0.002136756
    },
    "DNSLookup": {
      "average": 0.000021667740000000002,
      "fastest": 0.000004388,
      "slowest": 0.000684967
    }
  },
  "statusCodeDistribution": {
    "200": 788797
  },
  "errorDistribution": {}
}