{
  "summary": {
    "successRate": 1,
    "total": 10.000703433,
    "slowest": 0.007090748,
    "fastest": 0.000026858,
    "average": 0.00046091986612714007,
    "requestsPerSec": 108235.38636574626,
    "totalData": 14071590,
    "sizePerRequest": 13,
    "sizePerSec": 1407060.0227547013
  },
  "responseTimeHistogram": {
    "0.000026858": 1,
    "0.000733247": 1017178,
    "0.001439636": 64931,
    "0.0021460249999999998": 283,
    "0.0028524139999999997": 29,
    "0.0035588029999999997": 5,
    "0.004265192": 2,
    "0.004971581": 0,
    "0.00567797": 0,
    "0.006384359": 0,
    "0.007090748": 1
  },
  "latencyPercentiles": {
    "p10": 0.000298509,
    "p25": 0.0003719,
    "p50": 0.000443043,
    "p75": 0.000512641,
    "p90": 0.000673461,
    "p95": 0.000755262,
    "p99": 0.000921828
  },
  "rps": {
    "mean": 108231.78407694882,
    "stddev": 7467.976737884327,
    "max": 124578.33388495396,
    "percentiles": {
      "p10": 98812.16377736905,
      "p25": 103378.2366494895,
      "p50": 108834.46208166378,
      "p75": 113539.01200451798,
      "p90": 117124.27166482636,
      "p95": 119349.9957131987,
      "p99": 123252.27128825412
    }
  },
  "details": {
    "DNSDialup": {
      "average": 0.00048089406,
      "fastest": 0.000063952,
      "slowest": 0.000930338
    },
    "DNSLookup": {
      "average": 0.000005963939999999998,
      "fastest": 0.000003083,
      "slowest": 0.000032824
    }
  },
  "statusCodeDistribution": {
    "200": 1082430
  },
  "errorDistribution": {}
}