{
  "summary": {
    "successRate": 1,
    "total": 10.000642376,
    "slowest": 0.00311844,
    "fastest": 0.000030167,
    "average": 0.0006149858721558906,
    "requestsPerSec": 81118.58913651848,
    "totalData": 10546094,
    "sizePerRequest": 13,
    "sizePerSec": 1054541.6587747403
  },
  "responseTimeHistogram": {
    "0.000030167": 1,
    "0.0003389943": 71850,
    "0.0006478216": 427970,
    "0.0009566489": 246555,
    "0.0012654762": 48495,
    "0.0015743035": 13800,
    "0.0018831308": 2382,
    "0.0021919581000000004": 146,
    "0.0025007854000000003": 14,
    "0.0028096127": 10,
    "0.00311844": 15
  },
  "latencyPercentiles": {
    "p10": 0.000348719,
    "p25": 0.000440562,
    "p50": 0.000571827,
    "p75": 0.000760409,
    "p90": 0.000913823,
    "p95": 0.001052422,
    "p99": 0.001403982
  },
  "rps": {
    "mean": 81106.96872535533,
    "stddev": 11628.615380779347,
    "max": 108625.42514617358,
    "percentiles": {
      "p10": 65705.51269251431,
      "p25": 71497.39716383103,
      "p50": 80805.00182961256,
      "p75": 89485.3510075404,
      "p90": 97107.2830462294,
      "p95": 100421.34704269428,
      "p99": 104690.37189101281
    }
  },
  "details": {
    "DNSDialup": {
      "average": 0.0006435524,
      "fastest": 0.000081392,
      "slowest": 0.000924547
    },
    "DNSLookup": {
      "average": 0.000006196620000000001,
      "fastest": 0.000003106,
      "slowest": 0.000031088
    }
  },
  "statusCodeDistribution": {
    "200": 811238
  },
  "errorDistribution": {}
}