{
  "summary": {
    "successRate": 1,
    "total": 10.000422199,
    "slowest": 0.004715941,
    "fastest": 0.000032471,
    "average": 0.00063001437141373,
    "requestsPerSec": 79194.85640108223,
    "totalData": 10295766,
    "sizePerRequest": 13,
    "sizePerSec": 1029533.133214069
  },
  "responseTimeHistogram": {
    "0.000032471": 1,
    "0.000500818": 250852,
    "0.000969165": 472623,
    "0.0014375120000000002": 62740,
    "0.0019058590000000002": 5674,
    "0.0023742060000000002": 76,
    "0.0028425530000000003": 15,
    "0.0033109000000000003": 0,
    "0.0037792470000000003": 0,
    "0.004247594": 0,
    "0.004715941": 1
  },
  "latencyPercentiles": {
    "p10": 0.000374875,
    "p25": 0.000467731,
    "p50": 0.000591112,
    "p75": 0.000748665,
    "p90": 0.000941365,
    "p95": 0.001074786,
    "p99": 0.001387436
  },
  "rps": {
    "mean": 79187.83952401999,
    "stddev": 9955.80224747096,
    "max": 102179.68534709333,
    "percentiles": {
      "p10": 65645.82735207782,
      "p25": 71062.07983294246,
      "p50": 79314.93500226202,
      "p75": 87035.08384229496,
      "p90": 92405.29482339846,
      "p95": 95206.47404023125,
      "p99": 99406.77574273561
    }
  },
  "details": {
    "DNSDialup": {
      "average": 0.0008180861200000003,
      "fastest": 0.000087976,
      "slowest": 0.001987587
    },
    "DNSLookup": {
      "average": 0.000008052740000000001,
      "fastest": 0.000004358,
      "slowest": 0.00004307
    }
  },
  "statusCodeDistribution": {
    "200": 791982
  },
  "errorDistribution": {}
}