{
  "summary": {
    "successRate": 1,
    "total": 10.000750962,
    "slowest": 0.003151733,
    "fastest": 0.000033153,
    "average": 0.0005930781292640753,
    "requestsPerSec": 84129.18221810632,
    "totalData": 10937615,
    "sizePerRequest": 13,
    "sizePerSec": 1093679.3688353822
  },
  "responseTimeHistogram": {
    "0.000033153": 1,
    "0.000345011": 52057,
    "0.0006568689999999999": 571109,
    "0.000968727": 155154,
    "0.0012805849999999999": 52826,
    "0.0015924429999999998": 8865,
    "0.001904301": 1175,
    "0.002216159": 111,
    "0.002528017": 48,
    "0.002839875": 8,
    "0.003151733": 1
  },
  "latencyPercentiles": {
    "p10": 0.000383272,
    "p25": 0.00047556,
    "p50": 0.000535164,
    "p75": 0.000668131,
    "p90": 0.000897688,
    "p95": 0.00103519,
    "p99": 0.001322023
  },
  "rps": {
    "mean": 84130.19197246878,
    "stddev": 8812.149844797623,
    "max": 107099.01799294073,
    "percentiles": {
      "p10": 72118.0295073777,
      "p25": 79510.14540442698,
      "p50": 84424.65300015254,
      "p75": 88012.50657718944,
      "p90": 96366.95576086262,
      "p95": 99748.2881462913,
      "p99": 103901.75593967523
    }
  },
  "details": {
    "DNSDialup": {
      "average": 0.0008533848800000001,
      "fastest": 0.000076414,
      "slowest": 0.001704386
    },
    "DNSLookup": {
      "average": 0.000006891999999999999,
      "fastest": 0.000003256,
      "slowest": 0.000035236
    }
  },
  "statusCodeDistribution": {
    "200": 841355
  },
  "errorDistribution": {}
}