{
  "summary": {
    "successRate": 1,
    "total": 10.000590254,
    "slowest": 0.002674186,
    "fastest": 0.000031659,
    "average": 0.000605677519160611,
    "requestsPerSec": 82349.03931501482,
    "totalData": 10706007,
    "sizePerRequest": 13,
    "sizePerSec": 1070537.5110951925
  },
  "responseTimeHistogram": {
    "0.000031659": 1,
    "0.0002959117": 33476,
    "0.0005601644": 367420,
    "0.0008244171": 299207,
    "0.0010886698": 94500,
    "0.0013529225": 21281,
    "0.0016171752": 6215,
    "0.0018814279": 1274,
    "0.0021456806": 129,
    "0.0024099333": 26,
    "0.002674186": 10
  },
  "latencyPercentiles": {
    "p10": 0.000364792,
    "p25": 0.000454191,
    "p50": 0.000566265,
    "p75": 0.000716305,
    "p90": 0.000908936,
    "p95": 0.001027381,
    "p99": 0.001340223
  },
  "rps": {
    "mean": 82351.30648265904,
    "stddev": 9289.532012239588,
    "max": 98803.4383596607,
    "percentiles": {
      "p10": 68806.2338447872,
      "p25": 76204.56353034056,
      "p50": 83662.84218557956,
      "p75": 89756.10654220007,
      "p90": 93448.37733352513,
      "p95": 95564.54429322774,
      "p99": 97365.14701986716
    }
  },
  "details": {
    "DNSDialup": {
      "average": 0.0005370009199999998,
      "fastest": 0.000072986,
      "slowest": 0.000949192
    },
    "DNSLookup": {
      "average": 0.0000077286,
      "fastest": 0.000003937,
      "slowest": 0.000043371
    }
  },
  "statusCodeDistribution": {
    "200": 823539
  },
  "errorDistribution": {}
}