{
  "summary": {
    "successRate": 1,
    "total": 10.000728801,
    "slowest": 0.00276187,
    "fastest": 0.00003707,
    "average": 0.0005980773886753544,
    "requestsPerSec": 83422.42016567609,
    "totalData": 10845705,
    "sizePerRequest": 13,
    "sizePerSec": 1084491.4621537891
  },
  "responseTimeHistogram": {
    "0.00003707": 1,
    "0.00030954999999999996": 41736,
    "0.00058203": 449736,
    "0.00085451": 239342,
    "0.0011269899999999998": 77823,
    "0.0013994699999999997": 19012,
    "0.0016719499999999997": 5835,
    "0.0019444299999999998": 700,
    "0.00221691": 92,
    "0.0024893899999999997": 6,
    "0.0027618699999999996": 2
  },
  "latencyPercentiles": {
    "p10": 0.000362582,
    "p25": 0.000452806,
    "p50": 0.000547445,
    "p75": 0.00070528,
    "p90": 0.000896015,
    "p95": 0.001043869,
    "p99": 0.001355435
  },
  "rps": {
    "mean": 83424.65296686937,
    "stddev": 10607.620507764022,
    "max": 107023.0598083402,
    "percentiles": {
      "p10": 68598.28762651126,
      "p25": 76388.17462938256,
      "p50": 83377.59118635181,
      "p75": 90805.8569777777,
      "p90": 97933.59121177197,
      "p95": 101245.48959847476,
      "p99": 104610.39704866531
    }
  },
  "details": {
    "DNSDialup": {
      "average": 0.0007629163199999998,
      "fastest": 0.00011587,
      "slowest": 0.001419848
    },
    "DNSLookup": {
      "average": 0.000006928299999999999,
      "fastest": 0.000003817,
      "slowest": 0.000025308
    }
  },
  "statusCodeDistribution": {
    "200": 834285
  },
  "errorDistribution": {}
}