{
  "summary": {
    "successRate": 1,
    "total": 10.000290598,
    "slowest": 0.005373853,
    "fastest": 0.000033941,
    "average": 0.0006489052415591838,
    "requestsPerSec": 76867.96623227489,
    "totalData": 9993126,
    "sizePerRequest": 13,
    "sizePerSec": 999283.5610195736
  },
  "responseTimeHistogram": {
    "0.000033941": 1,
    "0.0005679322": 326607,
    "0.0011019234": 403037,
    "0.0016359146": 37596,
    "0.0021699058": 1408,
    "0.0027038970000000002": 35,
    "0.0032378882": 13,
    "0.0037718794": 2,
    "0.0043058706": 2,
    "0.0048398618": 0,
    "0.0053738530000000005": 1
  },
  "latencyPercentiles": {
    "p10": 0.00038321,
    "p25": 0.000477866,
    "p50": 0.000607052,
    "p75": 0.00077268,
    "p90": 0.000983844,
    "p95": 0.001104809,
    "p99": 0.001416359
  },
  "rps": {
    "mean": 76867.89398712509,
    "stddev": 8736.008247210062,
    "max": 99680.02312256374,
    "percentiles": {
      "p10": 65669.5966385147,
      "p25": 70131.011933475,
      "p50": 76240.74305308807,
      "p75": 83137.17634097248,
      "p90": 89346.23667748322,
      "p95": 92019.90390521257,
      "p99": 96358.76921333814
    }
  },
  "details": {
    "DNSDialup": {
      "average": 0.0007309023,
      "fastest": 0.00012367,
      "slowest": 0.001377884
    },
    "DNSLookup": {
      "average": 0.000009856559999999999,
      "fastest": 0.000004298,
      "slowest": 0.000047879
    }
  },
  "statusCodeDistribution": {
    "200": 768702
  },
  "errorDistribution": {}
}