{
  "summary": {
    "successRate": 1,
    "total": 10.000336799,
    "slowest": 0.004195691,
    "fastest": 0.000033826,
    "average": 0.0006379603320353405,
    "requestsPerSec": 78195.06639798323,
    "totalData": 10165701,
    "sizePerRequest": 13,
    "sizePerSec": 1016535.863173782
  },
  "responseTimeHistogram": {
    "0.000033826": 1,
    "0.00045001249999999997": 164894,
    "0.000866199": 494399,
    "0.0012823855": 107192,
    "0.001698572": 14803,
    "0.0021147584999999997": 635,
    "0.0025309449999999997": 25,
    "0.0029471314999999997": 9,
    "0.0033633179999999997": 10,
    "0.0037795044999999997": 8,
    "0.004195691": 1
  },
  "latencyPercentiles": {
    "p10": 0.0003773,
    "p25": 0.000470102,
    "p50": 0.000597503,
    "p75": 0.000759191,
    "p90": 0.000964035,
    "p95": 0.001087264,
    "p99": 0.001406231
  },
  "rps": {
    "mean": 78189.34989796104,
    "stddev": 10170.074718173195,
    "max": 100271.4032662647,
    "percentiles": {
      "p10": 65045.01765672011,
      "p25": 69959.5852723409,
      "p50": 77340.51869774776,
      "p75": 86316.20155103187,
      "p90": 92415.4148912049,
      "p95": 95095.82131523998,
      "p99": 98014.86885561027
    }
  },
  "details": {
    "DNSDialup": {
      "average": 0.0012307052999999998,
      "fastest": 0.000097511,
      "slowest": 0.002828598
    },
    "DNSLookup": {
      "average": 0.000026724359999999995,
      "fastest": 0.000004128,
      "slowest": 0.000929766
    }
  },
  "statusCodeDistribution": {
    "200": 781977
  },
  "errorDistribution": {}
}