{
  "summary": {
    "successRate": 1,
    "total": 10.000374025,
    "slowest": 0.004777899,
    "fastest": 0.000036108,
    "average": 0.0006332284127526639,
    "requestsPerSec": 78782.2533467692,
    "totalData": 10242076,
    "sizePerRequest": 13,
    "sizePerSec": 1024169.2935079996
  },
  "responseTimeHistogram": {
    "0.000036108": 1,
    "0.0005102871": 262763,
    "0.0009844662": 461445,
    "0.0014586453000000003": 58962,
    "0.0019328244000000002": 4630,
    "0.0024070035": 23,
    "0.0028811826000000006": 18,
    "0.0033553617000000005": 8,
    "0.0038295408000000005": 1,
    "0.004303719900000001": 0,
    "0.004777899": 1
  },
  "latencyPercentiles": {
    "p10": 0.000373821,
    "p25": 0.000467985,
    "p50": 0.000594833,
    "p75": 0.000758742,
    "p90": 0.000947569,
    "p95": 0.001069329,
    "p99": 0.001382726
  },
  "rps": {
    "mean": 78798.3033018751,
    "stddev": 9942.026413179015,
    "max": 99916.60613994105,
    "percentiles": {
      "p10": 65902.92168616327,
      "p25": 70209.18123456885,
      "p50": 78265.77455693859,
      "p75": 86694.58379091656,
      "p90": 92444.99297807945,
      "p95": 95415.47639026916,
      "p99": 98657.88257970772
    }
  },
  "details": {
    "DNSDialup": {
      "average": 0.00103168026,
      "fastest": 0.000116688,
      "slowest": 0.001830185
    },
    "DNSLookup": {
      "average": 0.000022032239999999995,
      "fastest": 0.000004699,
      "slowest": 0.000632806
    }
  },
  "statusCodeDistribution": {
    "200": 787852
  },
  "errorDistribution": {}
}