{
  "summary": {
    "successRate": 1,
    "total": 10.000738523,
    "slowest": 0.002713011,
    "fastest": 0.000032542,
    "average": 0.0005985881551206784,
    "requestsPerSec": 83331.54577368205,
    "totalData": 10833901,
    "sizePerRequest": 13,
    "sizePerSec": 1083310.0950578668
  },
  "responseTimeHistogram": {
    "0.000032542": 1,
    "0.0003005889": 37633,
    "0.0005686358": 396804,
    "0.0008366827000000001": 287751,
    "0.0011047296": 84837,
    "0.0013727765": 19531,
    "0.0016408234000000002": 5721,
    "0.0019088703000000001": 979,
    "0.0021769172": 90,
    "0.0024449641": 13,
    "0.002713011": 17
  },
  "latencyPercentiles": {
    "p10": 0.000361103,
    "p25": 0.000449679,
    "p50": 0.00055895,
    "p75": 0.00070379,
    "p90": 0.000897797,
    "p95": 0.00102428,
    "p99": 0.001337854
  },
  "rps": {
    "mean": 83322.9281504598,
    "stddev": 9674.308378030368,
    "max": 100615.14257896208,
    "percentiles": {
      "p10": 68758.7199468334,
      "p25": 76706.02909389674,
      "p50": 84821.13742744608,
      "p75": 90921.85761455592,
      "p90": 95400.21942050368,
      "p95": 96918.20123819416,
      "p99": 99121.62604367232
    }
  },
  "details": {
    "DNSDialup": {
      "average": 0.0006043851599999999,
      "fastest": 0.000094646,
      "slowest": 0.000922743
    },
    "DNSLookup": {
      "average": 0.000009179279999999999,
      "fastest": 0.000003968,
      "slowest": 0.000052127
    }
  },
  "statusCodeDistribution": {
    "200": 833377
  },
  "errorDistribution": {}
}