{
  "summary": {
    "successRate": 1,
    "total": 10.000685902,
    "slowest": 0.004751989,
    "fastest": 0.000040793,
    "average": 0.0006532143642997314,
    "requestsPerSec": 76395.85999268392,
    "totalData": 9932143,
    "sizePerRequest": 13,
    "sizePerSec": 993146.1799048911
  },
  "responseTimeHistogram": {
    "0.000040793": 1,
    "0.0005119126": 212310,
    "0.0009830321999999999": 486976,
    "0.0014541517999999997": 58097,
    "0.0019252713999999998": 6350,
    "0.002396391": 239,
    "0.0028675105999999995": 15,
    "0.0033386301999999996": 22,
    "0.0038097497999999997": 0,
    "0.0042808694": 0,
    "0.004751989": 1
  },
  "latencyPercentiles": {
    "p10": 0.000399132,
    "p25": 0.000500121,
    "p50": 0.000618056,
    "p75": 0.000769746,
    "p90": 0.000949093,
    "p95": 0.001093927,
    "p99": 0.001428039
  },
  "rps": {
    "mean": 76401.80215177125,
    "stddev": 6439.899212513906,
    "max": 93703.48721594852,
    "percentiles": {
      "p10": 68029.51452928859,
      "p25": 72039.73547489563,
      "p50": 76625.05208500277,
      "p75": 81013.99111626667,
      "p90": 84579.97036197757,
      "p95": 86429.5589091457,
      "p99": 90213.82278020264
    }
  },
  "details": {
    "DNSDialup": {
      "average": 0.00081821658,
      "fastest": 0.000073988,
      "slowest": 0.001331065
    },
    "DNSLookup": {
      "average": 0.000005645400000000001,
      "fastest": 0.000002676,
      "slowest": 0.000029716
    }
  },
  "statusCodeDistribution": {
    "200": 764011
  },
  "errorDistribution": {}
}