{
  "summary": {
    "successRate": 1,
    "total": 10.000422532,
    "slowest": 0.003600972,
    "fastest": 0.000033503,
    "average": 0.000638152284077322,
    "requestsPerSec": 78163.79732943868,
    "totalData": 10161723,
    "sizePerRequest": 13,
    "sizePerSec": 1016129.3652827028
  },
  "responseTimeHistogram": {
    "0.000033503": 1,
    "0.0003902499": 86453,
    "0.0007469968": 473397,
    "0.0011037437": 186096,
    "0.0014604906": 28558,
    "0.0018172375000000001": 6077,
    "0.0021739843999999996": 980,
    "0.0025307312999999997": 26,
    "0.0028874782": 36,
    "0.0032442251": 33,
    "0.003600972": 14
  },
  "latencyPercentiles": {
    "p10": 0.000382798,
    "p25": 0.000457749,
    "p50": 0.000585144,
    "p75": 0.000776943,
    "p90": 0.000958761,
    "p95": 0.001085057,
    "p99": 0.001444031
  },
  "rps": {
    "mean": 78160.78112903378,
    "stddev": 9422.950652834923,
    "max": 99622.18586078855,
    "percentiles": {
      "p10": 65219.411142968565,
      "p25": 70801.72756215233,
      "p50": 79172.1020333191,
      "p75": 85598.37944464161,
      "p90": 90504.9325188304,
      "p95": 91913.40275632578,
      "p99": 96601.1978548516
    }
  },
  "details": {
    "DNSDialup": {
      "average": 0.00092669608,
      "fastest": 0.000101255,
      "slowest": 0.001550135
    },
    "DNSLookup": {
      "average": 0.000023345059999999995,
      "fastest": 0.000004488,
      "slowest": 0.000655307
    }
  },
  "statusCodeDistribution": {
    "200": 781671
  },
  "errorDistribution": {}
}