{
  "summary": {
    "successRate": 1,
    "total": 10.000987402,
    "slowest": 0.003097702,
    "fastest": 0.000030707,
    "average": 0.0006014932912856989,
    "requestsPerSec": 82923.11215532116,
    "totalData": 10781069,
    "sizePerRequest": 13,
    "sizePerSec": 1078000.458019175
  },
  "responseTimeHistogram": {
    "0.000030707": 1,
    "0.00033740649999999996": 62715,
    "0.000644106": 481729,
    "0.0009508054999999999": 223499,
    "0.001257505": 49858,
    "0.0015642044999999998": 9799,
    "0.0018709039999999998": 1592,
    "0.0021776035": 45,
    "0.0024843029999999998": 21,
    "0.0027910024999999996": 25,
    "0.0030977019999999995": 29
  },
  "latencyPercentiles": {
    "p10": 0.000361584,
    "p25": 0.000452468,
    "p50": 0.000565283,
    "p75": 0.000711611,
    "p90": 0.000895865,
    "p95": 0.00101605,
    "p99": 0.001320427
  },
  "rps": {
    "mean": 82922.54206811145,
    "stddev": 8997.10384721708,
    "max": 100498.1723460421,
    "percentiles": {
      "p10": 69723.13413590837,
      "p25": 76895.76053086763,
      "p50": 84207.25608995992,
      "p75": 89943.5106461369,
      "p90": 93822.58240171944,
      "p95": 95227.31119284939,
      "p99": 98215.37070551568
    }
  },
  "details": {
    "DNSDialup": {
      "average": 0.00073915176,
      "fastest": 0.000091581,
      "slowest": 0.001186576
    },
    "DNSLookup": {
      "average": 0.000007799760000000002,
      "fastest": 0.000003847,
      "slowest": 0.000053861
    }
  },
  "statusCodeDistribution": {
    "200": 829313
  },
  "errorDistribution": {}
}