{
  "summary": {
    "successRate": 1,
    "total": 10.000272851,
    "slowest": 0.004114261,
    "fastest": 0.000033169,
    "average": 0.000637163914364179,
    "requestsPerSec": 78300.36356675005,
    "totalData": 10179325,
    "sizePerRequest": 13,
    "sizePerSec": 1017904.7263677506
  },
  "responseTimeHistogram": {
    "0.000033169": 1,
    "0.0004412782": 152068,
    "0.0008493874": 499527,
    "0.0012574966": 115006,
    "0.0016656058": 15611,
    "0.002073715": 763,
    "0.0024818242": 26,
    "0.0028899334": 16,
    "0.0032980426": 6,
    "0.0037061518": 0,
    "0.004114261": 1
  },
  "latencyPercentiles": {
    "p10": 0.000376665,
    "p25": 0.000470754,
    "p50": 0.000598174,
    "p75": 0.000758639,
    "p90": 0.000958095,
    "p95": 0.001078949,
    "p99": 0.00140172
  },
  "rps": {
    "mean": 78295.75972140687,
    "stddev": 9768.450736329154,
    "max": 100032.3871223161,
    "percentiles": {
      "p10": 65431.04048560741,
      "p25": 70377.43985627494,
      "p50": 77501.2710208483,
      "p75": 86037.8996948125,
      "p90": 92079.18191663556,
      "p95": 94823.87665213941,
      "p99": 97721.78677608378
    }
  },
  "details": {
    "DNSDialup": {
      "average": 0.0011852703,
      "fastest": 0.000101098,
      "slowest": 0.002714698
    },
    "DNSLookup": {
      "average": 0.00002372742,
      "fastest": 0.000004338,
      "slowest": 0.000813226
    }
  },
  "statusCodeDistribution": {
    "200": 783025
  },
  "errorDistribution": {}
}