{
  "summary": {
    "successRate": 1,
    "total": 10.00062821,
    "slowest": 0.004906149,
    "fastest": 0.000226022,
    "average": 0.0010539723850539768,
    "requestsPerSec": 47348.8254994333,
    "totalData": 6155734,
    "sizePerRequest": 13,
    "sizePerSec": 615534.7314926329
  },
  "responseTimeHistogram": {
    "0.000226022": 1,
    "0.0006940347": 9954,
    "0.0011620474": 393440,
    "0.0016300600999999998": 69012,
    "0.0020980728": 846,
    "0.0025660855000000002": 147,
    "0.0030340982": 44,
    "0.0035021109": 35,
    "0.0039701236": 14,
    "0.0044381363": 19,
    "0.004906149": 6
  },
  "latencyPercentiles": {
    "p10": 0.000913694,
    "p25": 0.000986587,
    "p50": 0.001067139,
    "p75": 0.001133544,
    "p90": 0.001181581,
    "p95": 0.001217028,
    "p99": 0.001334454
  },
  "rps": {
    "mean": 47348.83084830814,
    "stddev": 2841.412322814889,
    "max": 75463.76688301897,
    "percentiles": {
      "p10": 45441.67455973707,
      "p25": 46349.75182360825,
      "p50": 47034.31589590618,
      "p75": 48302.06732848214,
      "p90": 50128.54103141802,
      "p95": 51524.793730741,
      "p99": 54741.877536314765
    }
  },
  "details": {
    "DNSDialup": {
      "average": 0.0008593156800000001,
      "fastest": 0.000095227,
      "slowest": 0.00158891
    },
    "DNSLookup": {
      "average": 0.000006693200000000001,
      "fastest": 0.000003547,
      "slowest": 0.000041136
    }
  },
  "statusCodeDistribution": {
    "200": 473518
  },
  "errorDistribution": {}
}