{
  "summary": {
    "successRate": 1,
    "total": 10.000579251,
    "slowest": 0.004902207,
    "fastest": 0.000276276,
    "average": 0.0009674893980820474,
    "requestsPerSec": 51583.112043076595,
    "totalData": 6706193,
    "sizePerRequest": 13,
    "sizePerSec": 670580.4565599958
  },
  "responseTimeHistogram": {
    "0.000276276": 1,
    "0.0007388691": 53807,
    "0.0012014622": 446940,
    "0.0016640553": 14349,
    "0.0021266484": 492,
    "0.0025892414999999997": 90,
    "0.0030518346": 92,
    "0.0035144277000000003": 46,
    "0.0039770208": 19,
    "0.0044396139": 14,
    "0.004902207": 11
  },
  "latencyPercentiles": {
    "p10": 0.000729558,
    "p25": 0.000901257,
    "p50": 0.00098963,
    "p75": 0.001068269,
    "p90": 0.001119803,
    "p95": 0.001162071,
    "p99": 0.001284631
  },
  "rps": {
    "mean": 51579.99215172506,
    "stddev": 4667.255685841249,
    "max": 70939.12292629387,
    "percentiles": {
      "p10": 47908.69063648136,
      "p25": 48854.82977545589,
      "p50": 50400.55440609841,
      "p75": 53670.6125957683,
      "p90": 57480.17562001961,
      "p95": 60211.28961679732,
      "p99": 65754.55655557514
    }
  },
  "details": {
    "DNSDialup": {
      "average": 0.0008482626200000001,
      "fastest": 0.000236362,
      "slowest": 0.00125729
    },
    "DNSLookup": {
      "average": 0.000009578700000000002,
      "fastest": 0.000004538,
      "slowest": 0.000050264
    }
  },
  "statusCodeDistribution": {
    "200": 515861
  },
  "errorDistribution": {}
}