{
  "summary": {
    "successRate": 1,
    "total": 10.000506089,
    "slowest": 0.005099991,
    "fastest": 0.000146121,
    "average": 0.0009223917147598245,
    "requestsPerSec": 54112.36143291148,
    "totalData": 7034963,
    "sizePerRequest": 13,
    "sizePerSec": 703460.6986278492
  },
  "responseTimeHistogram": {
    "0.000146121": 1,
    "0.000641508": 79385,
    "0.001136895": 428351,
    "0.001632282": 32960,
    "0.002127669": 346,
    "0.002623056": 20,
    "0.0031184430000000003": 32,
    "0.00361383": 7,
    "0.004109217": 15,
    "0.004604604": 32,
    "0.005099991": 2
  },
  "latencyPercentiles": {
    "p10": 0.00060007,
    "p25": 0.000849154,
    "p50": 0.000963622,
    "p75": 0.00104688,
    "p90": 0.00110456,
    "p95": 0.00115228,
    "p99": 0.001271661
  },
  "rps": {
    "mean": 54099.30810138616,
    "stddev": 8428.128549763434,
    "max": 83569.27056836983,
    "percentiles": {
      "p10": 48360.431194822486,
      "p25": 49347.544222468794,
      "p50": 50532.24620355041,
      "p75": 55742.335982200624,
      "p90": 67613.13723256276,
      "p95": 74226.51166648445,
      "p99": 80331.631411232
    }
  },
  "details": {
    "DNSDialup": {
      "average": 0.0008407380599999996,
      "fastest": 0.000091891,
      "slowest": 0.001328634
    },
    "DNSLookup": {
      "average": 0.000012121559999999991,
      "fastest": 0.000004518,
      "slowest": 0.000144039
    }
  },
  "statusCodeDistribution": {
    "200": 541151
  },
  "errorDistribution": {}
}