{
  "summary": {
    "successRate": 1,
    "total": 10.000431876,
    "slowest": 0.005702587,
    "fastest": 0.000107917,
    "average": 0.0009137391109616217,
    "requestsPerSec": 54626.44081512465,
    "totalData": 6009168,
    "sizePerRequest": 11,
    "sizePerSec": 600890.8489663712
  },
  "responseTimeHistogram": {
    "0.000107917": 1,
    "0.000667384": 97216,
    "0.001226851": 441147,
    "0.0017863179999999998": 7615,
    "0.002345785": 205,
    "0.002905252": 56,
    "0.003464719": 1,
    "0.004024186": 14,
    "0.004583653": 25,
    "0.00514312": 7,
    "0.005702587": 1
  },
  "latencyPercentiles": {
    "p10": 0.000599665,
    "p25": 0.000821761,
    "p50": 0.000957459,
    "p75": 0.001044786,
    "p90": 0.001100092,
    "p95": 0.001141505,
    "p99": 0.001256122
  },
  "rps": {
    "mean": 54626.76215342933,
    "stddev": 8004.924878080793,
    "max": 82106.6588500385,
    "percentiles": {
      "p10": 48710.614042800924,
      "p25": 49671.99856444852,
      "p50": 50893.83044066882,
      "p75": 57931.798764342166,
      "p90": 67791.78329540363,
      "p95": 72002.28967281073,
      "p99": 77547.39696902483
    }
  },
  "details": {
    "DNSDialup": {
      "average": 0.0012748386,
      "fastest": 0.000100869,
      "slowest": 0.002824902
    },
    "DNSLookup": {
      "average": 0.000027052860000000004,
      "fastest": 0.000003958,
      "slowest": 0.000937903
    }
  },
  "statusCodeDistribution": {
    "200": 546288
  },
  "errorDistribution": {}
}