{
  "summary": {
    "successRate": 1,
    "total": 10.000570776,
    "slowest": 0.004390227,
    "fastest": 0.000397879,
    "average": 0.0009630369090200667,
    "requestsPerSec": 51833.74145443876,
    "totalData": 6738771,
    "sizePerRequest": 13,
    "sizePerSec": 673838.6389077039
  },
  "responseTimeHistogram": {
    "0.000397879": 1,
    "0.0007971138": 18930,
    "0.0011963486": 495257,
    "0.0015955834000000002": 3421,
    "0.0019948182": 456,
    "0.0023940529999999997": 114,
    "0.0027932878": 67,
    "0.0031925226": 48,
    "0.0035917574": 39,
    "0.0039909922": 12,
    "0.004390227": 22
  },
  "latencyPercentiles": {
    "p10": 0.000851303,
    "p25": 0.000897542,
    "p50": 0.000969982,
    "p75": 0.001024995,
    "p90": 0.001060458,
    "p95": 0.001089422,
    "p99": 0.001180079
  },
  "rps": {
    "mean": 51833.68020441313,
    "stddev": 2205.9297551131112,
    "max": 58738.761708846374,
    "percentiles": {
      "p10": 50723.971697026434,
      "p25": 51254.11007822973,
      "p50": 51946.663687991255,
      "p75": 52625.43799400128,
      "p90": 53400.21305471385,
      "p95": 54090.63172418514,
      "p99": 55645.751937243695
    }
  },
  "details": {
    "DNSDialup": {
      "average": 0.0005522925399999999,
      "fastest": 0.000065539,
      "slowest": 0.0008359
    },
    "DNSLookup": {
      "average": 0.000005440539999999999,
      "fastest": 0.000002925,
      "slowest": 0.000027461
    }
  },
  "statusCodeDistribution": {
    "200": 518367
  },
  "errorDistribution": {}
}