{
  "summary": {
    "successRate": 1,
    "total": 10.000400878,
    "slowest": 0.005594181,
    "fastest": 0.000270647,
    "average": 0.000983587033494139,
    "requestsPerSec": 50744.16577803112,
    "totalData": 6597006,
    "sizePerRequest": 13,
    "sizePerSec": 659674.1551144045
  },
  "responseTimeHistogram": {
    "0.000270647": 1,
    "0.0008030004": 65024,
    "0.0013353538000000001": 438339,
    "0.0018677072000000002": 3789,
    "0.0024000606000000005": 143,
    "0.002932414000000001": 94,
    "0.0034647674000000007": 29,
    "0.0039971208": 11,
    "0.0045294742": 31,
    "0.005061827600000001": 0,
    "0.005594181000000001": 1
  },
  "latencyPercentiles": {
    "p10": 0.000719284,
    "p25": 0.000919605,
    "p50": 0.001009378,
    "p75": 0.00108443,
    "p90": 0.001139884,
    "p95": 0.001186772,
    "p99": 0.001317208
  },
  "rps": {
    "mean": 50754.23424983358,
    "stddev": 5201.714307837315,
    "max": 74935.21205614509,
    "percentiles": {
      "p10": 46953.21398771277,
      "p25": 47882.85695938944,
      "p50": 49037.71981408015,
      "p75": 51903.98103534399,
      "p90": 58306.46618709782,
      "p95": 62258.43576780954,
      "p99": 68552.04904788749
    }
  },
  "details": {
    "DNSDialup": {
      "average": 0.0006934618200000001,
      "fastest": 0.000077767,
      "slowest": 0.001232568
    },
    "DNSLookup": {
      "average": 0.000011072920000000003,
      "fastest": 0.000004358,
      "slowest": 0.000052789
    }
  },
  "statusCodeDistribution": {
    "200": 507462
  },
  "errorDistribution": {}
}