{
  "summary": {
    "successRate": 1,
    "total": 10.000683761,
    "slowest": 0.011444323,
    "fastest": 0.000051319,
    "average": 0.0010003003691479628,
    "requestsPerSec": 49883.08918890532,
    "totalData": 6485245,
    "sizePerRequest": 13,
    "sizePerSec": 648480.1594557691
  },
  "responseTimeHistogram": {
    "0.000051319": 1,
    "0.0011906193999999999": 428321,
    "0.0023299198": 65802,
    "0.0034692202": 3532,
    "0.0046085206": 783,
    "0.005747820999999999": 254,
    "0.0068871214": 55,
    "0.0080264218": 32,
    "0.009165722199999999": 18,
    "0.010305022599999998": 17,
    "0.011444322999999998": 50
  },
  "latencyPercentiles": {
    "p10": 0.000642735,
    "p25": 0.000832477,
    "p50": 0.000992744,
    "p75": 0.001105865,
    "p90": 0.00124981,
    "p95": 0.001439426,
    "p99": 0.002282668
  },
  "rps": {
    "mean": 49878.43129317002,
    "stddev": 7604.223123337303,
    "max": 81047.55517896071,
    "percentiles": {
      "p10": 41856.43922264735,
      "p25": 46438.99947175643,
      "p50": 49761.66383624035,
      "p75": 54065.72770516999,
      "p90": 58741.83593555438,
      "p95": 61506.1962970249,
      "p99": 68079.94892098842
    }
  },
  "details": {
    "DNSDialup": {
      "average": 0.0007295938599999999,
      "fastest": 0.000070747,
      "slowest": 0.001703742
    },
    "DNSLookup": {
      "average": 0.000006678340000000001,
      "fastest": 0.000003356,
      "slowest": 0.000034835
    }
  },
  "statusCodeDistribution": {
    "200": 498865
  },
  "errorDistribution": {}
}