{
  "summary": {
    "successRate": 1,
    "total": 10.000303484,
    "slowest": 0.005059339,
    "fastest": 0.000252738,
    "average": 0.0009271264087488222,
    "requestsPerSec": 53836.566146355966,
    "totalData": 6998966,
    "sizePerRequest": 13,
    "sizePerSec": 699875.3599026275
  },
  "responseTimeHistogram": {
    "0.000252738": 1,
    "0.0007333981000000002": 70917,
    "0.0012140582000000001": 459702,
    "0.0016947183000000003": 7450,
    "0.0021753784000000005": 187,
    "0.0026560385000000005": 44,
    "0.003136698600000001": 34,
    "0.003617358700000001": 29,
    "0.0040980188": 3,
    "0.004578678900000001": 7,
    "0.005059339": 8
  },
  "latencyPercentiles": {
    "p10": 0.000645202,
    "p25": 0.000866551,
    "p50": 0.000956133,
    "p75": 0.001028255,
    "p90": 0.001083247,
    "p95": 0.001129444,
    "p99": 0.001241012
  },
  "rps": {
    "mean": 53834.16636015219,
    "stddev": 6240.087969728703,
    "max": 83573.10497232777,
    "percentiles": {
      "p10": 50064.94898742664,
      "p25": 50804.37408559046,
      "p50": 51703.67110120137,
      "p75": 53974.900266824196,
      "p90": 63347.65010240827,
      "p95": 68545.9136864661,
      "p99": 75322.23291958189
    }
  },
  "details": {
    "DNSDialup": {
      "average": 0.0007972512000000002,
      "fastest": 0.000086605,
      "slowest": 0.001610278
    },
    "DNSLookup": {
      "average": 0.00001086774,
      "fastest": 0.000003777,
      "slowest": 0.000193166
    }
  },
  "statusCodeDistribution": {
    "200": 538382
  },
  "errorDistribution": {}
}