{
  "summary": {
    "successRate": 1,
    "total": 10.000704721,
    "slowest": 0.004130961,
    "fastest": 0.000168978,
    "average": 0.0009869311068449644,
    "requestsPerSec": 50572.53604718243,
    "totalData": 6574893,
    "sizePerRequest": 13,
    "sizePerSec": 657442.9686133716
  },
  "responseTimeHistogram": {
    "0.000168978": 1,
    "0.0005651762999999999": 1382,
    "0.0009613745999999999": 195053,
    "0.0013575728999999997": 307053,
    "0.0017537711999999997": 1814,
    "0.0021499695": 196,
    "0.0025461677999999996": 108,
    "0.0029423660999999997": 50,
    "0.0033385643999999997": 40,
    "0.0037347626999999998": 45,
    "0.004130961": 19
  },
  "latencyPercentiles": {
    "p10": 0.000863392,
    "p25": 0.000922303,
    "p50": 0.000996154,
    "p75": 0.001055735,
    "p90": 0.001099759,
    "p95": 0.001134664,
    "p99": 0.001240993
  },
  "rps": {
    "mean": 50571.159234818624,
    "stddev": 2645.8178675002814,
    "max": 64863.04038895193,
    "percentiles": {
      "p10": 48831.112773647634,
      "p25": 49705.4676014371,
      "p50": 50513.86605623224,
      "p75": 51505.5626007602,
      "p90": 53081.373745954166,
      "p95": 54326.950453215795,
      "p99": 56343.45770892971
    }
  },
  "details": {
    "DNSDialup": {
      "average": 0.0007252985399999999,
      "fastest": 0.000111481,
      "slowest": 0.001194868
    },
    "DNSLookup": {
      "average": 0.000006919600000000001,
      "fastest": 0.000003807,
      "slowest": 0.000033182
    }
  },
  "statusCodeDistribution": {
    "200": 505761
  },
  "errorDistribution": {}
}