{
  "summary": {
    "successRate": 1,
    "total": 10.000351696,
    "slowest": 0.005040588,
    "fastest": 0.000068538,
    "average": 0.0008618817882858654,
    "requestsPerSec": 57910.96329458532,
    "totalData": 7528690,
    "sizePerRequest": 13,
    "sizePerSec": 752842.5228296091
  },
  "responseTimeHistogram": {
    "0.000068538": 1,
    "0.0005657430000000001": 40575,
    "0.001062948": 457711,
    "0.0015601529999999999": 80276,
    "0.002057358": 410,
    "0.002554563": 72,
    "0.003051768": 10,
    "0.003548973": 35,
    "0.004046178": 17,
    "0.004543383": 21,
    "0.005040588": 2
  },
  "latencyPercentiles": {
    "p10": 0.000578715,
    "p25": 0.000646753,
    "p50": 0.000914391,
    "p75": 0.001021878,
    "p90": 0.001081302,
    "p95": 0.001118771,
    "p99": 0.001227023
  },
  "rps": {
    "mean": 57905.35067499597,
    "stddev": 8656.523715725709,
    "max": 83799.94667276103,
    "percentiles": {
      "p10": 49630.438347836855,
      "p25": 50905.45952518923,
      "p50": 55198.56313269411,
      "p75": 64024.59184572827,
      "p90": 70441.9340833586,
      "p95": 74419.11827148765,
      "p99": 79144.92265810075
    }
  },
  "details": {
    "DNSDialup": {
      "average": 0.0009498535800000001,
      "fastest": 0.0001238,
      "slowest": 0.00138559
    },
    "DNSLookup": {
      "average": 0.000010462400000000002,
      "fastest": 0.000004578,
      "slowest": 0.000114044
    }
  },
  "statusCodeDistribution": {
    "200": 579130
  },
  "errorDistribution": {}
}