{
  "summary": {
    "successRate": 1,
    "total": 10.00056422,
    "slowest": 0.004482135,
    "fastest": 0.000171434,
    "average": 0.000963824560479924,
    "requestsPerSec": 51807.67690725354,
    "totalData": 6735378,
    "sizePerRequest": 13,
    "sizePerSec": 673499.799794296
  },
  "responseTimeHistogram": {
    "0.000171434": 1,
    "0.0006025041": 36083,
    "0.0010335742": 246173,
    "0.0014646443": 233510,
    "0.0018957144": 1940,
    "0.0023267845": 257,
    "0.0027578546": 43,
    "0.0031889247": 41,
    "0.0036199948": 27,
    "0.0040510649": 5,
    "0.004482135": 26
  },
  "latencyPercentiles": {
    "p10": 0.000629941,
    "p25": 0.000840134,
    "p50": 0.001015152,
    "p75": 0.001113057,
    "p90": 0.001166634,
    "p95": 0.00120335,
    "p99": 0.001320508
  },
  "rps": {
    "mean": 51804.2285129893,
    "stddev": 7599.4783681812205,
    "max": 80823.86728801255,
    "percentiles": {
      "p10": 45923.93555521149,
      "p25": 46907.556807402994,
      "p50": 48716.129910616364,
      "p75": 54959.17275613762,
      "p90": 63880.73113166997,
      "p95": 67323.73697509014,
      "p99": 77107.6105211563
    }
  },
  "details": {
    "DNSDialup": {
      "average": 0.0006524821999999999,
      "fastest": 0.000096589,
      "slowest": 0.001430674
    },
    "DNSLookup": {
      "average": 0.000007996799999999998,
      "fastest": 0.000003447,
      "slowest": 0.000035026
    }
  },
  "statusCodeDistribution": {
    "200": 518106
  },
  "errorDistribution": {}
}