{
  "summary": {
    "successRate": 1,
    "total": 10.000621807,
    "slowest": 0.004931512,
    "fastest": 0.000157511,
    "average": 0.000979561006509579,
    "requestsPerSec": 50952.631729692206,
    "totalData": 6624254,
    "sizePerRequest": 13,
    "sizePerSec": 662384.2124859986
  },
  "responseTimeHistogram": {
    "0.000157511": 1,
    "0.0006349111": 5970,
    "0.0011123112": 471237,
    "0.0015897112999999998": 31666,
    "0.0020671114": 522,
    "0.0025445115": 44,
    "0.0030219115999999997": 46,
    "0.0034993117": 50,
    "0.0039767118": 16,
    "0.0044541119": 4,
    "0.004931512": 2
  },
  "latencyPercentiles": {
    "p10": 0.000856183,
    "p25": 0.000916268,
    "p50": 0.000990314,
    "p75": 0.001049221,
    "p90": 0.001091158,
    "p95": 0.001124813,
    "p99": 0.001229778
  },
  "rps": {
    "mean": 50952.78871919894,
    "stddev": 2582.207664354734,
    "max": 60320.955499941316,
    "percentiles": {
      "p10": 49145.587446917365,
      "p25": 49928.03459142339,
      "p50": 50806.48290722171,
      "p75": 52001.50472439437,
      "p90": 53719.77424890175,
      "p95": 54734.08208087262,
      "p99": 57016.015798837485
    }
  },
  "details": {
    "DNSDialup": {
      "average": 0.0007142571000000002,
      "fastest": 0.000070301,
      "slowest": 0.001610146
    },
    "DNSLookup": {
      "average": 0.0000067852000000000015,
      "fastest": 0.000003356,
      "slowest": 0.000030877
    }
  },
  "statusCodeDistribution": {
    "200": 509558
  },
  "errorDistribution": {}
}