{
  "summary": {
    "successRate": 1,
    "total": 10.000320559,
    "slowest": 0.016408259,
    "fastest": 0.000078204,
    "average": 0.0007496056739457368,
    "requestsPerSec": 66558.56640525117,
    "totalData": 7321677,
    "sizePerRequest": 11,
    "sizePerSec": 732144.2304577628
  },
  "responseTimeHistogram": {
    "0.000078204": 1,
    "0.0017112095000000002": 630629,
    "0.0033442150000000006": 34215,
    "0.004977220500000001": 89,
    "0.006610226000000001": 38,
    "0.008243231500000002": 208,
    "0.009876237000000001": 323,
    "0.011509242500000003": 39,
    "0.013142248000000002": 62,
    "0.014775253500000002": 1,
    "0.016408259": 2
  },
  "latencyPercentiles": {
    "p10": 0.000538467,
    "p25": 0.000605835,
    "p50": 0.000656681,
    "p75": 0.000710088,
    "p90": 0.00097272,
    "p95": 0.001721613,
    "p99": 0.001887833
  },
  "rps": {
    "mean": 66558.33972659806,
    "stddev": 18192.444316556655,
    "max": 79632.78372564215,
    "percentiles": {
      "p10": 29427.856408876818,
      "p25": 63678.710024253385,
      "p50": 76405.93674128225,
      "p75": 77622.71240565553,
      "p90": 78305.19946524517,
      "p95": 78644.64656585609,
      "p99": 79105.26049982457
    }
  },
  "details": {
    "DNSDialup": {
      "average": 0.00132485026,
      "fastest": 0.000069908,
      "slowest": 0.002129248
    },
    "DNSLookup": {
      "average": 0.0000100592,
      "fastest": 0.0000031,
      "slowest": 0.000222026
    }
  },
  "statusCodeDistribution": {
    "200": 665607
  },
  "errorDistribution": {}
}