{
  "summary": {
    "successRate": 1,
    "total": 10.000810927,
    "slowest": 0.003605473,
    "fastest": 0.000137447,
    "average": 0.000647046374478131,
    "requestsPerSec": 77118.14628129905,
    "totalData": 10026172,
    "sizePerRequest": 13,
    "sizePerSec": 1002535.9016568877
  },
  "responseTimeHistogram": {
    "0.000137447": 1,
    "0.00048424959999999995": 9997,
    "0.0008310521999999999": 752393,
    "0.0011778548": 8003,
    "0.0015246574": 539,
    "0.00187146": 154,
    "0.0022182626": 89,
    "0.0025650652": 12,
    "0.0029118678": 7,
    "0.0032586704": 27,
    "0.003605473": 22
  },
  "latencyPercentiles": {
    "p10": 0.000565312,
    "p25": 0.000601133,
    "p50": 0.000649363,
    "p75": 0.000689602,
    "p90": 0.000718045,
    "p95": 0.000743176,
    "p99": 0.000837594
  },
  "rps": {
    "mean": 77121.55821822259,
    "stddev": 3560.4382828557123,
    "max": 89316.86218248044,
    "percentiles": {
      "p10": 75452.5149504096,
      "p25": 76325.49005232772,
      "p50": 77261.3597276976,
      "p75": 78319.10202898801,
      "p90": 79479.51130310894,
      "p95": 80460.91378146652,
      "p99": 83180.79350473172
    }
  },
  "details": {
    "DNSDialup": {
      "average": 0.0004346438799999999,
      "fastest": 0.000050772,
      "slowest": 0.000972271
    },
    "DNSLookup": {
      "average": 0.000005217900000000001,
      "fastest": 0.000003007,
      "slowest": 0.000026655
    }
  },
  "statusCodeDistribution": {
    "200": 771244
  },
  "errorDistribution": {}
}