{
  "summary": {
    "successRate": 1,
    "total": 10.000665012,
    "slowest": 0.004247706,
    "fastest": 0.000150039,
    "average": 0.0009717210384993402,
    "requestsPerSec": 51363.68425336073,
    "totalData": 6677723,
    "sizePerRequest": 13,
    "sizePerSec": 667727.8952936894
  },
  "responseTimeHistogram": {
    "0.000150039": 1,
    "0.0005598057": 1527,
    "0.0009695724000000001": 234157,
    "0.0013793391": 276364,
    "0.0017891058": 1327,
    "0.0021988725": 102,
    "0.0026086392": 51,
    "0.0030184059": 81,
    "0.0034281726": 34,
    "0.0038379393": 17,
    "0.004247706": 10
  },
  "latencyPercentiles": {
    "p10": 0.000845243,
    "p25": 0.000909742,
    "p50": 0.000982667,
    "p75": 0.001042956,
    "p90": 0.001084602,
    "p95": 0.001115692,
    "p99": 0.001211661
  },
  "rps": {
    "mean": 51371.288439153366,
    "stddev": 2659.0201615827555,
    "max": 61639.97822656429,
    "percentiles": {
      "p10": 49417.8793887641,
      "p25": 50247.448665774755,
      "p50": 51113.43772277573,
      "p75": 52459.80831406758,
      "p90": 54105.94624349033,
      "p95": 55275.84398552986,
      "p99": 57552.148001303154
    }
  },
  "details": {
    "DNSDialup": {
      "average": 0.00068074118,
      "fastest": 0.000090017,
      "slowest": 0.001011718
    },
    "DNSLookup": {
      "average": 0.000006525299999999999,
      "fastest": 0.000003206,
      "slowest": 0.000031789
    }
  },
  "statusCodeDistribution": {
    "200": 513671
  },
  "errorDistribution": {}
}