{
  "summary": {
    "successRate": 1,
    "total": 10.000126308,
    "slowest": 0.00487289,
    "fastest": 0.000294069,
    "average": 0.0009513478784327307,
    "requestsPerSec": 52464.93732586962,
    "totalData": 6820528,
    "sizePerRequest": 13,
    "sizePerSec": 682044.1852363051
  },
  "responseTimeHistogram": {
    "0.000294069": 1,
    "0.0007519511000000001": 75597,
    "0.0012098332": 435110,
    "0.0016677153000000003": 13447,
    "0.0021255974": 345,
    "0.0025834795000000002": 48,
    "0.0030413616000000004": 61,
    "0.0034992437": 3,
    "0.0039571258": 37,
    "0.0044150079": 6,
    "0.00487289": 1
  },
  "latencyPercentiles": {
    "p10": 0.000642141,
    "p25": 0.000889349,
    "p50": 0.000984374,
    "p75": 0.001060463,
    "p90": 0.0011162,
    "p95": 0.001165183,
    "p99": 0.001278451
  },
  "rps": {
    "mean": 52460.77480763561,
    "stddev": 6957.532547574158,
    "max": 83420.91862154605,
    "percentiles": {
      "p10": 48223.1326367258,
      "p25": 49084.60756399607,
      "p50": 50005.08551719702,
      "p75": 51921.69525439664,
      "p90": 63307.9400377648,
      "p95": 68150.50634025257,
      "p99": 77927.70329851857
    }
  },
  "details": {
    "DNSDialup": {
      "average": 0.0010506085799999996,
      "fastest": 0.000190694,
      "slowest": 0.001421401
    },
    "DNSLookup": {
      "average": 0.000011075160000000003,
      "fastest": 0.0000054,
      "slowest": 0.00003711
    }
  },
  "statusCodeDistribution": {
    "200": 524656
  },
  "errorDistribution": {}
}