{
  "summary": {
    "successRate": 1,
    "total": 10.00018649,
    "slowest": 0.005058285,
    "fastest": 0.00009077,
    "average": 0.001007715556466235,
    "requestsPerSec": 49533.07625766087,
    "totalData": 5448740,
    "sizePerRequest": 11,
    "sizePerSec": 544863.8388342696
  },
  "responseTimeHistogram": {
    "0.00009077": 1,
    "0.0005875215000000001": 4564,
    "0.0010842730000000002": 372162,
    "0.0015810245000000003": 117841,
    "0.0020777760000000004": 619,
    "0.0025745275000000002": 59,
    "0.0030712790000000005": 45,
    "0.003568030500000001": 1,
    "0.004064782000000001": 21,
    "0.004561533500000001": 18,
    "0.005058285000000001": 9
  },
  "latencyPercentiles": {
    "p10": 0.000809389,
    "p25": 0.000977526,
    "p50": 0.001033504,
    "p75": 0.001081895,
    "p90": 0.001128399,
    "p95": 0.001166549,
    "p99": 0.001277914
  },
  "rps": {
    "mean": 49531.66959007552,
    "stddev": 3922.686325751038,
    "max": 72430.2323789955,
    "percentiles": {
      "p10": 46615.10795648937,
      "p25": 47360.25763980156,
      "p50": 48349.91802674412,
      "p75": 51121.47741069919,
      "p90": 54193.83508996725,
      "p95": 56634.4564032758,
      "p99": 61715.55849229092
    }
  },
  "details": {
    "DNSDialup": {
      "average": 0.00108568954,
      "fastest": 0.000081265,
      "slowest": 0.001977846
    },
    "DNSLookup": {
      "average": 0.00001918504,
      "fastest": 0.000003927,
      "slowest": 0.000612506
    }
  },
  "statusCodeDistribution": {
    "200": 495340
  },
  "errorDistribution": {}
}