{
  "summary": {
    "successRate": 1,
    "total": 10.000654615,
    "slowest": 0.004548544,
    "fastest": 0.000115254,
    "average": 0.00098157330824609,
    "requestsPerSec": 50848.57137624485,
    "totalData": 6610747,
    "sizePerRequest": 13,
    "sizePerSec": 661031.4278911831
  },
  "responseTimeHistogram": {
    "0.000115254": 1,
    "0.000558583": 1323,
    "0.001001912": 274780,
    "0.0014452409999999999": 230625,
    "0.0018885699999999998": 1400,
    "0.0023318989999999997": 182,
    "0.002775228": 54,
    "0.0032185569999999995": 39,
    "0.0036618859999999996": 55,
    "0.004105215": 37,
    "0.004548544": 23
  },
  "latencyPercentiles": {
    "p10": 0.000857603,
    "p25": 0.000915869,
    "p50": 0.000989887,
    "p75": 0.001048737,
    "p90": 0.001093723,
    "p95": 0.001131484,
    "p99": 0.001247067
  },
  "rps": {
    "mean": 50844.86372573666,
    "stddev": 2710.2420535714896,
    "max": 66533.97224622834,
    "percentiles": {
      "p10": 49120.05571874986,
      "p25": 49905.62615143443,
      "p50": 50804.9738069422,
      "p75": 51875.603504547136,
      "p90": 53143.4878212516,
      "p95": 54202.44966915592,
      "p99": 56721.156991556425
    }
  },
  "details": {
    "DNSDialup": {
      "average": 0.0007214659999999999,
      "fastest": 0.000052568,
      "slowest": 0.001550343
    },
    "DNSLookup": {
      "average": 0.000006033939999999999,
      "fastest": 0.000002665,
      "slowest": 0.00003759
    }
  },
  "statusCodeDistribution": {
    "200": 508519
  },
  "errorDistribution": {}
}