{
  "summary": {
    "successRate": 1,
    "total": 10.000516193,
    "slowest": 0.004168653,
    "fastest": 0.00022215,
    "average": 0.0009547437231443365,
    "requestsPerSec": 52280.50131711837,
    "totalData": 6796816,
    "sizePerRequest": 13,
    "sizePerSec": 679646.5171225388
  },
  "responseTimeHistogram": {
    "0.00022215": 1,
    "0.0006168002999999999": 24844,
    "0.0010114505999999999": 306943,
    "0.0014061008999999998": 189888,
    "0.0018007511999999998": 902,
    "0.0021954014999999998": 114,
    "0.0025900517999999997": 71,
    "0.0029847020999999997": 24,
    "0.0033793523999999997": 7,
    "0.0037740026999999996": 19,
    "0.004168653": 19
  },
  "latencyPercentiles": {
    "p10": 0.000793338,
    "p25": 0.000893692,
    "p50": 0.000975099,
    "p75": 0.00103947,
    "p90": 0.001093844,
    "p95": 0.001139889,
    "p99": 0.001253125
  },
  "rps": {
    "mean": 52272.9531494712,
    "stddev": 5357.217159878382,
    "max": 83817.32155132292,
    "percentiles": {
      "p10": 49248.36835586311,
      "p25": 50228.061465518644,
      "p50": 51057.02559188682,
      "p75": 52076.32565656591,
      "p90": 56121.26996131562,
      "p95": 63950.23523615602,
      "p99": 75239.80924186896
    }
  },
  "details": {
    "DNSDialup": {
      "average": 0.0008534011400000003,
      "fastest": 0.000192666,
      "slowest": 0.00119198
    },
    "DNSLookup": {
      "average": 0.0000085944,
      "fastest": 0.000004128,
      "slowest": 0.000048131
    }
  },
  "statusCodeDistribution": {
    "200": 522832
  },
  "errorDistribution": {}
}