{
  "summary": {
    "successRate": 1,
    "total": 10.000259777,
    "slowest": 0.004090842,
    "fastest": 0.000217385,
    "average": 0.0009097476816904944,
    "requestsPerSec": 54862.47479908841,
    "totalData": 7132307,
    "sizePerRequest": 13,
    "sizePerSec": 713212.1723881493
  },
  "responseTimeHistogram": {
    "0.000217385": 1,
    "0.0006047307": 63533,
    "0.0009920764": 267937,
    "0.0013794221": 216068,
    "0.0017667678": 829,
    "0.0021541135": 86,
    "0.0025414592": 58,
    "0.0029288049": 77,
    "0.0033161506": 7,
    "0.0037034963000000002": 23,
    "0.004090842": 20
  },
  "latencyPercentiles": {
    "p10": 0.00059469,
    "p25": 0.000823858,
    "p50": 0.000952037,
    "p75": 0.001037924,
    "p90": 0.001096466,
    "p95": 0.001144372,
    "p99": 0.001257054
  },
  "rps": {
    "mean": 54857.13810803411,
    "stddev": 8976.085779389263,
    "max": 84182.42361297601,
    "percentiles": {
      "p10": 49141.199750735155,
      "p25": 50006.545856853474,
      "p50": 50997.1189132599,
      "p75": 54893.85751758378,
      "p90": 70041.40147240968,
      "p95": 76729.69620549532,
      "p99": 82010.0708366961
    }
  },
  "details": {
    "DNSDialup": {
      "average": 0.00102373848,
      "fastest": 0.000126466,
      "slowest": 0.001936925
    },
    "DNSLookup": {
      "average": 0.00000984106,
      "fastest": 0.000004959,
      "slowest": 0.000030046
    }
  },
  "statusCodeDistribution": {
    "200": 548639
  },
  "errorDistribution": {}
}