{
  "summary": {
    "successRate": 1,
    "total": 10.000203507,
    "slowest": 0.004393352,
    "fastest": 0.00023113,
    "average": 0.0008647688189696341,
    "requestsPerSec": 57719.525367255104,
    "totalData": 7503691,
    "sizePerRequest": 13,
    "sizePerSec": 750353.8297743164
  },
  "responseTimeHistogram": {
    "0.00023113": 1,
    "0.0006473521999999999": 125534,
    "0.0010635743999999998": 397105,
    "0.0014797965999999996": 53880,
    "0.0018960187999999996": 524,
    "0.0023122409999999996": 53,
    "0.002728463199999999": 36,
    "0.003144685399999999": 33,
    "0.003560907599999999": 10,
    "0.0039771298": 19,
    "0.004393352": 12
  },
  "latencyPercentiles": {
    "p10": 0.000576175,
    "p25": 0.000688115,
    "p50": 0.000911444,
    "p75": 0.001007171,
    "p90": 0.001060731,
    "p95": 0.001097954,
    "p99": 0.001204581
  },
  "rps": {
    "mean": 57716.13181294715,
    "stddev": 8105.624609425903,
    "max": 83364.6409425912,
    "percentiles": {
      "p10": 50517.48725213304,
      "p25": 51618.84087692014,
      "p50": 54902.84955826231,
      "p75": 62685.89848668949,
      "p90": 69940.31253183288,
      "p95": 74430.28568324647,
      "p99": 79820.48991976507
    }
  },
  "details": {
    "DNSDialup": {
      "average": 0.0007977309999999999,
      "fastest": 0.000103248,
      "slowest": 0.001260001
    },
    "DNSLookup": {
      "average": 0.000007506579999999998,
      "fastest": 0.000004298,
      "slowest": 0.000048381
    }
  },
  "statusCodeDistribution": {
    "200": 577207
  },
  "errorDistribution": {}
}