{
  "summary": {
    "successRate": 1,
    "total": 10.000640361,
    "slowest": 0.005038935,
    "fastest": 0.000204541,
    "average": 0.0009788454769280794,
    "requestsPerSec": 50991.63469458153,
    "totalData": 6629337,
    "sizePerRequest": 13,
    "sizePerSec": 662891.2510295599
  },
  "responseTimeHistogram": {
    "0.000204541": 1,
    "0.0006879804": 10457,
    "0.0011714198": 489290,
    "0.0016548592": 9634,
    "0.0021382986": 373,
    "0.0026217379999999998": 80,
    "0.0031051774": 25,
    "0.0035886167999999996": 58,
    "0.0040720562": 18,
    "0.0045554956": 11,
    "0.005038935": 2
  },
  "latencyPercentiles": {
    "p10": 0.000853772,
    "p25": 0.000916365,
    "p50": 0.000989008,
    "p75": 0.001049494,
    "p90": 0.001091675,
    "p95": 0.001121763,
    "p99": 0.001222759
  },
  "rps": {
    "mean": 50989.293582992075,
    "stddev": 2659.721077575846,
    "max": 68401.89830790933,
    "percentiles": {
      "p10": 49148.44304252077,
      "p25": 49835.935652001106,
      "p50": 50806.52355762414,
      "p75": 52000.254801247625,
      "p90": 53553.516028566926,
      "p95": 54921.60317665773,
      "p99": 57199.13556799224
    }
  },
  "details": {
    "DNSDialup": {
      "average": 0.00089722994,
      "fastest": 0.000086922,
      "slowest": 0.001765871
    },
    "DNSLookup": {
      "average": 0.00000555448,
      "fastest": 0.000002665,
      "slowest": 0.000028774
    }
  },
  "statusCodeDistribution": {
    "200": 509949
  },
  "errorDistribution": {}
}