{
  "summary": {
    "successRate": 0.7246410037676833,
    "total": 10.000648956,
    "slowest": 0.016797804,
    "fastest": 0.000094901,
    "average": 0.0009058405072116863,
    "requestsPerSec": 56264.34869133307,
    "totalData": 4485151,
    "sizePerRequest": 11,
    "sizePerSec": 448485.99523224786
  },
  "responseTimeHistogram": {
    "0.000094901": 1,
    "0.0017651912999999998": 375903,
    "0.0034354815999999995": 30897,
    "0.005105771899999998": 215,
    "0.0067760621999999986": 100,
    "0.008446352499999999": 175,
    "0.010116642799999997": 234,
    "0.011786933099999997": 80,
    "0.013457223399999997": 129,
    "0.015127513699999998": 4,
    "0.016797804": 3
  },
  "latencyPercentiles": {
    "p10": 0.000674113,
    "p25": 0.000730614,
    "p50": 0.000787114,
    "p75": 0.000847515,
    "p90": 0.001144821,
    "p95": 0.002049938,
    "p99": 0.002410344
  },
  "rps": {
    "mean": 55032.42812276857,
    "stddev": 15575.21112136075,
    "max": 68984.98950707234,
    "percentiles": {
      "p10": 24515.27080331829,
      "p25": 53997.18150771204,
      "p50": 63128.52778171139,
      "p75": 64605.291173344434,
      "p90": 65348.4689594283,
      "p95": 65678.93951741121,
      "p99": 66470.810121582
    }
  },
  "details": {
    "DNSDialup": {
      "average": 0.00310910712,
      "fastest": 0.000072101,
      "slowest": 0.005132694
    },
    "DNSLookup": {
      "average": 0.000007412140000000002,
      "fastest": 0.000004,
      "slowest": 0.000125402
    }
  },
  "statusCodeDistribution": {
    "200": 407741
  },
  "errorDistribution": {
    "Connection refused (os error 111)": 154939
  }
}