{
  "summary": {
    "successRate": 1,
    "total": 10.000677164,
    "slowest": 0.005039,
    "fastest": 0.000165454,
    "average": 0.0009153884964564117,
    "requestsPerSec": 54531.20734295108,
    "totalData": 7089537,
    "sizePerRequest": 13,
    "sizePerSec": 708905.695458364
  },
  "responseTimeHistogram": {
    "0.000165454": 1,
    "0.0006528086": 83559,
    "0.0011401632": 428178,
    "0.0016275178000000003": 32425,
    "0.0021148724000000004": 803,
    "0.0026022270000000004": 183,
    "0.0030895816000000003": 70,
    "0.0035769362000000002": 37,
    "0.0040642908": 30,
    "0.0045516454": 44,
    "0.005039": 19
  },
  "latencyPercentiles": {
    "p10": 0.00061665,
    "p25": 0.000740932,
    "p50": 0.000962619,
    "p75": 0.001061431,
    "p90": 0.001115434,
    "p95": 0.001151759,
    "p99": 0.0012971
  },
  "rps": {
    "mean": 54526.48621602082,
    "stddev": 7993.060721711924,
    "max": 80726.60748982354,
    "percentiles": {
      "p10": 48204.12145238424,
      "p25": 49179.823771965486,
      "p50": 51737.219755891994,
      "p75": 58357.96918679129,
      "p90": 66550.45855768173,
      "p95": 71314.40085191368,
      "p99": 78615.26708486894
    }
  },
  "details": {
    "DNSDialup": {
      "average": 0.0005529727200000001,
      "fastest": 0.000072483,
      "slowest": 0.000947954
    },
    "DNSLookup": {
      "average": 0.000006274960000000002,
      "fastest": 0.000002585,
      "slowest": 0.000033633
    }
  },
  "statusCodeDistribution": {
    "200": 545349
  },
  "errorDistribution": {}
}