{
  "summary": {
    "successRate": 1,
    "total": 10.00032193,
    "slowest": 0.005493642,
    "fastest": 0.000236422,
    "average": 0.0009500262043635873,
    "requestsPerSec": 52537.50865998371,
    "totalData": 5779312,
    "sizePerRequest": 11,
    "sizePerSec": 577912.5952598208
  },
  "responseTimeHistogram": {
    "0.000236422": 1,
    "0.000762144": 88592,
    "0.001287866": 433326,
    "0.0018135879999999999": 3280,
    "0.00233931": 89,
    "0.002865032": 3,
    "0.0033907539999999997": 29,
    "0.0039164759999999995": 34,
    "0.004442198": 17,
    "0.00496792": 7,
    "0.005493642": 14
  },
  "latencyPercentiles": {
    "p10": 0.000631317,
    "p25": 0.000921268,
    "p50": 0.000996226,
    "p75": 0.001047604,
    "p90": 0.001099632,
    "p95": 0.001143851,
    "p99": 0.001258055
  },
  "rps": {
    "mean": 52529.64733922102,
    "stddev": 7200.042220926727,
    "max": 80241.31625374017,
    "percentiles": {
      "p10": 47791.78657646834,
      "p25": 48615.104713037275,
      "p50": 49531.407612855226,
      "p75": 53909.43954286328,
      "p90": 64533.71886810852,
      "p95": 68831.99999680053,
      "p99": 75362.63615080244
    }
  },
  "details": {
    "DNSDialup": {
      "average": 0.0012831877399999997,
      "fastest": 0.000094937,
      "slowest": 0.002777243
    },
    "DNSLookup": {
      "average": 0.0000106457,
      "fastest": 0.000003056,
      "slowest": 0.000178235
    }
  },
  "statusCodeDistribution": {
    "200": 525392
  },
  "errorDistribution": {}
}