{
  "summary": {
    "successRate": 1,
    "total": 10.000651366,
    "slowest": 0.005111034,
    "fastest": 0.000245818,
    "average": 0.0009871823840728582,
    "requestsPerSec": 50555.60697965041,
    "totalData": 6572657,
    "sizePerRequest": 13,
    "sizePerSec": 657222.8907354553
  },
  "responseTimeHistogram": {
    "0.000245818": 1,
    "0.0007323396": 19526,
    "0.0012188612000000002": 477063,
    "0.0017053828000000004": 8497,
    "0.0021919044000000003": 301,
    "0.0026784260000000002": 43,
    "0.0031649476000000006": 50,
    "0.0036514692000000006": 48,
    "0.0041379908000000005": 42,
    "0.004624512400000001": 16,
    "0.005111034": 2
  },
  "latencyPercentiles": {
    "p10": 0.000847305,
    "p25": 0.000921967,
    "p50": 0.000998331,
    "p75": 0.001062851,
    "p90": 0.001108916,
    "p95": 0.001147594,
    "p99": 0.001264467
  },
  "rps": {
    "mean": 50554.7422647761,
    "stddev": 2981.4138479293015,
    "max": 71222.25299727004,
    "percentiles": {
      "p10": 48474.47618520884,
      "p25": 49348.613318980235,
      "p50": 50243.72720604606,
      "p75": 51806.75560093366,
      "p90": 53255.31161216324,
      "p95": 54608.55716090696,
      "p99": 58904.73594076513
    }
  },
  "details": {
    "DNSDialup": {
      "average": 0.00071482966,
      "fastest": 0.00010207,
      "slowest": 0.001122207
    },
    "DNSLookup": {
      "average": 0.000007495739999999999,
      "fastest": 0.000003637,
      "slowest": 0.000030337
    }
  },
  "statusCodeDistribution": {
    "200": 505589
  },
  "errorDistribution": {}
}