{
  "summary": {
    "successRate": 1,
    "total": 10.000192892,
    "slowest": 0.004170614,
    "fastest": 0.000126547,
    "average": 0.0009577504918102461,
    "requestsPerSec": 52112.99478202105,
    "totalData": 6774820,
    "sizePerRequest": 13,
    "sizePerSec": 677468.9321662737
  },
  "responseTimeHistogram": {
    "0.000126547": 1,
    "0.0005309536999999999": 3108,
    "0.0009353603999999998": 186833,
    "0.0013397670999999998": 328903,
    "0.0017441737999999997": 2016,
    "0.0021485804999999995": 129,
    "0.0025529871999999993": 70,
    "0.0029573938999999994": 29,
    "0.003361800599999999": 8,
    "0.003766207299999999": 30,
    "0.004170614": 13
  },
  "latencyPercentiles": {
    "p10": 0.000733922,
    "p25": 0.00089555,
    "p50": 0.000982425,
    "p75": 0.001051572,
    "p90": 0.001108265,
    "p95": 0.001157973,
    "p99": 0.001273131
  },
  "rps": {
    "mean": 52101.85565830578,
    "stddev": 5515.202697749013,
    "max": 81408.08382272176,
    "percentiles": {
      "p10": 48846.13517467296,
      "p25": 49602.81247946675,
      "p50": 50496.69106404952,
      "p75": 51931.91216002207,
      "p90": 59390.671738540455,
      "p95": 64741.66125902138,
      "p99": 73331.87736709275
    }
  },
  "details": {
    "DNSDialup": {
      "average": 0.0009315879600000002,
      "fastest": 0.00012287,
      "slowest": 0.002079945
    },
    "DNSLookup": {
      "average": 0.000010035759999999999,
      "fastest": 0.000004919,
      "slowest": 0.000044834
    }
  },
  "statusCodeDistribution": {
    "200": 521140
  },
  "errorDistribution": {}
}