{
  "summary": {
    "successRate": 1,
    "total": 10.000431091,
    "slowest": 0.004790658,
    "fastest": 0.000325866,
    "average": 0.0009884186130004302,
    "requestsPerSec": 50497.62309291633,
    "totalData": 6564974,
    "sizePerRequest": 13,
    "sizePerSec": 656469.1002079123
  },
  "responseTimeHistogram": {
    "0.000325866": 1,
    "0.0007723452": 16522,
    "0.0012188244": 477536,
    "0.0016653036": 10485,
    "0.0021117828": 302,
    "0.002558262": 29,
    "0.0030047412": 65,
    "0.0034512203999999998": 10,
    "0.0038976996": 20,
    "0.0043441788": 11,
    "0.004790658": 17
  },
  "latencyPercentiles": {
    "p10": 0.000858838,
    "p25": 0.00091851,
    "p50": 0.00099587,
    "p75": 0.001056206,
    "p90": 0.001113513,
    "p95": 0.001162734,
    "p99": 0.001272609
  },
  "rps": {
    "mean": 50496.37945100305,
    "stddev": 2895.9820621166,
    "max": 75909.70125981625,
    "percentiles": {
      "p10": 48788.2041943627,
      "p25": 49549.60410867248,
      "p50": 50412.613658558184,
      "p75": 51201.9763962898,
      "p90": 52099.39920423859,
      "p95": 53139.68297065655,
      "p99": 61196.22494410202
    }
  },
  "details": {
    "DNSDialup": {
      "average": 0.0009095315600000004,
      "fastest": 0.000613031,
      "slowest": 0.001155511
    },
    "DNSLookup": {
      "average": 0.0000117522,
      "fastest": 0.000003937,
      "slowest": 0.000193717
    }
  },
  "statusCodeDistribution": {
    "200": 504998
  },
  "errorDistribution": {}
}