{
  "summary": {
    "successRate": 1,
    "total": 10.000347707,
    "slowest": 0.004977453,
    "fastest": 0.000247602,
    "average": 0.0009480166543218144,
    "requestsPerSec": 52646.269452358756,
    "totalData": 5791291,
    "sizePerRequest": 11,
    "sizePerSec": 579108.9639759463
  },
  "responseTimeHistogram": {
    "0.000247602": 1,
    "0.0007205871": 64402,
    "0.0011935722": 450027,
    "0.0016665573": 11599,
    "0.0021395424": 305,
    "0.0026125275": 68,
    "0.0030855126": 31,
    "0.0035584977": 1,
    "0.0040314828": 14,
    "0.0045044679": 18,
    "0.004977453": 15
  },
  "latencyPercentiles": {
    "p10": 0.000668395,
    "p25": 0.000887026,
    "p50": 0.000977433,
    "p75": 0.001052122,
    "p90": 0.001103449,
    "p95": 0.001144315,
    "p99": 0.001248013
  },
  "rps": {
    "mean": 52639.11101258164,
    "stddev": 5431.658242559547,
    "max": 78463.34499160241,
    "percentiles": {
      "p10": 48638.42556210518,
      "p25": 49668.28395678806,
      "p50": 50790.127080505794,
      "p75": 54300.5375753194,
      "p90": 60163.16937961401,
      "p95": 63767.35745968614,
      "p99": 69945.56953854914
    }
  },
  "details": {
    "DNSDialup": {
      "average": 0.0011607775,
      "fastest": 0.000093153,
      "slowest": 0.002516078
    },
    "DNSLookup": {
      "average": 0.000025430740000000003,
      "fastest": 0.000003476,
      "slowest": 0.000906511
    }
  },
  "statusCodeDistribution": {
    "200": 526481
  },
  "errorDistribution": {}
}