{
  "summary": {
    "successRate": 1,
    "total": 10.000282408,
    "slowest": 0.005035922,
    "fastest": 0.000307112,
    "average": 0.0009708596463891341,
    "requestsPerSec": 51410.14813628851,
    "totalData": 5655276,
    "sizePerRequest": 11,
    "sizePerSec": 565511.6294991736
  },
  "responseTimeHistogram": {
    "0.000307112": 1,
    "0.000779993": 48844,
    "0.001252874": 459056,
    "0.0017257549999999998": 5840,
    "0.002198636": 202,
    "0.002671517": 121,
    "0.0031443979999999996": 5,
    "0.0036172789999999997": 0,
    "0.00409016": 10,
    "0.0045630409999999995": 23,
    "0.005035922": 14
  },
  "latencyPercentiles": {
    "p10": 0.000793877,
    "p25": 0.000910645,
    "p50": 0.000993655,
    "p75": 0.001060218,
    "p90": 0.00111217,
    "p95": 0.001155329,
    "p99": 0.001266517
  },
  "rps": {
    "mean": 51410.54697840993,
    "stddev": 5076.297194019257,
    "max": 76030.89895733513,
    "percentiles": {
      "p10": 48524.732825727886,
      "p25": 49420.806159395004,
      "p50": 50087.53273129991,
      "p75": 51093.60428767842,
      "p90": 57075.00797548145,
      "p95": 63311.17442228645,
      "p99": 71994.77540843214
    }
  },
  "details": {
    "DNSDialup": {
      "average": 0.0012315682,
      "fastest": 0.000142044,
      "slowest": 0.00212031
    },
    "DNSLookup": {
      "average": 0.000008275360000000001,
      "fastest": 0.000004438,
      "slowest": 0.0000644
    }
  },
  "statusCodeDistribution": {
    "200": 514116
  },
  "errorDistribution": {}
}