{
  "summary": {
    "successRate": 1,
    "total": 10.000638423,
    "slowest": 0.004601496,
    "fastest": 0.000110205,
    "average": 0.0009912624221240414,
    "requestsPerSec": 50349.28558580485,
    "totalData": 6545825,
    "sizePerRequest": 13,
    "sizePerSec": 654540.712615463
  },
  "responseTimeHistogram": {
    "0.000110205": 1,
    "0.0005593341": 1007,
    "0.0010084631999999999": 263403,
    "0.0014575922999999998": 237759,
    "0.0019067213999999998": 1098,
    "0.0023558504999999998": 115,
    "0.0028049795999999998": 47,
    "0.0032541086999999997": 48,
    "0.0037032377999999997": 12,
    "0.0041523669": 20,
    "0.004601496": 15
  },
  "latencyPercentiles": {
    "p10": 0.000862343,
    "p25": 0.000925979,
    "p50": 0.001000975,
    "p75": 0.001062199,
    "p90": 0.001107533,
    "p95": 0.00114524,
    "p99": 0.001254232
  },
  "rps": {
    "mean": 50349.444832592206,
    "stddev": 2630.4929597832547,
    "max": 63555.97374607776,
    "percentiles": {
      "p10": 48344.75238403364,
      "p25": 49364.18825398475,
      "p50": 50121.46938104455,
      "p75": 51521.89165176314,
      "p90": 53010.851321265145,
      "p95": 54101.29468714171,
      "p99": 56864.20245745793
    }
  },
  "details": {
    "DNSDialup": {
      "average": 0.0007830678000000001,
      "fastest": 0.000118449,
      "slowest": 0.001289199
    },
    "DNSLookup": {
      "average": 0.000007268280000000001,
      "fastest": 0.000003716,
      "slowest": 0.00002695
    }
  },
  "statusCodeDistribution": {
    "200": 503525
  },
  "errorDistribution": {}
}