{
  "summary": {
    "successRate": 1,
    "total": 10.00037159,
    "slowest": 0.004388425,
    "fastest": 0.000150787,
    "average": 0.0009041808255661612,
    "requestsPerSec": 55206.848568714035,
    "totalData": 7177157,
    "sizePerRequest": 13,
    "sizePerSec": 717689.0313932825
  },
  "responseTimeHistogram": {
    "0.000150787": 1,
    "0.0005745507999999999": 35152,
    "0.0009983146": 314591,
    "0.0014220783999999995": 201501,
    "0.0018458421999999995": 629,
    "0.0022696059999999995": 78,
    "0.002693369799999999": 31,
    "0.003117133599999999": 49,
    "0.003540897399999999": 45,
    "0.0039646612": 11,
    "0.004388425": 1
  },
  "latencyPercentiles": {
    "p10": 0.000610005,
    "p25": 0.000806811,
    "p50": 0.000947763,
    "p75": 0.001033085,
    "p90": 0.001087948,
    "p95": 0.001130541,
    "p99": 0.001235829
  },
  "rps": {
    "mean": 55201.76347017031,
    "stddev": 7809.919936780905,
    "max": 83491.73487084117,
    "percentiles": {
      "p10": 49210.05311170584,
      "p25": 50326.633974191514,
      "p50": 51732.01087257444,
      "p75": 58790.11747169604,
      "p90": 66415.47480563146,
      "p95": 72133.13796358179,
      "p99": 80231.23465225645
    }
  },
  "details": {
    "DNSDialup": {
      "average": 0.00066079252,
      "fastest": 0.000073987,
      "slowest": 0.001734661
    },
    "DNSLookup": {
      "average": 0.000008191159999999996,
      "fastest": 0.000003346,
      "slowest": 0.000046877
    }
  },
  "statusCodeDistribution": {
    "200": 552089
  },
  "errorDistribution": {}
}