{
  "summary": {
    "successRate": 1,
    "total": 10.000216741,
    "slowest": 0.017118419,
    "fastest": 0.000067501,
    "average": 0.0008261850560852442,
    "requestsPerSec": 60379.99131803018,
    "totalData": 6641943,
    "sizePerRequest": 11,
    "sizePerSec": 664179.904498332
  },
  "responseTimeHistogram": {
    "0.000067501": 1,
    "0.0017725927999999998": 560150,
    "0.0034776845999999998": 42826,
    "0.005182776399999999": 199,
    "0.006887868199999999": 57,
    "0.008592959999999998": 240,
    "0.010298051799999998": 213,
    "0.012003143599999998": 11,
    "0.013708235399999998": 113,
    "0.015413327199999997": 1,
    "0.017118419": 2
  },
  "latencyPercentiles": {
    "p10": 0.000594508,
    "p25": 0.000661608,
    "p50": 0.000725009,
    "p75": 0.00077851,
    "p90": 0.001339517,
    "p95": 0.001821523,
    "p99": 0.001956425
  },
  "rps": {
    "mean": 60368.31697781322,
    "stddev": 16378.53057040832,
    "max": 73324.45359508955,
    "percentiles": {
      "p10": 27629.488953561384,
      "p25": 54015.51865851002,
      "p50": 69300.49896359221,
      "p75": 71026.67856615032,
      "p90": 71845.78013110011,
      "p95": 72310.62544044825,
      "p99": 72844.95990925733
    }
  },
  "details": {
    "DNSDialup": {
      "average": 0.00153484552,
      "fastest": 0.000071301,
      "slowest": 0.002022026
    },
    "DNSLookup": {
      "average": 0.000010864119999999998,
      "fastest": 0.0000035,
      "slowest": 0.000149202
    }
  },
  "statusCodeDistribution": {
    "200": 603813
  },
  "errorDistribution": {}
}