{
  "summary": {
    "successRate": 1,
    "total": 10.000734173,
    "slowest": 0.00470665,
    "fastest": 0.000170869,
    "average": 0.000978585395423434,
    "requestsPerSec": 51003.8554346444,
    "totalData": 6630988,
    "sizePerRequest": 13,
    "sizePerSec": 663050.1206503772
  },
  "responseTimeHistogram": {
    "0.000170869": 1,
    "0.0006244471": 4933,
    "0.0010780251999999999": 436392,
    "0.0015316032999999998": 67823,
    "0.0019851814": 731,
    "0.0024387595": 63,
    "0.0028923376": 45,
    "0.0033459157": 44,
    "0.0037994938": 21,
    "0.0042530719": 9,
    "0.00470665": 14
  },
  "latencyPercentiles": {
    "p10": 0.000854158,
    "p25": 0.000914821,
    "p50": 0.000988448,
    "p75": 0.001047716,
    "p90": 0.001091618,
    "p95": 0.001127048,
    "p99": 0.001230685
  },
  "rps": {
    "mean": 51002.412314884976,
    "stddev": 2518.456092039552,
    "max": 61908.897751143595,
    "percentiles": {
      "p10": 49179.693815501414,
      "p25": 49972.51011217255,
      "p50": 50841.79850953017,
      "p75": 52000.850449361766,
      "p90": 53552.56183944818,
      "p95": 54665.02951911565,
      "p99": 57091.86291451502
    }
  },
  "details": {
    "DNSDialup": {
      "average": 0.0007897049199999999,
      "fastest": 0.000102399,
      "slowest": 0.001340767
    },
    "DNSLookup": {
      "average": 0.000006257980000000001,
      "fastest": 0.000002805,
      "slowest": 0.000031769
    }
  },
  "statusCodeDistribution": {
    "200": 510076
  },
  "errorDistribution": {}
}