{
  "summary": {
    "successRate": 1,
    "total": 10.000722112,
    "slowest": 0.00649427,
    "fastest": 0.000077384,
    "average": 0.000907091728850599,
    "requestsPerSec": 55029.52625187392,
    "totalData": 7154355,
    "sizePerRequest": 13,
    "sizePerSec": 715383.841274361
  },
  "responseTimeHistogram": {
    "0.000077384": 1,
    "0.0007190726000000001": 42097,
    "0.0013607612000000001": 505941,
    "0.0020024498": 2123,
    "0.0026441384": 70,
    "0.003285827": 13,
    "0.0039275156000000006": 35,
    "0.0045692042": 9,
    "0.0052108928": 28,
    "0.0058525814": 17,
    "0.00649427": 1
  },
  "latencyPercentiles": {
    "p10": 0.000759765,
    "p25": 0.000848079,
    "p50": 0.000921143,
    "p75": 0.000982247,
    "p90": 0.001022035,
    "p95": 0.00106142,
    "p99": 0.00118777
  },
  "rps": {
    "mean": 55028.12531947086,
    "stddev": 4034.6953036644627,
    "max": 80080.67625113277,
    "percentiles": {
      "p10": 52338.81970257311,
      "p25": 53345.35955923254,
      "p50": 54254.04562554057,
      "p75": 55732.670491443714,
      "p90": 59584.60156452283,
      "p95": 62235.00096454263,
      "p99": 67810.07657738344
    }
  },
  "details": {
    "DNSDialup": {
      "average": 0.0008583359400000001,
      "fastest": 0.000109101,
      "slowest": 0.001349349
    },
    "DNSLookup": {
      "average": 0.0000054361,
      "fastest": 0.000001732,
      "slowest": 0.000049203
    }
  },
  "statusCodeDistribution": {
    "200": 550335
  },
  "errorDistribution": {}
}