{
  "summary": {
    "successRate": 1,
    "total": 10.00082653,
    "slowest": 0.016903509,
    "fastest": 0.000070607,
    "average": 0.0008894216772065337,
    "requestsPerSec": 56077.66501275371,
    "totalData": 6169053,
    "sizePerRequest": 11,
    "sizePerSec": 616854.3151402908
  },
  "responseTimeHistogram": {
    "0.000070607": 1,
    "0.0017538972000000002": 523773,
    "0.0034371874": 35541,
    "0.005120477600000001": 763,
    "0.006803767800000001": 333,
    "0.008487058": 181,
    "0.010170348200000002": 122,
    "0.011853638400000002": 17,
    "0.013536928600000001": 85,
    "0.015220218800000001": 5,
    "0.016903509": 2
  },
  "latencyPercentiles": {
    "p10": 0.000633864,
    "p25": 0.000716872,
    "p50": 0.000792881,
    "p75": 0.000867888,
    "p90": 0.001072308,
    "p95": 0.001978242,
    "p99": 0.002387841
  },
  "rps": {
    "mean": 56062.498168739185,
    "stddev": 14399.283589448505,
    "max": 76729.84023486754,
    "percentiles": {
      "p10": 26180.965276909028,
      "p25": 55482.37198397718,
      "p50": 61202.368531663764,
      "p75": 64942.12795840692,
      "p90": 68225.8950963677,
      "p95": 70082.61338465709,
      "p99": 72992.63495301887
    }
  },
  "details": {
    "DNSDialup": {
      "average": 0.0017944772599999999,
      "fastest": 0.000211521,
      "slowest": 0.002053707
    },
    "DNSLookup": {
      "average": 0.000010555099999999997,
      "fastest": 0.000004801,
      "slowest": 0.000133614
    }
  },
  "statusCodeDistribution": {
    "200": 560823
  },
  "errorDistribution": {}
}