{
  "summary": {
    "successRate": 1,
    "total": 10.000682663,
    "slowest": 0.005008668,
    "fastest": 0.000207537,
    "average": 0.0009970317518496843,
    "requestsPerSec": 50058.182713081456,
    "totalData": 6508008,
    "sizePerRequest": 13,
    "sizePerSec": 650756.375270059
  },
  "responseTimeHistogram": {
    "0.000207537": 1,
    "0.0006876501": 10936,
    "0.0011677632000000001": 470384,
    "0.0016478763000000003": 18663,
    "0.0021279894": 398,
    "0.0026081025": 103,
    "0.0030882156000000003": 66,
    "0.0035683287": 50,
    "0.0040484418": 9,
    "0.0045285549000000005": 3,
    "0.005008668": 3
  },
  "latencyPercentiles": {
    "p10": 0.000863403,
    "p25": 0.000931241,
    "p50": 0.001008108,
    "p75": 0.001071336,
    "p90": 0.001118434,
    "p95": 0.001153343,
    "p99": 0.001261665
  },
  "rps": {
    "mean": 50054.24809108365,
    "stddev": 2694.085464292497,
    "max": 61838.49446280389,
    "percentiles": {
      "p10": 48173.65042121792,
      "p25": 48905.74153405873,
      "p50": 49811.77111764118,
      "p75": 51104.19565446197,
      "p90": 52868.70817314141,
      "p95": 54135.49573227733,
      "p99": 56504.09089618119
    }
  },
  "details": {
    "DNSDialup": {
      "average": 0.0007214252799999999,
      "fastest": 0.000070149,
      "slowest": 0.001644728
    },
    "DNSLookup": {
      "average": 0.00000716016,
      "fastest": 0.000003507,
      "slowest": 0.000039564
    }
  },
  "statusCodeDistribution": {
    "200": 500616
  },
  "errorDistribution": {}
}