{
  "summary": {
    "successRate": 1,
    "total": 10.000333374,
    "slowest": 0.005016776,
    "fastest": 0.000251271,
    "average": 0.0009633560580814798,
    "requestsPerSec": 51811.67273354141,
    "totalData": 6735742,
    "sizePerRequest": 13,
    "sizePerSec": 673551.7455360383
  },
  "responseTimeHistogram": {
    "0.000251271": 1,
    "0.0007278215": 48687,
    "0.001204372": 455210,
    "0.0016809224999999998": 13860,
    "0.002157473": 227,
    "0.0026340235": 25,
    "0.0031105739999999996": 79,
    "0.0035871245": 15,
    "0.004063675": 26,
    "0.0045402255": 2,
    "0.005016776": 2
  },
  "latencyPercentiles": {
    "p10": 0.000756778,
    "p25": 0.00090255,
    "p50": 0.000987451,
    "p75": 0.00105619,
    "p90": 0.001112255,
    "p95": 0.001160033,
    "p99": 0.001276462
  },
  "rps": {
    "mean": 51803.38874621152,
    "stddev": 6160.1620485714,
    "max": 82533.23613419406,
    "percentiles": {
      "p10": 48505.31037348122,
      "p25": 49401.521566863965,
      "p50": 50270.85187996167,
      "p75": 51222.88883259454,
      "p90": 57304.59234194021,
      "p95": 67498.80841362379,
      "p99": 76606.7567159451
    }
  },
  "details": {
    "DNSDialup": {
      "average": 0.0008700295199999999,
      "fastest": 0.000102325,
      "slowest": 0.001770509
    },
    "DNSLookup": {
      "average": 0.0000273825,
      "fastest": 0.000004027,
      "slowest": 0.000972049
    }
  },
  "statusCodeDistribution": {
    "200": 518134
  },
  "errorDistribution": {}
}