{
  "summary": {
    "successRate": 1,
    "total": 10.00024952,
    "slowest": 0.003678685,
    "fastest": 0.000246963,
    "average": 0.0009094717967294221,
    "requestsPerSec": 54882.13058107774,
    "totalData": 7134855,
    "sizePerRequest": 13,
    "sizePerSec": 713467.6975540105
  },
  "responseTimeHistogram": {
    "0.000246963": 1,
    "0.0005901352": 51330,
    "0.0009333074": 196350,
    "0.0012764796": 296650,
    "0.0016196518": 3912,
    "0.001962824": 389,
    "0.0023059962000000003": 103,
    "0.0026491683999999996": 43,
    "0.0029923406": 11,
    "0.0033355128": 27,
    "0.003678685": 19
  },
  "latencyPercentiles": {
    "p10": 0.000594217,
    "p25": 0.000834297,
    "p50": 0.000951543,
    "p75": 0.001033284,
    "p90": 0.001088965,
    "p95": 0.001133786,
    "p99": 0.001259917
  },
  "rps": {
    "mean": 54907.866175478885,
    "stddev": 8643.015012793674,
    "max": 84742.81641655492,
    "percentiles": {
      "p10": 49170.58530600536,
      "p25": 50131.307001222296,
      "p50": 51236.00597786416,
      "p75": 56400.180480578645,
      "p90": 69447.05413713444,
      "p95": 75116.23486182357,
      "p99": 81652.61690626272
    }
  },
  "details": {
    "DNSDialup": {
      "average": 0.0005947260599999998,
      "fastest": 0.000084429,
      "slowest": 0.002140921
    },
    "DNSLookup": {
      "average": 0.00000959826,
      "fastest": 0.000003968,
      "slowest": 0.000038553
    }
  },
  "statusCodeDistribution": {
    "200": 548835
  },
  "errorDistribution": {}
}