{
  "summary": {
    "successRate": 1,
    "total": 10.000114743,
    "slowest": 0.004814875,
    "fastest": 0.00014136,
    "average": 0.0009732270798177031,
    "requestsPerSec": 51282.511569077506,
    "totalData": 6666803,
    "sizePerRequest": 13,
    "sizePerSec": 666672.6503980076
  },
  "responseTimeHistogram": {
    "0.00014136": 1,
    "0.0006087115": 14121,
    "0.001076063": 374657,
    "0.0015434145": 123525,
    "0.0020107659999999998": 350,
    "0.0024781175": 30,
    "0.002945469": 93,
    "0.0034128204999999997": 16,
    "0.003880172": 16,
    "0.0043475235": 9,
    "0.004814875": 13
  },
  "latencyPercentiles": {
    "p10": 0.000733086,
    "p25": 0.000912393,
    "p50": 0.000998501,
    "p75": 0.001074001,
    "p90": 0.001120529,
    "p95": 0.001152936,
    "p99": 0.001252545
  },
  "rps": {
    "mean": 51282.32222002215,
    "stddev": 4210.719666056021,
    "max": 71419.05460377326,
    "percentiles": {
      "p10": 47830.664238843405,
      "p25": 48736.3231816664,
      "p50": 50039.88178578195,
      "p75": 53146.60622179638,
      "p90": 56989.66731177836,
      "p95": 59423.90478386835,
      "p99": 63848.11158635425
    }
  },
  "details": {
    "DNSDialup": {
      "average": 0.00104415634,
      "fastest": 0.000170858,
      "slowest": 0.001670088
    },
    "DNSLookup": {
      "average": 0.000008368159999999998,
      "fastest": 0.000004248,
      "slowest": 0.000030697
    }
  },
  "statusCodeDistribution": {
    "200": 512831
  },
  "errorDistribution": {}
}