{
  "summary": {
    "successRate": 1,
    "total": 10.000603392,
    "slowest": 0.004874011,
    "fastest": 0.000298439,
    "average": 0.0009858508266698195,
    "requestsPerSec": 50628.04514425843,
    "totalData": 6582043,
    "sizePerRequest": 13,
    "sizePerSec": 658164.5868753596
  },
  "responseTimeHistogram": {
    "0.000298439": 1,
    "0.0007559962": 27986,
    "0.0012135534": 466408,
    "0.0016711106": 11378,
    "0.0021286678": 306,
    "0.002586225": 98,
    "0.0030437822": 48,
    "0.0035013394": 30,
    "0.0039588966": 17,
    "0.0044164538": 22,
    "0.004874011": 17
  },
  "latencyPercentiles": {
    "p10": 0.000841637,
    "p25": 0.000921103,
    "p50": 0.001000325,
    "p75": 0.00106324,
    "p90": 0.001113657,
    "p95": 0.001158932,
    "p99": 0.001281148
  },
  "rps": {
    "mean": 50627.222269410355,
    "stddev": 3701.536061011011,
    "max": 71151.28499321229,
    "percentiles": {
      "p10": 48149.64427945603,
      "p25": 49057.5936149035,
      "p50": 49938.39263626068,
      "p75": 51052.457509929336,
      "p90": 55104.27609182242,
      "p95": 57732.6247062198,
      "p99": 62825.26832291902
    }
  },
  "details": {
    "DNSDialup": {
      "average": 0.0005471327600000002,
      "fastest": 0.000073865,
      "slowest": 0.000809936
    },
    "DNSLookup": {
      "average": 0.000007981260000000002,
      "fastest": 0.000003717,
      "slowest": 0.000054662
    }
  },
  "statusCodeDistribution": {
    "200": 506311
  },
  "errorDistribution": {}
}