{
  "summary": {
    "successRate": 1,
    "total": 10.000652184,
    "slowest": 0.004950403,
    "fastest": 0.000335388,
    "average": 0.000983351344703618,
    "requestsPerSec": 50754.789853813396,
    "totalData": 6598553,
    "sizePerRequest": 13,
    "sizePerSec": 659812.2680995741
  },
  "responseTimeHistogram": {
    "0.000335388": 1,
    "0.0007968895": 39960,
    "0.001258391": 460926,
    "0.0017198925000000002": 6314,
    "0.002181394": 194,
    "0.0026428955": 58,
    "0.003104397": 78,
    "0.0035658985": 0,
    "0.0040274": 10,
    "0.0044889015": 23,
    "0.004950403": 17
  },
  "latencyPercentiles": {
    "p10": 0.000830675,
    "p25": 0.000919241,
    "p50": 0.000998569,
    "p75": 0.001064102,
    "p90": 0.001114145,
    "p95": 0.001158561,
    "p99": 0.001283201
  },
  "rps": {
    "mean": 50748.64233294453,
    "stddev": 3632.8513200430184,
    "max": 69400.95741228428,
    "percentiles": {
      "p10": 48149.362726668616,
      "p25": 49104.938468472814,
      "p50": 49948.46730857888,
      "p75": 51574.52387749424,
      "p90": 54877.87963130158,
      "p95": 57614.01749045488,
      "p99": 62761.35945516098
    }
  },
  "details": {
    "DNSDialup": {
      "average": 0.0005746293400000001,
      "fastest": 0.000082825,
      "slowest": 0.000935539
    },
    "DNSLookup": {
      "average": 0.000008458540000000002,
      "fastest": 0.000003737,
      "slowest": 0.000055113
    }
  },
  "statusCodeDistribution": {
    "200": 507581
  },
  "errorDistribution": {}
}