{
  "summary": {
    "successRate": 1,
    "total": 10.000385504,
    "slowest": 0.005616019,
    "fastest": 0.000255428,
    "average": 0.0009680919601008631,
    "requestsPerSec": 51555.51251437036,
    "totalData": 5671325,
    "sizePerRequest": 11,
    "sizePerSec": 567110.637658074
  },
  "responseTimeHistogram": {
    "0.000255428": 1,
    "0.0007914871": 40490,
    "0.0013275462": 472929,
    "0.0018636053": 1920,
    "0.0023996644": 133,
    "0.0029357234999999996": 3,
    "0.0034717826": 17,
    "0.0040078417000000005": 46,
    "0.0045439008": 23,
    "0.0050799599": 12,
    "0.005616019": 1
  },
  "latencyPercentiles": {
    "p10": 0.000824985,
    "p25": 0.000905406,
    "p50": 0.000984772,
    "p75": 0.001048373,
    "p90": 0.001099198,
    "p95": 0.001142708,
    "p99": 0.001253828
  },
  "rps": {
    "mean": 51551.12021598345,
    "stddev": 4485.091322907688,
    "max": 78902.86417396991,
    "percentiles": {
      "p10": 49080.369205562194,
      "p25": 49895.33001753196,
      "p50": 50738.12948370353,
      "p75": 51525.907226153926,
      "p90": 54440.80338213469,
      "p95": 61196.7598221772,
      "p99": 71108.29793775306
    }
  },
  "details": {
    "DNSDialup": {
      "average": 0.0011741213200000002,
      "fastest": 0.000079188,
      "slowest": 0.002416328
    },
    "DNSLookup": {
      "average": 0.000027382499999999997,
      "fastest": 0.000004038,
      "slowest": 0.000982841
    }
  },
  "statusCodeDistribution": {
    "200": 515575
  },
  "errorDistribution": {}
}