{
  "summary": {
    "successRate": 1,
    "total": 10.000366826,
    "slowest": 0.004957806,
    "fastest": 0.000293709,
    "average": 0.001014198558964396,
    "requestsPerSec": 49213.494721058545,
    "totalData": 6397989,
    "sizePerRequest": 13,
    "sizePerSec": 639775.431373761
  },
  "responseTimeHistogram": {
    "0.000293709": 1,
    "0.0007601187000000001": 23865,
    "0.0012265284": 456476,
    "0.0016929381000000002": 11513,
    "0.0021593478": 142,
    "0.0026257575000000004": 59,
    "0.0030921672000000003": 53,
    "0.0035585769000000007": 14,
    "0.004024986600000001": 12,
    "0.0044913963000000005": 6,
    "0.004957806": 12
  },
  "latencyPercentiles": {
    "p10": 0.000869997,
    "p25": 0.000948945,
    "p50": 0.001029015,
    "p75": 0.001095366,
    "p90": 0.001145742,
    "p95": 0.001182851,
    "p99": 0.001282807
  },
  "rps": {
    "mean": 49211.28954878364,
    "stddev": 3200.2470559376106,
    "max": 64688.92786914387,
    "percentiles": {
      "p10": 46905.97582131931,
      "p25": 47609.57343325773,
      "p50": 48638.28870401854,
      "p75": 49960.60721260887,
      "p90": 52709.887901288836,
      "p95": 55119.99202110543,
      "p99": 60304.36273013768
    }
  },
  "details": {
    "DNSDialup": {
      "average": 0.0010468549399999998,
      "fastest": 0.000097623,
      "slowest": 0.001611402
    },
    "DNSLookup": {
      "average": 0.000013843320000000005,
      "fastest": 0.000004759,
      "slowest": 0.000184996
    }
  },
  "statusCodeDistribution": {
    "200": 492153
  },
  "errorDistribution": {}
}