{
  "summary": {
    "successRate": 1,
    "total": 10.000193152,
    "slowest": 0.004952905,
    "fastest": 0.000258272,
    "average": 0.0009535917830527633,
    "requestsPerSec": 52342.588992425095,
    "totalData": 5757796,
    "sizePerRequest": 11,
    "sizePerSec": 575768.478916676
  },
  "responseTimeHistogram": {
    "0.000258272": 1,
    "0.0007277352999999999": 65309,
    "0.0011971985999999998": 440561,
    "0.0016666618999999997": 17005,
    "0.0021361251999999996": 405,
    "0.0026055884999999996": 63,
    "0.0030750517999999995": 24,
    "0.0035445150999999994": 24,
    "0.0040139784": 7,
    "0.0044834417": 22,
    "0.004952905": 15
  },
  "latencyPercentiles": {
    "p10": 0.000659299,
    "p25": 0.000892025,
    "p50": 0.000983354,
    "p75": 0.001056268,
    "p90": 0.001114958,
    "p95": 0.001167927,
    "p99": 0.001277505
  },
  "rps": {
    "mean": 52370.20722221222,
    "stddev": 6397.251035448797,
    "max": 83641.19727876854,
    "percentiles": {
      "p10": 48341.27377955564,
      "p25": 49272.1547467427,
      "p50": 50248.84690407466,
      "p75": 51947.76149369665,
      "p90": 61312.268584936486,
      "p95": 68037.22316479287,
      "p99": 74725.42662859701
    }
  },
  "details": {
    "DNSDialup": {
      "average": 0.0012064871999999999,
      "fastest": 0.000095341,
      "slowest": 0.002702278
    },
    "DNSLookup": {
      "average": 0.000025427800000000004,
      "fastest": 0.000003226,
      "slowest": 0.000937763
    }
  },
  "statusCodeDistribution": {
    "200": 523436
  },
  "errorDistribution": {}
}