{
  "summary": {
    "successRate": 1,
    "total": 10.000390256,
    "slowest": 0.004216908,
    "fastest": 0.000231354,
    "average": 0.0009387299352604829,
    "requestsPerSec": 53167.92508982262,
    "totalData": 6912100,
    "sizePerRequest": 13,
    "sizePerSec": 691183.026167694
  },
  "responseTimeHistogram": {
    "0.000231354": 1,
    "0.0006299094": 41064,
    "0.0010284648": 346403,
    "0.0014270202000000003": 143102,
    "0.0018255756000000003": 881,
    "0.0022241310000000003": 101,
    "0.0026226864000000005": 53,
    "0.0030212418000000003": 53,
    "0.0034197972000000005": 13,
    "0.0038183526000000008": 28,
    "0.004216908": 1
  },
  "latencyPercentiles": {
    "p10": 0.000708881,
    "p25": 0.000876936,
    "p50": 0.000961307,
    "p75": 0.001034362,
    "p90": 0.001092602,
    "p95": 0.001141631,
    "p99": 0.001256702
  },
  "rps": {
    "mean": 53167.12473346987,
    "stddev": 6608.547210723416,
    "max": 87394.053480354,
    "percentiles": {
      "p10": 49365.43344054653,
      "p25": 50336.72063770441,
      "p50": 51319.7016334565,
      "p75": 52953.53602492119,
      "p90": 61311.19579685088,
      "p95": 69745.1378654333,
      "p99": 78968.74831828078
    }
  },
  "details": {
    "DNSDialup": {
      "average": 0.0008759675799999998,
      "fastest": 0.000099908,
      "slowest": 0.002063403
    },
    "DNSLookup": {
      "average": 0.000010001879999999999,
      "fastest": 0.000003617,
      "slowest": 0.000048161
    }
  },
  "statusCodeDistribution": {
    "200": 531700
  },
  "errorDistribution": {}
}