{
  "summary": {
    "successRate": 1,
    "total": 10.000509337,
    "slowest": 0.004305939,
    "fastest": 0.000222824,
    "average": 0.0009761902149167455,
    "requestsPerSec": 51129.295795786726,
    "totalData": 5624509,
    "sizePerRequest": 11,
    "sizePerSec": 562422.253753654
  },
  "responseTimeHistogram": {
    "0.000222824": 1,
    "0.0006311355000000001": 31652,
    "0.001039447": 294459,
    "0.0014477585000000001": 184248,
    "0.00185607": 732,
    "0.0022643815": 116,
    "0.0026726930000000003": 44,
    "0.0030810045": 20,
    "0.003489316": 7,
    "0.0038976275": 23,
    "0.004305939": 17
  },
  "latencyPercentiles": {
    "p10": 0.000675433,
    "p25": 0.000950056,
    "p50": 0.001012804,
    "p75": 0.001063052,
    "p90": 0.001113236,
    "p95": 0.00115563,
    "p99": 0.001265686
  },
  "rps": {
    "mean": 51116.07615224981,
    "stddev": 5509.251048105049,
    "max": 79268.77664095597,
    "percentiles": {
      "p10": 47445.92290878303,
      "p25": 48166.12245290808,
      "p50": 49142.724684841654,
      "p75": 52341.44944545679,
      "p90": 58740.38989208871,
      "p95": 62638.81334136412,
      "p99": 70223.8620683295
    }
  },
  "details": {
    "DNSDialup": {
      "average": 0.00085555382,
      "fastest": 0.000075333,
      "slowest": 0.001656347
    },
    "DNSLookup": {
      "average": 0.000015252679999999997,
      "fastest": 0.000004178,
      "slowest": 0.000306894
    }
  },
  "statusCodeDistribution": {
    "200": 511319
  },
  "errorDistribution": {}
}