{
  "summary": {
    "successRate": 1,
    "total": 10.000691686,
    "slowest": 0.016387377,
    "fastest": 0.000199902,
    "average": 0.0015882374991317977,
    "requestsPerSec": 31442.025199135813,
    "totalData": 4087746,
    "sizePerRequest": 13,
    "sizePerSec": 408746.32758876553
  },
  "responseTimeHistogram": {
    "0.000199902": 1,
    "0.0018186495000000005": 274326,
    "0.003437397000000001": 37399,
    "0.005056144500000002": 1187,
    "0.006674892000000002": 1297,
    "0.008293639500000002": 173,
    "0.009912387000000003": 9,
    "0.011531134500000003": 0,
    "0.013149882000000003": 0,
    "0.014768629500000003": 0,
    "0.016387377": 50
  },
  "latencyPercentiles": {
    "p10": 0.001094683,
    "p25": 0.001399185,
    "p50": 0.001613601,
    "p75": 0.001723938,
    "p90": 0.001876996,
    "p95": 0.002048959,
    "p99": 0.003063204
  },
  "rps": {
    "mean": 31449.533065723193,
    "stddev": 3932.009674384356,
    "max": 37059.92417367193,
    "percentiles": {
      "p10": 29436.524840021855,
      "p25": 31128.395322212982,
      "p50": 32320.578512337004,
      "p75": 33222.96371251852,
      "p90": 34101.97173661708,
      "p95": 34644.48004793135,
      "p99": 35683.54467300528
    }
  },
  "details": {
    "DNSDialup": {
      "average": 0.00050601482,
      "fastest": 0.00010117,
      "slowest": 0.000841858
    },
    "DNSLookup": {
      "average": 0.0000064214200000000014,
      "fastest": 0.000002826,
      "slowest": 0.000034014
    }
  },
  "statusCodeDistribution": {
    "200": 314442
  },
  "errorDistribution": {}
}