{
  "summary": {
    "successRate": 1,
    "total": 10.001094145,
    "slowest": 0.023531839,
    "fastest": 0.000295402,
    "average": 0.0024551527349107715,
    "requestsPerSec": 20343.374139890173,
    "totalData": 2644928,
    "sizePerRequest": 13,
    "sizePerSec": 264463.86381857225
  },
  "responseTimeHistogram": {
    "0.000295402": 1,
    "0.0026190457": 169761,
    "0.0049426894": 30511,
    "0.0072663331": 1877,
    "0.0095899768": 226,
    "0.0119136205": 543,
    "0.0142372642": 395,
    "0.0165609079": 92,
    "0.0188845516": 0,
    "0.0212081953": 0,
    "0.023531839": 50
  },
  "latencyPercentiles": {
    "p10": 0.001894109,
    "p25": 0.002155913,
    "p50": 0.002261413,
    "p75": 0.002439015,
    "p90": 0.00327392,
    "p95": 0.003710217,
    "p99": 0.005931835
  },
  "rps": {
    "mean": 20420.60894750082,
    "stddev": 4622.441940462339,
    "max": 71544.250118682,
    "percentiles": {
      "p10": 15578.318291331017,
      "p25": 19649.034164759873,
      "p50": 21858.449493946362,
      "p75": 22801.100712773154,
      "p90": 23429.341220030892,
      "p95": 23910.08003822308,
      "p99": 25177.145290886197
    }
  },
  "details": {
    "DNSDialup": {
      "average": 0.0020122919600000003,
      "fastest": 0.000090401,
      "slowest": 0.002254014
    },
    "DNSLookup": {
      "average": 0.000005294039999999999,
      "fastest": 0.0000042,
      "slowest": 0.0000368
    }
  },
  "statusCodeDistribution": {
    "200": 203456
  },
  "errorDistribution": {}
}