{
  "summary": {
    "successRate": 1,
    "total": 10.000240455,
    "slowest": 0.015097198,
    "fastest": 0.000575024,
    "average": 0.0016624293837440329,
    "requestsPerSec": 30041.17764486294,
    "totalData": 3905447,
    "sizePerRequest": 13,
    "sizePerSec": 390535.30938321823
  },
  "responseTimeHistogram": {
    "0.000575024": 1,
    "0.0020272414": 272789,
    "0.0034794587999999998": 24653,
    "0.0049316762": 1260,
    "0.0063838936": 1143,
    "0.007836111": 431,
    "0.0092883284": 42,
    "0.0107405458": 50,
    "0.0121927632": 0,
    "0.0136449806": 0,
    "0.015097198": 50
  },
  "latencyPercentiles": {
    "p10": 0.001103426,
    "p25": 0.001468446,
    "p50": 0.001695025,
    "p75": 0.00177848,
    "p90": 0.001949926,
    "p95": 0.002236969,
    "p99": 0.003470716
  },
  "rps": {
    "mean": 30048.955446688433,
    "stddev": 3980.7036274192487,
    "max": 35189.5675418871,
    "percentiles": {
      "p10": 28200.418299290566,
      "p25": 29823.733727299088,
      "p50": 30859.343955710126,
      "p75": 31944.966783280684,
      "p90": 32670.94390754956,
      "p95": 33122.08249239568,
      "p99": 34211.5669307784
    }
  },
  "details": {
    "DNSDialup": {
      "average": 0.0011498677000000002,
      "fastest": 0.000092039,
      "slowest": 0.002320293
    },
    "DNSLookup": {
      "average": 0.000008195900000000002,
      "fastest": 0.000003717,
      "slowest": 0.000049702
    }
  },
  "statusCodeDistribution": {
    "200": 300419
  },
  "errorDistribution": {}
}