{
  "summary": {
    "successRate": 1,
    "total": 10.000858187,
    "slowest": 0.018099706,
    "fastest": 0.000538424,
    "average": 0.0026024132349894906,
    "requestsPerSec": 19193.252859990782,
    "totalData": 2495337,
    "sizePerRequest": 13,
    "sizePerSec": 249512.2871798802
  },
  "responseTimeHistogram": {
    "0.000538424": 1,
    "0.0022945522": 51969,
    "0.0040506804": 132878,
    "0.0058068086": 4897,
    "0.0075629368": 817,
    "0.009319065000000001": 250,
    "0.0110751932": 277,
    "0.012831321400000002": 545,
    "0.0145874496": 221,
    "0.0163435778": 23,
    "0.018099706": 71
  },
  "latencyPercentiles": {
    "p10": 0.001972087,
    "p25": 0.002280301,
    "p50": 0.002425508,
    "p75": 0.002675719,
    "p90": 0.00337335,
    "p95": 0.003815469,
    "p99": 0.006217776
  },
  "rps": {
    "mean": 19219.38527942808,
    "stddev": 3882.7936901804187,
    "max": 25433.52252080448,
    "percentiles": {
      "p10": 15311.721122519097,
      "p25": 18451.37701862426,
      "p50": 20163.474863277464,
      "p75": 21467.07912923214,
      "p90": 22064.520985736945,
      "p95": 22681.946156137667,
      "p99": 24060.850667492807
    }
  },
  "details": {
    "DNSDialup": {
      "average": 0.0019922906799999997,
      "fastest": 0.000117605,
      "slowest": 0.002139295
    },
    "DNSLookup": {
      "average": 0.000006910359999999999,
      "fastest": 0.0000038,
      "slowest": 0.000058403
    }
  },
  "statusCodeDistribution": {
    "200": 191949
  },
  "errorDistribution": {}
}