{
  "summary": {
    "successRate": 1,
    "total": 10.001454667,
    "slowest": 0.015998475,
    "fastest": 0.000437173,
    "average": 0.0016497400786571273,
    "requestsPerSec": 30267.49708708148,
    "totalData": 3935347,
    "sizePerRequest": 13,
    "sizePerSec": 393477.4621320592
  },
  "responseTimeHistogram": {
    "0.000437173": 1,
    "0.0019933032": 274983,
    "0.0035494334": 25500,
    "0.0051055636": 846,
    "0.0066616938": 1229,
    "0.008217824": 15,
    "0.0097739542": 46,
    "0.0113300844": 49,
    "0.012886214600000001": 0,
    "0.014442344800000001": 0,
    "0.015998475": 50
  },
  "latencyPercentiles": {
    "p10": 0.001103521,
    "p25": 0.00145491,
    "p50": 0.001700704,
    "p75": 0.001769875,
    "p90": 0.001929354,
    "p95": 0.002141069,
    "p99": 0.002991213
  },
  "rps": {
    "mean": 30269.83416565729,
    "stddev": 3620.1526348559883,
    "max": 34878.40316246992,
    "percentiles": {
      "p10": 28764.850621878624,
      "p25": 30127.051079164517,
      "p50": 30938.050708566418,
      "p75": 31921.48599873177,
      "p90": 32529.31874820497,
      "p95": 32941.62130885025,
      "p99": 34114.160788142966
    }
  },
  "details": {
    "DNSDialup": {
      "average": 0.0008153962599999999,
      "fastest": 0.000103806,
      "slowest": 0.001643344
    },
    "DNSLookup": {
      "average": 0.000005720620000000002,
      "fastest": 0.000002805,
      "slowest": 0.000046059
    }
  },
  "statusCodeDistribution": {
    "200": 302719
  },
  "errorDistribution": {}
}