{
  "summary": {
    "successRate": 1,
    "total": 10.000315105,
    "slowest": 0.015079358,
    "fastest": 0.000496586,
    "average": 0.0015482856637946683,
    "requestsPerSec": 32253.08368920641,
    "totalData": 4193033,
    "sizePerRequest": 13,
    "sizePerSec": 419290.0879596833
  },
  "responseTimeHistogram": {
    "0.000496586": 1,
    "0.0019548632": 294097,
    "0.0034131403999999995": 25715,
    "0.0048714176": 1255,
    "0.0063296948": 702,
    "0.007787972": 625,
    "0.009246249199999999": 46,
    "0.010704526399999999": 0,
    "0.0121628036": 47,
    "0.0136210808": 3,
    "0.015079358": 50
  },
  "latencyPercentiles": {
    "p10": 0.001043134,
    "p25": 0.001357618,
    "p50": 0.001565164,
    "p75": 0.001651145,
    "p90": 0.001819358,
    "p95": 0.00215276,
    "p99": 0.003207221
  },
  "rps": {
    "mean": 32238.780701038537,
    "stddev": 4439.799903122325,
    "max": 38409.575507172165,
    "percentiles": {
      "p10": 29999.912069223235,
      "p25": 31975.69931276739,
      "p50": 33194.880876624324,
      "p75": 34352.79337285505,
      "p90": 35251.93537763593,
      "p95": 35755.43648168954,
      "p99": 36482.753976779306
    }
  },
  "details": {
    "DNSDialup": {
      "average": 0.0011344909199999997,
      "fastest": 0.000115937,
      "slowest": 0.001989552
    },
    "DNSLookup": {
      "average": 0.00001086734,
      "fastest": 0.000004669,
      "slowest": 0.000052919
    }
  },
  "statusCodeDistribution": {
    "200": 322541
  },
  "errorDistribution": {}
}