{
  "summary": {
    "successRate": 1,
    "total": 10.000723121,
    "slowest": 0.015489953,
    "fastest": 0.000488711,
    "average": 0.0016982283856771263,
    "requestsPerSec": 29405.37363568112,
    "totalData": 3822975,
    "sizePerRequest": 13,
    "sizePerSec": 382269.85726385453
  },
  "responseTimeHistogram": {
    "0.000488711": 1,
    "0.0019888352": 261541,
    "0.0034889594": 29743,
    "0.0049890836": 1207,
    "0.006489207800000001": 989,
    "0.007989332": 413,
    "0.0094894562": 124,
    "0.0109895804": 7,
    "0.0124897046": 0,
    "0.0139898288": 0,
    "0.015489953": 50
  },
  "latencyPercentiles": {
    "p10": 0.001126599,
    "p25": 0.001490038,
    "p50": 0.001730234,
    "p75": 0.001824304,
    "p90": 0.002039404,
    "p95": 0.00226325,
    "p99": 0.003361882
  },
  "rps": {
    "mean": 29402.34437507669,
    "stddev": 3987.407274953394,
    "max": 36903.548925081304,
    "percentiles": {
      "p10": 26611.74057377762,
      "p25": 29354.57602774876,
      "p50": 30381.656245027716,
      "p75": 31292.945206370947,
      "p90": 32126.133890375517,
      "p95": 32605.673387170333,
      "p99": 33526.687243044784
    }
  },
  "details": {
    "DNSDialup": {
      "average": 0.0011806843400000001,
      "fastest": 0.000102171,
      "slowest": 0.002599611
    },
    "DNSLookup": {
      "average": 0.00000774792,
      "fastest": 0.000003516,
      "slowest": 0.000044062
    }
  },
  "statusCodeDistribution": {
    "200": 294075
  },
  "errorDistribution": {}
}