{
  "summary": {
    "successRate": 1,
    "total": 10.000721587,
    "slowest": 0.016456779,
    "fastest": 0.000314508,
    "average": 0.0016812437846713303,
    "requestsPerSec": 29700.356860859385,
    "totalData": 3861325,
    "sizePerRequest": 13,
    "sizePerSec": 386104.639191172
  },
  "responseTimeHistogram": {
    "0.000314508": 1,
    "0.0019287351": 262136,
    "0.0035429622000000003": 32172,
    "0.0051571893": 1165,
    "0.0067714164": 1179,
    "0.0083856435": 176,
    "0.0099998706": 86,
    "0.0116140977": 10,
    "0.0132283248": 0,
    "0.0148425519": 0,
    "0.016456779": 100
  },
  "latencyPercentiles": {
    "p10": 0.00112633,
    "p25": 0.001504475,
    "p50": 0.001700486,
    "p75": 0.001797055,
    "p90": 0.00202003,
    "p95": 0.002242892,
    "p99": 0.003406435
  },
  "rps": {
    "mean": 29726.971511440974,
    "stddev": 4108.32824263142,
    "max": 36667.41347580698,
    "percentiles": {
      "p10": 27626.882212161086,
      "p25": 29402.425700120508,
      "p50": 30602.93482144823,
      "p75": 31649.860725445,
      "p90": 32533.61698642871,
      "p95": 33044.16161560668,
      "p99": 34041.554895186
    }
  },
  "details": {
    "DNSDialup": {
      "average": 0.0008148379399999999,
      "fastest": 0.000102421,
      "slowest": 0.001727412
    },
    "DNSLookup": {
      "average": 0.000007758120000000001,
      "fastest": 0.000002966,
      "slowest": 0.000041919
    }
  },
  "statusCodeDistribution": {
    "200": 297025
  },
  "errorDistribution": {}
}