{
  "summary": {
    "successRate": 1,
    "total": 10.001573743,
    "slowest": 0.0155664,
    "fastest": 0.000285203,
    "average": 0.0018047636979025786,
    "requestsPerSec": 27667.845792135955,
    "totalData": 3597386,
    "sizePerRequest": 13,
    "sizePerSec": 359681.9952977674
  },
  "responseTimeHistogram": {
    "0.000285203": 1,
    "0.0018133226999999998": 147742,
    "0.0033414423999999997": 122549,
    "0.0048695621": 5186,
    "0.0063976818": 574,
    "0.0079258015": 346,
    "0.009453921199999998": 274,
    "0.010982040899999998": 0,
    "0.012510160599999999": 4,
    "0.014038280299999999": 44,
    "0.0155664": 2
  },
  "latencyPercentiles": {
    "p10": 0.001424719,
    "p25": 0.00150252,
    "p50": 0.001702823,
    "p75": 0.001939125,
    "p90": 0.002021326,
    "p95": 0.002809136,
    "p99": 0.003775748
  },
  "rps": {
    "mean": 27643.405599038757,
    "stddev": 3818.7409233607896,
    "max": 31654.754837463486,
    "percentiles": {
      "p10": 24550.25683075664,
      "p25": 26209.87850320751,
      "p50": 29291.92687488557,
      "p75": 29612.049142794356,
      "p90": 30098.400270024784,
      "p95": 30513.19569834473,
      "p99": 31000.9816635341
    }
  },
  "details": {
    "DNSDialup": {
      "average": 0.0015859283799999993,
      "fastest": 0.000081601,
      "slowest": 0.003410344
    },
    "DNSLookup": {
      "average": 0.000004974040000000001,
      "fastest": 0.0000036,
      "slowest": 0.000040901
    }
  },
  "statusCodeDistribution": {
    "200": 276722
  },
  "errorDistribution": {}
}