{
  "summary": {
    "successRate": 1,
    "total": 10.000147565,
    "slowest": 0.01514526,
    "fastest": 0.000423603,
    "average": 0.001622224848330701,
    "requestsPerSec": 30784.94572194845,
    "totalData": 4002102,
    "sizePerRequest": 13,
    "sizePerSec": 400204.2943853299
  },
  "responseTimeHistogram": {
    "0.000423603": 1,
    "0.0018957687000000002": 276605,
    "0.0033679344": 28367,
    "0.0048401001": 1253,
    "0.0063122658": 1428,
    "0.0077844315": 62,
    "0.009256597200000001": 77,
    "0.010728762900000001": 11,
    "0.0122009286": 0,
    "0.0136730943": 0,
    "0.01514526": 50
  },
  "latencyPercentiles": {
    "p10": 0.001083809,
    "p25": 0.001423503,
    "p50": 0.001661129,
    "p75": 0.001743758,
    "p90": 0.001903783,
    "p95": 0.002111225,
    "p99": 0.003268477
  },
  "rps": {
    "mean": 30790.921262600157,
    "stddev": 4073.5433475909413,
    "max": 35930.16888119225,
    "percentiles": {
      "p10": 28730.66105583305,
      "p25": 30518.362898958385,
      "p50": 31602.65283439298,
      "p75": 32797.53866149551,
      "p90": 33671.49080261414,
      "p95": 34355.049021010724,
      "p99": 35071.20414604271
    }
  },
  "details": {
    "DNSDialup": {
      "average": 0.0008377201800000003,
      "fastest": 0.000108734,
      "slowest": 0.001779249
    },
    "DNSLookup": {
      "average": 0.00000868448,
      "fastest": 0.000004008,
      "slowest": 0.000068859
    }
  },
  "statusCodeDistribution": {
    "200": 307854
  },
  "errorDistribution": {}
}