{
  "summary": {
    "successRate": 1,
    "total": 10.000608196,
    "slowest": 0.013774805,
    "fastest": 0.000541765,
    "average": 0.0018400437336270907,
    "requestsPerSec": 27139.24940170709,
    "totalData": 3528317,
    "sizePerRequest": 13,
    "sizePerSec": 352810.2422221922
  },
  "responseTimeHistogram": {
    "0.000541765": 1,
    "0.001865069": 185090,
    "0.003188373": 82719,
    "0.004511677": 1805,
    "0.0058349809999999995": 1252,
    "0.007158285": 392,
    "0.008481589": 47,
    "0.009804892999999999": 53,
    "0.011128197": 19,
    "0.012451501": 1,
    "0.013774805": 30
  },
  "latencyPercentiles": {
    "p10": 0.001505374,
    "p25": 0.001672304,
    "p50": 0.001766495,
    "p75": 0.001916183,
    "p90": 0.002143758,
    "p95": 0.002347596,
    "p99": 0.00374696
  },
  "rps": {
    "mean": 27132.546385389975,
    "stddev": 3485.3698813696883,
    "max": 31930.732282575267,
    "percentiles": {
      "p10": 23980.84917597594,
      "p25": 27263.094980714304,
      "p50": 28018.304752976608,
      "p75": 28890.58042392508,
      "p90": 29427.35587366862,
      "p95": 29759.98062522597,
      "p99": 30260.314859580947
    }
  },
  "details": {
    "DNSDialup": {
      "average": 0.00116817082,
      "fastest": 0.000089768,
      "slowest": 0.00242871
    },
    "DNSLookup": {
      "average": 0.00000933366,
      "fastest": 0.000003978,
      "slowest": 0.000065012
    }
  },
  "statusCodeDistribution": {
    "200": 271409
  },
  "errorDistribution": {}
}