{
  "summary": {
    "successRate": 1,
    "total": 10.000333985,
    "slowest": 0.020255479,
    "fastest": 0.000436598,
    "average": 0.0015605026101876954,
    "requestsPerSec": 32000.231240276924,
    "totalData": 4160169,
    "sizePerRequest": 13,
    "sizePerSec": 416003.0061236
  },
  "responseTimeHistogram": {
    "0.000436598": 1,
    "0.0024184860999999997": 315736,
    "0.0044003741999999995": 2429,
    "0.006382262299999999": 1699,
    "0.0083641504": 98,
    "0.010346038499999998": 0,
    "0.012327926599999999": 0,
    "0.0143098147": 0,
    "0.0162917028": 0,
    "0.018273590899999997": 0,
    "0.020255478999999996": 50
  },
  "latencyPercentiles": {
    "p10": 0.001061831,
    "p25": 0.001384854,
    "p50": 0.00159808,
    "p75": 0.001677046,
    "p90": 0.001834874,
    "p95": 0.002006147,
    "p99": 0.00296585
  },
  "rps": {
    "mean": 32009.36787116298,
    "stddev": 3968.2019630553827,
    "max": 37163.39901431388,
    "percentiles": {
      "p10": 29854.118601177353,
      "p25": 31901.58231848426,
      "p50": 32955.71075965327,
      "p75": 33801.91490883734,
      "p90": 34631.85204115065,
      "p95": 35022.16169813649,
      "p99": 36005.84934218858
    }
  },
  "details": {
    "DNSDialup": {
      "average": 0.00098396294,
      "fastest": 0.000101462,
      "slowest": 0.001775631
    },
    "DNSLookup": {
      "average": 0.000008446319999999999,
      "fastest": 0.000003687,
      "slowest": 0.000053119
    }
  },
  "statusCodeDistribution": {
    "200": 320013
  },
  "errorDistribution": {}
}