{
  "summary": {
    "successRate": 1,
    "total": 10.000532868,
    "slowest": 0.016655802,
    "fastest": 0.000450769,
    "average": 0.0015972829400613862,
    "requestsPerSec": 31260.33423682159,
    "totalData": 4064060,
    "sizePerRequest": 13,
    "sizePerSec": 406384.34507868066
  },
  "responseTimeHistogram": {
    "0.000450769": 1,
    "0.0020712723": 294125,
    "0.0036917756": 15967,
    "0.0053122789": 1123,
    "0.0069327822": 1259,
    "0.0085532855": 50,
    "0.0101737888": 45,
    "0.011794292100000001": 0,
    "0.0134147954": 0,
    "0.0150352987": 0,
    "0.016655802": 50
  },
  "latencyPercentiles": {
    "p10": 0.001086612,
    "p25": 0.00141447,
    "p50": 0.00163048,
    "p75": 0.001714196,
    "p90": 0.001855953,
    "p95": 0.002103493,
    "p99": 0.003221262
  },
  "rps": {
    "mean": 31248.59830536778,
    "stddev": 3974.944126857834,
    "max": 36261.446935336826,
    "percentiles": {
      "p10": 29439.42233044259,
      "p25": 30824.461362750666,
      "p50": 32091.206587142937,
      "p75": 33146.27988595017,
      "p90": 33963.94125742868,
      "p95": 34471.80268838441,
      "p99": 35522.34249980254
    }
  },
  "details": {
    "DNSDialup": {
      "average": 0.0006279909199999997,
      "fastest": 0.000088855,
      "slowest": 0.001054045
    },
    "DNSLookup": {
      "average": 0.00000938922,
      "fastest": 0.000003687,
      "slowest": 0.000060944
    }
  },
  "statusCodeDistribution": {
    "200": 312620
  },
  "errorDistribution": {}
}