{
  "summary": {
    "successRate": 1,
    "total": 10.000882439,
    "slowest": 0.014344377,
    "fastest": 0.000200147,
    "average": 0.001359203758864108,
    "requestsPerSec": 36740.35788753261,
    "totalData": 4776668,
    "sizePerRequest": 13,
    "sizePerSec": 477624.65253792395
  },
  "responseTimeHistogram": {
    "0.000200147": 1,
    "0.00161457": 331763,
    "0.0030289930000000002": 32923,
    "0.004443416000000001": 1028,
    "0.005857839000000001": 299,
    "0.007272262000000001": 1281,
    "0.008686685000000001": 7,
    "0.010101108000000001": 54,
    "0.011515531": 30,
    "0.012929954": 0,
    "0.014344377": 50
  },
  "latencyPercentiles": {
    "p10": 0.000849255,
    "p25": 0.001239299,
    "p50": 0.00139484,
    "p75": 0.001449706,
    "p90": 0.001585415,
    "p95": 0.001909403,
    "p99": 0.002529706
  },
  "rps": {
    "mean": 36753.942574600216,
    "stddev": 5014.831554479791,
    "max": 45408.30147922403,
    "percentiles": {
      "p10": 34700.617670994,
      "p25": 36390.0285380554,
      "p50": 37632.009472783335,
      "p75": 39260.04400216307,
      "p90": 40136.28721727483,
      "p95": 40852.12504898433,
      "p99": 41914.976408750386
    }
  },
  "details": {
    "DNSDialup": {
      "average": 0.0005112339199999998,
      "fastest": 0.000077812,
      "slowest": 0.000750589
    },
    "DNSLookup": {
      "average": 0.0000053822799999999996,
      "fastest": 0.000003056,
      "slowest": 0.000030109
    }
  },
  "statusCodeDistribution": {
    "200": 367436
  },
  "errorDistribution": {}
}