{
  "summary": {
    "successRate": 1,
    "total": 10.00066865,
    "slowest": 0.013850326,
    "fastest": 0.000325,
    "average": 0.0020108837844300485,
    "requestsPerSec": 24843.638830089625,
    "totalData": 3229889,
    "sizePerRequest": 13,
    "sizePerSec": 322967.30479116517
  },
  "responseTimeHistogram": {
    "0.000325": 1,
    "0.0016775325999999998": 31119,
    "0.0030300651999999994": 211155,
    "0.0043825978": 3518,
    "0.005735130399999999": 1006,
    "0.007087662999999998": 349,
    "0.0084401956": 155,
    "0.0097927282": 639,
    "0.011145260799999999": 305,
    "0.012497793399999998": 64,
    "0.013850325999999998": 142
  },
  "latencyPercentiles": {
    "p10": 0.001592903,
    "p25": 0.001830603,
    "p50": 0.001902704,
    "p75": 0.002026204,
    "p90": 0.002445705,
    "p95": 0.002759005,
    "p99": 0.00454661
  },
  "rps": {
    "mean": 24838.742124455166,
    "stddev": 4109.694702723237,
    "max": 30140.66727851782,
    "percentiles": {
      "p10": 22844.041026695817,
      "p25": 24522.38533157622,
      "p50": 26030.18010536799,
      "p75": 26869.768571790548,
      "p90": 27262.0425495399,
      "p95": 27728.94402635267,
      "p99": 28577.701504956676
    }
  },
  "details": {
    "DNSDialup": {
      "average": 0.0015832813800000002,
      "fastest": 0.0000717,
      "slowest": 0.001660303
    },
    "DNSLookup": {
      "average": 0.000004378000000000001,
      "fastest": 0.000003,
      "slowest": 0.0000481
    }
  },
  "statusCodeDistribution": {
    "200": 248453
  },
  "errorDistribution": {}
}