{
  "summary": {
    "successRate": 1,
    "total": 10.000346345,
    "slowest": 0.015509544,
    "fastest": 0.000521588,
    "average": 0.0015320336519519975,
    "requestsPerSec": 32594.37111025378,
    "totalData": 4237415,
    "sizePerRequest": 13,
    "sizePerSec": 423726.82443329913
  },
  "responseTimeHistogram": {
    "0.000521588": 1,
    "0.0020203836": 312657,
    "0.0035191792": 10921,
    "0.0050179748": 957,
    "0.0065167704": 1254,
    "0.008015566": 42,
    "0.0095143616": 73,
    "0.0110131572": 0,
    "0.0125119528": 0,
    "0.0140107484": 0,
    "0.015509544": 50
  },
  "latencyPercentiles": {
    "p10": 0.001039254,
    "p25": 0.001354295,
    "p50": 0.001566698,
    "p75": 0.001648961,
    "p90": 0.001796203,
    "p95": 0.001984814,
    "p99": 0.00302166
  },
  "rps": {
    "mean": 32608.41609806233,
    "stddev": 4062.525941813194,
    "max": 37866.77420545325,
    "percentiles": {
      "p10": 30419.848951440727,
      "p25": 32434.731110072,
      "p50": 33494.001162365465,
      "p75": 34474.55677859724,
      "p90": 35148.67036385342,
      "p95": 35642.87267296618,
      "p99": 36696.12358251345
    }
  },
  "details": {
    "DNSDialup": {
      "average": 0.0009414838799999999,
      "fastest": 0.000163762,
      "slowest": 0.001538118
    },
    "DNSLookup": {
      "average": 0.000007179480000000002,
      "fastest": 0.000003667,
      "slowest": 0.000036228
    }
  },
  "statusCodeDistribution": {
    "200": 325955
  },
  "errorDistribution": {}
}