{
  "summary": {
    "successRate": 1,
    "total": 10.00076245,
    "slowest": 0.016018654,
    "fastest": 0.000263249,
    "average": 0.00168928650450069,
    "requestsPerSec": 29560.04619427792,
    "totalData": 3843099,
    "sizePerRequest": 13,
    "sizePerSec": 384280.60052561294
  },
  "responseTimeHistogram": {
    "0.000263249": 1,
    "0.0018387895000000001": 242289,
    "0.00341433": 50228,
    "0.0049898705": 1472,
    "0.006565411": 760,
    "0.0081409515": 728,
    "0.009716492": 42,
    "0.0112920325": 32,
    "0.012867573": 1,
    "0.0144431135": 20,
    "0.016018654": 50
  },
  "latencyPercentiles": {
    "p10": 0.001137717,
    "p25": 0.001487197,
    "p50": 0.001718691,
    "p75": 0.001803797,
    "p90": 0.00197905,
    "p95": 0.002262564,
    "p99": 0.003499388
  },
  "rps": {
    "mean": 29532.921402422035,
    "stddev": 4077.9568618239578,
    "max": 35047.84691425563,
    "percentiles": {
      "p10": 27983.31057867368,
      "p25": 29461.020317706047,
      "p50": 30362.139153994718,
      "p75": 31261.54669107603,
      "p90": 32053.061904464896,
      "p95": 32520.443075428226,
      "p99": 33528.95571658204
    }
  },
  "details": {
    "DNSDialup": {
      "average": 0.0008565050599999995,
      "fastest": 0.000132138,
      "slowest": 0.001334409
    },
    "DNSLookup": {
      "average": 0.0000067517,
      "fastest": 0.000003286,
      "slowest": 0.000027581
    }
  },
  "statusCodeDistribution": {
    "200": 295623
  },
  "errorDistribution": {}
}