{
  "summary": {
    "successRate": 1,
    "total": 10.000392617,
    "slowest": 0.016854952,
    "fastest": 0.00033639,
    "average": 0.0015219937670617623,
    "requestsPerSec": 32807.41192523522,
    "totalData": 4265131,
    "sizePerRequest": 13,
    "sizePerSec": 426496.3550280578
  },
  "responseTimeHistogram": {
    "0.00033639": 1,
    "0.0019882462": 311278,
    "0.0036401024000000002": 15360,
    "0.0052919586": 1095,
    "0.0069438148": 303,
    "0.008595671000000001": 0,
    "0.0102475272": 0,
    "0.011899383400000001": 0,
    "0.0135512396": 0,
    "0.0152030958": 0,
    "0.016854952": 50
  },
  "latencyPercentiles": {
    "p10": 0.00104036,
    "p25": 0.00135656,
    "p50": 0.001559838,
    "p75": 0.00165096,
    "p90": 0.00183595,
    "p95": 0.001992585,
    "p99": 0.002496687
  },
  "rps": {
    "mean": 32819.29715957518,
    "stddev": 3443.753674696701,
    "max": 38631.01702050153,
    "percentiles": {
      "p10": 31098.47643547827,
      "p25": 32489.783177763165,
      "p50": 33340.18489426557,
      "p75": 34450.56339011743,
      "p90": 35155.753785859386,
      "p95": 35736.58999819652,
      "p99": 36810.538857274674
    }
  },
  "details": {
    "DNSDialup": {
      "average": 0.0008845352399999999,
      "fastest": 0.000097044,
      "slowest": 0.001430571
    },
    "DNSLookup": {
      "average": 0.0000116075,
      "fastest": 0.000003627,
      "slowest": 0.000198833
    }
  },
  "statusCodeDistribution": {
    "200": 328087
  },
  "errorDistribution": {}
}