{
  "summary": {
    "successRate": 1,
    "total": 10.000994792,
    "slowest": 0.015456881,
    "fastest": 0.000553145,
    "average": 0.0016009728330880805,
    "requestsPerSec": 31187.59748275249,
    "totalData": 4054791,
    "sizePerRequest": 13,
    "sizePerSec": 405438.7672757824
  },
  "responseTimeHistogram": {
    "0.000553145": 1,
    "0.0020435186": 296011,
    "0.0035338922000000004": 13364,
    "0.0050242658": 1101,
    "0.0065146394": 1206,
    "0.008005013": 136,
    "0.0094953866": 38,
    "0.0109857602": 0,
    "0.0124761338": 0,
    "0.013966507400000001": 0,
    "0.015456881": 50
  },
  "latencyPercentiles": {
    "p10": 0.001092345,
    "p25": 0.001427868,
    "p50": 0.001640312,
    "p75": 0.001719675,
    "p90": 0.001870619,
    "p95": 0.002046738,
    "p99": 0.003132493
  },
  "rps": {
    "mean": 31192.41274992942,
    "stddev": 3909.3529244144515,
    "max": 36268.00144223828,
    "percentiles": {
      "p10": 29251.922161836697,
      "p25": 30801.779855972174,
      "p50": 32015.84143834421,
      "p75": 33040.603907897705,
      "p90": 33837.94075993883,
      "p95": 34451.74616114121,
      "p99": 35580.8686039096
    }
  },
  "details": {
    "DNSDialup": {
      "average": 0.0007349184999999998,
      "fastest": 0.000078867,
      "slowest": 0.001702512
    },
    "DNSLookup": {
      "average": 0.00000841196,
      "fastest": 0.000003547,
      "slowest": 0.000047378
    }
  },
  "statusCodeDistribution": {
    "200": 311907
  },
  "errorDistribution": {}
}