{
  "summary": {
    "successRate": 1,
    "total": 10.00164491,
    "slowest": 0.021445275,
    "fastest": 0.000462402,
    "average": 0.002746679851411103,
    "requestsPerSec": 18181.40932179925,
    "totalData": 2363972,
    "sizePerRequest": 13,
    "sizePerSec": 236358.32118339025
  },
  "responseTimeHistogram": {
    "0.000462402": 1,
    "0.0025606893": 62349,
    "0.0046589766": 112723,
    "0.0067572639": 5610,
    "0.0088555512": 692,
    "0.0109538385": 316,
    "0.013052125800000001": 103,
    "0.015150413100000001": 0,
    "0.0172487004": 0,
    "0.019346987700000002": 12,
    "0.021445275": 38
  },
  "latencyPercentiles": {
    "p10": 0.002011306,
    "p25": 0.002411509,
    "p50": 0.002678708,
    "p75": 0.00285691,
    "p90": 0.003212211,
    "p95": 0.004230915,
    "p99": 0.005953819
  },
  "rps": {
    "mean": 18207.497746479094,
    "stddev": 2924.437116468222,
    "max": 26891.944325995675,
    "percentiles": {
      "p10": 14652.702841581804,
      "p25": 17517.583274211465,
      "p50": 19253.487287884804,
      "p75": 19906.094017091335,
      "p90": 20388.01778777686,
      "p95": 20750.906840567222,
      "p99": 21642.78345433209
    }
  },
  "details": {
    "DNSDialup": {
      "average": 0.0021328634999999998,
      "fastest": 0.0000947,
      "slowest": 0.004238615
    },
    "DNSLookup": {
      "average": 0.000008068020000000001,
      "fastest": 0.0000055,
      "slowest": 0.0000451
    }
  },
  "statusCodeDistribution": {
    "200": 181844
  },
  "errorDistribution": {}
}