{
  "summary": {
    "successRate": 1,
    "total": 10.000432107,
    "slowest": 0.014178008,
    "fastest": 0.000532973,
    "average": 0.0014974745055730064,
    "requestsPerSec": 33346.859058877264,
    "totalData": 4335279,
    "sizePerRequest": 13,
    "sizePerSec": 433509.16776540445
  },
  "responseTimeHistogram": {
    "0.000532973": 1,
    "0.0018974764999999999": 308189,
    "0.00326198": 23369,
    "0.0046264834999999995": 1008,
    "0.005990987": 848,
    "0.0073554905": 18,
    "0.008719993999999998": 0,
    "0.010084497500000001": 0,
    "0.011449001": 0,
    "0.0128135045": 0,
    "0.014178007999999999": 50
  },
  "latencyPercentiles": {
    "p10": 0.001020392,
    "p25": 0.001342984,
    "p50": 0.001538708,
    "p75": 0.00161557,
    "p90": 0.001764369,
    "p95": 0.001985901,
    "p99": 0.002450534
  },
  "rps": {
    "mean": 33343.20100410246,
    "stddev": 3552.693507557343,
    "max": 38664.85922677209,
    "percentiles": {
      "p10": 31607.664858728655,
      "p25": 32892.47964562745,
      "p50": 33900.29154250802,
      "p75": 35069.48090517196,
      "p90": 35786.85515520036,
      "p95": 36433.66313031433,
      "p99": 37484.60673116558
    }
  },
  "details": {
    "DNSDialup": {
      "average": 0.0008721047800000002,
      "fastest": 0.000102184,
      "slowest": 0.001565234
    },
    "DNSLookup": {
      "average": 0.000008787420000000001,
      "fastest": 0.000004018,
      "slowest": 0.000054532
    }
  },
  "statusCodeDistribution": {
    "200": 333483
  },
  "errorDistribution": {}
}