{
  "summary": {
    "successRate": 1,
    "total": 10.000345171,
    "slowest": 0.013584637,
    "fastest": 0.000521798,
    "average": 0.0019719015349852604,
    "requestsPerSec": 25331.225639551478,
    "totalData": 3293173,
    "sizePerRequest": 13,
    "sizePerSec": 329305.93331416923
  },
  "responseTimeHistogram": {
    "0.000521798": 1,
    "0.0018280819": 148481,
    "0.0031343658": 94696,
    "0.0044406497": 7762,
    "0.0057469336": 866,
    "0.0070532175": 213,
    "0.0083595014": 62,
    "0.0096657853": 851,
    "0.0109720692": 216,
    "0.0122783531": 128,
    "0.013584637": 45
  },
  "latencyPercentiles": {
    "p10": 0.001530293,
    "p25": 0.001714192,
    "p50": 0.001790291,
    "p75": 0.001934591,
    "p90": 0.002625587,
    "p95": 0.003068786,
    "p99": 0.004363779
  },
  "rps": {
    "mean": 25270.901881563223,
    "stddev": 5600.160626339961,
    "max": 31738.008742317426,
    "percentiles": {
      "p10": 15588.446536247824,
      "p25": 25726.876868267605,
      "p50": 27301.100784458184,
      "p75": 28582.805474849814,
      "p90": 29058.71825335069,
      "p95": 29385.057988856563,
      "p99": 30367.49077101478
    }
  },
  "details": {
    "DNSDialup": {
      "average": 0.0016370245,
      "fastest": 0.0000663,
      "slowest": 0.003259385
    },
    "DNSLookup": {
      "average": 0.000004457979999999999,
      "fastest": 0.0000031,
      "slowest": 0.0000286
    }
  },
  "statusCodeDistribution": {
    "200": 253321
  },
  "errorDistribution": {}
}