{
  "summary": {
    "successRate": 1,
    "total": 10.001454552,
    "slowest": 0.013782834,
    "fastest": 0.000375201,
    "average": 0.0016384768525508943,
    "requestsPerSec": 30486.76554142082,
    "totalData": 3963856,
    "sizePerRequest": 13,
    "sizePerSec": 396327.95203847066
  },
  "responseTimeHistogram": {
    "0.000375201": 1,
    "0.0017159643": 270307,
    "0.0030567276": 30161,
    "0.0043974909": 2909,
    "0.005738254200000001": 580,
    "0.007079017500000001": 293,
    "0.0084197808": 611,
    "0.0097605441": 0,
    "0.011101307400000001": 0,
    "0.012442070700000002": 16,
    "0.013782834000000002": 34
  },
  "latencyPercentiles": {
    "p10": 0.001249203,
    "p25": 0.001526004,
    "p50": 0.001603504,
    "p75": 0.001645604,
    "p90": 0.001760305,
    "p95": 0.002588507,
    "p99": 0.003417509
  },
  "rps": {
    "mean": 30472.06414676961,
    "stddev": 4596.570166555419,
    "max": 35458.50214704662,
    "percentiles": {
      "p10": 27708.54823772172,
      "p25": 29104.999195096192,
      "p50": 32519.104974170994,
      "p75": 33002.221140315196,
      "p90": 33311.487195216694,
      "p95": 33606.89484465342,
      "p99": 34036.39349132883
    }
  },
  "details": {
    "DNSDialup": {
      "average": 0.0006903097199999999,
      "fastest": 0.000043,
      "slowest": 0.001007803
    },
    "DNSLookup": {
      "average": 0.00000436202,
      "fastest": 0.0000029,
      "slowest": 0.0000305
    }
  },
  "statusCodeDistribution": {
    "200": 304912
  },
  "errorDistribution": {}
}