{
  "summary": {
    "successRate": 1,
    "total": 10.000418106,
    "slowest": 0.014047264,
    "fastest": 0.000506995,
    "average": 0.0015174605187877252,
    "requestsPerSec": 32908.4240790442,
    "totalData": 4278274,
    "sizePerRequest": 13,
    "sizePerSec": 427809.51302757463
  },
  "responseTimeHistogram": {
    "0.000506995": 1,
    "0.0018610219": 301570,
    "0.0032150488": 24865,
    "0.0045690756999999995": 1149,
    "0.0059231026": 831,
    "0.0072771295": 502,
    "0.0086311564": 130,
    "0.0099851833": 0,
    "0.0113392102": 0,
    "0.0126932371": 0,
    "0.014047264": 50
  },
  "latencyPercentiles": {
    "p10": 0.001028215,
    "p25": 0.001344078,
    "p50": 0.001552156,
    "p75": 0.001630994,
    "p90": 0.00178179,
    "p95": 0.001972338,
    "p99": 0.002881132
  },
  "rps": {
    "mean": 32908.25714488891,
    "stddev": 4173.889877088964,
    "max": 38226.72925281926,
    "percentiles": {
      "p10": 30821.78792188203,
      "p25": 32781.744558231025,
      "p50": 33822.42426728883,
      "p75": 34891.06773318163,
      "p90": 35560.384793932135,
      "p95": 36029.363769906384,
      "p99": 37490.606972928836
    }
  },
  "details": {
    "DNSDialup": {
      "average": 0.0008896292599999999,
      "fastest": 0.000082328,
      "slowest": 0.001699168
    },
    "DNSLookup": {
      "average": 0.000008759060000000001,
      "fastest": 0.000004048,
      "slowest": 0.000056759
    }
  },
  "statusCodeDistribution": {
    "200": 329098
  },
  "errorDistribution": {}
}