{
  "summary": {
    "successRate": 1,
    "total": 10.000649197,
    "slowest": 0.016884706,
    "fastest": 0.00047688,
    "average": 0.0016147217776380303,
    "requestsPerSec": 30924.59238473976,
    "totalData": 4020458,
    "sizePerRequest": 13,
    "sizePerSec": 402019.7010016169
  },
  "responseTimeHistogram": {
    "0.00047688": 1,
    "0.0021176626": 296450,
    "0.0037584452": 10539,
    "0.005399227800000001": 870,
    "0.0070400104": 1225,
    "0.008680793000000001": 131,
    "0.010321575600000002": 0,
    "0.011962358200000002": 0,
    "0.013603140800000002": 0,
    "0.015243923400000001": 0,
    "0.016884706": 50
  },
  "latencyPercentiles": {
    "p10": 0.001103902,
    "p25": 0.001435309,
    "p50": 0.001652626,
    "p75": 0.001731949,
    "p90": 0.001881567,
    "p95": 0.002083343,
    "p99": 0.003059215
  },
  "rps": {
    "mean": 30936.04870027817,
    "stddev": 3874.0427260317247,
    "max": 36073.394907873546,
    "percentiles": {
      "p10": 29254.13477640404,
      "p25": 30606.252857460302,
      "p50": 31700.846412599534,
      "p75": 32754.034330435086,
      "p90": 33632.276896132054,
      "p95": 34078.894777699425,
      "p99": 35059.82361057656
    }
  },
  "details": {
    "DNSDialup": {
      "average": 0.00077437456,
      "fastest": 0.000083292,
      "slowest": 0.001565544
    },
    "DNSLookup": {
      "average": 0.0000072814800000000025,
      "fastest": 0.000003476,
      "slowest": 0.000038412
    }
  },
  "statusCodeDistribution": {
    "200": 309266
  },
  "errorDistribution": {}
}