{
  "summary": {
    "successRate": 1,
    "total": 10.002327156,
    "slowest": 0.014287601,
    "fastest": 0.0002724,
    "average": 0.0016114885688206049,
    "requestsPerSec": 30996.586610748927,
    "totalData": 4030494,
    "sizePerRequest": 13,
    "sizePerSec": 402955.6259397361
  },
  "responseTimeHistogram": {
    "0.0002724": 1,
    "0.0016739200999999998": 270621,
    "0.0030754401999999997": 36223,
    "0.0044769603": 1638,
    "0.005878480399999999": 593,
    "0.007280000499999999": 437,
    "0.008681520600000001": 425,
    "0.0100830407": 2,
    "0.0114845608": 48,
    "0.0128860809": 48,
    "0.014287600999999999": 2
  },
  "latencyPercentiles": {
    "p10": 0.0012229,
    "p25": 0.001492899,
    "p50": 0.001570499,
    "p75": 0.001613899,
    "p90": 0.0018029,
    "p95": 0.002517698,
    "p99": 0.003114297
  },
  "rps": {
    "mean": 31008.807776542002,
    "stddev": 4583.494158484902,
    "max": 36386.58830466373,
    "percentiles": {
      "p10": 27110.03071136302,
      "p25": 29553.375376308893,
      "p50": 33307.02445145595,
      "p75": 33626.863083415796,
      "p90": 33805.53583277915,
      "p95": 34004.145198321,
      "p99": 34733.12189881899
    }
  },
  "details": {
    "DNSDialup": {
      "average": 0.00131985,
      "fastest": 0.0000906,
      "slowest": 0.0028115
    },
    "DNSLookup": {
      "average": 0.000004501999999999999,
      "fastest": 0.0000031,
      "slowest": 0.0000358
    }
  },
  "statusCodeDistribution": {
    "200": 310038
  },
  "errorDistribution": {}
}