{
  "summary": {
    "successRate": 1,
    "total": 10.000425035,
    "slowest": 0.015123041,
    "fastest": 0.000548486,
    "average": 0.0015302720077837238,
    "requestsPerSec": 32630.713080486585,
    "totalData": 4242173,
    "sizePerRequest": 13,
    "sizePerSec": 424199.27004632563
  },
  "responseTimeHistogram": {
    "0.000548486": 1,
    "0.0020059415": 308956,
    "0.003463397": 15763,
    "0.0049208525000000005": 851,
    "0.006378308": 699,
    "0.0078357635": 1,
    "0.009293219000000002": 0,
    "0.010750674500000001": 0,
    "0.012208130000000001": 0,
    "0.0136655855": 0,
    "0.015123041": 50
  },
  "latencyPercentiles": {
    "p10": 0.001043426,
    "p25": 0.001365627,
    "p50": 0.001575028,
    "p75": 0.001658695,
    "p90": 0.001804398,
    "p95": 0.002016323,
    "p99": 0.002584811
  },
  "rps": {
    "mean": 32636.631139659883,
    "stddev": 3347.6865092937587,
    "max": 37639.40846065696,
    "percentiles": {
      "p10": 30683.83744906092,
      "p25": 32346.860897382212,
      "p50": 33212.51115295143,
      "p75": 34228.05673810777,
      "p90": 35022.03367214947,
      "p95": 35412.91035623904,
      "p99": 36238.47176708857
    }
  },
  "details": {
    "DNSDialup": {
      "average": 0.00117286294,
      "fastest": 0.000177844,
      "slowest": 0.001959718
    },
    "DNSLookup": {
      "average": 0.00001072822,
      "fastest": 0.000004979,
      "slowest": 0.000031329
    }
  },
  "statusCodeDistribution": {
    "200": 326321
  },
  "errorDistribution": {}
}