{
  "summary": {
    "successRate": 1,
    "total": 10.00066599,
    "slowest": 0.015593499,
    "fastest": 0.000459194,
    "average": 0.0016215106944454244,
    "requestsPerSec": 30792.449253672155,
    "totalData": 4003285,
    "sizePerRequest": 13,
    "sizePerSec": 400301.84029773803
  },
  "responseTimeHistogram": {
    "0.000459194": 1,
    "0.0019726245": 280456,
    "0.003486055": 24616,
    "0.004999485499999999": 1390,
    "0.0065129160000000005": 1223,
    "0.0080263465": 79,
    "0.009539777": 130,
    "0.0110532075": 0,
    "0.012566638": 0,
    "0.0140800685": 0,
    "0.015593499": 50
  },
  "latencyPercentiles": {
    "p10": 0.00110739,
    "p25": 0.00141801,
    "p50": 0.001656543,
    "p75": 0.001738171,
    "p90": 0.001894529,
    "p95": 0.002136364,
    "p99": 0.00330999
  },
  "rps": {
    "mean": 30747.30240651857,
    "stddev": 4226.44253712446,
    "max": 36088.313802027194,
    "percentiles": {
      "p10": 28937.998485810407,
      "p25": 30311.607338218768,
      "p50": 31480.499261639005,
      "p75": 32806.65549563376,
      "p90": 33765.30624191951,
      "p95": 34522.084018701156,
      "p99": 35300.94309794847
    }
  },
  "details": {
    "DNSDialup": {
      "average": 0.00085100656,
      "fastest": 0.000079829,
      "slowest": 0.001669445
    },
    "DNSLookup": {
      "average": 0.000006503640000000001,
      "fastest": 0.000002315,
      "slowest": 0.000046948
    }
  },
  "statusCodeDistribution": {
    "200": 307945
  },
  "errorDistribution": {}
}