{
  "summary": {
    "successRate": 1,
    "total": 10.000421701,
    "slowest": 0.012994138,
    "fastest": 0.000785761,
    "average": 0.0018861068208359606,
    "requestsPerSec": 26479.083374406193,
    "totalData": 3442426,
    "sizePerRequest": 13,
    "sizePerSec": 344228.0838672805
  },
  "responseTimeHistogram": {
    "0.000785761": 1,
    "0.0020065987": 211444,
    "0.0032274364": 49875,
    "0.0044482741": 1584,
    "0.0056691118": 769,
    "0.0068899495": 979,
    "0.0081107872": 24,
    "0.0093316249": 60,
    "0.0105524626": 36,
    "0.0117733003": 0,
    "0.012994137999999999": 30
  },
  "latencyPercentiles": {
    "p10": 0.001548511,
    "p25": 0.001722765,
    "p50": 0.001820517,
    "p75": 0.001966847,
    "p90": 0.002168052,
    "p95": 0.002380545,
    "p99": 0.003584303
  },
  "rps": {
    "mean": 26472.17599503574,
    "stddev": 3213.8688857393267,
    "max": 30934.229188611298,
    "percentiles": {
      "p10": 25000.335110875843,
      "p25": 26256.656010407878,
      "p50": 27263.975261274525,
      "p75": 27979.26806435432,
      "p90": 28531.895867311625,
      "p95": 28945.12450501414,
      "p99": 29539.684828939327
    }
  },
  "details": {
    "DNSDialup": {
      "average": 0.0011835302399999994,
      "fastest": 0.000092112,
      "slowest": 0.002386526
    },
    "DNSLookup": {
      "average": 0.000009009040000000004,
      "fastest": 0.000003787,
      "slowest": 0.000068258
    }
  },
  "statusCodeDistribution": {
    "200": 264802
  },
  "errorDistribution": {}
}