{
  "summary": {
    "successRate": 1,
    "total": 10.000378928,
    "slowest": 0.014752041,
    "fastest": 0.000378981,
    "average": 0.0016774238286601764,
    "requestsPerSec": 29771.87186041397,
    "totalData": 3870490,
    "sizePerRequest": 13,
    "sizePerSec": 387034.3341853816
  },
  "responseTimeHistogram": {
    "0.000378981": 1,
    "0.001816287": 238248,
    "0.003253593": 56294,
    "0.004690899": 1496,
    "0.006128204999999999": 423,
    "0.0075655110000000005": 1073,
    "0.009002817": 100,
    "0.010440123": 45,
    "0.011877429": 0,
    "0.013314735": 0,
    "0.014752041": 50
  },
  "latencyPercentiles": {
    "p10": 0.001109072,
    "p25": 0.001487452,
    "p50": 0.001701951,
    "p75": 0.00179031,
    "p90": 0.002032832,
    "p95": 0.002265716,
    "p99": 0.003376173
  },
  "rps": {
    "mean": 29760.517180425086,
    "stddev": 4169.672408305633,
    "max": 36514.87496597941,
    "percentiles": {
      "p10": 27083.038116385247,
      "p25": 29776.848089545387,
      "p50": 30670.743250546366,
      "p75": 31759.14194584644,
      "p90": 32549.43608352109,
      "p95": 33012.72318789399,
      "p99": 34520.4662959218
    }
  },
  "details": {
    "DNSDialup": {
      "average": 0.0011784033199999998,
      "fastest": 0.000091791,
      "slowest": 0.001904421
    },
    "DNSLookup": {
      "average": 0.000011048380000000003,
      "fastest": 0.000003938,
      "slowest": 0.000167301
    }
  },
  "statusCodeDistribution": {
    "200": 297730
  },
  "errorDistribution": {}
}