{
  "summary": {
    "successRate": 1,
    "total": 10.000658804,
    "slowest": 0.016454482,
    "fastest": 0.000549509,
    "average": 0.0015975195807827187,
    "requestsPerSec": 31255.24089222792,
    "totalData": 4063449,
    "sizePerRequest": 13,
    "sizePerSec": 406318.131598963
  },
  "responseTimeHistogram": {
    "0.000549509": 1,
    "0.0021400063": 301889,
    "0.0037305036": 8298,
    "0.005321000899999999": 946,
    "0.0069114981999999995": 1278,
    "0.0085019955": 110,
    "0.010092492799999998": 1,
    "0.011682990099999999": 0,
    "0.013273487399999999": 0,
    "0.0148639847": 0,
    "0.016454482": 50
  },
  "latencyPercentiles": {
    "p10": 0.001087922,
    "p25": 0.001407502,
    "p50": 0.001634387,
    "p75": 0.001710794,
    "p90": 0.001869614,
    "p95": 0.00207886,
    "p99": 0.003210054
  },
  "rps": {
    "mean": 31278.569871907705,
    "stddev": 3976.28787371819,
    "max": 36671.32316071793,
    "percentiles": {
      "p10": 29205.972621403012,
      "p25": 30879.40329764007,
      "p50": 32122.7087474147,
      "p75": 33165.05178775085,
      "p90": 33959.54184600716,
      "p95": 34606.85858651551,
      "p99": 35551.90010872554
    }
  },
  "details": {
    "DNSDialup": {
      "average": 0.0007109781400000001,
      "fastest": 0.00006566,
      "slowest": 0.001607482
    },
    "DNSLookup": {
      "average": 0.00000723968,
      "fastest": 0.000003196,
      "slowest": 0.000039945
    }
  },
  "statusCodeDistribution": {
    "200": 312573
  },
  "errorDistribution": {}
}