{
  "summary": {
    "successRate": 1,
    "total": 10.001215342,
    "slowest": 0.013312924,
    "fastest": 0.000530414,
    "average": 0.0016583069367935672,
    "requestsPerSec": 30113.540174985665,
    "totalData": 3915236,
    "sizePerRequest": 13,
    "sizePerSec": 391476.0222748137
  },
  "responseTimeHistogram": {
    "0.000530414": 1,
    "0.001808665": 241364,
    "0.003086916": 56346,
    "0.004365167": 1559,
    "0.005643418": 1163,
    "0.006921669": 635,
    "0.00819992": 6,
    "0.009478171": 48,
    "0.010756422": 0,
    "0.012034673": 0,
    "0.013312924": 50
  },
  "latencyPercentiles": {
    "p10": 0.001109004,
    "p25": 0.001458194,
    "p50": 0.001693899,
    "p75": 0.001783294,
    "p90": 0.002005343,
    "p95": 0.002190347,
    "p99": 0.00327206
  },
  "rps": {
    "mean": 30106.998364863994,
    "stddev": 4006.836325753747,
    "max": 35764.1047690759,
    "percentiles": {
      "p10": 27309.32067114506,
      "p25": 29883.866081773504,
      "p50": 30971.776725647414,
      "p75": 32167.389701084197,
      "p90": 33030.49802047035,
      "p95": 33550.21124614631,
      "p99": 34349.04738641906
    }
  },
  "details": {
    "DNSDialup": {
      "average": 0.00131941206,
      "fastest": 0.000106659,
      "slowest": 0.002803162
    },
    "DNSLookup": {
      "average": 0.00003612076,
      "fastest": 0.000004658,
      "slowest": 0.001349278
    }
  },
  "statusCodeDistribution": {
    "200": 301172
  },
  "errorDistribution": {}
}