{
  "summary": {
    "successRate": 1,
    "total": 10.000210977,
    "slowest": 0.013573075,
    "fastest": 0.00054501,
    "average": 0.0015012669697568994,
    "requestsPerSec": 33263.09822513258,
    "totalData": 4324294,
    "sizePerRequest": 13,
    "sizePerSec": 432420.2769267235
  },
  "responseTimeHistogram": {
    "0.00054501": 1,
    "0.0018478165000000001": 304349,
    "0.003150623": 25953,
    "0.004453429500000001": 1375,
    "0.0057562360000000005": 893,
    "0.0070590425": 16,
    "0.008361849000000001": 1,
    "0.009664655500000001": 0,
    "0.010967462": 0,
    "0.0122702685": 0,
    "0.013573075": 50
  },
  "latencyPercentiles": {
    "p10": 0.001026189,
    "p25": 0.001344974,
    "p50": 0.001543628,
    "p75": 0.001622826,
    "p90": 0.001771745,
    "p95": 0.001969195,
    "p99": 0.002497963
  },
  "rps": {
    "mean": 33257.24413339026,
    "stddev": 3602.030964393525,
    "max": 39002.92911997414,
    "percentiles": {
      "p10": 31600.941708062903,
      "p25": 32861.22041331097,
      "p50": 33814.12754248561,
      "p75": 34850.34788581463,
      "p90": 35774.57290603992,
      "p95": 36266.29949974173,
      "p99": 37382.934039169006
    }
  },
  "details": {
    "DNSDialup": {
      "average": 0.0011201693000000002,
      "fastest": 0.000126638,
      "slowest": 0.002278714
    },
    "DNSLookup": {
      "average": 0.000009163400000000004,
      "fastest": 0.000004749,
      "slowest": 0.00003201
    }
  },
  "statusCodeDistribution": {
    "200": 332638
  },
  "errorDistribution": {}
}