{
  "summary": {
    "successRate": 1,
    "total": 10.000595194,
    "slowest": 0.016851256,
    "fastest": 0.000494922,
    "average": 0.0016280200304756973,
    "requestsPerSec": 30671.774434388728,
    "totalData": 3987568,
    "sizePerRequest": 13,
    "sizePerSec": 398733.06764705345
  },
  "responseTimeHistogram": {
    "0.000494922": 1,
    "0.0021305554": 295059,
    "0.0037661888": 9393,
    "0.0054018222": 894,
    "0.0070374556": 1225,
    "0.008673089": 114,
    "0.0103087224": 0,
    "0.0119443558": 0,
    "0.0135799892": 0,
    "0.0152156226": 0,
    "0.016851256": 50
  },
  "latencyPercentiles": {
    "p10": 0.001115605,
    "p25": 0.00143784,
    "p50": 0.001670601,
    "p75": 0.00175454,
    "p90": 0.001882272,
    "p95": 0.002084448,
    "p99": 0.003121669
  },
  "rps": {
    "mean": 30665.059563561954,
    "stddev": 3847.4332763939506,
    "max": 36048.60870289398,
    "percentiles": {
      "p10": 29129.372281112464,
      "p25": 30230.44508124247,
      "p50": 31331.080378990046,
      "p75": 32432.74966396019,
      "p90": 33375.81690373842,
      "p95": 33906.014927046555,
      "p99": 34915.1445603392
    }
  },
  "details": {
    "DNSDialup": {
      "average": 0.0007783807000000003,
      "fastest": 0.000091351,
      "slowest": 0.001220484
    },
    "DNSLookup": {
      "average": 0.000008673359999999998,
      "fastest": 0.000003857,
      "slowest": 0.000044252
    }
  },
  "statusCodeDistribution": {
    "200": 306736
  },
  "errorDistribution": {}
}