{
  "summary": {
    "successRate": 1,
    "total": 10.000261074,
    "slowest": 0.014602326,
    "fastest": 0.000433603,
    "average": 0.001491378268106503,
    "requestsPerSec": 33484.32581131231,
    "totalData": 4353076,
    "sizePerRequest": 13,
    "sizePerSec": 435296.23554706003
  },
  "responseTimeHistogram": {
    "0.000433603": 1,
    "0.0018504753000000002": 308905,
    "0.0032673476": 24137,
    "0.004684219900000001": 968,
    "0.006101092200000001": 791,
    "0.007517964500000001": 0,
    "0.0089348368": 0,
    "0.0103517091": 0,
    "0.0117685814": 0,
    "0.0131854537": 0,
    "0.014602326": 50
  },
  "latencyPercentiles": {
    "p10": 0.001029421,
    "p25": 0.001330626,
    "p50": 0.001536452,
    "p75": 0.001619608,
    "p90": 0.001764852,
    "p95": 0.001930603,
    "p99": 0.00242567
  },
  "rps": {
    "mean": 33495.16568455535,
    "stddev": 3453.77544888415,
    "max": 38971.98720436772,
    "percentiles": {
      "p10": 31476.752914305653,
      "p25": 33058.14061861828,
      "p50": 34052.56702016423,
      "p75": 35115.59749341902,
      "p90": 36079.68930174942,
      "p95": 36572.856788007484,
      "p99": 37312.29017715707
    }
  },
  "details": {
    "DNSDialup": {
      "average": 0.0009397104399999998,
      "fastest": 0.000097698,
      "slowest": 0.002058237
    },
    "DNSLookup": {
      "average": 0.000028415380000000004,
      "fastest": 0.000003697,
      "slowest": 0.001024792
    }
  },
  "statusCodeDistribution": {
    "200": 334852
  },
  "errorDistribution": {}
}