{
  "summary": {
    "successRate": 1,
    "total": 10.000697093,
    "slowest": 0.021009627,
    "fastest": 0.0001613,
    "average": 0.0012983181947915324,
    "requestsPerSec": 38454.319376314306,
    "totalData": 4999410,
    "sizePerRequest": 13,
    "sizePerSec": 499906.1518920859
  },
  "responseTimeHistogram": {
    "0.0001613": 1,
    "0.0022461327": 374900,
    "0.004330965399999999": 8216,
    "0.006415798099999999": 826,
    "0.008500630799999999": 365,
    "0.0105854635": 107,
    "0.012670296199999998": 88,
    "0.014755128899999997": 27,
    "0.016839961599999998": 10,
    "0.0189247943": 12,
    "0.021009627": 18
  },
  "latencyPercentiles": {
    "p10": 0.001191902,
    "p25": 0.001205601,
    "p50": 0.001222601,
    "p75": 0.001243802,
    "p90": 0.001344901,
    "p95": 0.001479702,
    "p99": 0.003168904
  },
  "rps": {
    "mean": 38383.92364223594,
    "stddev": 6228.034785481415,
    "max": 41307.39402352651,
    "percentiles": {
      "p10": 38254.665917597806,
      "p25": 39388.97970515628,
      "p50": 39938.29683283132,
      "p75": 40622.7040292852,
      "p90": 40854.70444925616,
      "p95": 40981.512227821644,
      "p99": 41184.386808574556
    }
  },
  "details": {
    "DNSDialup": {
      "average": 0.00117778966,
      "fastest": 0.0000632,
      "slowest": 0.001357102
    },
    "DNSLookup": {
      "average": 0.000004534000000000001,
      "fastest": 0.0000031,
      "slowest": 0.0000427
    }
  },
  "statusCodeDistribution": {
    "200": 384570
  },
  "errorDistribution": {}
}