{
  "summary": {
    "successRate": 1,
    "total": 10.000281028,
    "slowest": 0.023919093,
    "fastest": 0.00034794,
    "average": 0.0031461360697219816,
    "requestsPerSec": 15853.954459488616,
    "totalData": 2061072,
    "sizePerRequest": 13,
    "sizePerSec": 206101.407973352
  },
  "responseTimeHistogram": {
    "0.00034794": 1,
    "0.0027050552999999997": 2050,
    "0.005062170599999999": 151671,
    "0.007419285899999998": 4436,
    "0.009776401199999998": 285,
    "0.012133516499999998": 34,
    "0.014490631799999997": 25,
    "0.016847747099999998": 9,
    "0.019204862399999998": 8,
    "0.0215619777": 13,
    "0.023919093": 12
  },
  "latencyPercentiles": {
    "p10": 0.002868193,
    "p25": 0.002952569,
    "p50": 0.003040351,
    "p75": 0.003133823,
    "p90": 0.003251354,
    "p95": 0.003436372,
    "p99": 0.006237598
  },
  "rps": {
    "mean": 15852.606963381482,
    "stddev": 1655.1652914921729,
    "max": 23347.816327839628,
    "percentiles": {
      "p10": 15265.373964000431,
      "p25": 15729.807986133825,
      "p50": 16148.955558775431,
      "p75": 16449.62027957382,
      "p90": 16764.94235721043,
      "p95": 16948.115700473612,
      "p99": 17400.878110669208
    }
  },
  "details": {
    "DNSDialup": {
      "average": 0.0011989491,
      "fastest": 0.000095748,
      "slowest": 0.002506467
    },
    "DNSLookup": {
      "average": 0.000010823399999999999,
      "fastest": 0.000003848,
      "slowest": 0.000176344
    }
  },
  "statusCodeDistribution": {
    "200": 158544
  },
  "errorDistribution": {}
}