{
  "summary": {
    "successRate": 1,
    "total": 10.000041303,
    "slowest": 0.064431187,
    "fastest": 0.000174402,
    "average": 0.0016032718274612973,
    "requestsPerSec": 31138.971386706482,
    "totalData": 4048083,
    "sizePerRequest": 13,
    "sizePerSec": 404806.6280271843
  },
  "responseTimeHistogram": {
    "0.000174402": 1,
    "0.006600080499999999": 310179,
    "0.013025759": 1131,
    "0.019451437499999998": 33,
    "0.025877116": 8,
    "0.032302794499999996": 3,
    "0.03872847299999999": 2,
    "0.045154151499999996": 2,
    "0.05157982999999999": 2,
    "0.05800550849999999": 1,
    "0.064431187": 29
  },
  "latencyPercentiles": {
    "p10": 0.00145522,
    "p25": 0.00147292,
    "p50": 0.001495421,
    "p75": 0.001525321,
    "p90": 0.001725524,
    "p95": 0.001870825,
    "p99": 0.003930354
  },
  "rps": {
    "mean": 31091.207658084193,
    "stddev": 5615.201529082828,
    "max": 35158.933404172836,
    "percentiles": {
      "p10": 30638.79484202877,
      "p25": 31825.02083137945,
      "p50": 32551.307370676466,
      "p75": 33170.194766163084,
      "p90": 33455.408848131636,
      "p95": 33603.23263097867,
      "p99": 33819.48678828745
    }
  },
  "details": {
    "DNSDialup": {
      "average": 0.0016653288600000002,
      "fastest": 0.000073401,
      "slowest": 0.001821325
    },
    "DNSLookup": {
      "average": 0.000004856060000000002,
      "fastest": 0.0000039,
      "slowest": 0.000034501
    }
  },
  "statusCodeDistribution": {
    "200": 311391
  },
  "errorDistribution": {}
}