{
  "summary": {
    "successRate": 1,
    "total": 10.000540676,
    "slowest": 0.186624213,
    "fastest": 0.000882272,
    "average": 0.002874989693735703,
    "requestsPerSec": 17349.761940011333,
    "totalData": 2255591,
    "sizePerRequest": 13,
    "sizePerSec": 225546.9052201473
  },
  "responseTimeHistogram": {
    "0.000882272": 1,
    "0.019456466100000003": 173464,
    "0.03803066020000001": 7,
    "0.056604854300000014": 6,
    "0.07517904840000002": 6,
    "0.09375324250000001": 4,
    "0.11232743660000002": 4,
    "0.13090163070000002": 4,
    "0.14947582480000002": 4,
    "0.16805001890000001": 3,
    "0.186624213": 4
  },
  "latencyPercentiles": {
    "p10": 0.002594031,
    "p25": 0.002663706,
    "p50": 0.00275069,
    "p75": 0.002897085,
    "p90": 0.003075204,
    "p95": 0.003167327,
    "p99": 0.005532413
  },
  "rps": {
    "mean": 17346.588460178373,
    "stddev": 1836.2086713322396,
    "max": 19301.177371819795,
    "percentiles": {
      "p10": 15974.058932020922,
      "p25": 17088.898157103646,
      "p50": 17822.323517462253,
      "p75": 18205.059185947975,
      "p90": 18489.857007085502,
      "p95": 18641.2278059812,
      "p99": 18936.094088942787
    }
  },
  "details": {
    "DNSDialup": {
      "average": 0.00071581854,
      "fastest": 0.00008669,
      "slowest": 0.001168239
    },
    "DNSLookup": {
      "average": 0.00000974572,
      "fastest": 0.000003847,
      "slowest": 0.000050034
    }
  },
  "statusCodeDistribution": {
    "200": 173507
  },
  "errorDistribution": {}
}