{
  "summary": {
    "successRate": 1,
    "total": 10.000763255,
    "slowest": 0.026529592,
    "fastest": 0.000142703,
    "average": 0.0018500906698402783,
    "requestsPerSec": 26980.64068910908,
    "totalData": 3507751,
    "sizePerRequest": 13,
    "sizePerSec": 350748.32895841805
  },
  "responseTimeHistogram": {
    "0.000142703": 1,
    "0.0027813919": 259963,
    "0.0054200808": 6628,
    "0.0080587697": 1711,
    "0.0106974586": 1199,
    "0.0133361475": 192,
    "0.0159748364": 48,
    "0.018613525300000003": 12,
    "0.0212522142": 42,
    "0.0238909031": 13,
    "0.026529592": 18
  },
  "latencyPercentiles": {
    "p10": 0.001612834,
    "p25": 0.001669531,
    "p50": 0.001707335,
    "p75": 0.001749036,
    "p90": 0.001997238,
    "p95": 0.002166641,
    "p99": 0.005787907
  },
  "rps": {
    "mean": 26940.344764029447,
    "stddev": 5538.980752410994,
    "max": 30928.732792766325,
    "percentiles": {
      "p10": 24022.55718119525,
      "p25": 27713.277431216204,
      "p50": 28598.708442188385,
      "p75": 29136.974821048963,
      "p90": 29674.155715132758,
      "p95": 29947.95866099989,
      "p99": 30430.21392841985
    }
  },
  "details": {
    "DNSDialup": {
      "average": 0.0018173396999999997,
      "fastest": 0.000076601,
      "slowest": 0.00375757
    },
    "DNSLookup": {
      "average": 0.000007532140000000002,
      "fastest": 0.0000043,
      "slowest": 0.000049701
    }
  },
  "statusCodeDistribution": {
    "200": 269827
  },
  "errorDistribution": {}
}