{
  "summary": {
    "successRate": 1,
    "total": 10.000636805,
    "slowest": 0.189266002,
    "fastest": 0.000907568,
    "average": 0.002845505308853931,
    "requestsPerSec": 17533.383465374234,
    "totalData": 2279485,
    "sizePerRequest": 13,
    "sizePerSec": 227933.98504986506
  },
  "responseTimeHistogram": {
    "0.000907568": 1,
    "0.0197434114": 175302,
    "0.0385792548": 7,
    "0.0574150982": 6,
    "0.0762509416": 6,
    "0.095086785": 5,
    "0.1139226284": 4,
    "0.1327584718": 3,
    "0.1515943152": 4,
    "0.1704301586": 3,
    "0.189266002": 4
  },
  "latencyPercentiles": {
    "p10": 0.002596026,
    "p25": 0.002666608,
    "p50": 0.002745877,
    "p75": 0.002837969,
    "p90": 0.002945029,
    "p95": 0.003064873,
    "p99": 0.005519755
  },
  "rps": {
    "mean": 17530.59401467762,
    "stddev": 1771.8213265875104,
    "max": 19677.636145648466,
    "percentiles": {
      "p10": 17047.350721364084,
      "p25": 17457.193256547507,
      "p50": 17833.468069525326,
      "p75": 18149.68476203595,
      "p90": 18432.08472988904,
      "p95": 18627.356135219106,
      "p99": 18928.002086287142
    }
  },
  "details": {
    "DNSDialup": {
      "average": 0.00051959636,
      "fastest": 0.000070993,
      "slowest": 0.000847919
    },
    "DNSLookup": {
      "average": 0.00000623152,
      "fastest": 0.000003317,
      "slowest": 0.000029074
    }
  },
  "statusCodeDistribution": {
    "200": 175345
  },
  "errorDistribution": {}
}