{
  "summary": {
    "successRate": 1,
    "total": 10.000658728,
    "slowest": 0.182556882,
    "fastest": 0.000560058,
    "average": 0.00275185543512118,
    "requestsPerSec": 18132.60555450083,
    "totalData": 2357394,
    "sizePerRequest": 13,
    "sizePerSec": 235723.8722085108
  },
  "responseTimeHistogram": {
    "0.000560058": 1,
    "0.0187597404": 181295,
    "0.0369594228": 7,
    "0.0551591052": 6,
    "0.0733587876": 5,
    "0.09155847": 5,
    "0.1097581524": 4,
    "0.1279578348": 4,
    "0.1461575172": 4,
    "0.1643571996": 3,
    "0.182556882": 4
  },
  "latencyPercentiles": {
    "p10": 0.002561043,
    "p25": 0.00260806,
    "p50": 0.002652311,
    "p75": 0.002705093,
    "p90": 0.002809257,
    "p95": 0.002968954,
    "p99": 0.005318012
  },
  "rps": {
    "mean": 18130.474073477795,
    "stddev": 1790.1046941322065,
    "max": 19403.178341146842,
    "percentiles": {
      "p10": 17887.53983117944,
      "p25": 18231.261143482097,
      "p50": 18460.291311422712,
      "p75": 18685.29275584275,
      "p90": 18910.46738628223,
      "p95": 19011.60848814127,
      "p99": 19253.92060465181
    }
  },
  "details": {
    "DNSDialup": {
      "average": 0.0007600400599999998,
      "fastest": 0.000067028,
      "slowest": 0.001655666
    },
    "DNSLookup": {
      "average": 0.000006823679999999999,
      "fastest": 0.000003246,
      "slowest": 0.000046096
    }
  },
  "statusCodeDistribution": {
    "200": 181338
  },
  "errorDistribution": {}
}