{
  "summary": {
    "successRate": 1,
    "total": 10.000649904,
    "slowest": 0.186589112,
    "fastest": 0.00019082,
    "average": 0.002763033385452146,
    "requestsPerSec": 18053.726681081505,
    "totalData": 2347137,
    "sizePerRequest": 13,
    "sizePerSec": 234698.44685405958
  },
  "responseTimeHistogram": {
    "0.00019082": 1,
    "0.0188306492": 180506,
    "0.0374704784": 8,
    "0.0561103076": 5,
    "0.07475013679999999": 6,
    "0.09338996599999999": 5,
    "0.11202979519999999": 4,
    "0.1306696244": 3,
    "0.1493094536": 4,
    "0.16794928280000002": 3,
    "0.186589112": 4
  },
  "latencyPercentiles": {
    "p10": 0.001784746,
    "p25": 0.00262236,
    "p50": 0.002737486,
    "p75": 0.003004466,
    "p90": 0.003062506,
    "p95": 0.003145798,
    "p99": 0.005598613
  },
  "rps": {
    "mean": 18048.540504303008,
    "stddev": 3599.3706282736994,
    "max": 33041.648998564124,
    "percentiles": {
      "p10": 16006.850932200337,
      "p25": 16274.991907711987,
      "p50": 17902.869830033073,
      "p75": 18423.386647010993,
      "p90": 19435.730647223314,
      "p95": 27564.130706500862,
      "p99": 30002.596880291443
    }
  },
  "details": {
    "DNSDialup": {
      "average": 0.00075683606,
      "fastest": 0.000100428,
      "slowest": 0.001373476
    },
    "DNSLookup": {
      "average": 0.000006857459999999999,
      "fastest": 0.000003456,
      "slowest": 0.000029064
    }
  },
  "statusCodeDistribution": {
    "200": 180549
  },
  "errorDistribution": {}
}