{
  "summary": {
    "successRate": 1,
    "total": 10.000579667,
    "slowest": 0.183751507,
    "fastest": 0.000134853,
    "average": 0.0028059762787950968,
    "requestsPerSec": 17773.669719019497,
    "totalData": 2310711,
    "sizePerRequest": 13,
    "sizePerSec": 231057.70634725346
  },
  "responseTimeHistogram": {
    "0.000134853": 1,
    "0.018496518400000002": 177703,
    "0.0368581838": 8,
    "0.0552198492": 6,
    "0.07358151460000001": 6,
    "0.09194318000000001": 5,
    "0.1103048454": 4,
    "0.1286665108": 4,
    "0.1470281762": 3,
    "0.1653898416": 3,
    "0.183751507": 4
  },
  "latencyPercentiles": {
    "p10": 0.001777117,
    "p25": 0.002672465,
    "p50": 0.002821923,
    "p75": 0.002988804,
    "p90": 0.003043386,
    "p95": 0.003162142,
    "p99": 0.005651411
  },
  "rps": {
    "mean": 17769.484986039555,
    "stddev": 3521.11269173865,
    "max": 35920.66156453218,
    "percentiles": {
      "p10": 16144.447277801886,
      "p25": 16400.905329973724,
      "p50": 17371.12956422626,
      "p75": 17984.747728245038,
      "p90": 18622.648865552303,
      "p95": 27748.98528371826,
      "p99": 29157.463529123677
    }
  },
  "details": {
    "DNSDialup": {
      "average": 0.00082126558,
      "fastest": 0.00017742,
      "slowest": 0.00113789
    },
    "DNSLookup": {
      "average": 0.000009260660000000002,
      "fastest": 0.000004268,
      "slowest": 0.000054442
    }
  },
  "statusCodeDistribution": {
    "200": 177747
  },
  "errorDistribution": {}
}