{
  "summary": {
    "successRate": 1,
    "total": 10.000580393,
    "slowest": 0.186784551,
    "fastest": 0.000785186,
    "average": 0.0029807988063930077,
    "requestsPerSec": 16732.928832523612,
    "totalData": 2175407,
    "sizePerRequest": 13,
    "sizePerSec": 217528.07482280693
  },
  "responseTimeHistogram": {
    "0.000785186": 1,
    "0.0193851225": 167296,
    "0.037985059": 7,
    "0.056584995500000006": 7,
    "0.075184932": 5,
    "0.0937848685": 4,
    "0.112384805": 4,
    "0.1309847415": 4,
    "0.149584678": 3,
    "0.1681846145": 4,
    "0.186784551": 4
  },
  "latencyPercentiles": {
    "p10": 0.002672557,
    "p25": 0.002755056,
    "p50": 0.002873367,
    "p75": 0.003052573,
    "p90": 0.003129911,
    "p95": 0.003247907,
    "p99": 0.005752234
  },
  "rps": {
    "mean": 16731.21119320175,
    "stddev": 1732.098348299457,
    "max": 23476.519367226814,
    "percentiles": {
      "p10": 15724.311357788247,
      "p25": 16140.101696675312,
      "p50": 17118.50681772119,
      "p75": 17601.779539912146,
      "p90": 17915.140084884963,
      "p95": 18104.951704291165,
      "p99": 18385.91739197184
    }
  },
  "details": {
    "DNSDialup": {
      "average": 0.0008487934199999999,
      "fastest": 0.000093772,
      "slowest": 0.001719469
    },
    "DNSLookup": {
      "average": 0.000009919120000000001,
      "fastest": 0.000003918,
      "slowest": 0.000066234
    }
  },
  "statusCodeDistribution": {
    "200": 167339
  },
  "errorDistribution": {}
}