{
  "summary": {
    "successRate": 1,
    "total": 10.000587764,
    "slowest": 0.022748805,
    "fastest": 0.000516225,
    "average": 0.0030566063494871297,
    "requestsPerSec": 16319.240813774233,
    "totalData": 2121626,
    "sizePerRequest": 13,
    "sizePerSec": 212150.13057906504
  },
  "responseTimeHistogram": {
    "0.000516225": 1,
    "0.002739483": 20719,
    "0.0049627410000000005": 137599,
    "0.007185999": 4431,
    "0.009409257": 337,
    "0.011632515000000001": 55,
    "0.013855773": 19,
    "0.016079031": 8,
    "0.018302289": 8,
    "0.020525546999999998": 12,
    "0.022748805": 13
  },
  "latencyPercentiles": {
    "p10": 0.002723149,
    "p25": 0.002788188,
    "p50": 0.002923949,
    "p75": 0.003181738,
    "p90": 0.003239543,
    "p95": 0.003410158,
    "p99": 0.006288192
  },
  "rps": {
    "mean": 16319.737458666594,
    "stddev": 2068.9171537180064,
    "max": 31654.185634969683,
    "percentiles": {
      "p10": 15171.489576031094,
      "p25": 15366.331844673306,
      "p50": 16702.26966740025,
      "p75": 17480.55388842884,
      "p90": 17739.96459223321,
      "p95": 17928.727199593344,
      "p99": 19615.904575430734
    }
  },
  "details": {
    "DNSDialup": {
      "average": 0.0008573803199999998,
      "fastest": 0.000135754,
      "slowest": 0.001272721
    },
    "DNSLookup": {
      "average": 0.000008127380000000003,
      "fastest": 0.000004288,
      "slowest": 0.000050805
    }
  },
  "statusCodeDistribution": {
    "200": 163202
  },
  "errorDistribution": {}
}