{
  "summary": {
    "successRate": 1,
    "total": 10.000113317,
    "slowest": 0.02306697,
    "fastest": 0.000168033,
    "average": 0.0030350516395687226,
    "requestsPerSec": 16434.013774686107,
    "totalData": 2136446,
    "sizePerRequest": 13,
    "sizePerSec": 213642.1790709194
  },
  "responseTimeHistogram": {
    "0.000168033": 1,
    "0.0024579267": 9220,
    "0.004747820399999999": 150291,
    "0.007037714099999998": 4437,
    "0.009327607799999998": 258,
    "0.011617501499999999": 66,
    "0.013907395199999997": 27,
    "0.0161972889": 9,
    "0.0184871826": 8,
    "0.0207770763": 11,
    "0.02306697": 14
  },
  "latencyPercentiles": {
    "p10": 0.002794072,
    "p25": 0.002903837,
    "p50": 0.00300805,
    "p75": 0.003092968,
    "p90": 0.003176643,
    "p95": 0.003327686,
    "p99": 0.006101792
  },
  "rps": {
    "mean": 16431.254483372668,
    "stddev": 2625.3197273991423,
    "max": 33986.92495927837,
    "percentiles": {
      "p10": 15585.677586830723,
      "p25": 15894.10901950461,
      "p50": 16318.913620886511,
      "p75": 16703.125154716505,
      "p90": 17162.240581693088,
      "p95": 18249.47249498608,
      "p99": 29154.530634097122
    }
  },
  "details": {
    "DNSDialup": {
      "average": 0.00112066232,
      "fastest": 0.0001823,
      "slowest": 0.001661643
    },
    "DNSLookup": {
      "average": 0.000008403279999999998,
      "fastest": 0.000004419,
      "slowest": 0.000061855
    }
  },
  "statusCodeDistribution": {
    "200": 164342
  },
  "errorDistribution": {}
}