{
  "summary": {
    "successRate": 1,
    "total": 10.000300986,
    "slowest": 0.057536365,
    "fastest": 0.000252496,
    "average": 0.0013685830999747874,
    "requestsPerSec": 36479.10203009964,
    "totalData": 4742426,
    "sizePerRequest": 13,
    "sizePerSec": 474228.3263912953
  },
  "responseTimeHistogram": {
    "0.000252496": 1,
    "0.0059808829": 363813,
    "0.0117092698": 941,
    "0.0174376567": 3,
    "0.023166043600000002": 4,
    "0.028894430500000002": 3,
    "0.0346228174": 3,
    "0.0403512043": 2,
    "0.0460795912": 4,
    "0.0518079781": 2,
    "0.057536365": 26
  },
  "latencyPercentiles": {
    "p10": 0.00125398,
    "p25": 0.001268679,
    "p50": 0.001286579,
    "p75": 0.001309279,
    "p90": 0.001416877,
    "p95": 0.001590274,
    "p99": 0.002996951
  },
  "rps": {
    "mean": 36442.3511129344,
    "stddev": 5982.6848121794565,
    "max": 39365.19663867336,
    "percentiles": {
      "p10": 35928.96593233393,
      "p25": 37279.64423193862,
      "p50": 37941.21934069275,
      "p75": 38560.39715005395,
      "p90": 38798.01542637052,
      "p95": 38899.43473506989,
      "p99": 39117.458121559655
    }
  },
  "details": {
    "DNSDialup": {
      "average": 0.0013192386,
      "fastest": 0.000060399,
      "slowest": 0.001404077
    },
    "DNSLookup": {
      "average": 0.0000038539600000000005,
      "fastest": 0.0000031,
      "slowest": 0.0000251
    }
  },
  "statusCodeDistribution": {
    "200": 364802
  },
  "errorDistribution": {}
}