{
  "summary": {
    "successRate": 1,
    "total": 10.001464699,
    "slowest": 0.023860246,
    "fastest": 0.000178398,
    "average": 0.0012774602666321636,
    "requestsPerSec": 39073.57689709924,
    "totalData": 5080309,
    "sizePerRequest": 13,
    "sizePerSec": 507956.49966229015
  },
  "responseTimeHistogram": {
    "0.000178398": 1,
    "0.0025465828": 385151,
    "0.0049147676": 3738,
    "0.0072829524": 1207,
    "0.0096511372": 416,
    "0.012019321999999999": 155,
    "0.0143875068": 56,
    "0.0167556916": 34,
    "0.0191238764": 8,
    "0.0214920612": 12,
    "0.023860245999999998": 15
  },
  "latencyPercentiles": {
    "p10": 0.001157179,
    "p25": 0.001173279,
    "p50": 0.001193579,
    "p75": 0.001221583,
    "p90": 0.00131258,
    "p95": 0.001496278,
    "p99": 0.003186643
  },
  "rps": {
    "mean": 38950.09881012742,
    "stddev": 7026.807925540172,
    "max": 42964.352006437344,
    "percentiles": {
      "p10": 38259.21761702638,
      "p25": 39981.4277227185,
      "p50": 40785.15123875693,
      "p75": 41563.31339529249,
      "p90": 42039.7149186848,
      "p95": 42192.54089995385,
      "p99": 42374.485871263605
    }
  },
  "details": {
    "DNSDialup": {
      "average": 0.0012692711999999998,
      "fastest": 0.000065799,
      "slowest": 0.001433879
    },
    "DNSLookup": {
      "average": 0.000003921940000000001,
      "fastest": 0.0000029,
      "slowest": 0.000035499
    }
  },
  "statusCodeDistribution": {
    "200": 390793
  },
  "errorDistribution": {}
}