{
  "summary": {
    "successRate": 1,
    "total": 10.000166952,
    "slowest": 0.02258295,
    "fastest": 0.000391378,
    "average": 0.0028942160163212675,
    "requestsPerSec": 17234.91225969284,
    "totalData": 2240576,
    "sizePerRequest": 13,
    "sizePerSec": 224053.85937600693
  },
  "responseTimeHistogram": {
    "0.000391378": 1,
    "0.0026105352": 18522,
    "0.0048296924": 149164,
    "0.0070488496": 4267,
    "0.009268006799999999": 281,
    "0.011487164": 54,
    "0.013706321199999998": 21,
    "0.015925478399999998": 9,
    "0.0181446356": 8,
    "0.0203637928": 11,
    "0.02258295": 14
  },
  "latencyPercentiles": {
    "p10": 0.002583553,
    "p25": 0.002735599,
    "p50": 0.002853088,
    "p75": 0.003049664,
    "p90": 0.003127179,
    "p95": 0.003296144,
    "p99": 0.006001226
  },
  "rps": {
    "mean": 17234.57540217166,
    "stddev": 2997.2311268637886,
    "max": 33277.400409815746,
    "percentiles": {
      "p10": 15714.221370340247,
      "p25": 16105.182647776084,
      "p50": 17147.491692992648,
      "p75": 17647.496472005503,
      "p90": 18101.893749727802,
      "p95": 24122.339698792846,
      "p99": 29634.71410410546
    }
  },
  "details": {
    "DNSDialup": {
      "average": 0.0007304713600000004,
      "fastest": 0.000071906,
      "slowest": 0.00170952
    },
    "DNSLookup": {
      "average": 0.0000075002000000000015,
      "fastest": 0.000003927,
      "slowest": 0.000033703
    }
  },
  "statusCodeDistribution": {
    "200": 172352
  },
  "errorDistribution": {}
}