{
  "summary": {
    "successRate": 1,
    "total": 10.001044403,
    "slowest": 0.030127308,
    "fastest": 0.00018082,
    "average": 0.0018778253984134642,
    "requestsPerSec": 26583.92356704748,
    "totalData": 3456271,
    "sizePerRequest": 13,
    "sizePerSec": 345591.00637161726
  },
  "responseTimeHistogram": {
    "0.00018082": 1,
    "0.0031754687999999997": 255988,
    "0.0061701175999999995": 7779,
    "0.0091647664": 1155,
    "0.012159415199999999": 586,
    "0.015154063999999998": 219,
    "0.0181487128": 65,
    "0.0211433616": 38,
    "0.0241380104": 7,
    "0.0271326592": 13,
    "0.030127308": 16
  },
  "latencyPercentiles": {
    "p10": 0.001669773,
    "p25": 0.001688486,
    "p50": 0.001713079,
    "p75": 0.001748382,
    "p90": 0.002098118,
    "p95": 0.002327442,
    "p99": 0.005326184
  },
  "rps": {
    "mean": 26513.686838720747,
    "stddev": 5478.8828704868365,
    "max": 29813.91000595978,
    "percentiles": {
      "p10": 22867.011778014898,
      "p25": 27385.34093796816,
      "p50": 28432.583740967966,
      "p75": 28890.60961894774,
      "p90": 29052.18062161303,
      "p95": 29138.05429891406,
      "p99": 29310.391728366092
    }
  },
  "details": {
    "DNSDialup": {
      "average": 0.00166995938,
      "fastest": 0.000076309,
      "slowest": 0.003425676
    },
    "DNSLookup": {
      "average": 0.0000063768,
      "fastest": 0.000004301,
      "slowest": 0.000042605
    }
  },
  "statusCodeDistribution": {
    "200": 265867
  },
  "errorDistribution": {}
}