{
  "summary": {
    "successRate": 1,
    "total": 10.0006416,
    "slowest": 0.028150431,
    "fastest": 0.000230003,
    "average": 0.0015380615196900229,
    "requestsPerSec": 32463.61713432466,
    "totalData": 4220541,
    "sizePerRequest": 13,
    "sizePerSec": 422027.02274622064
  },
  "responseTimeHistogram": {
    "0.000230003": 1,
    "0.0030220458": 320247,
    "0.0058140886000000004": 3186,
    "0.0086061314": 659,
    "0.0113981742": 408,
    "0.014190217": 87,
    "0.0169822598": 27,
    "0.0197743026": 8,
    "0.0225663454": 7,
    "0.0253583882": 13,
    "0.028150431": 14
  },
  "latencyPercentiles": {
    "p10": 0.001407116,
    "p25": 0.001424317,
    "p50": 0.001446217,
    "p75": 0.001473717,
    "p90": 0.001598418,
    "p95": 0.00175432,
    "p99": 0.004020748
  },
  "rps": {
    "mean": 32396.069179992217,
    "stddev": 5488.247164306336,
    "max": 35129.4490171116,
    "percentiles": {
      "p10": 32211.538172973356,
      "p25": 33153.98463317856,
      "p50": 33834.79231693703,
      "p75": 34273.630039412266,
      "p90": 34604.439749622215,
      "p95": 34759.37944790978,
      "p99": 34917.26264313675
    }
  },
  "details": {
    "DNSDialup": {
      "average": 0.0015591923400000002,
      "fastest": 0.000086201,
      "slowest": 0.00173102
    },
    "DNSLookup": {
      "average": 0.000004908020000000001,
      "fastest": 0.0000037,
      "slowest": 0.0000433
    }
  },
  "statusCodeDistribution": {
    "200": 324657
  },
  "errorDistribution": {}
}