{
  "summary": {
    "successRate": 1,
    "total": 10.002793983,
    "slowest": 0.031338495,
    "fastest": 0.000156207,
    "average": 0.00212423166394367,
    "requestsPerSec": 23496.335163898977,
    "totalData": 3055377,
    "sizePerRequest": 13,
    "sizePerSec": 305452.3571306867
  },
  "responseTimeHistogram": {
    "0.000156207": 1,
    "0.0032744358000000003": 219501,
    "0.0063926646": 12374,
    "0.0095108934": 2040,
    "0.0126291222": 631,
    "0.015747351": 270,
    "0.018865579799999997": 168,
    "0.021983808599999998": 10,
    "0.0251020374": 8,
    "0.0282202662": 11,
    "0.031338495": 15
  },
  "latencyPercentiles": {
    "p10": 0.00159417,
    "p25": 0.001671174,
    "p50": 0.001778379,
    "p75": 0.002239799,
    "p90": 0.002804225,
    "p95": 0.003623061,
    "p99": 0.007354427
  },
  "rps": {
    "mean": 23427.67149931115,
    "stddev": 6350.074398150419,
    "max": 37818.75432026665,
    "percentiles": {
      "p10": 14808.079288058916,
      "p25": 19936.1961577433,
      "p50": 26107.97475117833,
      "p75": 27972.04479858224,
      "p90": 28817.163502584917,
      "p95": 29307.781215911713,
      "p99": 30405.640246265808
    }
  },
  "details": {
    "DNSDialup": {
      "average": 0.0016208921199999996,
      "fastest": 0.000088104,
      "slowest": 0.003425752
    },
    "DNSLookup": {
      "average": 0.00000664224,
      "fastest": 0.000004,
      "slowest": 0.000059602
    }
  },
  "statusCodeDistribution": {
    "200": 235029
  },
  "errorDistribution": {}
}