{
  "summary": {
    "successRate": 1,
    "total": 10.001568814,
    "slowest": 0.025105622,
    "fastest": 0.000229002,
    "average": 0.0015668510304493594,
    "requestsPerSec": 31861.00160146336,
    "totalData": 4142580,
    "sizePerRequest": 13,
    "sizePerSec": 414193.02081902366
  },
  "responseTimeHistogram": {
    "0.000229002": 1,
    "0.002716664": 310192,
    "0.0052043260000000004": 6457,
    "0.007691988000000001": 1260,
    "0.010179650000000002": 511,
    "0.012667312000000002": 156,
    "0.015154974000000003": 43,
    "0.017642636": 8,
    "0.020130298": 10,
    "0.022617960000000003": 13,
    "0.025105622": 9
  },
  "latencyPercentiles": {
    "p10": 0.001423411,
    "p25": 0.001439311,
    "p50": 0.001460611,
    "p75": 0.001488511,
    "p90": 0.001719716,
    "p95": 0.001844513,
    "p99": 0.004170231
  },
  "rps": {
    "mean": 31825.030164393247,
    "stddev": 5459.867100713475,
    "max": 34726.777818375216,
    "percentiles": {
      "p10": 31058.832251042695,
      "p25": 32483.241554808326,
      "p50": 33367.48908342144,
      "p75": 33920.84640741124,
      "p90": 34193.09411804745,
      "p95": 34338.2046865303,
      "p99": 34504.292675033474
    }
  },
  "details": {
    "DNSDialup": {
      "average": 0.0014193585200000002,
      "fastest": 0.000066001,
      "slowest": 0.002474722
    },
    "DNSLookup": {
      "average": 0.00005272648,
      "fastest": 0.0000033,
      "slowest": 0.002418922
    }
  },
  "statusCodeDistribution": {
    "200": 318660
  },
  "errorDistribution": {}
}