{
  "summary": {
    "successRate": 1,
    "total": 10.000276588,
    "slowest": 0.022804569,
    "fastest": 0.000357426,
    "average": 0.0030736238234608942,
    "requestsPerSec": 16228.251146047201,
    "totalData": 2109731,
    "sizePerRequest": 13,
    "sizePerSec": 210967.26489861362
  },
  "responseTimeHistogram": {
    "0.000357426": 1,
    "0.0026021403": 11979,
    "0.0048468546": 145691,
    "0.007091568899999999": 4214,
    "0.009336283199999998": 289,
    "0.011580997499999997": 49,
    "0.013825711799999998": 21,
    "0.0160704261": 10,
    "0.0183151404": 8,
    "0.020559854699999998": 12,
    "0.022804568999999997": 13
  },
  "latencyPercentiles": {
    "p10": 0.002806803,
    "p25": 0.002960121,
    "p50": 0.003072169,
    "p75": 0.003145208,
    "p90": 0.003277511,
    "p95": 0.003434448,
    "p99": 0.006236226
  },
  "rps": {
    "mean": 16227.502827510973,
    "stddev": 2770.451260257093,
    "max": 32319.55009585226,
    "percentiles": {
      "p10": 15199.534976389492,
      "p25": 15603.79331235496,
      "p50": 15929.147153462585,
      "p75": 16378.174665495491,
      "p90": 16965.16148876116,
      "p95": 19982.45761133384,
      "p99": 29963.967076915702
    }
  },
  "details": {
    "DNSDialup": {
      "average": 0.0011475336800000006,
      "fastest": 0.000175066,
      "slowest": 0.002027571
    },
    "DNSLookup": {
      "average": 0.000009413039999999996,
      "fastest": 0.000004789,
      "slowest": 0.000047518
    }
  },
  "statusCodeDistribution": {
    "200": 162287
  },
  "errorDistribution": {}
}