{
  "summary": {
    "successRate": 1,
    "total": 10.00151944,
    "slowest": 0.022428055,
    "fastest": 0.000208301,
    "average": 0.001460451724539422,
    "requestsPerSec": 34176.10714557587,
    "totalData": 4443569,
    "sizePerRequest": 13,
    "sizePerSec": 444289.39289248636
  },
  "responseTimeHistogram": {
    "0.000208301": 1,
    "0.0024302764": 308627,
    "0.0046522518": 31142,
    "0.0068742272": 1210,
    "0.009096202599999999": 541,
    "0.011318177999999998": 188,
    "0.0135401534": 55,
    "0.0157621288": 15,
    "0.0179841042": 7,
    "0.0202060796": 13,
    "0.022428055": 14
  },
  "latencyPercentiles": {
    "p10": 0.001187303,
    "p25": 0.001203202,
    "p50": 0.001224303,
    "p75": 0.001256303,
    "p90": 0.002400605,
    "p95": 0.003201007,
    "p99": 0.003575108
  },
  "rps": {
    "mean": 34066.221723604,
    "stddev": 10714.724361532648,
    "max": 41748.947720784614,
    "percentiles": {
      "p10": 15524.807089249016,
      "p25": 34958.99680300472,
      "p50": 39739.246479824404,
      "p75": 40438.72245010154,
      "p90": 40868.56519182283,
      "p95": 41138.12536974178,
      "p99": 41430.56332656771
    }
  },
  "details": {
    "DNSDialup": {
      "average": 0.0012773111599999997,
      "fastest": 0.0000601,
      "slowest": 0.001454004
    },
    "DNSLookup": {
      "average": 0.000003878020000000001,
      "fastest": 0.0000029,
      "slowest": 0.000033
    }
  },
  "statusCodeDistribution": {
    "200": 341813
  },
  "errorDistribution": {}
}