{
  "summary": {
    "successRate": 1,
    "total": 10.000619343,
    "slowest": 0.188663932,
    "fastest": 0.000822101,
    "average": 0.003048996144138088,
    "requestsPerSec": 16359.686774251417,
    "totalData": 2126891,
    "sizePerRequest": 13,
    "sizePerSec": 212675.9280652684
  },
  "responseTimeHistogram": {
    "0.000822101": 1,
    "0.0196062841": 163564,
    "0.0383904672": 8,
    "0.0571746503": 5,
    "0.07595883340000001": 6,
    "0.09474301650000001": 4,
    "0.1135271996": 5,
    "0.1323113827": 3,
    "0.1510955658": 4,
    "0.1698797489": 3,
    "0.188663932": 4
  },
  "latencyPercentiles": {
    "p10": 0.002787843,
    "p25": 0.002875184,
    "p50": 0.002962436,
    "p75": 0.003038889,
    "p90": 0.00312054,
    "p95": 0.003250054,
    "p99": 0.005918297
  },
  "rps": {
    "mean": 16358.562714389838,
    "stddev": 1561.1052953800224,
    "max": 18316.011787055977,
    "percentiles": {
      "p10": 15987.452966471958,
      "p25": 16278.478545067734,
      "p50": 16554.43761264561,
      "p75": 16877.759212242927,
      "p90": 17187.18198059642,
      "p95": 17393.570451601023,
      "p99": 17753.664000173496
    }
  },
  "details": {
    "DNSDialup": {
      "average": 0.0009165642799999999,
      "fastest": 0.000125031,
      "slowest": 0.001271991
    },
    "DNSLookup": {
      "average": 0.000007371520000000002,
      "fastest": 0.000003436,
      "slowest": 0.000031669
    }
  },
  "statusCodeDistribution": {
    "200": 163607
  },
  "errorDistribution": {}
}