{
  "summary": {
    "successRate": 1,
    "total": 10.000595643,
    "slowest": 0.191748268,
    "fastest": 0.000765494,
    "average": 0.0030542423278087354,
    "requestsPerSec": 16338.126830912004,
    "totalData": 2124083,
    "sizePerRequest": 13,
    "sizePerSec": 212395.64880185606
  },
  "responseTimeHistogram": {
    "0.000765494": 1,
    "0.019863771399999997": 163348,
    "0.038962048799999996": 7,
    "0.05806032619999999": 6,
    "0.0771586036": 6,
    "0.096256881": 5,
    "0.11535515839999999": 4,
    "0.1344534358": 4,
    "0.1535517132": 3,
    "0.1726499906": 3,
    "0.191748268": 4
  },
  "latencyPercentiles": {
    "p10": 0.00284906,
    "p25": 0.002897469,
    "p50": 0.002947264,
    "p75": 0.003003205,
    "p90": 0.003136937,
    "p95": 0.003271475,
    "p99": 0.00589158
  },
  "rps": {
    "mean": 16336.190662824712,
    "stddev": 1611.5322533377246,
    "max": 20801.886731126946,
    "percentiles": {
      "p10": 16051.393351231907,
      "p25": 16373.363121327598,
      "p50": 16619.730944577703,
      "p75": 16815.130254203435,
      "p90": 17003.50272156086,
      "p95": 17132.021461312495,
      "p99": 17561.539145471474
    }
  },
  "details": {
    "DNSDialup": {
      "average": 0.0007620448,
      "fastest": 0.000121128,
      "slowest": 0.001133446
    },
    "DNSLookup": {
      "average": 0.000006774919999999999,
      "fastest": 0.000003206,
      "slowest": 0.000026259
    }
  },
  "statusCodeDistribution": {
    "200": 163391
  },
  "errorDistribution": {}
}