{
  "summary": {
    "successRate": 1,
    "total": 10.000626884,
    "slowest": 0.024085243,
    "fastest": 0.000113401,
    "average": 0.0017042573592843083,
    "requestsPerSec": 29284.164222599546,
    "totalData": 3807180,
    "sizePerRequest": 13,
    "sizePerSec": 380694.1348937941
  },
  "responseTimeHistogram": {
    "0.000113401": 1,
    "0.0025105852": 280169,
    "0.0049077694": 10125,
    "0.0073049536000000005": 1278,
    "0.009702137800000002": 870,
    "0.012099322000000001": 222,
    "0.014496506200000002": 81,
    "0.0168936904": 55,
    "0.0192908746": 24,
    "0.0216880588": 18,
    "0.024085243": 17
  },
  "latencyPercentiles": {
    "p10": 0.001378418,
    "p25": 0.001497521,
    "p50": 0.001608622,
    "p75": 0.001697922,
    "p90": 0.001888325,
    "p95": 0.002293131,
    "p99": 0.004637666
  },
  "rps": {
    "mean": 29206.423232957713,
    "stddev": 5633.610508331233,
    "max": 37986.10690713856,
    "percentiles": {
      "p10": 26000.696818675216,
      "p25": 29088.338374813924,
      "p50": 30403.85520884146,
      "p75": 31858.836899985963,
      "p90": 33039.87251815627,
      "p95": 33690.5196882991,
      "p99": 34815.555590239164
    }
  },
  "details": {
    "DNSDialup": {
      "average": 0.0019194053200000006,
      "fastest": 0.000085901,
      "slowest": 0.005551579
    },
    "DNSLookup": {
      "average": 0.000009518099999999998,
      "fastest": 0.000004,
      "slowest": 0.000159102
    }
  },
  "statusCodeDistribution": {
    "200": 292860
  },
  "errorDistribution": {}
}