{
  "summary": {
    "successRate": 1,
    "total": 10.000653236,
    "slowest": 0.170788714,
    "fastest": 0.000190146,
    "average": 0.002062869266158977,
    "requestsPerSec": 24184.7201670137,
    "totalData": 3144219,
    "sizePerRequest": 13,
    "sizePerSec": 314401.3621711781
  },
  "responseTimeHistogram": {
    "0.000190146": 1,
    "0.0172500028": 241819,
    "0.034309859600000006": 8,
    "0.05136971640000001": 5,
    "0.06842957320000001": 6,
    "0.08548943": 4,
    "0.10254928680000001": 4,
    "0.11960914360000002": 4,
    "0.13666900040000002": 4,
    "0.1537288572": 3,
    "0.170788714": 5
  },
  "latencyPercentiles": {
    "p10": 0.001873148,
    "p25": 0.001919038,
    "p50": 0.001972898,
    "p75": 0.002049033,
    "p90": 0.002249415,
    "p95": 0.002405118,
    "p99": 0.003939728
  },
  "rps": {
    "mean": 24182.744072900336,
    "stddev": 2799.0297794411495,
    "max": 33105.563711001596,
    "percentiles": {
      "p10": 21778.660164782967,
      "p25": 24268.74607701475,
      "p50": 24922.709572963082,
      "p75": 25394.034108302723,
      "p90": 25751.371410824337,
      "p95": 25922.975533219455,
      "p99": 26248.249532291797
    }
  },
  "details": {
    "DNSDialup": {
      "average": 0.0006929736199999998,
      "fastest": 0.000087592,
      "slowest": 0.001496437
    },
    "DNSLookup": {
      "average": 0.000004921400000000001,
      "fastest": 0.000002734,
      "slowest": 0.000026159
    }
  },
  "statusCodeDistribution": {
    "200": 241863
  },
  "errorDistribution": {}
}