{
  "summary": {
    "successRate": 1,
    "total": 10.001894274,
    "slowest": 0.035556008,
    "fastest": 0.0002898,
    "average": 0.004389399641001758,
    "requestsPerSec": 11370.04620171013,
    "totalData": 1478386,
    "sizePerRequest": 13,
    "sizePerSec": 147810.6006222317
  },
  "responseTimeHistogram": {
    "0.0002898": 1,
    "0.0038164208000000003": 78301,
    "0.0073430416": 22109,
    "0.0108696624": 11726,
    "0.0143962832": 1202,
    "0.017922904": 229,
    "0.0214495248": 89,
    "0.0249761456": 31,
    "0.0285027664": 7,
    "0.0320293872": 12,
    "0.035556008": 15
  },
  "latencyPercentiles": {
    "p10": 0.003115701,
    "p25": 0.0032296,
    "p50": 0.003434601,
    "p75": 0.004357601,
    "p90": 0.0074732,
    "p95": 0.0082336,
    "p99": 0.011979503
  },
  "rps": {
    "mean": 11347.626423300644,
    "stddev": 3985.9123995410573,
    "max": 18482.43164513576,
    "percentiles": {
      "p10": 6073.242699633814,
      "p25": 6911.680048113003,
      "p50": 13483.32696061705,
      "p75": 14677.78934798632,
      "p90": 15267.175572519309,
      "p95": 15456.796202824815,
      "p99": 15807.010298317278
    }
  },
  "details": {
    "DNSDialup": {
      "average": 0.00234024066,
      "fastest": 0.000124,
      "slowest": 0.002607401
    },
    "DNSLookup": {
      "average": 0.000007344,
      "fastest": 0.0000057,
      "slowest": 0.0000575
    }
  },
  "statusCodeDistribution": {
    "200": 113722
  },
  "errorDistribution": {}
}