{
  "summary": {
    "successRate": 1,
    "total": 10.001519796,
    "slowest": 0.025001333,
    "fastest": 0.000266803,
    "average": 0.0016035454643379139,
    "requestsPerSec": 31133.368363129517,
    "totalData": 4047953,
    "sizePerRequest": 13,
    "sizePerSec": 404733.7887206837
  },
  "responseTimeHistogram": {
    "0.000266803": 1,
    "0.002740256": 303680,
    "0.005213709": 5193,
    "0.007687162": 1736,
    "0.010160615": 600,
    "0.012634068": 87,
    "0.015107520999999999": 40,
    "0.017580974": 9,
    "0.020054427": 7,
    "0.02252788": 12,
    "0.025001333": 16
  },
  "latencyPercentiles": {
    "p10": 0.001450703,
    "p25": 0.001471202,
    "p50": 0.001496402,
    "p75": 0.001529311,
    "p90": 0.001769723,
    "p95": 0.001914824,
    "p99": 0.004098855
  },
  "rps": {
    "mean": 31077.216106620504,
    "stddev": 5395.861806027943,
    "max": 34033.94545720019,
    "percentiles": {
      "p10": 29807.97065135308,
      "p25": 31651.22751172771,
      "p50": 32456.750628473445,
      "p75": 33239.46854495143,
      "p90": 33500.95477721127,
      "p95": 33636.23968463598,
      "p99": 33849.671007239725
    }
  },
  "details": {
    "DNSDialup": {
      "average": 0.0016408458799999999,
      "fastest": 0.000084801,
      "slowest": 0.001892225
    },
    "DNSLookup": {
      "average": 0.000005126079999999999,
      "fastest": 0.0000038,
      "slowest": 0.0000423
    }
  },
  "statusCodeDistribution": {
    "200": 311381
  },
  "errorDistribution": {}
}