{
  "summary": {
    "successRate": 1,
    "total": 10.000339509,
    "slowest": 0.023709435,
    "fastest": 0.00038103,
    "average": 0.0031474020407693155,
    "requestsPerSec": 15847.161974588516,
    "totalData": 2060201,
    "sizePerRequest": 13,
    "sizePerSec": 206013.10566965071
  },
  "responseTimeHistogram": {
    "0.00038103": 1,
    "0.0027138705": 2576,
    "0.005046711": 151361,
    "0.0073795514999999996": 4211,
    "0.009712391999999999": 231,
    "0.012045232499999997": 39,
    "0.014378072999999998": 20,
    "0.0167109135": 7,
    "0.019043754": 10,
    "0.0213765945": 12,
    "0.023709434999999997": 9
  },
  "latencyPercentiles": {
    "p10": 0.002861094,
    "p25": 0.002951569,
    "p50": 0.003046888,
    "p75": 0.003142692,
    "p90": 0.003292357,
    "p95": 0.003482979,
    "p99": 0.006166583
  },
  "rps": {
    "mean": 15846.799240239598,
    "stddev": 1521.3866607123045,
    "max": 21138.02731113299,
    "percentiles": {
      "p10": 15208.647637046333,
      "p25": 15672.885185266161,
      "p50": 16086.484156120228,
      "p75": 16452.110414528302,
      "p90": 16776.569942876336,
      "p95": 16977.676264445658,
      "p99": 17332.20497005516
    }
  },
  "details": {
    "DNSDialup": {
      "average": 0.00117761254,
      "fastest": 0.000088319,
      "slowest": 0.002637275
    },
    "DNSLookup": {
      "average": 0.000025696639999999997,
      "fastest": 0.000004399,
      "slowest": 0.000891537
    }
  },
  "statusCodeDistribution": {
    "200": 158477
  },
  "errorDistribution": {}
}