{
  "summary": {
    "successRate": 1,
    "total": 10.000646748,
    "slowest": 0.18727587,
    "fastest": 0.000837452,
    "average": 0.002860458301560898,
    "requestsPerSec": 17443.77182754581,
    "totalData": 2267837,
    "sizePerRequest": 13,
    "sizePerSec": 226769.03375809552
  },
  "responseTimeHistogram": {
    "0.000837452": 1,
    "0.0194812938": 174406,
    "0.038125135600000006": 8,
    "0.056768977400000004": 5,
    "0.07541281920000001": 6,
    "0.09405666100000001": 4,
    "0.1127005028": 5,
    "0.1313443446": 3,
    "0.1499881864": 4,
    "0.1686320282": 3,
    "0.18727587": 4
  },
  "latencyPercentiles": {
    "p10": 0.002640112,
    "p25": 0.002697099,
    "p50": 0.002756582,
    "p75": 0.002830787,
    "p90": 0.002935982,
    "p95": 0.003070582,
    "p99": 0.005529977
  },
  "rps": {
    "mean": 17442.208170442485,
    "stddev": 1739.8564106829606,
    "max": 18922.390018640835,
    "percentiles": {
      "p10": 17115.838997408686,
      "p25": 17479.105186342236,
      "p50": 17758.02434454605,
      "p75": 18027.237352919336,
      "p90": 18214.80499349859,
      "p95": 18361.750567159186,
      "p99": 18630.18835721529
    }
  },
  "details": {
    "DNSDialup": {
      "average": 0.0007731224399999999,
      "fastest": 0.000117786,
      "slowest": 0.001108242
    },
    "DNSLookup": {
      "average": 0.00000671446,
      "fastest": 0.000003456,
      "slowest": 0.00003222
    }
  },
  "statusCodeDistribution": {
    "200": 174449
  },
  "errorDistribution": {}
}