{
  "summary": {
    "successRate": 1,
    "total": 10.000594506,
    "slowest": 0.135449357,
    "fastest": 0.00010829,
    "average": 0.0016059515821576697,
    "requestsPerSec": 31051.25398431988,
    "totalData": 4036903,
    "sizePerRequest": 13,
    "sizePerSec": 403666.3017961584
  },
  "responseTimeHistogram": {
    "0.00010829": 1,
    "0.013642396699999998": 310486,
    "0.027176503399999996": 8,
    "0.04071061009999999": 6,
    "0.05424471679999999": 4,
    "0.06777882349999999": 5,
    "0.08131293019999998": 5,
    "0.09484703689999999": 4,
    "0.10838114359999998": 4,
    "0.12191525029999997": 4,
    "0.135449357": 4
  },
  "latencyPercentiles": {
    "p10": 0.001478029,
    "p25": 0.001508076,
    "p50": 0.001538177,
    "p75": 0.001573683,
    "p90": 0.001692525,
    "p95": 0.001796192,
    "p99": 0.003195288
  },
  "rps": {
    "mean": 31043.067064964456,
    "stddev": 3807.0992701719088,
    "max": 36209.30216972599,
    "percentiles": {
      "p10": 30662.86889442066,
      "p25": 31373.92009312897,
      "p50": 31883.087325570214,
      "p75": 32259.160073658088,
      "p90": 32594.06974468973,
      "p95": 32777.87038667582,
      "p99": 33387.7295982926
    }
  },
  "details": {
    "DNSDialup": {
      "average": 0.0005524500199999999,
      "fastest": 0.000063924,
      "slowest": 0.001061366
    },
    "DNSLookup": {
      "average": 0.000006537299999999998,
      "fastest": 0.000002604,
      "slowest": 0.000035304
    }
  },
  "statusCodeDistribution": {
    "200": 310531
  },
  "errorDistribution": {}
}