{
  "summary": {
    "successRate": 1,
    "total": 10.00055495,
    "slowest": 0.031480731,
    "fastest": 0.000145813,
    "average": 0.0021131787374640116,
    "requestsPerSec": 23626.688836903,
    "totalData": 3071640,
    "sizePerRequest": 13,
    "sizePerSec": 307146.954879739
  },
  "responseTimeHistogram": {
    "0.000145813": 1,
    "0.0032793047999999997": 222787,
    "0.0064127965999999995": 10529,
    "0.0095462884": 2151,
    "0.012679780199999999": 468,
    "0.015813272": 204,
    "0.018946763800000002": 79,
    "0.0220802556": 24,
    "0.0252137474": 9,
    "0.0283472392": 11,
    "0.031480731": 17
  },
  "latencyPercentiles": {
    "p10": 0.001687745,
    "p25": 0.001736958,
    "p50": 0.001825247,
    "p75": 0.002096281,
    "p90": 0.002666261,
    "p95": 0.003458867,
    "p99": 0.006781139
  },
  "rps": {
    "mean": 23570.22729704662,
    "stddev": 5715.800515721672,
    "max": 30649.393895591304,
    "percentiles": {
      "p10": 15863.519116895757,
      "p25": 22658.295505443468,
      "p50": 25818.555796050077,
      "p75": 27015.66758074642,
      "p90": 27775.140086476997,
      "p95": 28068.354864604018,
      "p99": 28635.04356631722
    }
  },
  "details": {
    "DNSDialup": {
      "average": 0.0016191864800000001,
      "fastest": 0.000077909,
      "slowest": 0.003363466
    },
    "DNSLookup": {
      "average": 0.0000065407000000000024,
      "fastest": 0.0000041,
      "slowest": 0.000063706
    }
  },
  "statusCodeDistribution": {
    "200": 236280
  },
  "errorDistribution": {}
}