{
  "summary": {
    "successRate": 1,
    "total": 10.000652777,
    "slowest": 0.182422379,
    "fastest": 0.000652341,
    "average": 0.0028888129763040985,
    "requestsPerSec": 17267.67280603487,
    "totalData": 2244944,
    "sizePerRequest": 13,
    "sizePerSec": 224479.74647845328
  },
  "responseTimeHistogram": {
    "0.000652341": 1,
    "0.0188293448": 172645,
    "0.0370063486": 7,
    "0.0551833524": 6,
    "0.0733603562": 5,
    "0.09153736000000001": 5,
    "0.1097143638": 4,
    "0.1278913676": 4,
    "0.1460683714": 4,
    "0.16424537520000002": 3,
    "0.18242237900000002": 4
  },
  "latencyPercentiles": {
    "p10": 0.002624529,
    "p25": 0.002687973,
    "p50": 0.002770443,
    "p75": 0.002918584,
    "p90": 0.003071223,
    "p95": 0.0031568,
    "p99": 0.005541761
  },
  "rps": {
    "mean": 17266.913681404556,
    "stddev": 1806.6577714406526,
    "max": 22508.53298485336,
    "percentiles": {
      "p10": 16015.71782547319,
      "p25": 16917.790748751588,
      "p50": 17712.077865896725,
      "p75": 18050.682706904307,
      "p90": 18291.014257845873,
      "p95": 18463.688647622108,
      "p99": 19408.67179455775
    }
  },
  "details": {
    "DNSDialup": {
      "average": 0.0008396171400000002,
      "fastest": 0.000151533,
      "slowest": 0.001164161
    },
    "DNSLookup": {
      "average": 0.00000849518,
      "fastest": 0.000003567,
      "slowest": 0.00006428
    }
  },
  "statusCodeDistribution": {
    "200": 172688
  },
  "errorDistribution": {}
}