{
  "summary": {
    "successRate": 1,
    "total": 10.000177599,
    "slowest": 0.025317581,
    "fastest": 0.001516793,
    "average": 0.003038337387505483,
    "requestsPerSec": 16416.508444451676,
    "totalData": 2134184,
    "sizePerRequest": 13,
    "sizePerSec": 213414.60977787178
  },
  "responseTimeHistogram": {
    "0.001516793": 1,
    "0.0038968718": 158785,
    "0.0062769506": 4321,
    "0.0086570294": 814,
    "0.011037108200000001": 166,
    "0.013417187000000002": 32,
    "0.0157972658": 10,
    "0.0181773446": 8,
    "0.0205574234": 10,
    "0.0229375022": 13,
    "0.025317581000000002": 8
  },
  "latencyPercentiles": {
    "p10": 0.002733522,
    "p25": 0.002804369,
    "p50": 0.002912686,
    "p75": 0.003094195,
    "p90": 0.003214246,
    "p95": 0.003407728,
    "p99": 0.006079358
  },
  "rps": {
    "mean": 16417.00628360203,
    "stddev": 1700.3737997878163,
    "max": 18499.02156262001,
    "percentiles": {
      "p10": 15344.916103926507,
      "p25": 15937.72299656064,
      "p50": 16843.000179458977,
      "p75": 17279.39710174238,
      "p90": 17592.464232760965,
      "p95": 17753.363058682364,
      "p99": 18117.1134253411
    }
  },
  "details": {
    "DNSDialup": {
      "average": 0.0010467551799999998,
      "fastest": 0.000145062,
      "slowest": 0.002185628
    },
    "DNSLookup": {
      "average": 0.00004488231999999999,
      "fastest": 0.000004499,
      "slowest": 0.001806856
    }
  },
  "statusCodeDistribution": {
    "200": 164168
  },
  "errorDistribution": {}
}