{
  "summary": {
    "successRate": 1,
    "total": 10.000653994,
    "slowest": 0.183800627,
    "fastest": 0.000405843,
    "average": 0.002745362078414545,
    "requestsPerSec": 18168.911764071978,
    "totalData": 2362113,
    "sizePerRequest": 13,
    "sizePerSec": 236195.8529329357
  },
  "responseTimeHistogram": {
    "0.000405843": 1,
    "0.0187453214": 181658,
    "0.037084799800000005": 7,
    "0.05542427820000001": 6,
    "0.07376375660000001": 6,
    "0.092103235": 5,
    "0.11044271340000002": 4,
    "0.1287821918": 4,
    "0.1471216702": 3,
    "0.1654611486": 3,
    "0.183800627": 4
  },
  "latencyPercentiles": {
    "p10": 0.002468799,
    "p25": 0.002576552,
    "p50": 0.002670719,
    "p75": 0.002885408,
    "p90": 0.003008181,
    "p95": 0.003111013,
    "p99": 0.005403663
  },
  "rps": {
    "mean": 18165.8496843904,
    "stddev": 3030.6955976115514,
    "max": 35260.49996584338,
    "percentiles": {
      "p10": 16303.560697655927,
      "p25": 17006.25850438696,
      "p50": 18335.086020608873,
      "p75": 18756.72220361581,
      "p90": 19151.10088248466,
      "p95": 20822.6237807348,
      "p99": 28938.7026208855
    }
  },
  "details": {
    "DNSDialup": {
      "average": 0.0006263200199999998,
      "fastest": 0.000066121,
      "slowest": 0.001131861
    },
    "DNSLookup": {
      "average": 0.0000070563000000000005,
      "fastest": 0.000003256,
      "slowest": 0.000029465
    }
  },
  "statusCodeDistribution": {
    "200": 181701
  },
  "errorDistribution": {}
}