{
  "summary": {
    "successRate": 1,
    "total": 10.000251627,
    "slowest": 0.021515509,
    "fastest": 0.00103893,
    "average": 0.003047049579371151,
    "requestsPerSec": 16368.888114579038,
    "totalData": 2128009,
    "sizePerRequest": 13,
    "sizePerSec": 212795.5454895275
  },
  "responseTimeHistogram": {
    "0.00103893": 1,
    "0.0030865879": 132181,
    "0.005134245799999999": 26899,
    "0.007181903700000001": 4259,
    "0.0092295616": 249,
    "0.0112772195": 41,
    "0.0133248774": 22,
    "0.0153725353": 7,
    "0.0174201932": 9,
    "0.0194678511": 12,
    "0.021515509": 13
  },
  "latencyPercentiles": {
    "p10": 0.002761465,
    "p25": 0.002861323,
    "p50": 0.002957523,
    "p75": 0.003061027,
    "p90": 0.003146185,
    "p95": 0.003330511,
    "p99": 0.006035442
  },
  "rps": {
    "mean": 16367.941053243489,
    "stddev": 1674.481485171333,
    "max": 24661.431262904345,
    "percentiles": {
      "p10": 15714.45307608932,
      "p25": 16133.405830110618,
      "p50": 16538.94590982833,
      "p75": 16962.956316071744,
      "p90": 17432.6880333298,
      "p95": 17733.553656875545,
      "p99": 19120.62159038343
    }
  },
  "details": {
    "DNSDialup": {
      "average": 0.0008289239800000003,
      "fastest": 0.000104277,
      "slowest": 0.001189658
    },
    "DNSLookup": {
      "average": 0.00000873306,
      "fastest": 0.000004138,
      "slowest": 0.000043101
    }
  },
  "statusCodeDistribution": {
    "200": 163693
  },
  "errorDistribution": {}
}