{
  "summary": {
    "successRate": 1,
    "total": 10.000707991,
    "slowest": 0.020988071,
    "fastest": 0.000177201,
    "average": 0.0014296377526839396,
    "requestsPerSec": 34918.0278350555,
    "totalData": 4539665,
    "sizePerRequest": 13,
    "sizePerSec": 453934.3618557215
  },
  "responseTimeHistogram": {
    "0.000177201": 1,
    "0.0022582880000000002": 320743,
    "0.004339375": 26262,
    "0.006420462": 1655,
    "0.008501549": 381,
    "0.010582636000000001": 84,
    "0.012663723": 35,
    "0.01474481": 7,
    "0.016825897": 7,
    "0.018906983999999998": 11,
    "0.020988071": 19
  },
  "latencyPercentiles": {
    "p10": 0.001221204,
    "p25": 0.001236805,
    "p50": 0.001256704,
    "p75": 0.001283404,
    "p90": 0.001532105,
    "p95": 0.00292521,
    "p99": 0.003661813
  },
  "rps": {
    "mean": 34874.789731310564,
    "stddev": 8905.369439169363,
    "max": 40480.01279328573,
    "percentiles": {
      "p10": 16952.83520620378,
      "p25": 37928.317281683354,
      "p50": 38852.318532134326,
      "p75": 39502.23582654416,
      "p90": 39830.90826309732,
      "p95": 39978.62195794346,
      "p99": 40244.53460199099
    }
  },
  "details": {
    "DNSDialup": {
      "average": 0.001179148,
      "fastest": 0.0000578,
      "slowest": 0.001339005
    },
    "DNSLookup": {
      "average": 0.00000424604,
      "fastest": 0.0000028,
      "slowest": 0.000040001
    }
  },
  "statusCodeDistribution": {
    "200": 349205
  },
  "errorDistribution": {}
}