{
  "summary": {
    "successRate": 1,
    "total": 10.000570429,
    "slowest": 0.191495922,
    "fastest": 0.00085515,
    "average": 0.002823968433286588,
    "requestsPerSec": 17665.592303384798,
    "totalData": 2296658,
    "sizePerRequest": 13,
    "sizePerSec": 229652.69994400238
  },
  "responseTimeHistogram": {
    "0.00085515": 1,
    "0.0199192272": 176623,
    "0.0389833044": 8,
    "0.0580473816": 5,
    "0.0771114588": 6,
    "0.096175536": 5,
    "0.11523961320000001": 4,
    "0.1343036904": 3,
    "0.1533677676": 4,
    "0.1724318448": 3,
    "0.191495922": 4
  },
  "latencyPercentiles": {
    "p10": 0.002616917,
    "p25": 0.002669666,
    "p50": 0.002716714,
    "p75": 0.00277317,
    "p90": 0.002911508,
    "p95": 0.003033363,
    "p99": 0.005448816
  },
  "rps": {
    "mean": 17663.654831683427,
    "stddev": 1798.848925667549,
    "max": 19370.265638604076,
    "percentiles": {
      "p10": 17331.020794119453,
      "p25": 17701.101008483016,
      "p50": 18017.760106137408,
      "p75": 18239.799241947443,
      "p90": 18430.148036157723,
      "p95": 18565.355621393428,
      "p99": 18856.323839307763
    }
  },
  "details": {
    "DNSDialup": {
      "average": 0.0007109128600000001,
      "fastest": 0.000071364,
      "slowest": 0.001230164
    },
    "DNSLookup": {
      "average": 0.00000588622,
      "fastest": 0.000002735,
      "slowest": 0.000033964
    }
  },
  "statusCodeDistribution": {
    "200": 176666
  },
  "errorDistribution": {}
}