{
  "summary": {
    "successRate": 1,
    "total": 10.000566184,
    "slowest": 0.185506534,
    "fastest": 0.00018749,
    "average": 0.0028987699267051244,
    "requestsPerSec": 17206.225811024542,
    "totalData": 2236936,
    "sizePerRequest": 13,
    "sizePerSec": 223680.93554331904
  },
  "responseTimeHistogram": {
    "0.00018749": 1,
    "0.0187193944": 172029,
    "0.0372512988": 7,
    "0.0557832032": 6,
    "0.0743151076": 5,
    "0.09284701199999999": 5,
    "0.1113789164": 4,
    "0.12991082080000002": 4,
    "0.14844272520000001": 4,
    "0.1669746296": 3,
    "0.185506534": 4
  },
  "latencyPercentiles": {
    "p10": 0.002580051,
    "p25": 0.002660451,
    "p50": 0.002775205,
    "p75": 0.003047012,
    "p90": 0.003135474,
    "p95": 0.003293198,
    "p99": 0.005620574
  },
  "rps": {
    "mean": 17203.23346147638,
    "stddev": 2323.387787230006,
    "max": 27857.41413052354,
    "percentiles": {
      "p10": 15660.7700521102,
      "p25": 16041.578166449672,
      "p50": 17647.72828113583,
      "p75": 18218.07865499471,
      "p90": 18558.172447353434,
      "p95": 18772.71046216106,
      "p99": 26819.513878297977
    }
  },
  "details": {
    "DNSDialup": {
      "average": 0.00070330706,
      "fastest": 0.000084986,
      "slowest": 0.001062872
    },
    "DNSLookup": {
      "average": 0.00000887748,
      "fastest": 0.000003606,
      "slowest": 0.000067045
    }
  },
  "statusCodeDistribution": {
    "200": 172072
  },
  "errorDistribution": {}
}