{
  "summary": {
    "successRate": 1,
    "total": 10.000561845,
    "slowest": 0.185612885,
    "fastest": 0.000502649,
    "average": 0.00282360884989216,
    "requestsPerSec": 17666.307427350348,
    "totalData": 2296749,
    "sizePerRequest": 13,
    "sizePerSec": 229661.99655555454
  },
  "responseTimeHistogram": {
    "0.000502649": 1,
    "0.019013672600000003": 176630,
    "0.037524696200000006": 7,
    "0.05603571980000001": 6,
    "0.0745467434": 6,
    "0.09305776700000001": 4,
    "0.11156879060000001": 4,
    "0.1300798142": 4,
    "0.14859083780000001": 4,
    "0.16710186140000002": 3,
    "0.18561288500000003": 4
  },
  "latencyPercentiles": {
    "p10": 0.002544294,
    "p25": 0.002612445,
    "p50": 0.002698385,
    "p75": 0.002843947,
    "p90": 0.003023231,
    "p95": 0.003106297,
    "p99": 0.005434823
  },
  "rps": {
    "mean": 17664.008011134534,
    "stddev": 1913.1203037992743,
    "max": 19823.599995795485,
    "percentiles": {
      "p10": 16276.337651220032,
      "p25": 17406.362025320224,
      "p50": 18180.965292736233,
      "p75": 18539.658182818817,
      "p90": 18842.992170938414,
      "p95": 19011.678874333356,
      "p99": 19431.617184320614
    }
  },
  "details": {
    "DNSDialup": {
      "average": 0.0008889530599999998,
      "fastest": 0.000131607,
      "slowest": 0.001390972
    },
    "DNSLookup": {
      "average": 0.0000083585,
      "fastest": 0.000004088,
      "slowest": 0.000054044
    }
  },
  "statusCodeDistribution": {
    "200": 176673
  },
  "errorDistribution": {}
}