{
  "summary": {
    "successRate": 1,
    "total": 10.000681365,
    "slowest": 0.18450082,
    "fastest": 0.000110176,
    "average": 0.002739991241829888,
    "requestsPerSec": 18205.359550518984,
    "totalData": 2366858,
    "sizePerRequest": 13,
    "sizePerSec": 236669.67415674683
  },
  "responseTimeHistogram": {
    "0.000110176": 1,
    "0.018549240400000003": 182023,
    "0.0369883048": 7,
    "0.05542736920000001": 6,
    "0.07386643360000002": 6,
    "0.09230549800000003": 5,
    "0.11074456240000002": 4,
    "0.1291836268": 4,
    "0.14762269120000002": 3,
    "0.16606175560000003": 3,
    "0.18450082000000004": 4
  },
  "latencyPercentiles": {
    "p10": 0.001781305,
    "p25": 0.002615267,
    "p50": 0.002713892,
    "p75": 0.002934545,
    "p90": 0.003032518,
    "p95": 0.003142674,
    "p99": 0.005472588
  },
  "rps": {
    "mean": 18201.853695783702,
    "stddev": 3511.476619251305,
    "max": 33822.722104710156,
    "percentiles": {
      "p10": 16195.574946430994,
      "p25": 16640.818263118043,
      "p50": 18030.614179815842,
      "p75": 18473.847357426763,
      "p90": 19023.650201931672,
      "p95": 28079.845039372372,
      "p99": 31090.691648154665
    }
  },
  "details": {
    "DNSDialup": {
      "average": 0.0007910933600000001,
      "fastest": 0.000078006,
      "slowest": 0.001310067
    },
    "DNSLookup": {
      "average": 0.00000680184,
      "fastest": 0.000003646,
      "slowest": 0.000030036
    }
  },
  "statusCodeDistribution": {
    "200": 182066
  },
  "errorDistribution": {}
}