{
  "summary": {
    "successRate": 1,
    "total": 10.000649512,
    "slowest": 0.185854283,
    "fastest": 0.00096049,
    "average": 0.0028817340226919425,
    "requestsPerSec": 17313.375475486817,
    "totalData": 2250885,
    "sizePerRequest": 13,
    "sizePerSec": 225073.8811813286
  },
  "responseTimeHistogram": {
    "0.00096049": 1,
    "0.019449869300000002": 173102,
    "0.0379392486": 7,
    "0.05642862790000001": 6,
    "0.0749180072": 5,
    "0.0934073865": 5,
    "0.1118967658": 4,
    "0.13038614510000002": 4,
    "0.14887552440000001": 4,
    "0.1673649037": 3,
    "0.185854283": 4
  },
  "latencyPercentiles": {
    "p10": 0.002658013,
    "p25": 0.002717294,
    "p50": 0.002783486,
    "p75": 0.002863566,
    "p90": 0.002969534,
    "p95": 0.003077528,
    "p99": 0.005579432
  },
  "rps": {
    "mean": 17310.02432351986,
    "stddev": 1703.992861384226,
    "max": 24146.24004969507,
    "percentiles": {
      "p10": 16859.77295305037,
      "p25": 17278.678462375607,
      "p50": 17588.784667242744,
      "p75": 17854.708612661125,
      "p90": 18107.608817227712,
      "p95": 18276.470580556168,
      "p99": 18693.104746812664
    }
  },
  "details": {
    "DNSDialup": {
      "average": 0.0007415597400000001,
      "fastest": 0.000087273,
      "slowest": 0.001253035
    },
    "DNSLookup": {
      "average": 0.000008479639999999999,
      "fastest": 0.000003747,
      "slowest": 0.0000377
    }
  },
  "statusCodeDistribution": {
    "200": 173145
  },
  "errorDistribution": {}
}