{
  "summary": {
    "successRate": 1,
    "total": 10.000173324,
    "slowest": 0.023008924,
    "fastest": 0.00022286,
    "average": 0.0029849663103588523,
    "requestsPerSec": 16711.01035808407,
    "totalData": 2172469,
    "sizePerRequest": 13,
    "sizePerSec": 217243.1346550929
  },
  "responseTimeHistogram": {
    "0.00022286": 1,
    "0.0025014664": 11471,
    "0.0047800728": 150757,
    "0.0070586792": 4455,
    "0.0093372856": 290,
    "0.011615892000000001": 71,
    "0.0138944984": 25,
    "0.016173104799999997": 8,
    "0.0184517112": 9,
    "0.0207303176": 12,
    "0.023008924": 14
  },
  "latencyPercentiles": {
    "p10": 0.002675666,
    "p25": 0.002761413,
    "p50": 0.002892993,
    "p75": 0.003147188,
    "p90": 0.003255076,
    "p95": 0.003448182,
    "p99": 0.006141063
  },
  "rps": {
    "mean": 16705.811878881006,
    "stddev": 2652.1826366803743,
    "max": 32328.80820098895,
    "percentiles": {
      "p10": 15095.721973030955,
      "p25": 15516.223763567159,
      "p50": 16826.744427593043,
      "p75": 17538.911829785608,
      "p90": 17900.282824468562,
      "p95": 19620.124361557224,
      "p99": 26414.2999587801
    }
  },
  "details": {
    "DNSDialup": {
      "average": 0.0010826476999999998,
      "fastest": 0.00016028,
      "slowest": 0.001873899
    },
    "DNSLookup": {
      "average": 0.000010856599999999997,
      "fastest": 0.000004869,
      "slowest": 0.000067857
    }
  },
  "statusCodeDistribution": {
    "200": 167113
  },
  "errorDistribution": {}
}