{
  "summary": {
    "successRate": 1,
    "total": 10.000221905,
    "slowest": 0.024186005,
    "fastest": 0.000232609,
    "average": 0.0029945130453836477,
    "requestsPerSec": 16657.630358853523,
    "totalData": 2165540,
    "sizePerRequest": 13,
    "sizePerSec": 216549.19466509577
  },
  "responseTimeHistogram": {
    "0.000232609": 1,
    "0.0026279486": 9840,
    "0.0050232882": 151940,
    "0.0074186278": 4449,
    "0.0098139674": 265,
    "0.012209307": 28,
    "0.0146046466": 18,
    "0.0169999862": 8,
    "0.0193953258": 10,
    "0.021790665400000003": 14,
    "0.024186005000000003": 7
  },
  "latencyPercentiles": {
    "p10": 0.002697643,
    "p25": 0.002786541,
    "p50": 0.00291876,
    "p75": 0.003126254,
    "p90": 0.003187144,
    "p95": 0.003379923,
    "p99": 0.006215738
  },
  "rps": {
    "mean": 16653.449645462068,
    "stddev": 2490.983108720576,
    "max": 32701.216806257704,
    "percentiles": {
      "p10": 15421.468225917415,
      "p25": 15657.272737947922,
      "p50": 16846.731147530634,
      "p75": 17414.339067447137,
      "p90": 17761.584742778297,
      "p95": 18229.668785949743,
      "p99": 26086.326806478763
    }
  },
  "details": {
    "DNSDialup": {
      "average": 0.00114241636,
      "fastest": 0.000121767,
      "slowest": 0.002314904
    },
    "DNSLookup": {
      "average": 0.000011435480000000001,
      "fastest": 0.000004618,
      "slowest": 0.000035897
    }
  },
  "statusCodeDistribution": {
    "200": 166580
  },
  "errorDistribution": {}
}