{
  "summary": {
    "successRate": 1,
    "total": 10.001014616,
    "slowest": 0.030292091,
    "fastest": 0.000155502,
    "average": 0.0033439855687005223,
    "requestsPerSec": 14927.785403008553,
    "totalData": 1940809,
    "sizePerRequest": 13,
    "sizePerSec": 194061.21023911118
  },
  "responseTimeHistogram": {
    "0.000155502": 1,
    "0.0031691609": 98197,
    "0.0061828198": 46024,
    "0.0091964787": 3427,
    "0.0122101376": 1356,
    "0.015223796500000001": 194,
    "0.018237455399999998": 48,
    "0.0212511143": 12,
    "0.0242647732": 5,
    "0.0272784321": 12,
    "0.030292091": 17
  },
  "latencyPercentiles": {
    "p10": 0.002735335,
    "p25": 0.002864637,
    "p50": 0.003029639,
    "p75": 0.003309243,
    "p90": 0.004088753,
    "p95": 0.005617373,
    "p99": 0.009776327
  },
  "rps": {
    "mean": 14905.340771601448,
    "stddev": 2981.8247011172193,
    "max": 20966.82336273987,
    "percentiles": {
      "p10": 11530.025247720754,
      "p25": 14658.444684803453,
      "p50": 15917.461455215207,
      "p75": 16545.61626404009,
      "p90": 17013.050711200336,
      "p95": 17247.207331186266,
      "p99": 17662.119440282913
    }
  },
  "details": {
    "DNSDialup": {
      "average": 0.0022839335599999996,
      "fastest": 0.000107801,
      "slowest": 0.004752662
    },
    "DNSLookup": {
      "average": 0.000009470120000000002,
      "fastest": 0.0000049,
      "slowest": 0.000081201
    }
  },
  "statusCodeDistribution": {
    "200": 149293
  },
  "errorDistribution": {}
}