{
  "summary": {
    "successRate": 1,
    "total": 10.00064271,
    "slowest": 0.039101333,
    "fastest": 0.0001995,
    "average": 0.0035973031081932556,
    "requestsPerSec": 13875.208226492075,
    "totalData": 1803893,
    "sizePerRequest": 13,
    "sizePerSec": 180377.70694439698
  },
  "responseTimeHistogram": {
    "0.0001995": 1,
    "0.0040896833": 121753,
    "0.0079798666": 14303,
    "0.0118700499": 2045,
    "0.0157602332": 439,
    "0.0196504165": 135,
    "0.0235405998": 41,
    "0.0274307831": 9,
    "0.031320966400000004": 6,
    "0.0352111497": 12,
    "0.039101333": 17
  },
  "latencyPercentiles": {
    "p10": 0.002976402,
    "p25": 0.003099702,
    "p50": 0.003248902,
    "p75": 0.003509202,
    "p90": 0.004474204,
    "p95": 0.006068604,
    "p99": 0.009564008
  },
  "rps": {
    "mean": 13862.980496039721,
    "stddev": 2776.969420485325,
    "max": 19618.231222274775,
    "percentiles": {
      "p10": 10551.588828098353,
      "p25": 13512.014883634041,
      "p50": 14762.878050191373,
      "p75": 15392.035134883461,
      "p90": 15942.23736367181,
      "p95": 16209.648694035635,
      "p99": 16624.259782299847
    }
  },
  "details": {
    "DNSDialup": {
      "average": 0.00217140578,
      "fastest": 0.0000957,
      "slowest": 0.002470002
    },
    "DNSLookup": {
      "average": 0.00000691002,
      "fastest": 0.0000055,
      "slowest": 0.0000546
    }
  },
  "statusCodeDistribution": {
    "200": 138761
  },
  "errorDistribution": {}
}