{
  "summary": {
    "successRate": 1,
    "total": 10.000317128,
    "slowest": 0.023589402,
    "fastest": 0.000362375,
    "average": 0.0031366271931165175,
    "requestsPerSec": 15901.295725388918,
    "totalData": 2067234,
    "sizePerRequest": 13,
    "sizePerSec": 206716.84443005593
  },
  "responseTimeHistogram": {
    "0.000362375": 1,
    "0.0026850776999999995": 3367,
    "0.005007780399999999": 150967,
    "0.007330483099999998": 4306,
    "0.009653185799999998": 266,
    "0.011975888499999999": 48,
    "0.014298591199999997": 21,
    "0.0166212939": 8,
    "0.0189439966": 9,
    "0.021266699299999997": 12,
    "0.023589402": 13
  },
  "latencyPercentiles": {
    "p10": 0.00286164,
    "p25": 0.002946588,
    "p50": 0.003037189,
    "p75": 0.003133941,
    "p90": 0.003271258,
    "p95": 0.003486266,
    "p99": 0.006191915
  },
  "rps": {
    "mean": 15899.386781925232,
    "stddev": 1708.72168786631,
    "max": 25016.996989819916,
    "percentiles": {
      "p10": 15267.413263263914,
      "p25": 15706.137364468617,
      "p50": 16137.467973140278,
      "p75": 16461.92317019767,
      "p90": 16810.607493328385,
      "p95": 17016.70700293527,
      "p99": 19064.893083076397
    }
  },
  "details": {
    "DNSDialup": {
      "average": 0.0012331352599999998,
      "fastest": 0.000158862,
      "slowest": 0.001928158
    },
    "DNSLookup": {
      "average": 0.000012494040000000002,
      "fastest": 0.000004789,
      "slowest": 0.000045054
    }
  },
  "statusCodeDistribution": {
    "200": 159018
  },
  "errorDistribution": {}
}