{
  "summary": {
    "successRate": 1,
    "total": 10.000212608,
    "slowest": 0.021881357,
    "fastest": 0.00021698,
    "average": 0.003058366093868593,
    "requestsPerSec": 16307.553288371046,
    "totalData": 2120027,
    "sizePerRequest": 13,
    "sizePerSec": 211998.1927488236
  },
  "responseTimeHistogram": {
    "0.00021698": 1,
    "0.0023834177": 6599,
    "0.0045498554": 151502,
    "0.0067162931": 4505,
    "0.0088827308": 269,
    "0.0110491685": 140,
    "0.0132156062": 20,
    "0.015382043900000001": 9,
    "0.0175484816": 8,
    "0.019714919299999998": 13,
    "0.021881356999999997": 13
  },
  "latencyPercentiles": {
    "p10": 0.002818191,
    "p25": 0.002927868,
    "p50": 0.003019679,
    "p75": 0.003079973,
    "p90": 0.003191562,
    "p95": 0.003329391,
    "p99": 0.00611037
  },
  "rps": {
    "mean": 16303.17191914932,
    "stddev": 2169.5108618592976,
    "max": 30898.519930800903,
    "percentiles": {
      "p10": 15643.035555115808,
      "p25": 15974.954486450331,
      "p50": 16256.210725445631,
      "p75": 16587.722511732187,
      "p90": 17028.635353210375,
      "p95": 17577.76049688822,
      "p99": 25018.438589242072
    }
  },
  "details": {
    "DNSDialup": {
      "average": 0.00113110054,
      "fastest": 0.000117412,
      "slowest": 0.002264315
    },
    "DNSLookup": {
      "average": 0.000010043500000000003,
      "fastest": 0.000004608,
      "slowest": 0.000046978
    }
  },
  "statusCodeDistribution": {
    "200": 163079
  },
  "errorDistribution": {}
}