{
  "summary": {
    "successRate": 1,
    "total": 10.000667561,
    "slowest": 0.179874919,
    "fastest": 0.000916907,
    "average": 0.002836601338078474,
    "requestsPerSec": 17588.825838583438,
    "totalData": 2286700,
    "sizePerRequest": 13,
    "sizePerSec": 228654.73590158467
  },
  "responseTimeHistogram": {
    "0.000916907": 1,
    "0.0188127082": 175857,
    "0.0367085094": 7,
    "0.0546043106": 6,
    "0.07250011179999999": 6,
    "0.090395913": 4,
    "0.10829171419999999": 4,
    "0.12618751539999998": 4,
    "0.14408331659999998": 4,
    "0.1619791178": 3,
    "0.179874919": 4
  },
  "latencyPercentiles": {
    "p10": 0.002604725,
    "p25": 0.002667454,
    "p50": 0.002737947,
    "p75": 0.002823497,
    "p90": 0.002935208,
    "p95": 0.003066836,
    "p99": 0.005493967
  },
  "rps": {
    "mean": 17586.515053932373,
    "stddev": 1728.9161932909408,
    "max": 20604.261684978675,
    "percentiles": {
      "p10": 17054.43092172972,
      "p25": 17529.276662457967,
      "p50": 17879.966361554798,
      "p75": 18188.616759716566,
      "p90": 18458.098711504474,
      "p95": 18651.154521506578,
      "p99": 19037.421860150385
    }
  },
  "details": {
    "DNSDialup": {
      "average": 0.00067433576,
      "fastest": 0.000086152,
      "slowest": 0.001151759
    },
    "DNSLookup": {
      "average": 0.000006702100000000002,
      "fastest": 0.000003136,
      "slowest": 0.000032341
    }
  },
  "statusCodeDistribution": {
    "200": 175900
  },
  "errorDistribution": {}
}