{
  "summary": {
    "successRate": 1,
    "total": 10.000200011,
    "slowest": 0.021308171,
    "fastest": 0.000340185,
    "average": 0.002922752916257008,
    "requestsPerSec": 17067.358634053224,
    "totalData": 2218801,
    "sizePerRequest": 13,
    "sizePerSec": 221875.6622426919
  },
  "responseTimeHistogram": {
    "0.000340185": 1,
    "0.0024369836000000004": 514,
    "0.0045337822": 165068,
    "0.006630580800000001": 4630,
    "0.0087273794": 373,
    "0.010824178": 31,
    "0.012920976600000002": 19,
    "0.015017775200000002": 7,
    "0.0171145738": 7,
    "0.019211372400000003": 13,
    "0.021308171": 14
  },
  "latencyPercentiles": {
    "p10": 0.002643385,
    "p25": 0.002702867,
    "p50": 0.002794677,
    "p75": 0.002938065,
    "p90": 0.003115769,
    "p95": 0.00331471,
    "p99": 0.005828015
  },
  "rps": {
    "mean": 17063.28096219992,
    "stddev": 1776.9729485537584,
    "max": 22207.946163918892,
    "percentiles": {
      "p10": 15796.68995957399,
      "p25": 16877.48622701714,
      "p50": 17530.429319212704,
      "p75": 17916.771890165248,
      "p90": 18161.76270643293,
      "p95": 18314.11835383961,
      "p99": 18617.937184892056
    }
  },
  "details": {
    "DNSDialup": {
      "average": 0.0008349443999999999,
      "fastest": 0.000133037,
      "slowest": 0.00117733
    },
    "DNSLookup": {
      "average": 0.000007456459999999997,
      "fastest": 0.000004027,
      "slowest": 0.000030897
    }
  },
  "statusCodeDistribution": {
    "200": 170677
  },
  "errorDistribution": {}
}