{
  "summary": {
    "successRate": 1,
    "total": 10.000381815,
    "slowest": 0.022044372,
    "fastest": 0.000348545,
    "average": 0.0028385601649964062,
    "requestsPerSec": 17571.22910411596,
    "totalData": 2284347,
    "sizePerRequest": 13,
    "sizePerSec": 228425.97835350747
  },
  "responseTimeHistogram": {
    "0.000348545": 1,
    "0.0025181277": 41068,
    "0.0046877104": 129892,
    "0.0068572931": 4286,
    "0.0090268758": 378,
    "0.011196458500000001": 32,
    "0.0133660412": 20,
    "0.0155356239": 7,
    "0.0177052066": 10,
    "0.019874789299999997": 15,
    "0.022044372": 10
  },
  "latencyPercentiles": {
    "p10": 0.001854678,
    "p25": 0.002721109,
    "p50": 0.002939648,
    "p75": 0.003092816,
    "p90": 0.003222351,
    "p95": 0.003415871,
    "p99": 0.006146178
  },
  "rps": {
    "mean": 17567.167804563287,
    "stddev": 3988.7739494932803,
    "max": 32321.74930510768,
    "percentiles": {
      "p10": 15223.549308424921,
      "p25": 15818.631183808919,
      "p50": 16540.441379171985,
      "p75": 17150.855717373983,
      "p90": 24982.592450641874,
      "p95": 26343.194936737164,
      "p99": 27849.943303322958
    }
  },
  "details": {
    "DNSDialup": {
      "average": 0.00109941702,
      "fastest": 0.000138667,
      "slowest": 0.00201677
    },
    "DNSLookup": {
      "average": 0.000009623,
      "fastest": 0.000004669,
      "slowest": 0.000046557
    }
  },
  "statusCodeDistribution": {
    "200": 175719
  },
  "errorDistribution": {}
}