{
  "summary": {
    "successRate": 1,
    "total": 10.000263646,
    "slowest": 0.024191703,
    "fastest": 0.001196129,
    "average": 0.0030984936010100494,
    "requestsPerSec": 16097.475596494887,
    "totalData": 2092727,
    "sizePerRequest": 13,
    "sizePerSec": 209267.18275443354
  },
  "responseTimeHistogram": {
    "0.001196129": 1,
    "0.0034956863999999997": 154437,
    "0.0057952438": 2949,
    "0.0080948012": 3322,
    "0.0103943586": 194,
    "0.012693916": 25,
    "0.0149934734": 14,
    "0.0172930308": 7,
    "0.0195925882": 11,
    "0.0218921456": 13,
    "0.024191703": 6
  },
  "latencyPercentiles": {
    "p10": 0.002820206,
    "p25": 0.002894504,
    "p50": 0.002988115,
    "p75": 0.003101974,
    "p90": 0.0031921,
    "p95": 0.003363584,
    "p99": 0.006203883
  },
  "rps": {
    "mean": 16096.14391159061,
    "stddev": 1631.9733063929802,
    "max": 17989.63154018536,
    "percentiles": {
      "p10": 15503.798430616156,
      "p25": 15868.97768530473,
      "p50": 16415.399286070482,
      "p75": 16785.992963351357,
      "p90": 17057.79179861281,
      "p95": 17195.419100127965,
      "p99": 17494.419129483795
    }
  },
  "details": {
    "DNSDialup": {
      "average": 0.0010756699800000002,
      "fastest": 0.000115695,
      "slowest": 0.002191211
    },
    "DNSLookup": {
      "average": 0.00001066594,
      "fastest": 0.000004678,
      "slowest": 0.000042069
    }
  },
  "statusCodeDistribution": {
    "200": 160979
  },
  "errorDistribution": {}
}