{
  "summary": {
    "successRate": 1,
    "total": 10.000795424,
    "slowest": 0.17380503,
    "fastest": 0.000288018,
    "average": 0.0028681126666570992,
    "requestsPerSec": 17396.3162552539,
    "totalData": 2261701,
    "sizePerRequest": 13,
    "sizePerSec": 226152.11131830068
  },
  "responseTimeHistogram": {
    "0.000288018": 1,
    "0.0176397192": 173934,
    "0.0349914204": 7,
    "0.0523431216": 6,
    "0.0696948228": 6,
    "0.087046524": 5,
    "0.1043982252": 4,
    "0.1217499264": 4,
    "0.1391016276": 3,
    "0.1564533288": 3,
    "0.17380503": 4
  },
  "latencyPercentiles": {
    "p10": 0.002665462,
    "p25": 0.00269626,
    "p50": 0.002734351,
    "p75": 0.002802937,
    "p90": 0.002945043,
    "p95": 0.003184464,
    "p99": 0.005502344
  },
  "rps": {
    "mean": 17391.204186784602,
    "stddev": 1979.2135726658987,
    "max": 21681.3397140735,
    "percentiles": {
      "p10": 16954.152238397768,
      "p25": 17584.675487876848,
      "p50": 17863.361342680157,
      "p75": 18054.78000802351,
      "p90": 18212.871035962056,
      "p95": 18310.649473733993,
      "p99": 18900.667193550464
    }
  },
  "details": {
    "DNSDialup": {
      "average": 0.0006743668800000002,
      "fastest": 0.00009176,
      "slowest": 0.001327667
    },
    "DNSLookup": {
      "average": 0.0000073404800000000006,
      "fastest": 0.000003977,
      "slowest": 0.000030207
    }
  },
  "statusCodeDistribution": {
    "200": 173977
  },
  "errorDistribution": {}
}