{
  "summary": {
    "successRate": 1,
    "total": 10.000353359,
    "slowest": 0.022910142,
    "fastest": 0.00035939,
    "average": 0.0031821329425008324,
    "requestsPerSec": 15674.446129339018,
    "totalData": 2037750,
    "sizePerRequest": 13,
    "sizePerSec": 203767.79968140722
  },
  "responseTimeHistogram": {
    "0.00035939": 1,
    "0.0026144652": 978,
    "0.0048695404000000005": 150825,
    "0.007124615600000001": 4590,
    "0.0093796908": 227,
    "0.011634766": 59,
    "0.013889841200000001": 29,
    "0.0161449164": 8,
    "0.018399991600000002": 8,
    "0.020655066800000003": 12,
    "0.022910142": 13
  },
  "latencyPercentiles": {
    "p10": 0.002977404,
    "p25": 0.003036827,
    "p50": 0.003072681,
    "p75": 0.003112447,
    "p90": 0.003224697,
    "p95": 0.003427502,
    "p99": 0.006168027
  },
  "rps": {
    "mean": 15673.585173767835,
    "stddev": 1489.3165201175834,
    "max": 21533.78435427301,
    "percentiles": {
      "p10": 15457.061287448729,
      "p25": 15753.34555405014,
      "p50": 15936.42109677458,
      "p75": 16084.192706722715,
      "p90": 16254.082207729583,
      "p95": 16425.836197754736,
      "p99": 16858.13189621861
    }
  },
  "details": {
    "DNSDialup": {
      "average": 0.0010891959199999998,
      "fastest": 0.000103093,
      "slowest": 0.002313862
    },
    "DNSLookup": {
      "average": 0.000008942179999999999,
      "fastest": 0.000003206,
      "slowest": 0.000063509
    }
  },
  "statusCodeDistribution": {
    "200": 156750
  },
  "errorDistribution": {}
}