{
  "summary": {
    "successRate": 1,
    "total": 10.000653922,
    "slowest": 0.190691475,
    "fastest": 0.000570936,
    "average": 0.002993109691052147,
    "requestsPerSec": 16663.21035601576,
    "totalData": 2166359,
    "sizePerRequest": 13,
    "sizePerSec": 216621.73462820484
  },
  "responseTimeHistogram": {
    "0.000570936": 1,
    "0.0195829899": 166600,
    "0.0385950438": 7,
    "0.0576070977": 6,
    "0.07661915159999999": 6,
    "0.09563120549999998": 4,
    "0.11464325939999999": 4,
    "0.1336553133": 4,
    "0.1526673672": 4,
    "0.17167942109999998": 3,
    "0.19069147499999997": 4
  },
  "latencyPercentiles": {
    "p10": 0.00268988,
    "p25": 0.002864021,
    "p50": 0.002987191,
    "p75": 0.003066975,
    "p90": 0.003189828,
    "p95": 0.003318139,
    "p99": 0.005962063
  },
  "rps": {
    "mean": 16661.026350613978,
    "stddev": 2786.1695975238304,
    "max": 29930.74486112175,
    "percentiles": {
      "p10": 15635.77465240478,
      "p25": 16024.705288141942,
      "p50": 16375.319921511138,
      "p75": 16902.026552983607,
      "p90": 17423.565372166155,
      "p95": 18370.14640404295,
      "p99": 28260.630356366142
    }
  },
  "details": {
    "DNSDialup": {
      "average": 0.00071828748,
      "fastest": 0.000125945,
      "slowest": 0.001030352
    },
    "DNSLookup": {
      "average": 0.00000740578,
      "fastest": 0.000003577,
      "slowest": 0.000029185
    }
  },
  "statusCodeDistribution": {
    "200": 166643
  },
  "errorDistribution": {}
}