{
  "summary": {
    "successRate": 1,
    "total": 10.000612672,
    "slowest": 0.022260899,
    "fastest": 0.000252477,
    "average": 0.003091398012430802,
    "requestsPerSec": 16136.311373383824,
    "totalData": 2097849,
    "sizePerRequest": 13,
    "sizePerSec": 209772.0478539897
  },
  "responseTimeHistogram": {
    "0.000252477": 1,
    "0.0024533192": 4548,
    "0.0046541614": 151777,
    "0.0068550035999999995": 4486,
    "0.009055845799999998": 392,
    "0.011256687999999999": 103,
    "0.013457530199999998": 23,
    "0.0156583724": 7,
    "0.0178592146": 8,
    "0.0200600568": 13,
    "0.022260899": 15
  },
  "latencyPercentiles": {
    "p10": 0.002717157,
    "p25": 0.002796282,
    "p50": 0.002976177,
    "p75": 0.003235515,
    "p90": 0.003322984,
    "p95": 0.00353277,
    "p99": 0.006396911
  },
  "rps": {
    "mean": 16133.880634358457,
    "stddev": 2176.374069479234,
    "max": 29612.922959120304,
    "percentiles": {
      "p10": 14751.387935009707,
      "p25": 15116.153121224965,
      "p50": 16246.440450025884,
      "p75": 17377.26278579853,
      "p90": 17750.601640096018,
      "p95": 17960.58824839684,
      "p99": 22756.29224011371
    }
  },
  "details": {
    "DNSDialup": {
      "average": 0.0008818797200000002,
      "fastest": 0.000169926,
      "slowest": 0.001346274
    },
    "DNSLookup": {
      "average": 0.000009517800000000002,
      "fastest": 0.000004147,
      "slowest": 0.00005293
    }
  },
  "statusCodeDistribution": {
    "200": 161373
  },
  "errorDistribution": {}
}