{
  "summary": {
    "successRate": 1,
    "total": 10.000706014,
    "slowest": 0.021700158,
    "fastest": 0.000125699,
    "average": 0.0013719590697178026,
    "requestsPerSec": 36389.83082699785,
    "totalData": 4731012,
    "sizePerRequest": 13,
    "sizePerSec": 473067.80075097206
  },
  "responseTimeHistogram": {
    "0.000125699": 1,
    "0.0022831449": 352615,
    "0.0044405908": 8895,
    "0.0065980367": 1336,
    "0.0087554826": 701,
    "0.010912928499999999": 185,
    "0.0130703744": 135,
    "0.0152278203": 19,
    "0.0173852662": 7,
    "0.019542712099999998": 12,
    "0.021700157999999997": 18
  },
  "latencyPercentiles": {
    "p10": 0.001244997,
    "p25": 0.001258998,
    "p50": 0.001277398,
    "p75": 0.001299997,
    "p90": 0.001399398,
    "p95": 0.001588597,
    "p99": 0.003455093
  },
  "rps": {
    "mean": 36347.73460344512,
    "stddev": 6706.183465150909,
    "max": 39916.04625059179,
    "percentiles": {
      "p10": 35970.57426671125,
      "p25": 37514.32672137492,
      "p50": 38211.26738951455,
      "p75": 38830.75395713421,
      "p90": 39150.974568889214,
      "p95": 39271.54883482032,
      "p99": 39421.76081196985
    }
  },
  "details": {
    "DNSDialup": {
      "average": 0.0012795915399999999,
      "fastest": 0.0000673,
      "slowest": 0.001420797
    },
    "DNSLookup": {
      "average": 0.000004476,
      "fastest": 0.000003,
      "slowest": 0.0000594
    }
  },
  "statusCodeDistribution": {
    "200": 363924
  },
  "errorDistribution": {}
}