{
  "summary": {
    "successRate": 1,
    "total": 10.00037537,
    "slowest": 0.005654867,
    "fastest": 0.000243773,
    "average": 0.0009751372452708307,
    "requestsPerSec": 51185.57864693433,
    "totalData": 6654375,
    "sizePerRequest": 13,
    "sizePerSec": 665412.5224101463
  },
  "responseTimeHistogram": {
    "0.000243773": 1,
    "0.0007848824": 49345,
    "0.0013259918000000002": 459446,
    "0.0018671012000000002": 2787,
    "0.0024082106000000002": 132,
    "0.00294932": 96,
    "0.0034904294000000003": 21,
    "0.004031538800000001": 5,
    "0.0045726482": 18,
    "0.0051137576": 20,
    "0.005654867": 4
  },
  "latencyPercentiles": {
    "p10": 0.000794964,
    "p25": 0.000912934,
    "p50": 0.000997218,
    "p75": 0.001064696,
    "p90": 0.001122838,
    "p95": 0.001170585,
    "p99": 0.001285388
  },
  "rps": {
    "mean": 51199.980365801464,
    "stddev": 5673.802539571289,
    "max": 83148.59203717657,
    "percentiles": {
      "p10": 47885.3556464388,
      "p25": 48863.68707210339,
      "p50": 49881.051720941156,
      "p75": 50959.981307958864,
      "p90": 56712.52779739057,
      "p95": 63863.454728617515,
      "p99": 73886.58769211771
    }
  },
  "details": {
    "DNSDialup": {
      "average": 0.0010199674399999996,
      "fastest": 0.000097098,
      "slowest": 0.001597856
    },
    "DNSLookup": {
      "average": 0.0000111867,
      "fastest": 0.000004539,
      "slowest": 0.00006948
    }
  },
  "statusCodeDistribution": {
    "200": 511875
  },
  "errorDistribution": {}
}