{
  "summary": {
    "successRate": 1,
    "total": 10.000653795,
    "slowest": 0.004864264,
    "fastest": 0.000270991,
    "average": 0.0009899662898843946,
    "requestsPerSec": 50416.803774577624,
    "totalData": 6554613,
    "sizePerRequest": 13,
    "sizePerSec": 655418.449069509
  },
  "responseTimeHistogram": {
    "0.000270991": 1,
    "0.0007303183000000001": 31516,
    "0.0011896456": 455929,
    "0.0016489729000000002": 16206,
    "0.0021083002": 362,
    "0.0025676275": 105,
    "0.0030269548000000004": 27,
    "0.0034862821000000003": 8,
    "0.0039456094": 6,
    "0.004404936700000001": 24,
    "0.004864264": 17
  },
  "latencyPercentiles": {
    "p10": 0.000819894,
    "p25": 0.000927075,
    "p50": 0.001007639,
    "p75": 0.001077495,
    "p90": 0.001125275,
    "p95": 0.00116456,
    "p99": 0.001275466
  },
  "rps": {
    "mean": 50413.43693656993,
    "stddev": 3643.951716811959,
    "max": 68994.55153942792,
    "percentiles": {
      "p10": 47816.00879974618,
      "p25": 48561.852352988615,
      "p50": 49564.46850418312,
      "p75": 51703.74940875947,
      "p90": 54539.19186327134,
      "p95": 57274.28474731722,
      "p99": 62402.65286639856
    }
  },
  "details": {
    "DNSDialup": {
      "average": 0.0009561475,
      "fastest": 0.000210985,
      "slowest": 0.001188002
    },
    "DNSLookup": {
      "average": 0.0000087723,
      "fastest": 0.000003677,
      "slowest": 0.000061705
    }
  },
  "statusCodeDistribution": {
    "200": 504201
  },
  "errorDistribution": {}
}