{
  "summary": {
    "successRate": 1,
    "total": 10.000232995,
    "slowest": 0.004821336,
    "fastest": 0.000129868,
    "average": 0.000942863762356504,
    "requestsPerSec": 52934.36665572411,
    "totalData": 6881628,
    "sizePerRequest": 13,
    "sizePerSec": 688146.7665244134
  },
  "responseTimeHistogram": {
    "0.000129868": 1,
    "0.0005990148": 35907,
    "0.0010681616": 378083,
    "0.0015373084": 114471,
    "0.0020064552": 684,
    "0.002475602": 75,
    "0.0029447488": 62,
    "0.0034138956": 23,
    "0.0038830424": 5,
    "0.0043521892": 31,
    "0.004821336": 14
  },
  "latencyPercentiles": {
    "p10": 0.000625061,
    "p25": 0.000877322,
    "p50": 0.000979098,
    "p75": 0.001058468,
    "p90": 0.001117116,
    "p95": 0.001163451,
    "p99": 0.001282734
  },
  "rps": {
    "mean": 52917.25526479925,
    "stddev": 7557.458059656707,
    "max": 82060.83169452653,
    "percentiles": {
      "p10": 47941.29332342162,
      "p25": 49105.23461801048,
      "p50": 50130.70505684656,
      "p75": 52989.087264477894,
      "p90": 65254.67036283411,
      "p95": 70505.26674342465,
      "p99": 77846.54444892758
    }
  },
  "details": {
    "DNSDialup": {
      "average": 0.00100413874,
      "fastest": 0.000104506,
      "slowest": 0.001730149
    },
    "DNSLookup": {
      "average": 0.0000100845,
      "fastest": 0.000004198,
      "slowest": 0.000046818
    }
  },
  "statusCodeDistribution": {
    "200": 529356
  },
  "errorDistribution": {}
}