{
  "summary": {
    "successRate": 1,
    "total": 10.000553738,
    "slowest": 0.005051589,
    "fastest": 0.00016221,
    "average": 0.0009958745181320263,
    "requestsPerSec": 50115.724901872425,
    "totalData": 6515405,
    "sizePerRequest": 13,
    "sizePerSec": 651504.4237243416
  },
  "responseTimeHistogram": {
    "0.00016221": 1,
    "0.0006511479": 15706,
    "0.0011400858000000002": 442330,
    "0.0016290237000000003": 42521,
    "0.0021179616": 450,
    "0.0026068995": 85,
    "0.0030958374000000003": 37,
    "0.0035847753": 8,
    "0.004073713200000001": 5,
    "0.0045626511000000005": 24,
    "0.005051589": 18
  },
  "latencyPercentiles": {
    "p10": 0.000831127,
    "p25": 0.00093188,
    "p50": 0.001013029,
    "p75": 0.001081853,
    "p90": 0.001131584,
    "p95": 0.001172526,
    "p99": 0.00128786
  },
  "rps": {
    "mean": 50116.06146478906,
    "stddev": 3719.1354335928963,
    "max": 69973.3810847447,
    "percentiles": {
      "p10": 47342.21979161023,
      "p25": 48277.65694981106,
      "p50": 49198.05167683193,
      "p75": 51525.15458046176,
      "p90": 54722.17889910687,
      "p95": 56605.37751086725,
      "p99": 62473.79782889252
    }
  },
  "details": {
    "DNSDialup": {
      "average": 0.00093709208,
      "fastest": 0.000174923,
      "slowest": 0.001523159
    },
    "DNSLookup": {
      "average": 0.00000953788,
      "fastest": 0.000003807,
      "slowest": 0.000082575
    }
  },
  "statusCodeDistribution": {
    "200": 501185
  },
  "errorDistribution": {}
}