{
  "summary": {
    "successRate": 1,
    "total": 10.000266033,
    "slowest": 0.005138273,
    "fastest": 0.000135579,
    "average": 0.0010165942354899064,
    "requestsPerSec": 49098.893807398366,
    "totalData": 6383026,
    "sizePerRequest": 13,
    "sizePerSec": 638285.6194961788
  },
  "responseTimeHistogram": {
    "0.000135579": 1,
    "0.0006358484": 6946,
    "0.0011361178": 427017,
    "0.0016363871999999998": 56524,
    "0.0021366565999999996": 389,
    "0.0026369259999999995": 21,
    "0.0031371953999999994": 58,
    "0.0036374647999999994": 3,
    "0.0041377342": 12,
    "0.004638003599999999": 18,
    "0.005138273": 13
  },
  "latencyPercentiles": {
    "p10": 0.000885629,
    "p25": 0.000945228,
    "p50": 0.001025789,
    "p75": 0.001086532,
    "p90": 0.001146629,
    "p95": 0.001196136,
    "p99": 0.001307273
  },
  "rps": {
    "mean": 49097.97966940038,
    "stddev": 3152.9675684255913,
    "max": 74637.84821996109,
    "percentiles": {
      "p10": 47151.33255521967,
      "p25": 48092.741279225644,
      "p50": 48920.87453716389,
      "p75": 49709.12146343756,
      "p90": 50642.78302309446,
      "p95": 52032.46095283305,
      "p99": 64747.50380805826
    }
  },
  "details": {
    "DNSDialup": {
      "average": 0.0010024805600000004,
      "fastest": 0.000179865,
      "slowest": 0.001638614
    },
    "DNSLookup": {
      "average": 0.00000971168,
      "fastest": 0.000004459,
      "slowest": 0.000047017
    }
  },
  "statusCodeDistribution": {
    "200": 491002
  },
  "errorDistribution": {}
}