{
  "summary": {
    "successRate": 1,
    "total": 10.0006521,
    "slowest": 0.005186942,
    "fastest": 0.000152798,
    "average": 0.0008947884662939647,
    "requestsPerSec": 55803.86103022222,
    "totalData": 7254975,
    "sizePerRequest": 13,
    "sizePerSec": 725450.1933928889
  },
  "responseTimeHistogram": {
    "0.000152798": 1,
    "0.0006562124": 98833,
    "0.0011596268": 437057,
    "0.0016630412000000002": 21215,
    "0.0021664556": 717,
    "0.00266987": 129,
    "0.0031732844000000003": 42,
    "0.0036766988000000002": 31,
    "0.0041801132": 23,
    "0.0046835276": 18,
    "0.005186942": 9
  },
  "latencyPercentiles": {
    "p10": 0.000606695,
    "p25": 0.000712253,
    "p50": 0.000939924,
    "p75": 0.001042151,
    "p90": 0.00110295,
    "p95": 0.001144676,
    "p99": 0.001283429
  },
  "rps": {
    "mean": 55799.37248379198,
    "stddev": 7988.089856858628,
    "max": 81413.52324742448,
    "percentiles": {
      "p10": 48807.628632354565,
      "p25": 50290.791068073995,
      "p50": 53366.62823534856,
      "p75": 60199.99821703659,
      "p90": 67528.95379261124,
      "p95": 71124.71583875372,
      "p99": 78631.10646571624
    }
  },
  "details": {
    "DNSDialup": {
      "average": 0.0008063266199999999,
      "fastest": 0.000079829,
      "slowest": 0.001209051
    },
    "DNSLookup": {
      "average": 0.000007277459999999998,
      "fastest": 0.000002866,
      "slowest": 0.000032601
    }
  },
  "statusCodeDistribution": {
    "200": 558075
  },
  "errorDistribution": {}
}