{
  "summary": {
    "successRate": 1,
    "total": 10.000146029,
    "slowest": 0.005384449,
    "fastest": 0.000175065,
    "average": 0.0009316269652073429,
    "requestsPerSec": 53576.61762601047,
    "totalData": 6965062,
    "sizePerRequest": 13,
    "sizePerSec": 696496.0291381361
  },
  "responseTimeHistogram": {
    "0.000175065": 1,
    "0.0006960034": 82019,
    "0.0012169418": 444696,
    "0.0017378802": 8479,
    "0.0022588186": 418,
    "0.002779757": 94,
    "0.0033006954": 18,
    "0.0038216338": 5,
    "0.0043425722": 21,
    "0.004863510600000001": 17,
    "0.005384449": 6
  },
  "latencyPercentiles": {
    "p10": 0.00062611,
    "p25": 0.000862693,
    "p50": 0.000966891,
    "p75": 0.001049011,
    "p90": 0.001102439,
    "p95": 0.001145667,
    "p99": 0.001258664
  },
  "rps": {
    "mean": 53568.949705098385,
    "stddev": 6303.054699012874,
    "max": 79025.817734651,
    "percentiles": {
      "p10": 48227.93424115906,
      "p25": 49647.41824916972,
      "p50": 51114.61168754853,
      "p75": 56890.15382676678,
      "p90": 62547.36712111927,
      "p95": 66244.48317044773,
      "p99": 72577.07685562113
    }
  },
  "details": {
    "DNSDialup": {
      "average": 0.0009269668200000002,
      "fastest": 0.000097332,
      "slowest": 0.001451068
    },
    "DNSLookup": {
      "average": 0.0000086792,
      "fastest": 0.000004969,
      "slowest": 0.000032861
    }
  },
  "statusCodeDistribution": {
    "200": 535774
  },
  "errorDistribution": {}
}