{
  "summary": {
    "successRate": 1,
    "total": 10.000602164,
    "slowest": 0.005146066,
    "fastest": 0.000248173,
    "average": 0.000994489967242459,
    "requestsPerSec": 50189.9777402244,
    "totalData": 6525090,
    "sizePerRequest": 13,
    "sizePerSec": 652469.7106229173
  },
  "responseTimeHistogram": {
    "0.000248173": 1,
    "0.0007379623000000001": 15761,
    "0.0012277516": 478253,
    "0.0017175409": 7481,
    "0.0022073302": 278,
    "0.0026971195": 56,
    "0.0031869088": 26,
    "0.0036766981": 38,
    "0.0041664874": 4,
    "0.0046562767": 21,
    "0.005146066": 11
  },
  "latencyPercentiles": {
    "p10": 0.000861827,
    "p25": 0.0009282,
    "p50": 0.001004611,
    "p75": 0.00106648,
    "p90": 0.001115314,
    "p95": 0.00115714,
    "p99": 0.001261375
  },
  "rps": {
    "mean": 50189.729152537686,
    "stddev": 2820.699678676535,
    "max": 60673.7025914657,
    "percentiles": {
      "p10": 47955.39195523473,
      "p25": 48949.79125622295,
      "p50": 49913.03728533701,
      "p75": 51445.40571508389,
      "p90": 53105.49110778321,
      "p95": 54550.33652506441,
      "p99": 56917.490744905976
    }
  },
  "details": {
    "DNSDialup": {
      "average": 0.00079042656,
      "fastest": 0.000088266,
      "slowest": 0.001277032
    },
    "DNSLookup": {
      "average": 0.0000080837,
      "fastest": 0.000003586,
      "slowest": 0.000040165
    }
  },
  "statusCodeDistribution": {
    "200": 501930
  },
  "errorDistribution": {}
}