{
  "summary": {
    "successRate": 1,
    "total": 10.000279545,
    "slowest": 0.005981522,
    "fastest": 0.000144302,
    "average": 0.0009757707939962353,
    "requestsPerSec": 51149.570139341544,
    "totalData": 6649630,
    "sizePerRequest": 13,
    "sizePerSec": 664944.41181144
  },
  "responseTimeHistogram": {
    "0.000144302": 1,
    "0.0007280240000000001": 42250,
    "0.0013117460000000001": 465740,
    "0.0018954680000000002": 3272,
    "0.00247919": 158,
    "0.003062912": 24,
    "0.003646634": 18,
    "0.004230356": 27,
    "0.004814078": 19,
    "0.0053978": 0,
    "0.005981522": 1
  },
  "latencyPercentiles": {
    "p10": 0.000788635,
    "p25": 0.000911901,
    "p50": 0.000997488,
    "p75": 0.001065809,
    "p90": 0.001122816,
    "p95": 0.001173188,
    "p99": 0.001278586
  },
  "rps": {
    "mean": 51146.29499488034,
    "stddev": 4730.923234406408,
    "max": 76057.9028814633,
    "percentiles": {
      "p10": 48093.1949932577,
      "p25": 49016.248886506124,
      "p50": 49850.810120982984,
      "p75": 51320.82085702251,
      "p90": 57353.355826920095,
      "p95": 61785.087075648116,
      "p99": 67070.32882058239
    }
  },
  "details": {
    "DNSDialup": {
      "average": 0.0005958451000000002,
      "fastest": 0.000051366,
      "slowest": 0.00142987
    },
    "DNSLookup": {
      "average": 0.000020913239999999998,
      "fastest": 0.000003236,
      "slowest": 0.000466908
    }
  },
  "statusCodeDistribution": {
    "200": 511510
  },
  "errorDistribution": {}
}