{
  "summary": {
    "successRate": 1,
    "total": 10.000153233,
    "slowest": 0.004967107,
    "fastest": 0.000292765,
    "average": 0.0009860638911824242,
    "requestsPerSec": 50619.72433877803,
    "totalData": 6580665,
    "sizePerRequest": 13,
    "sizePerSec": 658056.4164041145
  },
  "responseTimeHistogram": {
    "0.000292765": 1,
    "0.0007601992": 27036,
    "0.0012276334": 470628,
    "0.0016950676": 8202,
    "0.0021625018": 217,
    "0.002629936": 15,
    "0.0030973702": 43,
    "0.0035648043999999997": 21,
    "0.0040322386": 20,
    "0.0044996728": 13,
    "0.004967107": 9
  },
  "latencyPercentiles": {
    "p10": 0.000850227,
    "p25": 0.000920752,
    "p50": 0.001001416,
    "p75": 0.001063166,
    "p90": 0.001118849,
    "p95": 0.001160425,
    "p99": 0.001263489
  },
  "rps": {
    "mean": 50618.28059389669,
    "stddev": 3884.962911156073,
    "max": 74631.464282436,
    "percentiles": {
      "p10": 48272.72642246623,
      "p25": 49134.79234646004,
      "p50": 49874.243502742705,
      "p75": 50806.22376240799,
      "p90": 53139.34604190062,
      "p95": 59345.27950115318,
      "p99": 66263.80541823871
    }
  },
  "details": {
    "DNSDialup": {
      "average": 0.0009898441399999998,
      "fastest": 0.000299776,
      "slowest": 0.001519251
    },
    "DNSLookup": {
      "average": 0.000007741019999999999,
      "fastest": 0.000004349,
      "slowest": 0.000051105
    }
  },
  "statusCodeDistribution": {
    "200": 506205
  },
  "errorDistribution": {}
}