{
  "summary": {
    "successRate": 1,
    "total": 10.000191438,
    "slowest": 0.005192609,
    "fastest": 0.000230169,
    "average": 0.000929666058776732,
    "requestsPerSec": 53686.872229255416,
    "totalData": 6979427,
    "sizePerRequest": 13,
    "sizePerSec": 697929.3389803205
  },
  "responseTimeHistogram": {
    "0.000230169": 1,
    "0.0007264130000000001": 86094,
    "0.0012226570000000003": 441933,
    "0.0017189010000000001": 8508,
    "0.0022151450000000004": 179,
    "0.0027113890000000002": 90,
    "0.0032076330000000005": 9,
    "0.003703877000000001": 21,
    "0.004200121": 11,
    "0.004696365": 20,
    "0.005192609": 13
  },
  "latencyPercentiles": {
    "p10": 0.000617968,
    "p25": 0.000865808,
    "p50": 0.000965159,
    "p75": 0.001043337,
    "p90": 0.001098989,
    "p95": 0.001146217,
    "p99": 0.001260569
  },
  "rps": {
    "mean": 53683.211911831415,
    "stddev": 7408.000106378511,
    "max": 82169.12888813339,
    "percentiles": {
      "p10": 48723.24098595019,
      "p25": 49778.995311340484,
      "p50": 50821.05516315496,
      "p75": 54506.738244107306,
      "p90": 65425.764666126066,
      "p95": 71140.78116602772,
      "p99": 78635.92875584768
    }
  },
  "details": {
    "DNSDialup": {
      "average": 0.00103395242,
      "fastest": 0.000100267,
      "slowest": 0.001504836
    },
    "DNSLookup": {
      "average": 0.000012369480000000001,
      "fastest": 0.00000511,
      "slowest": 0.00005903
    }
  },
  "statusCodeDistribution": {
    "200": 536879
  },
  "errorDistribution": {}
}