{
  "summary": {
    "successRate": 1,
    "total": 10.000345386,
    "slowest": 0.006036675,
    "fastest": 0.000124832,
    "average": 0.0010456993285493448,
    "requestsPerSec": 47734.25132578716,
    "totalData": 6205667,
    "sizePerRequest": 13,
    "sizePerSec": 620545.2672352331
  },
  "responseTimeHistogram": {
    "0.000124832": 1,
    "0.0007160163": 16870,
    "0.0013072006": 455331,
    "0.0018983849000000002": 4843,
    "0.0024895692": 182,
    "0.0030807535": 62,
    "0.0036719378000000004": 17,
    "0.0042631221": 8,
    "0.0048543064": 23,
    "0.0054454907000000006": 15,
    "0.006036675": 7
  },
  "latencyPercentiles": {
    "p10": 0.000940063,
    "p25": 0.001006655,
    "p50": 0.001055066,
    "p75": 0.001103657,
    "p90": 0.001157899,
    "p95": 0.001202441,
    "p99": 0.001313848
  },
  "rps": {
    "mean": 47732.229225866846,
    "stddev": 3271.4505410080164,
    "max": 69908.01111607961,
    "percentiles": {
      "p10": 45700.83948616896,
      "p25": 46401.22499233499,
      "p50": 47177.358561774614,
      "p75": 48118.09240274562,
      "p90": 51112.43498131332,
      "p95": 53863.98046157225,
      "p99": 59638.096816245314
    }
  },
  "details": {
    "DNSDialup": {
      "average": 0.00122240732,
      "fastest": 0.000097142,
      "slowest": 0.002554647
    },
    "DNSLookup": {
      "average": 0.000020072540000000008,
      "fastest": 0.000004228,
      "slowest": 0.000608358
    }
  },
  "statusCodeDistribution": {
    "200": 477359
  },
  "errorDistribution": {}
}