{
  "summary": {
    "successRate": 1,
    "total": 10.002581318,
    "slowest": 0.017397562,
    "fastest": 0.000089301,
    "average": 0.0011694722965125113,
    "requestsPerSec": 42678.5833004712,
    "totalData": 5549648,
    "sizePerRequest": 13,
    "sizePerSec": 554821.5829061256
  },
  "responseTimeHistogram": {
    "0.000089301": 1,
    "0.0018201270999999998": 418311,
    "0.0035509531999999996": 7097,
    "0.005281779299999999": 526,
    "0.007012605399999999": 103,
    "0.0087434315": 470,
    "0.010474257599999998": 310,
    "0.0122050837": 15,
    "0.013935909799999998": 58,
    "0.0156667359": 1,
    "0.017397562": 4
  },
  "latencyPercentiles": {
    "p10": 0.000837508,
    "p25": 0.000968409,
    "p50": 0.001197511,
    "p75": 0.001285312,
    "p90": 0.001358613,
    "p95": 0.001444513,
    "p99": 0.002461523
  },
  "rps": {
    "mean": 42687.03687572844,
    "stddev": 4015.0315956025242,
    "max": 47804.631415496,
    "percentiles": {
      "p10": 40005.312380568605,
      "p25": 42623.046281123985,
      "p50": 43611.108291909455,
      "p75": 44287.56261358382,
      "p90": 44985.40593320549,
      "p95": 45426.772493998935,
      "p99": 46231.79297222542
    }
  },
  "details": {
    "DNSDialup": {
      "average": 0.0012907520599999998,
      "fastest": 0.000090801,
      "slowest": 0.001676316
    },
    "DNSLookup": {
      "average": 0.000006444100000000001,
      "fastest": 0.0000046,
      "slowest": 0.000033201
    }
  },
  "statusCodeDistribution": {
    "200": 426896
  },
  "errorDistribution": {}
}