{
  "summary": {
    "successRate": 1,
    "total": 10.000178347,
    "slowest": 0.00689101,
    "fastest": 0.000099983,
    "average": 0.0010184548953206453,
    "requestsPerSec": 49005.925994011675,
    "totalData": 6370884,
    "sizePerRequest": 13,
    "sizePerSec": 637077.0379221517
  },
  "responseTimeHistogram": {
    "0.000099983": 1,
    "0.0007790857": 6708,
    "0.0014581884000000002": 482382,
    "0.0021372911000000004": 848,
    "0.0028163938": 49,
    "0.0034954965": 30,
    "0.0041745992": 16,
    "0.0048537019": 19,
    "0.0055328046": 8,
    "0.0062119073": 4,
    "0.0068910099999999995": 3
  },
  "latencyPercentiles": {
    "p10": 0.000893238,
    "p25": 0.000946117,
    "p50": 0.001023858,
    "p75": 0.001082277,
    "p90": 0.001137611,
    "p95": 0.001183755,
    "p99": 0.001284923
  },
  "rps": {
    "mean": 49004.29428921549,
    "stddev": 2215.766232227788,
    "max": 66131.36610694503,
    "percentiles": {
      "p10": 47510.067383277,
      "p25": 48394.791343526995,
      "p50": 49021.13301044011,
      "p75": 49790.808052404034,
      "p90": 50667.067997905964,
      "p95": 51190.76470235272,
      "p99": 52993.59620566071
    }
  },
  "details": {
    "DNSDialup": {
      "average": 0.0012589649800000002,
      "fastest": 0.000124894,
      "slowest": 0.002828949
    },
    "DNSLookup": {
      "average": 0.00002630942,
      "fastest": 0.000003537,
      "slowest": 0.000953631
    }
  },
  "statusCodeDistribution": {
    "200": 490068
  },
  "errorDistribution": {}
}