{
  "summary": {
    "successRate": 1,
    "total": 10.000677602,
    "slowest": 0.005124451,
    "fastest": 0.000287627,
    "average": 0.0009791982385007696,
    "requestsPerSec": 50973.7460087757,
    "totalData": 6627036,
    "sizePerRequest": 13,
    "sizePerSec": 662658.6981140841
  },
  "responseTimeHistogram": {
    "0.000287627": 1,
    "0.0007713094": 20793,
    "0.0012549918": 484931,
    "0.0017386742": 3645,
    "0.0022223566": 222,
    "0.002706039": 50,
    "0.0031897214": 41,
    "0.0036734038": 23,
    "0.0041570862": 27,
    "0.0046407686": 14,
    "0.005124451": 25
  },
  "latencyPercentiles": {
    "p10": 0.000854416,
    "p25": 0.000915885,
    "p50": 0.000989412,
    "p75": 0.001049198,
    "p90": 0.001091592,
    "p95": 0.001123071,
    "p99": 0.001226563
  },
  "rps": {
    "mean": 50972.23985752789,
    "stddev": 2606.623064894727,
    "max": 60084.39299365367,
    "percentiles": {
      "p10": 49055.49157206648,
      "p25": 49939.8858692394,
      "p50": 50854.62858367166,
      "p75": 52131.86033098838,
      "p90": 53496.74351095998,
      "p95": 54420.44877928364,
      "p99": 56457.162877415685
    }
  },
  "details": {
    "DNSDialup": {
      "average": 0.0005758743399999999,
      "fastest": 0.000129828,
      "slowest": 0.001036442
    },
    "DNSLookup": {
      "average": 0.000006728520000000002,
      "fastest": 0.000002805,
      "slowest": 0.000043931
    }
  },
  "statusCodeDistribution": {
    "200": 509772
  },
  "errorDistribution": {}
}