{
  "summary": {
    "successRate": 1,
    "total": 10.000427402,
    "slowest": 0.005887431,
    "fastest": 0.000215543,
    "average": 0.0009798404571114898,
    "requestsPerSec": 50935.722997011966,
    "totalData": 6621927,
    "sizePerRequest": 13,
    "sizePerSec": 662164.3989611556
  },
  "responseTimeHistogram": {
    "0.000215543": 1,
    "0.0007827318": 52212,
    "0.0013499205999999999": 454912,
    "0.0019171093999999999": 2021,
    "0.0024842982": 111,
    "0.003051487": 58,
    "0.0036186758": 18,
    "0.0041858646": 11,
    "0.0047530534": 21,
    "0.0053202422": 8,
    "0.005887431": 6
  },
  "latencyPercentiles": {
    "p10": 0.000773441,
    "p25": 0.000918691,
    "p50": 0.001004344,
    "p75": 0.00107311,
    "p90": 0.001127651,
    "p95": 0.001169789,
    "p99": 0.001278783
  },
  "rps": {
    "mean": 50931.02852119326,
    "stddev": 5199.96864434252,
    "max": 77534.87967668595,
    "percentiles": {
      "p10": 47746.66759290853,
      "p25": 48638.711550522756,
      "p50": 49509.4406184893,
      "p75": 50709.93405599837,
      "p90": 57049.467925671175,
      "p95": 63232.28941227239,
      "p99": 70167.9365962074
    }
  },
  "details": {
    "DNSDialup": {
      "average": 0.0010993328999999998,
      "fastest": 0.000097421,
      "slowest": 0.002161858
    },
    "DNSLookup": {
      "average": 0.000008949999999999997,
      "fastest": 0.000003907,
      "slowest": 0.000065812
    }
  },
  "statusCodeDistribution": {
    "200": 509379
  },
  "errorDistribution": {}
}