{
  "summary": {
    "successRate": 1,
    "total": 10.000156891,
    "slowest": 0.00512598,
    "fastest": 0.000231472,
    "average": 0.0009969803498081499,
    "requestsPerSec": 50065.514517136195,
    "totalData": 6508619,
    "sizePerRequest": 13,
    "sizePerSec": 650851.6887227704
  },
  "responseTimeHistogram": {
    "0.000231472": 1,
    "0.0007209228": 26477,
    "0.0012103735999999998": 462121,
    "0.0016998243999999997": 11643,
    "0.0021892751999999997": 249,
    "0.0026787259999999998": 42,
    "0.0031681767999999994": 36,
    "0.0036576275999999994": 1,
    "0.0041470783999999995": 32,
    "0.0046365291999999995": 31,
    "0.00512598": 30
  },
  "latencyPercentiles": {
    "p10": 0.000856136,
    "p25": 0.000933501,
    "p50": 0.001014578,
    "p75": 0.001077959,
    "p90": 0.001129245,
    "p95": 0.001168629,
    "p99": 0.001269728
  },
  "rps": {
    "mean": 50062.83863402225,
    "stddev": 4202.828103217749,
    "max": 73927.33093425061,
    "percentiles": {
      "p10": 47596.19109719807,
      "p25": 48440.28804886667,
      "p50": 49248.56400897084,
      "p75": 50180.29933612952,
      "p90": 53383.83792265567,
      "p95": 58676.34966618775,
      "p99": 67007.12955858717
    }
  },
  "details": {
    "DNSDialup": {
      "average": 0.0008019367800000002,
      "fastest": 0.000074522,
      "slowest": 0.001788074
    },
    "DNSLookup": {
      "average": 0.000007729840000000003,
      "fastest": 0.000004018,
      "slowest": 0.000029184
    }
  },
  "statusCodeDistribution": {
    "200": 500663
  },
  "errorDistribution": {}
}