{
  "summary": {
    "successRate": 1,
    "total": 10.000767481,
    "slowest": 0.005370814,
    "fastest": 0.000131966,
    "average": 0.0010041341986878447,
    "requestsPerSec": 49700.785559139826,
    "totalData": 6461598,
    "sizePerRequest": 13,
    "sizePerSec": 646110.2122688177
  },
  "responseTimeHistogram": {
    "0.000131966": 1,
    "0.0006558508": 6863,
    "0.0011797356": 471332,
    "0.0017036204000000002": 18182,
    "0.0022275052": 464,
    "0.00275139": 71,
    "0.0032752748": 75,
    "0.0037991596": 13,
    "0.0043230444": 11,
    "0.0048469292": 21,
    "0.005370814": 13
  },
  "latencyPercentiles": {
    "p10": 0.000871155,
    "p25": 0.000936434,
    "p50": 0.001014009,
    "p75": 0.001077462,
    "p90": 0.001125416,
    "p95": 0.001163407,
    "p99": 0.001274284
  },
  "rps": {
    "mean": 49700.63750586223,
    "stddev": 2942.938496427048,
    "max": 74330.95859313641,
    "percentiles": {
      "p10": 47533.90668087065,
      "p25": 48627.72266469257,
      "p50": 49601.99161515795,
      "p75": 50827.83066818675,
      "p90": 52544.23744821364,
      "p95": 53623.03645646143,
      "p99": 55616.779582406416
    }
  },
  "details": {
    "DNSDialup": {
      "average": 0.0007693836200000001,
      "fastest": 0.000072696,
      "slowest": 0.001741746
    },
    "DNSLookup": {
      "average": 0.000006725300000000001,
      "fastest": 0.000003426,
      "slowest": 0.000029254
    }
  },
  "statusCodeDistribution": {
    "200": 497046
  },
  "errorDistribution": {}
}