{
  "summary": {
    "successRate": 1,
    "total": 10.000810654,
    "slowest": 0.010371585,
    "fastest": 0.0001429,
    "average": 0.0007369638917273537,
    "requestsPerSec": 67742.00846698682,
    "totalData": 8807175,
    "sizePerRequest": 13,
    "sizePerSec": 880646.1100708286
  },
  "responseTimeHistogram": {
    "0.0001429": 1,
    "0.0011657685": 631041,
    "0.002188637": 44983,
    "0.0032115054999999997": 1206,
    "0.004234373999999999": 86,
    "0.0052572424999999985": 40,
    "0.006280110999999999": 28,
    "0.007302979499999999": 63,
    "0.008325847999999999": 14,
    "0.009348716499999998": 8,
    "0.010371584999999997": 5
  },
  "latencyPercentiles": {
    "p10": 0.0005878,
    "p25": 0.000627399,
    "p50": 0.000661399,
    "p75": 0.000696699,
    "p90": 0.000826499,
    "p95": 0.001636598,
    "p99": 0.001858397
  },
  "rps": {
    "mean": 67728.94700848486,
    "stddev": 16157.075325607873,
    "max": 77455.79458522878,
    "percentiles": {
      "p10": 30192.434137111446,
      "p25": 72339.16442361915,
      "p50": 75330.99116976718,
      "p75": 76145.79408056336,
      "p90": 76555.32388025815,
      "p95": 76703.8623506932,
      "p99": 76949.3553164983
    }
  },
  "details": {
    "DNSDialup": {
      "average": 0.0012825882199999999,
      "fastest": 0.0000649,
      "slowest": 0.001551198
    },
    "DNSLookup": {
      "average": 0.000004887979999999999,
      "fastest": 0.0000031,
      "slowest": 0.0000485
    }
  },
  "statusCodeDistribution": {
    "200": 677475
  },
  "errorDistribution": {}
}