{
  "summary": {
    "successRate": 1,
    "total": 10.000629515,
    "slowest": 0.005798926,
    "fastest": 0.000122734,
    "average": 0.0009405944013610504,
    "requestsPerSec": 53072.559002801936,
    "totalData": 6899867,
    "sizePerRequest": 13,
    "sizePerSec": 689943.2670364252
  },
  "responseTimeHistogram": {
    "0.000122734": 1,
    "0.0006903532": 81947,
    "0.0012579724": 442349,
    "0.0018255915999999999": 6045,
    "0.0023932108": 254,
    "0.0029608300000000002": 63,
    "0.0035284491999999995": 37,
    "0.0040960684": 28,
    "0.0046636876": 19,
    "0.0052313068": 13,
    "0.005798926": 3
  },
  "latencyPercentiles": {
    "p10": 0.000638038,
    "p25": 0.000852901,
    "p50": 0.00097806,
    "p75": 0.001068527,
    "p90": 0.001120294,
    "p95": 0.001155163,
    "p99": 0.001287548
  },
  "rps": {
    "mean": 53069.17131952902,
    "stddev": 6603.715086702804,
    "max": 80981.20580510872,
    "percentiles": {
      "p10": 48078.32351994482,
      "p25": 49119.25551313358,
      "p50": 50900.717700116744,
      "p75": 55617.699422639904,
      "p90": 61716.84172066517,
      "p95": 66019.41434429216,
      "p99": 77317.84495861128
    }
  },
  "details": {
    "DNSDialup": {
      "average": 0.0007739624600000002,
      "fastest": 0.000089341,
      "slowest": 0.001580598
    },
    "DNSLookup": {
      "average": 0.0000090909,
      "fastest": 0.000003847,
      "slowest": 0.000137649
    }
  },
  "statusCodeDistribution": {
    "200": 530759
  },
  "errorDistribution": {}
}