{
  "summary": {
    "successRate": 1,
    "total": 10.000638,
    "slowest": 0.005279576,
    "fastest": 0.000202387,
    "average": 0.0009881631610086953,
    "requestsPerSec": 50512.67729118882,
    "totalData": 6567067,
    "sizePerRequest": 13,
    "sizePerSec": 656664.8047854546
  },
  "responseTimeHistogram": {
    "0.000202387": 1,
    "0.0007101059": 13405,
    "0.0012178248": 484734,
    "0.0017255437": 6483,
    "0.0022332626": 341,
    "0.0027409814999999997": 68,
    "0.0032487004": 45,
    "0.0037564193": 30,
    "0.0042641382": 14,
    "0.0047718571": 15,
    "0.005279575999999999": 23
  },
  "latencyPercentiles": {
    "p10": 0.000859306,
    "p25": 0.00092397,
    "p50": 0.000998455,
    "p75": 0.001059865,
    "p90": 0.001103924,
    "p95": 0.001136676,
    "p99": 0.001250462
  },
  "rps": {
    "mean": 50513.67295739914,
    "stddev": 2963.943239711128,
    "max": 72700.67611628787,
    "percentiles": {
      "p10": 48534.83949107557,
      "p25": 49505.33667529212,
      "p50": 50401.73085355719,
      "p75": 51612.12368785458,
      "p90": 53213.62268740666,
      "p95": 54406.86070513352,
      "p99": 57705.71109214863
    }
  },
  "details": {
    "DNSDialup": {
      "average": 0.00062776514,
      "fastest": 0.000135406,
      "slowest": 0.000931128
    },
    "DNSLookup": {
      "average": 0.000006289819999999999,
      "fastest": 0.000003246,
      "slowest": 0.000029194
    }
  },
  "statusCodeDistribution": {
    "200": 505159
  },
  "errorDistribution": {}
}