{
  "summary": {
    "successRate": 1,
    "total": 10.000692093,
    "slowest": 0.005661322,
    "fastest": 0.000148495,
    "average": 0.0009758252155732455,
    "requestsPerSec": 51153.5596979408,
    "totalData": 6650423,
    "sizePerRequest": 13,
    "sizePerSec": 664996.2760732304
  },
  "responseTimeHistogram": {
    "0.000148495": 1,
    "0.0006997777": 11606,
    "0.0012510604": 495285,
    "0.0018023431": 4301,
    "0.0023536258": 224,
    "0.0029049085": 87,
    "0.0034561912": 5,
    "0.0040074739": 31,
    "0.0045587566": 16,
    "0.0051100393": 11,
    "0.005661322": 4
  },
  "latencyPercentiles": {
    "p10": 0.000851581,
    "p25": 0.000911583,
    "p50": 0.000985621,
    "p75": 0.001044568,
    "p90": 0.001087788,
    "p95": 0.001122424,
    "p99": 0.001239072
  },
  "rps": {
    "mean": 51152.28356688671,
    "stddev": 2780.3613646797917,
    "max": 68950.7684508113,
    "percentiles": {
      "p10": 49361.514319143054,
      "p25": 50165.475979248695,
      "p50": 51020.177121523084,
      "p75": 52025.34154386606,
      "p90": 53788.393849458094,
      "p95": 55031.47249912228,
      "p99": 57815.5915106101
    }
  },
  "details": {
    "DNSDialup": {
      "average": 0.0007561845200000002,
      "fastest": 0.000083976,
      "slowest": 0.001605342
    },
    "DNSLookup": {
      "average": 0.00000654676,
      "fastest": 0.000003357,
      "slowest": 0.000034244
    }
  },
  "statusCodeDistribution": {
    "200": 511571
  },
  "errorDistribution": {}
}