{
  "summary": {
    "successRate": 1,
    "total": 10.000628489,
    "slowest": 0.005130285,
    "fastest": 0.000286423,
    "average": 0.0010175558640026898,
    "requestsPerSec": 49046.41748661202,
    "totalData": 6376435,
    "sizePerRequest": 13,
    "sizePerSec": 637603.4273259563
  },
  "responseTimeHistogram": {
    "0.000286423": 1,
    "0.0007708092": 30654,
    "0.0012551954": 449157,
    "0.0017395816000000002": 10225,
    "0.0022239678": 279,
    "0.002708354": 90,
    "0.0031927402000000004": 40,
    "0.0036771264000000003": 6,
    "0.0041615126": 2,
    "0.0046458988": 20,
    "0.005130285": 21
  },
  "latencyPercentiles": {
    "p10": 0.000855733,
    "p25": 0.000951624,
    "p50": 0.001034391,
    "p75": 0.001102685,
    "p90": 0.001154487,
    "p95": 0.001199482,
    "p99": 0.001314329
  },
  "rps": {
    "mean": 49045.19344361899,
    "stddev": 3449.515008736254,
    "max": 64671.246438545124,
    "percentiles": {
      "p10": 46433.81774946985,
      "p25": 47416.421732372444,
      "p50": 48435.333575842815,
      "p75": 50023.455998513506,
      "p90": 53419.033632643936,
      "p95": 55341.45678838458,
      "p99": 59627.136309735615
    }
  },
  "details": {
    "DNSDialup": {
      "average": 0.0007558191799999998,
      "fastest": 0.000076544,
      "slowest": 0.001772192
    },
    "DNSLookup": {
      "average": 0.000008970779999999996,
      "fastest": 0.000004108,
      "slowest": 0.000056767
    }
  },
  "statusCodeDistribution": {
    "200": 490495
  },
  "errorDistribution": {}
}