{
  "summary": {
    "successRate": 1,
    "total": 10.000349615,
    "slowest": 0.004336596,
    "fastest": 0.000086482,
    "average": 0.000894965099517678,
    "requestsPerSec": 55772.05012546954,
    "totalData": 7250620,
    "sizePerRequest": 13,
    "sizePerSec": 725036.6516311041
  },
  "responseTimeHistogram": {
    "0.000086482": 1,
    "0.0005114934": 3535,
    "0.0009365048000000001": 265971,
    "0.0013615162": 286744,
    "0.0017865276": 1254,
    "0.002211539": 75,
    "0.0026365504000000002": 83,
    "0.0030615618000000002": 29,
    "0.0034865732000000003": 5,
    "0.0039115846": 18,
    "0.004336596": 25
  },
  "latencyPercentiles": {
    "p10": 0.000588423,
    "p25": 0.000769322,
    "p50": 0.000942782,
    "p75": 0.001033015,
    "p90": 0.001083855,
    "p95": 0.001120331,
    "p99": 0.001225117
  },
  "rps": {
    "mean": 55769.555605357265,
    "stddev": 8455.435964650775,
    "max": 83727.05221057839,
    "percentiles": {
      "p10": 49210.156936302206,
      "p25": 50217.16925016661,
      "p50": 51632.120342066046,
      "p75": 60625.033068208046,
      "p90": 68989.75961664176,
      "p95": 73464.7885970624,
      "p99": 80225.81011542396
    }
  },
  "details": {
    "DNSDialup": {
      "average": 0.0009449124400000002,
      "fastest": 0.000075443,
      "slowest": 0.002163079
    },
    "DNSLookup": {
      "average": 0.000011162640000000002,
      "fastest": 0.000003918,
      "slowest": 0.00005293
    }
  },
  "statusCodeDistribution": {
    "200": 557740
  },
  "errorDistribution": {}
}