{
  "summary": {
    "successRate": 1,
    "total": 10.000476674,
    "slowest": 0.012430329,
    "fastest": 0.000147403,
    "average": 0.0009696823186049786,
    "requestsPerSec": 51404.14969783469,
    "totalData": 6682858,
    "sizePerRequest": 13,
    "sizePerSec": 668253.9460718511
  },
  "responseTimeHistogram": {
    "0.000147403": 1,
    "0.0013756956": 448423,
    "0.0026039882": 63262,
    "0.0038322808": 1976,
    "0.0050605734": 190,
    "0.006288866": 102,
    "0.0075171586": 63,
    "0.0087454512": 25,
    "0.0099737438": 12,
    "0.0112020364": 9,
    "0.012430329": 3
  },
  "latencyPercentiles": {
    "p10": 0.000689515,
    "p25": 0.000752116,
    "p50": 0.000813416,
    "p75": 0.000891716,
    "p90": 0.001928241,
    "p95": 0.002123539,
    "p99": 0.002355044
  },
  "rps": {
    "mean": 51382.82223545952,
    "stddev": 16503.48942347317,
    "max": 71370.47268031421,
    "percentiles": {
      "p10": 23615.994681075117,
      "p25": 36401.881586185125,
      "p50": 60125.944344984666,
      "p75": 62659.135406191985,
      "p90": 64634.359625576755,
      "p95": 65852.66237410186,
      "p99": 68267.23424372877
    }
  },
  "details": {
    "DNSDialup": {
      "average": 0.0020720941799999997,
      "fastest": 0.000115002,
      "slowest": 0.00326776
    },
    "DNSLookup": {
      "average": 0.000020706400000000002,
      "fastest": 0.000005,
      "slowest": 0.00053021
    }
  },
  "statusCodeDistribution": {
    "200": 514066
  },
  "errorDistribution": {}
}