{
  "summary": {
    "successRate": 1,
    "total": 10.000545231,
    "slowest": 0.008101479,
    "fastest": 0.000199113,
    "average": 0.0010369833688017942,
    "requestsPerSec": 48031.58116929675,
    "totalData": 6244446,
    "sizePerRequest": 13,
    "sizePerSec": 624410.5552008577
  },
  "responseTimeHistogram": {
    "0.000199113": 1,
    "0.0009893495999999998": 379070,
    "0.0017795861999999997": 68664,
    "0.0025698227999999997": 29798,
    "0.0033600593999999996": 1391,
    "0.0041502959999999995": 978,
    "0.004940532599999999": 220,
    "0.005730769199999999": 51,
    "0.006521005799999999": 130,
    "0.007311242399999999": 38,
    "0.008101479": 1
  },
  "latencyPercentiles": {
    "p10": 0.00084455,
    "p25": 0.000889657,
    "p50": 0.000923759,
    "p75": 0.000970361,
    "p90": 0.001222478,
    "p95": 0.002179029,
    "p99": 0.002405552
  },
  "rps": {
    "mean": 48013.59143849017,
    "stddev": 10691.772348955046,
    "max": 55906.34244240645,
    "percentiles": {
      "p10": 23536.033667546017,
      "p25": 49489.10281074961,
      "p50": 53216.064236098944,
      "p75": 53796.34926153069,
      "p90": 54240.72936368285,
      "p95": 54575.36311893166,
      "p99": 55312.09549272515
    }
  },
  "details": {
    "DNSDialup": {
      "average": 0.0016299324400000004,
      "fastest": 0.000095406,
      "slowest": 0.002664551
    },
    "DNSLookup": {
      "average": 0.000010474740000000001,
      "fastest": 0.000004,
      "slowest": 0.000068504
    }
  },
  "statusCodeDistribution": {
    "200": 480342
  },
  "errorDistribution": {}
}