{
  "summary": {
    "successRate": 1,
    "total": 10.000627921,
    "slowest": 0.005361245,
    "fastest": 0.000121104,
    "average": 0.0009067587854643676,
    "requestsPerSec": 55043.34371285725,
    "totalData": 7156084,
    "sizePerRequest": 13,
    "sizePerSec": 715563.4682671443
  },
  "responseTimeHistogram": {
    "0.000121104": 1,
    "0.0006451181": 89754,
    "0.0011691321999999999": 427974,
    "0.0016931462999999999": 31869,
    "0.0022171604": 684,
    "0.0027411745": 85,
    "0.0032651886": 35,
    "0.0037892026999999996": 22,
    "0.0043132168": 19,
    "0.0048372309": 14,
    "0.005361245000000001": 11
  },
  "latencyPercentiles": {
    "p10": 0.000607778,
    "p25": 0.000712137,
    "p50": 0.000949628,
    "p75": 0.00106033,
    "p90": 0.001130034,
    "p95": 0.001182274,
    "p99": 0.001335886
  },
  "rps": {
    "mean": 55039.89345686137,
    "stddev": 8688.436292160166,
    "max": 81457.52530437079,
    "percentiles": {
      "p10": 47521.69365315057,
      "p25": 49081.607989609416,
      "p50": 51900.75775106243,
      "p75": 58696.53879341088,
      "p90": 68274.98195124144,
      "p95": 74687.43711828119,
      "p99": 79528.8753661868
    }
  },
  "details": {
    "DNSDialup": {
      "average": 0.0007620282399999999,
      "fastest": 0.000095488,
      "slowest": 0.00111161
    },
    "DNSLookup": {
      "average": 0.000006562140000000001,
      "fastest": 0.000003406,
      "slowest": 0.00003224
    }
  },
  "statusCodeDistribution": {
    "200": 550468
  },
  "errorDistribution": {}
}