{
  "summary": {
    "successRate": 1,
    "total": 10.000593099,
    "slowest": 0.005056826,
    "fastest": 0.000128299,
    "average": 0.0009534959865607965,
    "requestsPerSec": 52351.19505585636,
    "totalData": 6806059,
    "sizePerRequest": 13,
    "sizePerSec": 680565.5357261327
  },
  "responseTimeHistogram": {
    "0.000128299": 1,
    "0.0006211517": 18500,
    "0.0011140044000000002": 475490,
    "0.0016068571000000002": 28830,
    "0.0020997098000000002": 544,
    "0.0025925625000000002": 71,
    "0.0030854152000000003": 43,
    "0.0035782679000000003": 17,
    "0.0040711206": 12,
    "0.0045639733": 18,
    "0.005056826": 17
  },
  "latencyPercentiles": {
    "p10": 0.000775322,
    "p25": 0.000894718,
    "p50": 0.000972648,
    "p75": 0.001040251,
    "p90": 0.001085256,
    "p95": 0.00112059,
    "p99": 0.001238604
  },
  "rps": {
    "mean": 52353.09711754729,
    "stddev": 4503.032954200555,
    "max": 80077.61923632374,
    "percentiles": {
      "p10": 49614.68610810415,
      "p25": 50476.27685373173,
      "p50": 51502.70904249674,
      "p75": 53144.030952687935,
      "p90": 55804.553651578004,
      "p95": 60342.87361170111,
      "p99": 70340.45983249538
    }
  },
  "details": {
    "DNSDialup": {
      "average": 0.0008121057799999997,
      "fastest": 0.000102336,
      "slowest": 0.001113533
    },
    "DNSLookup": {
      "average": 0.000006936699999999998,
      "fastest": 0.000003397,
      "slowest": 0.00002676
    }
  },
  "statusCodeDistribution": {
    "200": 523543
  },
  "errorDistribution": {}
}