{
  "summary": {
    "successRate": 1,
    "total": 10.000632923,
    "slowest": 0.006105993,
    "fastest": 0.000257366,
    "average": 0.0010810771840769646,
    "requestsPerSec": 46164.178162986456,
    "totalData": 6001723,
    "sizePerRequest": 13,
    "sizePerSec": 600134.316118824
  },
  "responseTimeHistogram": {
    "0.000257366": 1,
    "0.0008422286999999999": 12827,
    "0.0014270913999999998": 446292,
    "0.0020119540999999994": 2306,
    "0.0025968167999999995": 143,
    "0.0031816794999999995": 38,
    "0.0037665421999999995": 14,
    "0.0043514048999999996": 16,
    "0.0049362676": 18,
    "0.0055211303": 15,
    "0.006105993": 1
  },
  "latencyPercentiles": {
    "p10": 0.000952252,
    "p25": 0.001009462,
    "p50": 0.001091754,
    "p75": 0.001153641,
    "p90": 0.00120151,
    "p95": 0.001239753,
    "p99": 0.001337043
  },
  "rps": {
    "mean": 46164.00894552131,
    "stddev": 2256.7974666689315,
    "max": 54400.26112125682,
    "percentiles": {
      "p10": 44638.634738368106,
      "p25": 45398.9342878221,
      "p50": 46126.388907094544,
      "p75": 46856.972236333895,
      "p90": 48208.19323457147,
      "p95": 49429.406185393804,
      "p99": 51696.63134330478
    }
  },
  "details": {
    "DNSDialup": {
      "average": 0.0008507487400000001,
      "fastest": 0.000094494,
      "slowest": 0.00173109
    },
    "DNSLookup": {
      "average": 0.000010212699999999998,
      "fastest": 0.000003336,
      "slowest": 0.000150841
    }
  },
  "statusCodeDistribution": {
    "200": 461671
  },
  "errorDistribution": {}
}