{
  "summary": {
    "successRate": 1,
    "total": 10.000590009,
    "slowest": 0.004728154,
    "fastest": 0.000291012,
    "average": 0.000986662610140516,
    "requestsPerSec": 50584.21548576055,
    "totalData": 6576336,
    "sizePerRequest": 13,
    "sizePerSec": 657594.8013148871
  },
  "responseTimeHistogram": {
    "0.000291012": 1,
    "0.0007347262": 33232,
    "0.0011784404": 451316,
    "0.0016221545999999998": 20724,
    "0.0020658687999999996": 398,
    "0.002509583": 88,
    "0.0029532971999999998": 41,
    "0.0033970113999999994": 9,
    "0.0038407256": 21,
    "0.0042844397999999995": 13,
    "0.004728154": 29
  },
  "latencyPercentiles": {
    "p10": 0.000817294,
    "p25": 0.000922786,
    "p50": 0.00100457,
    "p75": 0.001073058,
    "p90": 0.001124874,
    "p95": 0.001167585,
    "p99": 0.001286284
  },
  "rps": {
    "mean": 50582.56785903882,
    "stddev": 4075.7003358486477,
    "max": 79635.20672489371,
    "percentiles": {
      "p10": 47927.830617169144,
      "p25": 48647.71854712296,
      "p50": 49671.90744070044,
      "p75": 51212.116786834726,
      "p90": 55363.0654468962,
      "p95": 58460.46633681944,
      "p99": 64633.31847567689
    }
  },
  "details": {
    "DNSDialup": {
      "average": 0.0008138655399999999,
      "fastest": 0.000117949,
      "slowest": 0.001788593
    },
    "DNSLookup": {
      "average": 0.000008458039999999999,
      "fastest": 0.000003958,
      "slowest": 0.000050063
    }
  },
  "statusCodeDistribution": {
    "200": 505872
  },
  "errorDistribution": {}
}