{
  "summary": {
    "successRate": 1,
    "total": 10.000347163,
    "slowest": 0.005385436,
    "fastest": 0.000307115,
    "average": 0.001009176296078393,
    "requestsPerSec": 49460.1829254515,
    "totalData": 6430047,
    "sizePerRequest": 13,
    "sizePerSec": 642982.3780308695
  },
  "responseTimeHistogram": {
    "0.000307115": 1,
    "0.0008149470999999999": 55152,
    "0.0013227792": 435319,
    "0.0018306112999999999": 3875,
    "0.0023384434": 121,
    "0.0028462755000000003": 69,
    "0.0033541076": 34,
    "0.0038619397": 0,
    "0.0043697718": 9,
    "0.0048776039": 23,
    "0.005385436": 16
  },
  "latencyPercentiles": {
    "p10": 0.000763338,
    "p25": 0.000977929,
    "p50": 0.001036344,
    "p75": 0.001088419,
    "p90": 0.001146485,
    "p95": 0.001193543,
    "p99": 0.001308578
  },
  "rps": {
    "mean": 49442.92502223438,
    "stddev": 5437.611063126625,
    "max": 77032.02221163335,
    "percentiles": {
      "p10": 45937.176957312215,
      "p25": 46961.87226670967,
      "p50": 47846.1799821898,
      "p75": 49387.326671017276,
      "p90": 57043.67018773484,
      "p95": 61604.09243498915,
      "p99": 69062.29861012036
    }
  },
  "details": {
    "DNSDialup": {
      "average": 0.0012073109199999999,
      "fastest": 0.000609777,
      "slowest": 0.002001685
    },
    "DNSLookup": {
      "average": 0.00000815424,
      "fastest": 0.000003827,
      "slowest": 0.000071754
    }
  },
  "statusCodeDistribution": {
    "200": 494619
  },
  "errorDistribution": {}
}