{
  "summary": {
    "successRate": 1,
    "total": 10.000604426,
    "slowest": 0.006233431,
    "fastest": 0.000087864,
    "average": 0.0010066365696608291,
    "requestsPerSec": 49584.40298976385,
    "totalData": 6446362,
    "sizePerRequest": 13,
    "sizePerSec": 644597.23886693
  },
  "responseTimeHistogram": {
    "0.000087864": 1,
    "0.0007024207000000001": 8729,
    "0.0013169774000000001": 483727,
    "0.0019315341000000002": 3096,
    "0.0025460908000000003": 134,
    "0.0031606475000000005": 41,
    "0.0037752042000000004": 44,
    "0.0043897609": 2,
    "0.0050043176000000005": 22,
    "0.005618874300000001": 42,
    "0.006233431000000001": 36
  },
  "latencyPercentiles": {
    "p10": 0.000877919,
    "p25": 0.000938533,
    "p50": 0.001014857,
    "p75": 0.001076684,
    "p90": 0.001122988,
    "p95": 0.001163086,
    "p99": 0.001270455
  },
  "rps": {
    "mean": 49585.09529714955,
    "stddev": 2756.1397186473205,
    "max": 64578.50085996528,
    "percentiles": {
      "p10": 47801.223711326325,
      "p25": 48600.486365609475,
      "p50": 49504.79701482858,
      "p75": 50688.60875697132,
      "p90": 51972.104200135356,
      "p95": 52992.1030705467,
      "p99": 54716.228833474655
    }
  },
  "details": {
    "DNSDialup": {
      "average": 0.0006792427799999997,
      "fastest": 0.000106268,
      "slowest": 0.001132648
    },
    "DNSLookup": {
      "average": 0.000008231019999999994,
      "fastest": 0.000003406,
      "slowest": 0.000043191
    }
  },
  "statusCodeDistribution": {
    "200": 495874
  },
  "errorDistribution": {}
}