{
  "summary": {
    "successRate": 1,
    "total": 10.00084258,
    "slowest": 0.012123706,
    "fastest": 0.000098907,
    "average": 0.0010020481970826407,
    "requestsPerSec": 49650.11658047716,
    "totalData": 6455059,
    "sizePerRequest": 13,
    "sizePerSec": 645451.5155462031
  },
  "responseTimeHistogram": {
    "0.000098907": 1,
    "0.0013013869": 449021,
    "0.0025038668": 43703,
    "0.0037063466999999995": 3269,
    "0.004908826599999999": 202,
    "0.006111306499999999": 189,
    "0.0073137863999999985": 75,
    "0.0085162663": 45,
    "0.0097187462": 20,
    "0.010921226099999999": 17,
    "0.012123706": 1
  },
  "latencyPercentiles": {
    "p10": 0.000812354,
    "p25": 0.000846256,
    "p50": 0.000873258,
    "p75": 0.000923162,
    "p90": 0.001237982,
    "p95": 0.002148943,
    "p99": 0.002439262
  },
  "rps": {
    "mean": 49638.09068588063,
    "stddev": 12062.800098022111,
    "max": 58707.64634033158,
    "percentiles": {
      "p10": 23563.465838890657,
      "p25": 49757.400136799595,
      "p50": 55819.73227535711,
      "p75": 56792.15626070922,
      "p90": 57338.62329665134,
      "p95": 57545.93983767622,
      "p99": 58129.25645477421
    }
  },
  "details": {
    "DNSDialup": {
      "average": 0.0016213201199999994,
      "fastest": 0.000091506,
      "slowest": 0.002027135
    },
    "DNSLookup": {
      "average": 0.000010932659999999998,
      "fastest": 0.000004,
      "slowest": 0.000065604
    }
  },
  "statusCodeDistribution": {
    "200": 496543
  },
  "errorDistribution": {}
}