{
  "summary": {
    "successRate": 1,
    "total": 10.000281685,
    "slowest": 0.005448625,
    "fastest": 0.000319496,
    "average": 0.000977990222686564,
    "requestsPerSec": 51034.862424477804,
    "totalData": 6634719,
    "sizePerRequest": 13,
    "sizePerSec": 663453.2115182114
  },
  "responseTimeHistogram": {
    "0.000319496": 1,
    "0.0008324089000000001": 41277,
    "0.0013453218": 467477,
    "0.0018582347": 1381,
    "0.0023711476": 115,
    "0.0028840604999999997": 45,
    "0.0033969734": 17,
    "0.0039098863": 11,
    "0.0044227992": 21,
    "0.0049357121": 17,
    "0.0054486249999999995": 1
  },
  "latencyPercentiles": {
    "p10": 0.000850709,
    "p25": 0.000914395,
    "p50": 0.000991295,
    "p75": 0.001050406,
    "p90": 0.001098981,
    "p95": 0.001140004,
    "p99": 0.001248794
  },
  "rps": {
    "mean": 51036.40593057723,
    "stddev": 3506.083946250229,
    "max": 77186.96225999093,
    "percentiles": {
      "p10": 48945.66630666422,
      "p25": 49728.47452451123,
      "p50": 50622.744799238506,
      "p75": 51345.080659914915,
      "p90": 53029.21097546334,
      "p95": 57824.26110902223,
      "p99": 64810.82962877463
    }
  },
  "details": {
    "DNSDialup": {
      "average": 0.0009354304,
      "fastest": 0.000090318,
      "slowest": 0.001653637
    },
    "DNSLookup": {
      "average": 0.000010312139999999998,
      "fastest": 0.000004479,
      "slowest": 0.000067876
    }
  },
  "statusCodeDistribution": {
    "200": 510363
  },
  "errorDistribution": {}
}