{
  "summary": {
    "successRate": 0.34983587774440283,
    "total": 10.000692838,
    "slowest": 0.036334795,
    "fastest": 0.001583304,
    "average": 0.008140806577330798,
    "requestsPerSec": 12916.305109300067,
    "totalData": 587457,
    "sizePerRequest": 13,
    "sizePerSec": 58741.63015664455
  },
  "responseTimeHistogram": {
    "0.001583304": 1,
    "0.0050584531000000005": 3827,
    "0.0085336022": 26661,
    "0.012008751300000002": 12671,
    "0.015483900400000002": 1383,
    "0.018959049500000002": 240,
    "0.022434198600000003": 256,
    "0.0259093477": 28,
    "0.029384496800000003": 54,
    "0.032859645900000005": 38,
    "0.036334795": 30
  },
  "latencyPercentiles": {
    "p10": 0.005972915,
    "p25": 0.007326319,
    "p50": 0.007973421,
    "p75": 0.008825623,
    "p90": 0.010186827,
    "p95": 0.011677131,
    "p99": 0.017620646
  },
  "rps": {
    "mean": 6258.321421193927,
    "stddev": 1916.100876427461,
    "max": 42658.18891292167,
    "percentiles": {
      "p10": 4668.6639075538615,
      "p25": 5820.881831482347,
      "p50": 6588.017777021918,
      "p75": 6883.0048629574385,
      "p90": 7140.37035258369,
      "p95": 7304.413036498846,
      "p99": 8400.901416722161
    }
  },
  "details": {
    "DNSDialup": {
      "average": 0.00499053516,
      "fastest": 0.000089,
      "slowest": 0.007144819
    },
    "DNSLookup": {
      "average": 0.000007964039999999998,
      "fastest": 0.0000069,
      "slowest": 0.0000196
    }
  },
  "statusCodeDistribution": {
    "200": 45189
  },
  "errorDistribution": {
    "Connection refused (os error 111)": 83983
  }
}