{
  "summary": {
    "successRate": 1,
    "total": 10.000960025,
    "slowest": 0.020714794,
    "fastest": 0.00073918,
    "average": 0.003254620409100337,
    "requestsPerSec": 15351.726195905878,
    "totalData": 1995916,
    "sizePerRequest": 13,
    "sizePerSec": 199572.44054677643
  },
  "responseTimeHistogram": {
    "0.00073918": 1,
    "0.0027367414": 31318,
    "0.0047343028": 118174,
    "0.006731864200000001": 2679,
    "0.008729425600000002": 810,
    "0.010726987000000002": 457,
    "0.012724548400000002": 43,
    "0.014722109800000003": 0,
    "0.0167196712": 0,
    "0.0187172326": 0,
    "0.020714794": 50
  },
  "latencyPercentiles": {
    "p10": 0.001832113,
    "p25": 0.003084519,
    "p50": 0.003417019,
    "p75": 0.003608924,
    "p90": 0.003825246,
    "p95": 0.004020042,
    "p99": 0.006399978
  },
  "rps": {
    "mean": 15370.613974651458,
    "stddev": 2181.9848022696056,
    "max": 20794.38324804856,
    "percentiles": {
      "p10": 13305.841264315271,
      "p25": 15210.075153781614,
      "p50": 15787.438760942712,
      "p75": 16289.994481764541,
      "p90": 16626.140913127852,
      "p95": 18181.804958687477,
      "p99": 19454.858924967684
    }
  },
  "details": {
    "DNSDialup": {
      "average": 0.0008451978600000003,
      "fastest": 0.000102151,
      "slowest": 0.001857249
    },
    "DNSLookup": {
      "average": 0.00000861008,
      "fastest": 0.000004328,
      "slowest": 0.000050504
    }
  },
  "statusCodeDistribution": {
    "200": 153532
  },
  "errorDistribution": {}
}