{
  "summary": {
    "successRate": 1,
    "total": 10.00061123,
    "slowest": 0.021206053,
    "fastest": 0.001849034,
    "average": 0.0037793682369509614,
    "requestsPerSec": 13220.491923872136,
    "totalData": 1718769,
    "sizePerRequest": 13,
    "sizePerSec": 171866.3950103378
  },
  "responseTimeHistogram": {
    "0.001849034": 1,
    "0.0037847359": 87187,
    "0.0057204378": 41847,
    "0.007656139700000001": 1797,
    "0.0095918416": 696,
    "0.0115275435": 505,
    "0.0134632454": 49,
    "0.0153989473": 73,
    "0.0173346492": 28,
    "0.0192703511": 0,
    "0.021206053": 30
  },
  "latencyPercentiles": {
    "p10": 0.003041855,
    "p25": 0.003474203,
    "p50": 0.003616796,
    "p75": 0.004011448,
    "p90": 0.004381835,
    "p95": 0.004897542,
    "p99": 0.007758114
  },
  "rps": {
    "mean": 13204.789384815336,
    "stddev": 1960.1077562925236,
    "max": 17543.76731350581,
    "percentiles": {
      "p10": 11800.673818475489,
      "p25": 13101.83296808831,
      "p50": 13714.437972536005,
      "p75": 14089.469749735263,
      "p90": 14419.511295195272,
      "p95": 14898.26050827432,
      "p99": 15859.187675146026
    }
  },
  "details": {
    "DNSDialup": {
      "average": 0.00150546124,
      "fastest": 0.000097743,
      "slowest": 0.003158049
    },
    "DNSLookup": {
      "average": 0.00003386078,
      "fastest": 0.000004618,
      "slowest": 0.001274861
    }
  },
  "statusCodeDistribution": {
    "200": 132213
  },
  "errorDistribution": {}
}