{
  "summary": {
    "successRate": 1,
    "total": 10.00065931,
    "slowest": 0.021282461,
    "fastest": 0.001895257,
    "average": 0.003732481870756553,
    "requestsPerSec": 13384.717532188386,
    "totalData": 1740128,
    "sizePerRequest": 13,
    "sizePerSec": 174001.327918449
  },
  "responseTimeHistogram": {
    "0.001895257": 1,
    "0.0038339774": 91933,
    "0.0057726978": 39165,
    "0.0077114181999999995": 1509,
    "0.0096501386": 650,
    "0.011588859": 430,
    "0.0135275794": 18,
    "0.0154662998": 75,
    "0.0174050202": 26,
    "0.0193437406": 19,
    "0.021282461": 30
  },
  "latencyPercentiles": {
    "p10": 0.003004664,
    "p25": 0.003444161,
    "p50": 0.003581617,
    "p75": 0.003964645,
    "p90": 0.004313297,
    "p95": 0.004732972,
    "p99": 0.007534763
  },
  "rps": {
    "mean": 13367.313125058732,
    "stddev": 1955.0453181570783,
    "max": 17473.465438087816,
    "percentiles": {
      "p10": 12011.140332658568,
      "p25": 13262.80931430828,
      "p50": 13857.202382201158,
      "p75": 14256.020731608252,
      "p90": 14576.00476816224,
      "p95": 14943.827184222868,
      "p99": 16125.005752624656
    }
  },
  "details": {
    "DNSDialup": {
      "average": 0.0013367327399999998,
      "fastest": 0.000289074,
      "slowest": 0.00211206
    },
    "DNSLookup": {
      "average": 0.000007387239999999996,
      "fastest": 0.000003396,
      "slowest": 0.000050284
    }
  },
  "statusCodeDistribution": {
    "200": 133856
  },
  "errorDistribution": {}
}