{
  "summary": {
    "successRate": 1,
    "total": 10.00224,
    "slowest": 0.029122907,
    "fastest": 0.001403524,
    "average": 0.00564862414582015,
    "requestsPerSec": 8845.218671017692,
    "totalData": 1150136,
    "sizePerRequest": 13,
    "sizePerSec": 114987.84272322999
  },
  "responseTimeHistogram": {
    "0.001403524": 1,
    "0.0041754623": 8868,
    "0.0069474006": 74307,
    "0.009719338899999999": 4318,
    "0.0124912772": 539,
    "0.0152632155": 50,
    "0.0180351538": 243,
    "0.0208070921": 37,
    "0.0235790304": 8,
    "0.026350968699999998": 51,
    "0.029122907": 50
  },
  "latencyPercentiles": {
    "p10": 0.004171672,
    "p25": 0.005340293,
    "p50": 0.005657099,
    "p75": 0.005964704,
    "p90": 0.006574814,
    "p95": 0.007032923,
    "p99": 0.009940073
  },
  "rps": {
    "mean": 8907.743877421397,
    "stddev": 1295.7160764094378,
    "max": 12678.82318929103,
    "percentiles": {
      "p10": 7735.146852837366,
      "p25": 8704.82542535659,
      "p50": 9179.686193738697,
      "p75": 9438.800725069425,
      "p90": 9701.314371984274,
      "p95": 10077.410768590606,
      "p99": 11767.75708395778
    }
  },
  "details": {
    "DNSDialup": {
      "average": 0.00161923022,
      "fastest": 0.000078101,
      "slowest": 0.001826931
    },
    "DNSLookup": {
      "average": 0.000004779999999999999,
      "fastest": 0.0000034,
      "slowest": 0.0000406
    }
  },
  "statusCodeDistribution": {
    "200": 88472
  },
  "errorDistribution": {}
}