{
  "summary": {
    "successRate": 1,
    "total": 10.002321682,
    "slowest": 0.036254328,
    "fastest": 0.001965396,
    "average": 0.007836829604211443,
    "requestsPerSec": 6371.620712288145,
    "totalData": 828503,
    "sizePerRequest": 13,
    "sizePerSec": 82831.06925974588
  },
  "responseTimeHistogram": {
    "0.001965396": 1,
    "0.0053942892": 4953,
    "0.0088231824": 47845,
    "0.0122520756": 9142,
    "0.0156809688": 1137,
    "0.019109862000000002": 381,
    "0.022538755200000003": 184,
    "0.0259676484": 29,
    "0.029396541600000003": 9,
    "0.032825434800000004": 0,
    "0.036254328": 50
  },
  "latencyPercentiles": {
    "p10": 0.005574489,
    "p25": 0.007088486,
    "p50": 0.007716185,
    "p75": 0.008406984,
    "p90": 0.009431786,
    "p95": 0.01053508,
    "p99": 0.015723869
  },
  "rps": {
    "mean": 6460.003617019709,
    "stddev": 1279.1064460257305,
    "max": 16578.24933685711,
    "percentiles": {
      "p10": 5301.654116084167,
      "p25": 6069.3425961822295,
      "p50": 6621.311500335602,
      "p75": 7048.764284242915,
      "p90": 7409.42478833089,
      "p95": 8010.809251950638,
      "p99": 9062.98578096237
    }
  },
  "details": {
    "DNSDialup": {
      "average": 0.002538823000000001,
      "fastest": 0.0001015,
      "slowest": 0.003383793
    },
    "DNSLookup": {
      "average": 0.000007507980000000003,
      "fastest": 0.0000051,
      "slowest": 0.0000517
    }
  },
  "statusCodeDistribution": {
    "200": 63731
  },
  "errorDistribution": {}
}