{
  "summary": {
    "successRate": 1,
    "total": 10.002208409,
    "slowest": 0.024412032,
    "fastest": 0.001218401,
    "average": 0.0048636318230667365,
    "requestsPerSec": 10270.53184650354,
    "totalData": 1335464,
    "sizePerRequest": 13,
    "sizePerSec": 133516.914004546
  },
  "responseTimeHistogram": {
    "0.001218401": 1,
    "0.0035377641": 2857,
    "0.0058571272": 86763,
    "0.0081764903": 12007,
    "0.010495853400000001": 601,
    "0.0128152165": 71,
    "0.0151345796": 193,
    "0.017453942700000002": 126,
    "0.0197733058": 59,
    "0.0220926689": 0,
    "0.024412032": 50
  },
  "latencyPercentiles": {
    "p10": 0.003761106,
    "p25": 0.003977106,
    "p50": 0.004577706,
    "p75": 0.005573709,
    "p90": 0.005988109,
    "p95": 0.00644131,
    "p99": 0.008365411
  },
  "rps": {
    "mean": 10306.829989278518,
    "stddev": 1390.1445679221395,
    "max": 13192.07623818532,
    "percentiles": {
      "p10": 9112.745997826538,
      "p25": 9768.992993653528,
      "p50": 10700.673957255001,
      "p75": 10949.476325192221,
      "p90": 11222.633890397687,
      "p95": 11701.664663786585,
      "p99": 12546.77530391436
    }
  },
  "details": {
    "DNSDialup": {
      "average": 0.00129956568,
      "fastest": 0.0000617,
      "slowest": 0.001627702
    },
    "DNSLookup": {
      "average": 0.0000042219999999999996,
      "fastest": 0.000003,
      "slowest": 0.0000338
    }
  },
  "statusCodeDistribution": {
    "200": 102728
  },
  "errorDistribution": {}
}