{
  "summary": {
    "successRate": 1,
    "total": 10.000313953,
    "slowest": 0.024088237,
    "fastest": 0.000803579,
    "average": 0.003532458063271017,
    "requestsPerSec": 14145.055911726136,
    "totalData": 1838915,
    "sizePerRequest": 13,
    "sizePerSec": 183885.72685243975
  },
  "responseTimeHistogram": {
    "0.000803579": 1,
    "0.0031320448": 30542,
    "0.005460510599999999": 106972,
    "0.0077889764": 2648,
    "0.0101174422": 642,
    "0.012445908": 518,
    "0.014774373799999999": 42,
    "0.0171028396": 40,
    "0.019431305399999998": 0,
    "0.021759771199999996": 0,
    "0.024088237": 50
  },
  "latencyPercentiles": {
    "p10": 0.001950071,
    "p25": 0.003356749,
    "p50": 0.003670437,
    "p75": 0.003872956,
    "p90": 0.0041226,
    "p95": 0.004406431,
    "p99": 0.007700777
  },
  "rps": {
    "mean": 14206.932888392459,
    "stddev": 2805.1483397515153,
    "max": 40528.45867839938,
    "percentiles": {
      "p10": 11507.292171049385,
      "p25": 13176.301650791633,
      "p50": 14448.388550048787,
      "p75": 15404.992758153141,
      "p90": 17390.22284249814,
      "p95": 18129.536071608632,
      "p99": 18908.164648629758
    }
  },
  "details": {
    "DNSDialup": {
      "average": 0.0010589835200000004,
      "fastest": 0.000696399,
      "slowest": 0.001562305
    },
    "DNSLookup": {
      "average": 0.00001035996,
      "fastest": 0.000004348,
      "slowest": 0.000046907
    }
  },
  "statusCodeDistribution": {
    "200": 141455
  },
  "errorDistribution": {}
}