{
  "summary": {
    "successRate": 1,
    "total": 10.001092115,
    "slowest": 0.025502727,
    "fastest": 0.000716011,
    "average": 0.0055521467040798,
    "requestsPerSec": 8999.417160152814,
    "totalData": 1170052,
    "sizePerRequest": 13,
    "sizePerSec": 116992.42308198658
  },
  "responseTimeHistogram": {
    "0.000716011": 1,
    "0.0031946826": 490,
    "0.0056733542": 73309,
    "0.0081520258": 14890,
    "0.010630697400000002": 843,
    "0.013109369000000001": 59,
    "0.015588040600000002": 38,
    "0.0180667122": 123,
    "0.0205453838": 190,
    "0.0230240554": 19,
    "0.025502727": 42
  },
  "latencyPercentiles": {
    "p10": 0.005221088,
    "p25": 0.005274987,
    "p50": 0.005334788,
    "p75": 0.00548389,
    "p90": 0.006226504,
    "p95": 0.006415207,
    "p99": 0.009278854
  },
  "rps": {
    "mean": 9141.205920993145,
    "stddev": 1890.1005168933277,
    "max": 49397.04729150045,
    "percentiles": {
      "p10": 7828.444653649113,
      "p25": 8371.373116738001,
      "p50": 9404.547098522684,
      "p75": 9675.345007685422,
      "p90": 10428.367001396611,
      "p95": 11071.225344349734,
      "p99": 11834.123458310143
    }
  },
  "details": {
    "DNSDialup": {
      "average": 0.0017883439799999997,
      "fastest": 0.000088802,
      "slowest": 0.001896632
    },
    "DNSLookup": {
      "average": 0.0000068160600000000004,
      "fastest": 0.0000034,
      "slowest": 0.000097602
    }
  },
  "statusCodeDistribution": {
    "200": 90004
  },
  "errorDistribution": {}
}