{
  "summary": {
    "successRate": 1,
    "total": 10.001924284,
    "slowest": 0.032089972,
    "fastest": 0.000538448,
    "average": 0.005706976867657276,
    "requestsPerSec": 8753.61555576439,
    "totalData": 1138189,
    "sizePerRequest": 13,
    "sizePerSec": 113797.00222493707
  },
  "responseTimeHistogram": {
    "0.000538448": 1,
    "0.0036936004000000006": 4808,
    "0.006848752800000002": 75439,
    "0.010003905200000003": 6292,
    "0.013159057600000003": 614,
    "0.016314210000000003": 105,
    "0.019469362400000006": 128,
    "0.022624514800000006": 92,
    "0.025779667200000005": 24,
    "0.028934819600000005": 42,
    "0.032089972": 8
  },
  "latencyPercentiles": {
    "p10": 0.004340087,
    "p25": 0.005370081,
    "p50": 0.005676606,
    "p75": 0.005996035,
    "p90": 0.0067179,
    "p95": 0.007163742,
    "p99": 0.010207512
  },
  "rps": {
    "mean": 8812.365269432297,
    "stddev": 1312.6044652395683,
    "max": 12963.810387300206,
    "percentiles": {
      "p10": 7538.4871177718405,
      "p25": 8487.825721708052,
      "p50": 9135.234028038132,
      "p75": 9391.398168771004,
      "p90": 9644.866490042637,
      "p95": 10132.397613548845,
      "p99": 11491.821857200748
    }
  },
  "details": {
    "DNSDialup": {
      "average": 0.002780964880000001,
      "fastest": 0.000130312,
      "slowest": 0.003154982
    },
    "DNSLookup": {
      "average": 0.000009468819999999996,
      "fastest": 0.0000075,
      "slowest": 0.000063706
    }
  },
  "statusCodeDistribution": {
    "200": 87553
  },
  "errorDistribution": {}
}