{
  "summary": {
    "successRate": 1,
    "total": 10.000794582,
    "slowest": 0.020870364,
    "fastest": 0.000794466,
    "average": 0.0033358336308807295,
    "requestsPerSec": 14975.810049089958,
    "totalData": 1947010,
    "sizePerRequest": 13,
    "sizePerSec": 194685.53063816947
  },
  "responseTimeHistogram": {
    "0.000794466": 1,
    "0.0028020557999999997": 29951,
    "0.0048096456": 114997,
    "0.0068172354": 3230,
    "0.0088248252": 1063,
    "0.010832415000000001": 397,
    "0.0128400048": 81,
    "0.0148475946": 0,
    "0.0168551844": 0,
    "0.0188627742": 0,
    "0.020870364000000002": 50
  },
  "latencyPercentiles": {
    "p10": 0.001879026,
    "p25": 0.00314835,
    "p50": 0.003467988,
    "p75": 0.00367734,
    "p90": 0.00396817,
    "p95": 0.004200762,
    "p99": 0.006897568
  },
  "rps": {
    "mean": 15000.393945729847,
    "stddev": 2374.6058155494684,
    "max": 20197.202094897002,
    "percentiles": {
      "p10": 12611.845044866333,
      "p25": 14675.44439419705,
      "p50": 15425.694487213717,
      "p75": 16121.92765019862,
      "p90": 16663.542252493484,
      "p95": 18201.15825552524,
      "p99": 19316.490688332422
    }
  },
  "details": {
    "DNSDialup": {
      "average": 0.0010333921000000004,
      "fastest": 0.000113422,
      "slowest": 0.002178563
    },
    "DNSLookup": {
      "average": 0.000011290180000000003,
      "fastest": 0.000004227,
      "slowest": 0.00004287
    }
  },
  "statusCodeDistribution": {
    "200": 149770
  },
  "errorDistribution": {}
}