{
  "summary": {
    "successRate": 1,
    "total": 10.000652351,
    "slowest": 0.021177673,
    "fastest": 0.001974594,
    "average": 0.0039036725254131687,
    "requestsPerSec": 12797.665143034628,
    "totalData": 1663805,
    "sizePerRequest": 13,
    "sizePerSec": 166369.64685945018
  },
  "responseTimeHistogram": {
    "0.001974594": 1,
    "0.0038949019": 83841,
    "0.0058152098": 41073,
    "0.0077355177": 1713,
    "0.009655825600000001": 568,
    "0.0115761335": 614,
    "0.0134964414": 75,
    "0.015416749300000001": 32,
    "0.017337057200000002": 38,
    "0.0192573651": 0,
    "0.021177673": 30
  },
  "latencyPercentiles": {
    "p10": 0.003144609,
    "p25": 0.003585125,
    "p50": 0.003747136,
    "p75": 0.004146973,
    "p90": 0.004522113,
    "p95": 0.005026905,
    "p99": 0.007868866
  },
  "rps": {
    "mean": 12790.897716438903,
    "stddev": 1925.0280396558321,
    "max": 17200.674266430873,
    "percentiles": {
      "p10": 11322.132504619307,
      "p25": 12600.412740348866,
      "p50": 13239.298304479435,
      "p75": 13620.879604727654,
      "p90": 14010.393013316805,
      "p95": 14751.5080940093,
      "p99": 16016.28784759361
    }
  },
  "details": {
    "DNSDialup": {
      "average": 0.0011006528600000002,
      "fastest": 0.00008522,
      "slowest": 0.002587541
    },
    "DNSLookup": {
      "average": 0.00002208536,
      "fastest": 0.000003347,
      "slowest": 0.000769734
    }
  },
  "statusCodeDistribution": {
    "200": 127985
  },
  "errorDistribution": {}
}