{
  "summary": {
    "successRate": 0.7396469387640038,
    "total": 10.000333372,
    "slowest": 0.025734733,
    "fastest": 0.000775037,
    "average": 0.0035582899169042236,
    "requestsPerSec": 17735.708741130555,
    "totalData": 1705418,
    "sizePerRequest": 13,
    "sizePerSec": 170536.11480343356
  },
  "responseTimeHistogram": {
    "0.000775037": 1,
    "0.0032710066": 28479,
    "0.0057669762": 99806,
    "0.0082629458": 1913,
    "0.0107589154": 532,
    "0.013254885": 318,
    "0.0157508546": 87,
    "0.018246824199999997": 0,
    "0.0207427938": 0,
    "0.0232387634": 0,
    "0.025734733": 50
  },
  "latencyPercentiles": {
    "p10": 0.001982492,
    "p25": 0.003396388,
    "p50": 0.003703182,
    "p75": 0.003914247,
    "p90": 0.004137993,
    "p95": 0.004387317,
    "p99": 0.007303596
  },
  "rps": {
    "mean": 14066.946864287313,
    "stddev": 2592.5344798104534,
    "max": 19255.111710923535,
    "percentiles": {
      "p10": 11553.640308826838,
      "p25": 13122.326326012131,
      "p50": 14333.984113125469,
      "p75": 15111.75860231759,
      "p90": 17124.785969498545,
      "p95": 17765.615063829417,
      "p99": 18649.93927768215
    }
  },
  "details": {
    "DNSDialup": {
      "average": 0.00082219814,
      "fastest": 0.000086611,
      "slowest": 0.001236248
    },
    "DNSLookup": {
      "average": 0.000006734840000000001,
      "fastest": 0.000004489,
      "slowest": 0.000018405
    }
  },
  "statusCodeDistribution": {
    "200": 131186
  },
  "errorDistribution": {
    "Connection refused (os error 111)": 46177
  }
}