{
  "summary": {
    "successRate": 0.10551036070606293,
    "total": 10.001449248,
    "slowest": 0.025783211,
    "fastest": 0.000856511,
    "average": 0.005426854754146045,
    "requestsPerSec": 39084.33571046403,
    "totalData": 536172,
    "sizePerRequest": 13,
    "sizePerSec": 53609.43066398291
  },
  "responseTimeHistogram": {
    "0.000856511": 1,
    "0.0033491809999999997": 704,
    "0.0058418509999999995": 34483,
    "0.008334521": 4745,
    "0.010827191": 674,
    "0.013319860999999999": 217,
    "0.015812530999999998": 192,
    "0.018305201": 85,
    "0.020797871": 93,
    "0.023290540999999998": 13,
    "0.025783210999999997": 37
  },
  "latencyPercentiles": {
    "p10": 0.004724957,
    "p25": 0.004902659,
    "p50": 0.005012361,
    "p75": 0.005601867,
    "p90": 0.006644881,
    "p95": 0.007541991,
    "p99": 0.013375562
  },
  "rps": {
    "mean": 9630.34748173261,
    "stddev": 5397.74563794409,
    "max": 81884.06886963361,
    "percentiles": {
      "p10": 6416.091557625743,
      "p25": 8204.987812090638,
      "p50": 9870.635045813398,
      "p75": 10300.905449589134,
      "p90": 11490.304668743294,
      "p95": 12933.485586882141,
      "p99": 15422.015828483074
    }
  },
  "details": {
    "DNSDialup": {
      "average": 0.0018393842600000006,
      "fastest": 0.000066901,
      "slowest": 0.002034125
    },
    "DNSLookup": {
      "average": 0.00000373406,
      "fastest": 0.0000036,
      "slowest": 0.0000053
    }
  },
  "statusCodeDistribution": {
    "200": 41244
  },
  "errorDistribution": {
    "Connection refused (os error 111)": 349656
  }
}