{
  "summary": {
    "successRate": 1,
    "total": 10.001057782,
    "slowest": 0.022579526,
    "fastest": 0.000748811,
    "average": 0.0037804525458156263,
    "requestsPerSec": 13216.801950479921,
    "totalData": 1718366,
    "sizePerRequest": 13,
    "sizePerSec": 171818.425356239
  },
  "responseTimeHistogram": {
    "0.000748811": 1,
    "0.0029318825": 18620,
    "0.0051149540000000005": 108916,
    "0.007298025500000001": 3010,
    "0.009481097": 860,
    "0.0116641685": 534,
    "0.013847240000000002": 109,
    "0.0160303115": 67,
    "0.018213383": 15,
    "0.0203964545": 0,
    "0.022579526": 50
  },
  "latencyPercentiles": {
    "p10": 0.002106872,
    "p25": 0.003573025,
    "p50": 0.003920007,
    "p75": 0.004163107,
    "p90": 0.004505148,
    "p95": 0.004762883,
    "p99": 0.00775877
  },
  "rps": {
    "mean": 13299.380219823048,
    "stddev": 2230.3592245221394,
    "max": 48503.373954084156,
    "percentiles": {
      "p10": 12020.01693420062,
      "p25": 13118.51627491249,
      "p50": 13747.928824069719,
      "p75": 14186.704961397534,
      "p90": 14411.939922363374,
      "p95": 14545.88307747996,
      "p99": 16684.56482179875
    }
  },
  "details": {
    "DNSDialup": {
      "average": 0.0014111507599999995,
      "fastest": 0.000072535,
      "slowest": 0.003065199
    },
    "DNSLookup": {
      "average": 0.000008495660000000001,
      "fastest": 0.000003136,
      "slowest": 0.00009091
    }
  },
  "statusCodeDistribution": {
    "200": 132182
  },
  "errorDistribution": {}
}