{
  "summary": {
    "successRate": 1,
    "total": 10.004167554,
    "slowest": 0.023016757,
    "fastest": 0.001989359,
    "average": 0.003975116082956079,
    "requestsPerSec": 12564.063858541007,
    "totalData": 1634009,
    "sizePerRequest": 13,
    "sizePerSec": 163332.8301610331
  },
  "responseTimeHistogram": {
    "0.001989359": 1,
    "0.0040920988": 87528,
    "0.0061948386000000005": 35219,
    "0.0082975784": 1689,
    "0.0104003182": 762,
    "0.012503058": 372,
    "0.0146057978": 34,
    "0.0167085376": 36,
    "0.0188112774": 17,
    "0.0209140172": 5,
    "0.023016757": 30
  },
  "latencyPercentiles": {
    "p10": 0.003169692,
    "p25": 0.003638995,
    "p50": 0.003790367,
    "p75": 0.004238571,
    "p90": 0.004626898,
    "p95": 0.005256868,
    "p99": 0.008285995
  },
  "rps": {
    "mean": 12561.83522322611,
    "stddev": 1962.9033464823283,
    "max": 16502.4539148968,
    "percentiles": {
      "p10": 10746.58303436947,
      "p25": 12322.124374315046,
      "p50": 13092.722899479044,
      "p75": 13506.290421827745,
      "p90": 13892.097562341207,
      "p95": 14489.533215985879,
      "p99": 15459.128383423405
    }
  },
  "details": {
    "DNSDialup": {
      "average": 0.0009263951599999998,
      "fastest": 0.000089616,
      "slowest": 0.001837529
    },
    "DNSLookup": {
      "average": 0.00000813462,
      "fastest": 0.000003887,
      "slowest": 0.000060933
    }
  },
  "statusCodeDistribution": {
    "200": 125693
  },
  "errorDistribution": {}
}