{
  "summary": {
    "successRate": 1,
    "total": 10.000629748,
    "slowest": 0.024657659,
    "fastest": 0.000770405,
    "average": 0.005086352291463069,
    "requestsPerSec": 9824.981273769281,
    "totalData": 1277328,
    "sizePerRequest": 13,
    "sizePerSec": 127724.75655900066
  },
  "responseTimeHistogram": {
    "0.000770405": 1,
    "0.0031591303999999997": 1533,
    "0.005547855799999999": 82278,
    "0.007936581199999999": 13298,
    "0.010325306599999999": 662,
    "0.012714031999999998": 67,
    "0.015102757399999998": 42,
    "0.0174914828": 50,
    "0.0198802082": 220,
    "0.0222689336": 80,
    "0.024657659": 25
  },
  "latencyPercentiles": {
    "p10": 0.004734728,
    "p25": 0.004810529,
    "p50": 0.004895111,
    "p75": 0.005050912,
    "p90": 0.005943314,
    "p95": 0.006144937,
    "p99": 0.00819875
  },
  "rps": {
    "mean": 9894.277007867307,
    "stddev": 2203.1501966518645,
    "max": 66129.95974700038,
    "percentiles": {
      "p10": 8536.258612080821,
      "p25": 9374.977318602922,
      "p50": 10307.65994164016,
      "p75": 10456.90724210859,
      "p90": 10603.36762955925,
      "p95": 11211.479433792338,
      "p99": 12313.502168942616
    }
  },
  "details": {
    "DNSDialup": {
      "average": 0.0019334706199999995,
      "fastest": 0.000085301,
      "slowest": 0.00394801
    },
    "DNSLookup": {
      "average": 0.000005708000000000001,
      "fastest": 0.0000039,
      "slowest": 0.000045
    }
  },
  "statusCodeDistribution": {
    "200": 98256
  },
  "errorDistribution": {}
}