{
  "summary": {
    "successRate": 1,
    "total": 10.001657756,
    "slowest": 0.025231614,
    "fastest": 0.000496006,
    "average": 0.004771195947801943,
    "requestsPerSec": 10473.763705537456,
    "totalData": 1361815,
    "sizePerRequest": 13,
    "sizePerSec": 136158.92817198692
  },
  "responseTimeHistogram": {
    "0.000496006": 1,
    "0.0029695668": 1445,
    "0.0054431276": 91993,
    "0.0079166884": 10470,
    "0.0103902492": 361,
    "0.01286381": 94,
    "0.0153373708": 288,
    "0.0178109316": 47,
    "0.0202844924": 0,
    "0.0227580532": 6,
    "0.025231614": 50
  },
  "latencyPercentiles": {
    "p10": 0.004477855,
    "p25": 0.004536056,
    "p50": 0.004612357,
    "p75": 0.004736457,
    "p90": 0.005484867,
    "p95": 0.005707569,
    "p99": 0.007598395
  },
  "rps": {
    "mean": 10501.023087160054,
    "stddev": 1367.3033723596197,
    "max": 19290.563231835735,
    "percentiles": {
      "p10": 9633.182184118043,
      "p25": 10251.245205941235,
      "p50": 10958.484356032714,
      "p75": 11053.773640619094,
      "p90": 11131.03108846772,
      "p95": 11225.117322521102,
      "p99": 12303.818389185855
    }
  },
  "details": {
    "DNSDialup": {
      "average": 0.0014202296999999999,
      "fastest": 0.000075401,
      "slowest": 0.002862836
    },
    "DNSLookup": {
      "average": 0.000004966060000000001,
      "fastest": 0.0000032,
      "slowest": 0.000048101
    }
  },
  "statusCodeDistribution": {
    "200": 104755
  },
  "errorDistribution": {}
}