{
  "summary": {
    "successRate": 1,
    "total": 10.002288945,
    "slowest": 0.037255824,
    "fastest": 0.000821745,
    "average": 0.005862011654122264,
    "requestsPerSec": 8522.44925823826,
    "totalData": 1108172,
    "sizePerRequest": 13,
    "sizePerSec": 110791.84035709738
  },
  "responseTimeHistogram": {
    "0.000821745": 1,
    "0.0044651529": 10819,
    "0.008108560800000001": 70779,
    "0.011751968700000002": 2991,
    "0.015395376600000002": 289,
    "0.0190387845": 216,
    "0.022682192400000002": 99,
    "0.0263256003": 34,
    "0.0299690082": 9,
    "0.0336124161": 0,
    "0.037255824": 7
  },
  "latencyPercentiles": {
    "p10": 0.004262237,
    "p25": 0.005322696,
    "p50": 0.005788421,
    "p75": 0.006261548,
    "p90": 0.007108395,
    "p95": 0.007875828,
    "p99": 0.010826101
  },
  "rps": {
    "mean": 8565.401644168041,
    "stddev": 1406.99496210653,
    "max": 12554.150871473681,
    "percentiles": {
      "p10": 6902.100999544145,
      "p25": 8021.307091783449,
      "p50": 9010.678806915284,
      "p75": 9304.500959293287,
      "p90": 9542.08954674116,
      "p95": 9971.572608305753,
      "p99": 11003.601845670382
    }
  },
  "details": {
    "DNSDialup": {
      "average": 0.0017491370600000002,
      "fastest": 0.000077705,
      "slowest": 0.003699701
    },
    "DNSLookup": {
      "average": 0.000005396319999999999,
      "fastest": 0.0000038,
      "slowest": 0.000038603
    }
  },
  "statusCodeDistribution": {
    "200": 85244
  },
  "errorDistribution": {}
}