{
  "summary": {
    "successRate": 1,
    "total": 10.00200361,
    "slowest": 0.030689801,
    "fastest": 0.000527512,
    "average": 0.004804712951732121,
    "requestsPerSec": 10398.216602923223,
    "totalData": 1352039,
    "sizePerRequest": 13,
    "sizePerSec": 135176.8158380019
  },
  "responseTimeHistogram": {
    "0.000527512": 1,
    "0.0035437409": 8775,
    "0.0065599698": 92976,
    "0.0095761987": 1731,
    "0.0125924276": 113,
    "0.015608656500000002": 134,
    "0.0186248854": 179,
    "0.0216411143": 44,
    "0.0246573432": 49,
    "0.027673572100000002": 0,
    "0.030689801000000003": 1
  },
  "latencyPercentiles": {
    "p10": 0.003798487,
    "p25": 0.004519802,
    "p50": 0.004803008,
    "p75": 0.005066316,
    "p90": 0.005632227,
    "p95": 0.005987837,
    "p99": 0.008109385
  },
  "rps": {
    "mean": 10416.349447664941,
    "stddev": 1481.12795819901,
    "max": 14212.14157187967,
    "percentiles": {
      "p10": 9165.600594943133,
      "p25": 9903.43748315048,
      "p50": 10816.192983740126,
      "p75": 11034.356129871281,
      "p90": 11405.674322976387,
      "p95": 12039.470619243062,
      "p99": 13219.083560900986
    }
  },
  "details": {
    "DNSDialup": {
      "average": 0.0016597399400000003,
      "fastest": 0.000080702,
      "slowest": 0.003576381
    },
    "DNSLookup": {
      "average": 0.00000542818,
      "fastest": 0.000004,
      "slowest": 0.000041401
    }
  },
  "statusCodeDistribution": {
    "200": 104003
  },
  "errorDistribution": {}
}