{
  "summary": {
    "successRate": 1,
    "total": 10.000452832,
    "slowest": 0.020883133,
    "fastest": 0.001980462,
    "average": 0.003854404972668958,
    "requestsPerSec": 12962.713006874366,
    "totalData": 1685229,
    "sizePerRequest": 13,
    "sizePerSec": 168515.26908936678
  },
  "responseTimeHistogram": {
    "0.001980462": 1,
    "0.0038707291000000003": 86140,
    "0.0057609962": 40418,
    "0.007651263300000001": 1804,
    "0.009541530400000001": 638,
    "0.011431797500000002": 479,
    "0.0133220646": 16,
    "0.015212331700000001": 91,
    "0.0171025988": 16,
    "0.0189928659": 0,
    "0.020883133": 30
  },
  "latencyPercentiles": {
    "p10": 0.003100651,
    "p25": 0.00355849,
    "p50": 0.003697329,
    "p75": 0.004095663,
    "p90": 0.004474734,
    "p95": 0.004973355,
    "p99": 0.007588284
  },
  "rps": {
    "mean": 12952.828880122683,
    "stddev": 1882.3152882928416,
    "max": 16477.714879289302,
    "percentiles": {
      "p10": 11310.411233540226,
      "p25": 12796.890438183667,
      "p50": 13403.581436960141,
      "p75": 13816.92430934245,
      "p90": 14189.86413831269,
      "p95": 14839.425698604786,
      "p99": 15760.350610264062
    }
  },
  "details": {
    "DNSDialup": {
      "average": 0.0011752022200000004,
      "fastest": 0.00010193,
      "slowest": 0.002770145
    },
    "DNSLookup": {
      "average": 0.0000089549,
      "fastest": 0.000003687,
      "slowest": 0.000043591
    }
  },
  "statusCodeDistribution": {
    "200": 129633
  },
  "errorDistribution": {}
}