{
  "summary": {
    "successRate": 1,
    "total": 10.000905469,
    "slowest": 0.0770292,
    "fastest": 0.002577612,
    "average": 0.014237857082594745,
    "requestsPerSec": 3508.3823268562887,
    "totalData": 456131,
    "sizePerRequest": 13,
    "sizePerSec": 45608.97024913175
  },
  "responseTimeHistogram": {
    "0.002577612": 1,
    "0.0100227708": 10709,
    "0.0174679296": 13195,
    "0.024913088400000005": 8668,
    "0.03235824720000001": 2057,
    "0.039803406000000006": 312,
    "0.04724856480000001": 95,
    "0.05469372360000001": 0,
    "0.06213888240000001": 11,
    "0.0695840412": 0,
    "0.07702920000000002": 39
  },
  "latencyPercentiles": {
    "p10": 0.004551568,
    "p25": 0.008309821,
    "p50": 0.014179762,
    "p75": 0.0189429,
    "p90": 0.0234315,
    "p95": 0.02637196,
    "p99": 0.032851303
  },
  "rps": {
    "mean": 5956.493988891275,
    "stddev": 10740.530575876222,
    "max": 92615.25637890385,
    "percentiles": {
      "p10": 84.12741905238286,
      "p25": 1986.9287279251444,
      "p50": 3423.5287077260655,
      "p75": 5855.543409485573,
      "p90": 11162.562254539967,
      "p95": 15340.379418718006,
      "p99": 71502.99291060789
    }
  },
  "details": {
    "DNSDialup": {
      "average": 0.0012835285400000002,
      "fastest": 0.0000859,
      "slowest": 0.002525441
    },
    "DNSLookup": {
      "average": 0.000008082420000000002,
      "fastest": 0.000003667,
      "slowest": 0.000046376
    }
  },
  "statusCodeDistribution": {
    "200": 35087
  },
  "errorDistribution": {}
}