{
  "summary": {
    "successRate": 1,
    "total": 10.001468523,
    "slowest": 0.036756717,
    "fastest": 0.000522698,
    "average": 0.011557384363853005,
    "requestsPerSec": 4322.265265404565,
    "totalData": 561977,
    "sizePerRequest": 13,
    "sizePerSec": 56189.44845025935
  },
  "responseTimeHistogram": {
    "0.000522698": 1,
    "0.0041460999": 5324,
    "0.0077695018": 11379,
    "0.0113929037": 4247,
    "0.0150163056": 7561,
    "0.018639707499999998": 7433,
    "0.022263109399999998": 6502,
    "0.025886511299999998": 658,
    "0.029509913199999998": 46,
    "0.033133315100000005": 33,
    "0.036756717": 45
  },
  "latencyPercentiles": {
    "p10": 0.004000791,
    "p25": 0.005182388,
    "p50": 0.011762774,
    "p75": 0.01643518,
    "p90": 0.020631611,
    "p95": 0.021517815,
    "p99": 0.022684223
  },
  "rps": {
    "mean": 4348.307751998848,
    "stddev": 3763.8919668059525,
    "max": 89685.52411581746,
    "percentiles": {
      "p10": 2200.5108210807516,
      "p25": 2710.4392138356598,
      "p50": 3345.4468923992927,
      "p75": 4735.357944391662,
      "p90": 9309.406001207415,
      "p95": 11214.056146536312,
      "p99": 13386.76759789665
    }
  },
  "details": {
    "DNSDialup": {
      "average": 0.0012968330999999997,
      "fastest": 0.0001019,
      "slowest": 0.001460197
    },
    "DNSLookup": {
      "average": 0.000004576,
      "fastest": 0.0000029,
      "slowest": 0.0000485
    }
  },
  "statusCodeDistribution": {
    "200": 43229
  },
  "errorDistribution": {}
}