{
  "summary": {
    "successRate": 1,
    "total": 10.001569642,
    "slowest": 0.048409517,
    "fastest": 0.000705704,
    "average": 0.01284541022675926,
    "requestsPerSec": 3885.890054376327,
    "totalData": 505245,
    "sizePerRequest": 13,
    "sizePerSec": 50516.57070689225
  },
  "responseTimeHistogram": {
    "0.000705704": 1,
    "0.005476085299999999": 4033,
    "0.010246466599999999": 12899,
    "0.015016847899999998": 6243,
    "0.0197872292": 8991,
    "0.0245576105": 5797,
    "0.029327991799999998": 778,
    "0.034098373099999996": 62,
    "0.0388687544": 18,
    "0.0436391357": 8,
    "0.048409517": 35
  },
  "latencyPercentiles": {
    "p10": 0.00544243,
    "p25": 0.006885338,
    "p50": 0.01257027,
    "p75": 0.0179972,
    "p90": 0.021712598,
    "p95": 0.023067703,
    "p99": 0.026113117
  },
  "rps": {
    "mean": 4097.688124015312,
    "stddev": 4582.609307270764,
    "max": 114068.4410644886,
    "percentiles": {
      "p10": 2054.919152802079,
      "p25": 2529.0384191284484,
      "p50": 3142.6138596496776,
      "p75": 4335.431817815707,
      "p90": 7584.333575844808,
      "p95": 8715.329404828877,
      "p99": 10324.099000338534
    }
  },
  "details": {
    "DNSDialup": {
      "average": 0.003856061460000001,
      "fastest": 0.000109001,
      "slowest": 0.008402347
    },
    "DNSLookup": {
      "average": 0.000010898039999999999,
      "fastest": 0.0000083,
      "slowest": 0.000092601
    }
  },
  "statusCodeDistribution": {
    "200": 38865
  },
  "errorDistribution": {}
}