{
  "summary": {
    "successRate": 1,
    "total": 10.001281122,
    "slowest": 0.061586736,
    "fastest": 0.000889565,
    "average": 0.013794074904874916,
    "requestsPerSec": 3617.936498195756,
    "totalData": 470392,
    "sizePerRequest": 13,
    "sizePerSec": 47033.174476544824
  },
  "responseTimeHistogram": {
    "0.000889565": 1,
    "0.0069592821": 9935,
    "0.0130289992": 6959,
    "0.0190987163": 9618,
    "0.0251684334": 6812,
    "0.0312381505": 2676,
    "0.0373078676": 91,
    "0.043377584700000006": 0,
    "0.0494473018": 42,
    "0.0555170189": 9,
    "0.061586736": 41
  },
  "latencyPercentiles": {
    "p10": 0.004161056,
    "p25": 0.006121305,
    "p50": 0.013788808,
    "p75": 0.019669485,
    "p90": 0.024392957,
    "p95": 0.026607952,
    "p99": 0.030165882
  },
  "rps": {
    "mean": 11761.898790308911,
    "stddev": 21687.14060764456,
    "max": 96243.4026699807,
    "percentiles": {
      "p10": 65.14809921951512,
      "p25": 84.7083976940685,
      "p50": 4953.081931404692,
      "p75": 10765.35614440669,
      "p90": 20779.652564209206,
      "p95": 78330.6616982759,
      "p99": 87919.48104622932
    }
  },
  "details": {
    "DNSDialup": {
      "average": 0.00136420366,
      "fastest": 0.000065814,
      "slowest": 0.002776265
    },
    "DNSLookup": {
      "average": 0.00003496686,
      "fastest": 0.000003076,
      "slowest": 0.001367495
    }
  },
  "statusCodeDistribution": {
    "200": 36184
  },
  "errorDistribution": {}
}