{
  "summary": {
    "successRate": 1,
    "total": 10.000227957,
    "slowest": 0.044352133,
    "fastest": 0.000862046,
    "average": 0.013037224234069755,
    "requestsPerSec": 3829.112712695335,
    "totalData": 497796,
    "sizePerRequest": 13,
    "sizePerSec": 49778.46526503936
  },
  "responseTimeHistogram": {
    "0.000862046": 1,
    "0.0052110547": 7815,
    "0.0095600634": 4385,
    "0.013909072100000001": 9202,
    "0.0182580808": 8373,
    "0.022607089500000004": 5153,
    "0.0269560982": 2483,
    "0.031305106900000004": 356,
    "0.0356541156": 478,
    "0.040003124300000005": 28,
    "0.044352133": 18
  },
  "latencyPercentiles": {
    "p10": 0.003538859,
    "p25": 0.008374329,
    "p50": 0.013167062,
    "p75": 0.017524275,
    "p90": 0.021265993,
    "p95": 0.025107596,
    "p99": 0.033926161
  },
  "rps": {
    "mean": 3725.9181257527553,
    "stddev": 2885.3988922860426,
    "max": 50251.00376370801,
    "percentiles": {
      "p10": 1850.424159272468,
      "p25": 2437.6393678755603,
      "p50": 3000.3993531538335,
      "p75": 3887.916778787891,
      "p90": 5283.321730038034,
      "p95": 9496.63414465165,
      "p99": 15212.844204361767
    }
  },
  "details": {
    "DNSDialup": {
      "average": 0.00079107014,
      "fastest": 0.000152694,
      "slowest": 0.001175337
    },
    "DNSLookup": {
      "average": 0.00000853146,
      "fastest": 0.000003827,
      "slowest": 0.000044002
    }
  },
  "statusCodeDistribution": {
    "200": 38292
  },
  "errorDistribution": {}
}