{
  "summary": {
    "successRate": 1,
    "total": 10.000321426,
    "slowest": 0.072875678,
    "fastest": 0.000850337,
    "average": 0.014078059286637195,
    "requestsPerSec": 3544.7860613595444,
    "totalData": 460837,
    "sizePerRequest": 13,
    "sizePerSec": 46082.218797674075
  },
  "responseTimeHistogram": {
    "0.000850337": 1,
    "0.0080528711": 10529,
    "0.015255405199999999": 8797,
    "0.0224579393": 11365,
    "0.029660473399999998": 3847,
    "0.036863007499999996": 806,
    "0.0440655416": 9,
    "0.0512680757": 51,
    "0.0584706098": 0,
    "0.06567314390000001": 0,
    "0.072875678": 44
  },
  "latencyPercentiles": {
    "p10": 0.004241974,
    "p25": 0.005938239,
    "p50": 0.014233336,
    "p75": 0.019967872,
    "p90": 0.023387846,
    "p95": 0.027357284,
    "p99": 0.032791535
  },
  "rps": {
    "mean": 9946.176165777755,
    "stddev": 16407.227149528222,
    "max": 100220.48506709027,
    "percentiles": {
      "p10": 57.04491916592344,
      "p25": 78.3753971477321,
      "p50": 5145.159654304757,
      "p75": 12169.954770588702,
      "p90": 20547.492034765106,
      "p95": 48175.476715973404,
      "p99": 79435.79860583734
    }
  },
  "details": {
    "DNSDialup": {
      "average": 0.0007216882799999998,
      "fastest": 0.000072783,
      "slowest": 0.001636695
    },
    "DNSLookup": {
      "average": 0.000007422659999999998,
      "fastest": 0.000003777,
      "slowest": 0.000038171
    }
  },
  "statusCodeDistribution": {
    "200": 35449
  },
  "errorDistribution": {}
}