{
  "summary": {
    "successRate": 1,
    "total": 10.001064793,
    "slowest": 0.036973829,
    "fastest": 0.000927003,
    "average": 0.013735507003355931,
    "requestsPerSec": 3634.9129570127766,
    "totalData": 472589,
    "sizePerRequest": 13,
    "sizePerSec": 47253.868441166094
  },
  "responseTimeHistogram": {
    "0.000927003": 1,
    "0.0045316856": 1283,
    "0.0081363682": 13348,
    "0.0117410508": 1710,
    "0.015345733399999999": 3434,
    "0.018950415999999998": 5390,
    "0.0225550986": 5895,
    "0.0261597812": 4737,
    "0.029764463799999998": 467,
    "0.0333691464": 38,
    "0.036973829": 50
  },
  "latencyPercentiles": {
    "p10": 0.005142918,
    "p25": 0.006440222,
    "p50": 0.014146449,
    "p75": 0.020261171,
    "p90": 0.024065505,
    "p95": 0.025286616,
    "p99": 0.026438326
  },
  "rps": {
    "mean": 4014.580219788148,
    "stddev": 4553.863040438939,
    "max": 97823.13577054384,
    "percentiles": {
      "p10": 1407.42628479179,
      "p25": 2268.5830984509053,
      "p50": 2916.601374567882,
      "p75": 4482.197436842564,
      "p90": 8068.459094065065,
      "p95": 9663.844186618893,
      "p99": 20104.96432599752
    }
  },
  "details": {
    "DNSDialup": {
      "average": 0.0023770683200000004,
      "fastest": 0.0000988,
      "slowest": 0.004400015
    },
    "DNSLookup": {
      "average": 0.000005992020000000001,
      "fastest": 0.0000036,
      "slowest": 0.0000506
    }
  },
  "statusCodeDistribution": {
    "200": 36353
  },
  "errorDistribution": {}
}