{
  "summary": {
    "successRate": 1,
    "total": 10.001291173,
    "slowest": 0.03600462,
    "fastest": 0.000866832,
    "average": 0.013403699377338709,
    "requestsPerSec": 3724.8190614198006,
    "totalData": 484289,
    "sizePerRequest": 13,
    "sizePerSec": 48422.64779845741
  },
  "responseTimeHistogram": {
    "0.000866832": 1,
    "0.0043806108": 1378,
    "0.007894389600000001": 13726,
    "0.0114081684": 1237,
    "0.0149219472": 3292,
    "0.018435726000000003": 6084,
    "0.021949504800000002": 6195,
    "0.025463283600000004": 4498,
    "0.028977062400000003": 611,
    "0.0324908412": 164,
    "0.03600462": 67
  },
  "latencyPercentiles": {
    "p10": 0.004976683,
    "p25": 0.006175227,
    "p50": 0.01391571,
    "p75": 0.019584018,
    "p90": 0.02362648,
    "p95": 0.024725821,
    "p99": 0.026157474
  },
  "rps": {
    "mean": 4862.87409326657,
    "stddev": 5023.440578859118,
    "max": 25124.726320059457,
    "percentiles": {
      "p10": 89.40296787456177,
      "p25": 2295.1782894493867,
      "p50": 3222.504683709145,
      "p75": 5531.017154054462,
      "p90": 10045.090279487938,
      "p95": 20237.34838354837,
      "p99": 23183.209174378655
    }
  },
  "details": {
    "DNSDialup": {
      "average": 0.0017713309400000001,
      "fastest": 0.000074402,
      "slowest": 0.003790539
    },
    "DNSLookup": {
      "average": 0.0000053282399999999995,
      "fastest": 0.0000032,
      "slowest": 0.000048002
    }
  },
  "statusCodeDistribution": {
    "200": 37253
  },
  "errorDistribution": {}
}