{
  "summary": {
    "successRate": 1,
    "total": 10.002082319,
    "slowest": 0.03903876,
    "fastest": 0.001578522,
    "average": 0.012626414118487618,
    "requestsPerSec": 3953.1768224792195,
    "totalData": 514020,
    "sizePerRequest": 13,
    "sizePerSec": 51391.29869222985
  },
  "responseTimeHistogram": {
    "0.001578522": 1,
    "0.0053245458": 9182,
    "0.0090705696": 7332,
    "0.012816593400000001": 3151,
    "0.0165626172": 5901,
    "0.020308641": 6726,
    "0.0240546648": 5610,
    "0.027800688599999998": 1508,
    "0.0315467124": 83,
    "0.0352927362": 0,
    "0.03903876": 46
  },
  "latencyPercentiles": {
    "p10": 0.004229859,
    "p25": 0.005474476,
    "p50": 0.012923852,
    "p75": 0.018586558,
    "p90": 0.022694967,
    "p95": 0.02374708,
    "p99": 0.025623402
  },
  "rps": {
    "mean": 3880.0153739403477,
    "stddev": 2735.0326569474105,
    "max": 20743.461008068996,
    "percentiles": {
      "p10": 1839.7653152075432,
      "p25": 2411.4780844873594,
      "p50": 2945.349461505861,
      "p75": 4114.216830541066,
      "p90": 8568.953673987118,
      "p95": 10602.292215577028,
      "p99": 13133.170570308524
    }
  },
  "details": {
    "DNSDialup": {
      "average": 0.0016342866199999997,
      "fastest": 0.000080301,
      "slowest": 0.003501349
    },
    "DNSLookup": {
      "average": 0.000005284039999999999,
      "fastest": 0.0000039,
      "slowest": 0.000041101
    }
  },
  "statusCodeDistribution": {
    "200": 39540
  },
  "errorDistribution": {}
}