{
  "summary": {
    "successRate": 1,
    "total": 10.001059586,
    "slowest": 0.037386413,
    "fastest": 0.000752208,
    "average": 0.013777142329755772,
    "requestsPerSec": 3624.1159937430652,
    "totalData": 471185,
    "sizePerRequest": 13,
    "sizePerSec": 47113.50791865985
  },
  "responseTimeHistogram": {
    "0.000752208": 1,
    "0.0044156285": 1157,
    "0.008079049000000001": 12824,
    "0.011742469500000002": 2459,
    "0.015405890000000002": 3320,
    "0.019069310500000002": 5708,
    "0.022732731000000003": 5678,
    "0.026396151500000003": 3332,
    "0.030059572000000003": 1667,
    "0.0337229925": 41,
    "0.037386413": 58
  },
  "latencyPercentiles": {
    "p10": 0.005095057,
    "p25": 0.00639227,
    "p50": 0.013791052,
    "p75": 0.020217823,
    "p90": 0.024703572,
    "p95": 0.026339883,
    "p99": 0.027686297
  },
  "rps": {
    "mean": 4147.516523768188,
    "stddev": 3989.3869507873396,
    "max": 78073.15454559513,
    "percentiles": {
      "p10": 800.3113211038825,
      "p25": 2300.043470821567,
      "p50": 3080.8710156377424,
      "p75": 5453.169515669021,
      "p90": 8119.517566413967,
      "p95": 9822.20031573912,
      "p99": 19768.384306682994
    }
  },
  "details": {
    "DNSDialup": {
      "average": 0.00234268104,
      "fastest": 0.000120402,
      "slowest": 0.002759629
    },
    "DNSLookup": {
      "average": 0.000011650160000000001,
      "fastest": 0.0000053,
      "slowest": 0.000232902
    }
  },
  "statusCodeDistribution": {
    "200": 36245
  },
  "errorDistribution": {}
}