{
  "summary": {
    "successRate": 1,
    "total": 10.000247477,
    "slowest": 0.010315684,
    "fastest": 0.00087863,
    "average": 0.0016072695733435323,
    "requestsPerSec": 31070.831068393967,
    "totalData": 4039308,
    "sizePerRequest": 13,
    "sizePerSec": 403920.80388912157
  },
  "responseTimeHistogram": {
    "0.00087863": 1,
    "0.0018223354000000002": 295726,
    "0.0027660408000000003": 13593,
    "0.0037097462": 1065,
    "0.0046534516000000005": 204,
    "0.005597157": 45,
    "0.0065408624": 34,
    "0.0074845678": 15,
    "0.0084282732": 9,
    "0.0093719786": 11,
    "0.010315684": 13
  },
  "latencyPercentiles": {
    "p10": 0.001404657,
    "p25": 0.001455158,
    "p50": 0.001639287,
    "p75": 0.001706947,
    "p90": 0.001763939,
    "p95": 0.001818591,
    "p99": 0.002313728
  },
  "rps": {
    "mean": 31063.086043646905,
    "stddev": 2604.8717256415107,
    "max": 41923.22861541068,
    "percentiles": {
      "p10": 30416.47964867373,
      "p25": 31074.988790807398,
      "p50": 31408.395464106856,
      "p75": 31830.35023895283,
      "p90": 32128.669554880384,
      "p95": 32298.033913759304,
      "p99": 38915.2603067978
    }
  },
  "details": {
    "DNSDialup": {
      "average": 0.0007421870000000001,
      "fastest": 0.00007835,
      "slowest": 0.001616403
    },
    "DNSLookup": {
      "average": 0.00001017696,
      "fastest": 0.000004759,
      "slowest": 0.000045875
    }
  },
  "statusCodeDistribution": {
    "200": 310716
  },
  "errorDistribution": {}
}