{
  "summary": {
    "successRate": 1,
    "total": 10.001427641,
    "slowest": 0.072724297,
    "fastest": 0.001026837,
    "average": 0.01881655807065327,
    "requestsPerSec": 2643.5225998751994,
    "totalData": 343707,
    "sizePerRequest": 13,
    "sizePerSec": 34365.79379837759
  },
  "responseTimeHistogram": {
    "0.001026837": 1,
    "0.008196583": 5163,
    "0.015366328999999998": 5033,
    "0.022536075": 5559,
    "0.029705820999999997": 6931,
    "0.036875567": 3416,
    "0.044045313": 241,
    "0.051215059": 6,
    "0.058384805": 45,
    "0.065554551": 0,
    "0.072724297": 44
  },
  "latencyPercentiles": {
    "p10": 0.007087853,
    "p25": 0.008851316,
    "p50": 0.019418793,
    "p75": 0.026564749,
    "p90": 0.030785493,
    "p95": 0.033442296,
    "p99": 0.038206064
  },
  "rps": {
    "mean": 6882.0022971883445,
    "stddev": 10766.216619783543,
    "max": 114279.18404678692,
    "percentiles": {
      "p10": 42.8487493992607,
      "p25": 61.83803542540362,
      "p50": 5491.351014478658,
      "p75": 8199.355424865453,
      "p90": 16015.656906189044,
      "p95": 23439.482636525387,
      "p99": 53024.84655948499
    }
  },
  "details": {
    "DNSDialup": {
      "average": 0.0010413893800000002,
      "fastest": 0.000058803,
      "slowest": 0.00139895
    },
    "DNSLookup": {
      "average": 0.000005810440000000001,
      "fastest": 0.0000041,
      "slowest": 0.000036501
    }
  },
  "statusCodeDistribution": {
    "200": 26439
  },
  "errorDistribution": {}
}