{
  "summary": {
    "successRate": 1,
    "total": 10.001285772,
    "slowest": 0.045875472,
    "fastest": 0.001213036,
    "average": 0.01389324497537563,
    "requestsPerSec": 3593.537952951916,
    "totalData": 467220,
    "sizePerRequest": 13,
    "sizePerSec": 46715.99338837491
  },
  "responseTimeHistogram": {
    "0.001213036": 1,
    "0.0056792796": 4962,
    "0.010145523200000001": 11301,
    "0.014611766800000002": 2072,
    "0.0190780104": 6794,
    "0.023544254": 6193,
    "0.028010497600000003": 4151,
    "0.0324767412": 367,
    "0.0369429848": 53,
    "0.041409228400000005": 34,
    "0.045875472": 12
  },
  "latencyPercentiles": {
    "p10": 0.00534106,
    "p25": 0.006654399,
    "p50": 0.014089921,
    "p75": 0.020126702,
    "p90": 0.02449571,
    "p95": 0.026817302,
    "p99": 0.028134546
  },
  "rps": {
    "mean": 4601.557433466467,
    "stddev": 5086.689713610029,
    "max": 58987.6690124711,
    "percentiles": {
      "p10": 100.70800750515889,
      "p25": 2370.0270210963527,
      "p50": 3054.8595496502135,
      "p75": 5702.794939800024,
      "p90": 8687.270846083735,
      "p95": 11858.930721266988,
      "p99": 20632.169678906084
    }
  },
  "details": {
    "DNSDialup": {
      "average": 0.0018284707400000003,
      "fastest": 0.000081702,
      "slowest": 0.003185295
    },
    "DNSLookup": {
      "average": 0.000006756180000000001,
      "fastest": 0.0000041,
      "slowest": 0.000046101
    }
  },
  "statusCodeDistribution": {
    "200": 35940
  },
  "errorDistribution": {}
}