{
  "summary": {
    "successRate": 1,
    "total": 10.001044497,
    "slowest": 0.0347018,
    "fastest": 0.00165626,
    "average": 0.013241829727957559,
    "requestsPerSec": 3769.6062657564235,
    "totalData": 490100,
    "sizePerRequest": 13,
    "sizePerSec": 49004.88145483351
  },
  "responseTimeHistogram": {
    "0.00165626": 1,
    "0.004960814": 7420,
    "0.008265368": 2303,
    "0.011569922": 5554,
    "0.014874476": 7349,
    "0.01817903": 5834,
    "0.021483584": 4622,
    "0.024788137999999998": 1888,
    "0.028092692": 2553,
    "0.031397246000000004": 79,
    "0.0347018": 97
  },
  "latencyPercentiles": {
    "p10": 0.003551618,
    "p25": 0.008053672,
    "p50": 0.013228066,
    "p75": 0.018042292,
    "p90": 0.022097636,
    "p95": 0.02595264,
    "p99": 0.027444685
  },
  "rps": {
    "mean": 3602.291889162455,
    "stddev": 2518.9175430467285,
    "max": 16247.953048057949,
    "percentiles": {
      "p10": 1797.9223536174109,
      "p25": 2369.2729422892826,
      "p50": 2856.5448376262125,
      "p75": 3841.534155080179,
      "p90": 5567.367847650363,
      "p95": 7960.5404853187665,
      "p99": 15440.992663859157
    }
  },
  "details": {
    "DNSDialup": {
      "average": 0.0007131841399999998,
      "fastest": 0.000080959,
      "slowest": 0.001230392
    },
    "DNSLookup": {
      "average": 0.000008243980000000001,
      "fastest": 0.000004228,
      "slowest": 0.000054532
    }
  },
  "statusCodeDistribution": {
    "200": 37700
  },
  "errorDistribution": {}
}