{
  "summary": {
    "successRate": 1,
    "total": 10.001625966,
    "slowest": 0.052188237,
    "fastest": 0.000857393,
    "average": 0.011689044041027035,
    "requestsPerSec": 4272.1053701919645,
    "totalData": 555464,
    "sizePerRequest": 13,
    "sizePerSec": 55537.36981249554
  },
  "responseTimeHistogram": {
    "0.000857393": 1,
    "0.005990477399999999": 15174,
    "0.011123561799999999": 5081,
    "0.0162566462": 9440,
    "0.0213897306": 11637,
    "0.026522815": 1253,
    "0.0316558994": 52,
    "0.036788983799999994": 40,
    "0.041922068199999996": 0,
    "0.0470551526": 0,
    "0.052188237": 50
  },
  "latencyPercentiles": {
    "p10": 0.00378817,
    "p25": 0.004897561,
    "p50": 0.011855308,
    "p75": 0.017519444,
    "p90": 0.020733816,
    "p95": 0.021209112,
    "p99": 0.022194403
  },
  "rps": {
    "mean": 4997.429281522953,
    "stddev": 6445.467875133124,
    "max": 116959.06432753926,
    "percentiles": {
      "p10": 100.12705121528097,
      "p25": 2579.4392624864686,
      "p50": 3737.9979117050657,
      "p75": 5245.456310808493,
      "p90": 10337.256017955197,
      "p95": 12896.43567706239,
      "p99": 26601.630999185825
    }
  },
  "details": {
    "DNSDialup": {
      "average": 0.0008342134,
      "fastest": 0.000044199,
      "slowest": 0.001175291
    },
    "DNSLookup": {
      "average": 0.000004397959999999998,
      "fastest": 0.000003,
      "slowest": 0.0000302
    }
  },
  "statusCodeDistribution": {
    "200": 42728
  },
  "errorDistribution": {}
}