{
  "summary": {
    "successRate": 1,
    "total": 10.001243849,
    "slowest": 0.059607156,
    "fastest": 0.002060338,
    "average": 0.014144720394891796,
    "requestsPerSec": 3531.160776919879,
    "totalData": 459108,
    "sizePerRequest": 13,
    "sizePerSec": 45905.09009995843
  },
  "responseTimeHistogram": {
    "0.002060338": 1,
    "0.0078150198": 8421,
    "0.0135697016": 7609,
    "0.0193243834": 10994,
    "0.0250790652": 6639,
    "0.030833747": 1321,
    "0.036588428799999996": 209,
    "0.0423431106": 63,
    "0.0480977924": 26,
    "0.0538524742": 16,
    "0.059607156": 17
  },
  "latencyPercentiles": {
    "p10": 0.004676715,
    "p25": 0.008457859,
    "p50": 0.014265109,
    "p75": 0.019025999,
    "p90": 0.022927935,
    "p95": 0.024848144,
    "p99": 0.03041366
  },
  "rps": {
    "mean": 5632.426339626623,
    "stddev": 10682.70846214812,
    "max": 103329.07492283355,
    "percentiles": {
      "p10": 87.54763576296793,
      "p25": 2253.496033979597,
      "p50": 3382.504297189795,
      "p75": 5353.093783377073,
      "p90": 10534.943836152534,
      "p95": 12186.69489588286,
      "p99": 78741.89352188242
    }
  },
  "details": {
    "DNSDialup": {
      "average": 0.0012928902000000002,
      "fastest": 0.000098751,
      "slowest": 0.002815693
    },
    "DNSLookup": {
      "average": 0.000012589780000000001,
      "fastest": 0.000003617,
      "slowest": 0.000144982
    }
  },
  "statusCodeDistribution": {
    "200": 35316
  },
  "errorDistribution": {}
}