{
  "summary": {
    "successRate": 1,
    "total": 10.002143431,
    "slowest": 0.03391561,
    "fastest": 0.00158679,
    "average": 0.011191018497210173,
    "requestsPerSec": 4461.74365603336,
    "totalData": 580151,
    "sizePerRequest": 13,
    "sizePerSec": 58002.66752843368
  },
  "responseTimeHistogram": {
    "0.00158679": 1,
    "0.0048196720000000005": 12100,
    "0.008052554": 4970,
    "0.011285436000000001": 4685,
    "0.014518318": 7427,
    "0.0177512": 6759,
    "0.020984082000000005": 7277,
    "0.024216964000000004": 1315,
    "0.027449846000000003": 34,
    "0.030682728000000003": 13,
    "0.03391561": 46
  },
  "latencyPercentiles": {
    "p10": 0.003588977,
    "p25": 0.00461267,
    "p50": 0.011685635,
    "p75": 0.016202609,
    "p90": 0.019956588,
    "p95": 0.020533185,
    "p99": 0.021905477
  },
  "rps": {
    "mean": 4945.898012805072,
    "stddev": 8386.105712973556,
    "max": 150753.76884535296,
    "percentiles": {
      "p10": 2188.416978277604,
      "p25": 2747.196322628972,
      "p50": 3449.5760869017768,
      "p75": 4786.602019383074,
      "p90": 10102.286147355197,
      "p95": 12599.245753627114,
      "p99": 15345.310329645985
    }
  },
  "details": {
    "DNSDialup": {
      "average": 0.0012672738800000004,
      "fastest": 0.000059199,
      "slowest": 0.002759183
    },
    "DNSLookup": {
      "average": 0.00000448398,
      "fastest": 0.0000031,
      "slowest": 0.0000396
    }
  },
  "statusCodeDistribution": {
    "200": 44627
  },
  "errorDistribution": {}
}