{
  "summary": {
    "successRate": 1,
    "total": 10.000902604,
    "slowest": 0.08728729,
    "fastest": 0.000820804,
    "average": 0.019890306391889337,
    "requestsPerSec": 2505.0738910285663,
    "totalData": 325689,
    "sizePerRequest": 13,
    "sizePerSec": 32565.96058337136
  },
  "responseTimeHistogram": {
    "0.000820804": 1,
    "0.0094674526": 3552,
    "0.018114101200000003": 7185,
    "0.026760749800000004": 8014,
    "0.035407398400000005": 5506,
    "0.044054047000000006": 535,
    "0.05270069560000001": 117,
    "0.06134734420000001": 43,
    "0.0699939928": 50,
    "0.0786406414": 4,
    "0.08728729": 46
  },
  "latencyPercentiles": {
    "p10": 0.008991751,
    "p25": 0.010840449,
    "p50": 0.020409214,
    "p75": 0.026824451,
    "p90": 0.031432377,
    "p95": 0.034001191,
    "p99": 0.044265243
  },
  "rps": {
    "mean": 5286.559739072776,
    "stddev": 7383.464601967847,
    "max": 69284.06466513324,
    "percentiles": {
      "p10": 47.72787399001207,
      "p25": 68.08797129302029,
      "p50": 4267.8481409256665,
      "p75": 7716.208825198194,
      "p90": 11530.703203464658,
      "p95": 14414.691453530591,
      "p99": 42467.83061838417
    }
  },
  "details": {
    "DNSDialup": {
      "average": 0.0026660180799999993,
      "fastest": 0.000089301,
      "slowest": 0.005546425
    },
    "DNSLookup": {
      "average": 0.0000773204,
      "fastest": 0.0000054,
      "slowest": 0.003504116
    }
  },
  "statusCodeDistribution": {
    "200": 25053
  },
  "errorDistribution": {}
}