{
  "summary": {
    "successRate": 1,
    "total": 10.001974784,
    "slowest": 0.108777888,
    "fastest": 0.000771225,
    "average": 0.018873272886096023,
    "requestsPerSec": 2641.1784243106526,
    "totalData": 343421,
    "sizePerRequest": 13,
    "sizePerSec": 34335.319516038486
  },
  "responseTimeHistogram": {
    "0.000771225": 1,
    "0.011571891300000001": 9032,
    "0.022372557600000002": 6598,
    "0.03317322390000001": 9836,
    "0.043973890200000004": 387,
    "0.0547745565": 309,
    "0.06557522280000001": 105,
    "0.07637588910000001": 86,
    "0.08717655540000001": 0,
    "0.0979772217": 5,
    "0.108777888": 58
  },
  "latencyPercentiles": {
    "p10": 0.006835019,
    "p25": 0.00841757,
    "p50": 0.019688531,
    "p75": 0.026111136,
    "p90": 0.029443771,
    "p95": 0.031425708,
    "p99": 0.053872578
  },
  "rps": {
    "mean": 6541.917488387121,
    "stddev": 9314.72449075764,
    "max": 111098.76679810252,
    "percentiles": {
      "p10": 45.12649633821239,
      "p25": 58.18232256966178,
      "p50": 6129.658709184579,
      "p75": 9167.675737205107,
      "p90": 14139.328947448475,
      "p95": 20123.97140383957,
      "p99": 42477.97879416187
    }
  },
  "details": {
    "DNSDialup": {
      "average": 0.0019124292799999997,
      "fastest": 0.000083903,
      "slowest": 0.002099267
    },
    "DNSLookup": {
      "average": 0.0000050721399999999995,
      "fastest": 0.000004,
      "slowest": 0.000031901
    }
  },
  "statusCodeDistribution": {
    "200": 26417
  },
  "errorDistribution": {}
}