{
  "summary": {
    "successRate": 1,
    "total": 10.000566035,
    "slowest": 0.15749289,
    "fastest": 0.000665756,
    "average": 0.0026720356876352705,
    "requestsPerSec": 18661.74367999161,
    "totalData": 2426164,
    "sizePerRequest": 13,
    "sizePerSec": 242602.66783989093
  },
  "responseTimeHistogram": {
    "0.000665756": 1,
    "0.0163484694": 186584,
    "0.0320311828": 8,
    "0.047713896199999994": 5,
    "0.0633966096": 6,
    "0.07907932299999999": 5,
    "0.0947620364": 4,
    "0.1104447498": 4,
    "0.12612746319999998": 4,
    "0.14181017659999998": 3,
    "0.15749288999999997": 4
  },
  "latencyPercentiles": {
    "p10": 0.002439405,
    "p25": 0.002523989,
    "p50": 0.002609958,
    "p75": 0.002684309,
    "p90": 0.002757332,
    "p95": 0.002839241,
    "p99": 0.005176603
  },
  "rps": {
    "mean": 18660.22209717948,
    "stddev": 1617.4994562923614,
    "max": 24202.850011122184,
    "percentiles": {
      "p10": 18100.83082813662,
      "p25": 18519.04127824243,
      "p50": 18862.695828394175,
      "p75": 19210.38672419671,
      "p90": 19563.124333286476,
      "p95": 19742.37701225657,
      "p99": 20271.139537092382
    }
  },
  "details": {
    "DNSDialup": {
      "average": 0.0007635105199999999,
      "fastest": 0.000085133,
      "slowest": 0.001770055
    },
    "DNSLookup": {
      "average": 0.000007874299999999997,
      "fastest": 0.000003647,
      "slowest": 0.000045476
    }
  },
  "statusCodeDistribution": {
    "200": 186628
  },
  "errorDistribution": {}
}