{
  "summary": {
    "successRate": 1,
    "total": 10.000063324,
    "slowest": 0.129710482,
    "fastest": 0.000144802,
    "average": 0.0014242464985788957,
    "requestsPerSec": 35042.97809384552,
    "totalData": 4555616,
    "sizePerRequest": 13,
    "sizePerSec": 455558.7152199918
  },
  "responseTimeHistogram": {
    "0.000144802": 1,
    "0.013101369999999998": 350385,
    "0.026057937999999996": 8,
    "0.03901450599999999": 7,
    "0.05197107399999999": 14,
    "0.064927642": 6,
    "0.07788420999999998": 2,
    "0.09084077799999998": 2,
    "0.10379734599999998": 2,
    "0.11675391399999999": 3,
    "0.129710482": 2
  },
  "latencyPercentiles": {
    "p10": 0.001286417,
    "p25": 0.001301217,
    "p50": 0.001318017,
    "p75": 0.001340518,
    "p90": 0.00155942,
    "p95": 0.001652722,
    "p99": 0.004261659
  },
  "rps": {
    "mean": 35019.325929753046,
    "stddev": 6295.247962667693,
    "max": 38029.54134771852,
    "percentiles": {
      "p10": 34783.35134482744,
      "p25": 36086.835752872576,
      "p50": 36604.619502981455,
      "p75": 37269.18278400201,
      "p90": 37499.62901436618,
      "p95": 37603.24139940877,
      "p99": 37872.59418854019
    }
  },
  "details": {
    "DNSDialup": {
      "average": 0.00143867576,
      "fastest": 0.000065001,
      "slowest": 0.00290604
    },
    "DNSLookup": {
      "average": 0.000005324080000000001,
      "fastest": 0.0000035,
      "slowest": 0.000048101
    }
  },
  "statusCodeDistribution": {
    "200": 350432
  },
  "errorDistribution": {}
}