{
  "summary": {
    "successRate": 1,
    "total": 10.000220103,
    "slowest": 0.022300326,
    "fastest": 0.000869064,
    "average": 0.0029654952874338166,
    "requestsPerSec": 16815.329889544533,
    "totalData": 2186041,
    "sizePerRequest": 13,
    "sizePerSec": 218599.28856407892
  },
  "responseTimeHistogram": {
    "0.000869064": 1,
    "0.0030121902": 146519,
    "0.0051553164": 17618,
    "0.007298442600000001": 3791,
    "0.0094415688": 150,
    "0.011584694999999999": 28,
    "0.0137278212": 8,
    "0.0158709474": 8,
    "0.0180140736": 10,
    "0.0201571998": 13,
    "0.022300326": 11
  },
  "latencyPercentiles": {
    "p10": 0.002753897,
    "p25": 0.00281658,
    "p50": 0.00287281,
    "p75": 0.002932903,
    "p90": 0.003050892,
    "p95": 0.003179005,
    "p99": 0.00577567
  },
  "rps": {
    "mean": 16818.012521537352,
    "stddev": 1383.6562081325767,
    "max": 22887.06698020637,
    "percentiles": {
      "p10": 16413.408113086476,
      "p25": 16745.885400587405,
      "p50": 17036.930955232583,
      "p75": 17269.22021538937,
      "p90": 17524.945006722945,
      "p95": 17649.712179323673,
      "p99": 18092.937994595966
    }
  },
  "details": {
    "DNSDialup": {
      "average": 0.00073021034,
      "fastest": 0.000083657,
      "slowest": 0.00109785
    },
    "DNSLookup": {
      "average": 0.000009066320000000003,
      "fastest": 0.000004679,
      "slowest": 0.000045265
    }
  },
  "statusCodeDistribution": {
    "200": 168157
  },
  "errorDistribution": {}
}