{
  "summary": {
    "successRate": 1,
    "total": 10.000385853,
    "slowest": 0.021916471,
    "fastest": 0.000313448,
    "average": 0.0028738770008874663,
    "requestsPerSec": 17351.130501424264,
    "totalData": 2255734,
    "sizePerRequest": 13,
    "sizePerSec": 225564.69651851544
  },
  "responseTimeHistogram": {
    "0.000313448": 1,
    "0.0024737503": 4109,
    "0.0046340526": 164685,
    "0.0067943549": 4418,
    "0.0089546572": 231,
    "0.0111149595": 23,
    "0.0132752618": 8,
    "0.0154355641": 8,
    "0.0175958664": 11,
    "0.0197561687": 18,
    "0.021916471": 6
  },
  "latencyPercentiles": {
    "p10": 0.002665438,
    "p25": 0.002740896,
    "p50": 0.002800052,
    "p75": 0.002867905,
    "p90": 0.002964007,
    "p95": 0.003086305,
    "p99": 0.005626571
  },
  "rps": {
    "mean": 17351.74143316825,
    "stddev": 1666.7964943570998,
    "max": 30242.54218408951,
    "percentiles": {
      "p10": 16847.6434509158,
      "p25": 17208.266851395056,
      "p50": 17472.251253383743,
      "p75": 17759.85247883852,
      "p90": 18045.80566852819,
      "p95": 18277.39563180285,
      "p99": 21645.46196376215
    }
  },
  "details": {
    "DNSDialup": {
      "average": 0.0010040974399999996,
      "fastest": 0.000136516,
      "slowest": 0.002182358
    },
    "DNSLookup": {
      "average": 0.00004933028,
      "fastest": 0.000004148,
      "slowest": 0.002060184
    }
  },
  "statusCodeDistribution": {
    "200": 173518
  },
  "errorDistribution": {}
}