{
  "summary": {
    "successRate": 1,
    "total": 10.000582176,
    "slowest": 0.159575574,
    "fastest": 0.000877582,
    "average": 0.0027464482181673235,
    "requestsPerSec": 18157.942888144116,
    "totalData": 2360670,
    "sizePerRequest": 13,
    "sizePerSec": 236053.2575458735
  },
  "responseTimeHistogram": {
    "0.000877582": 1,
    "0.0167473812": 181545,
    "0.0326171804": 8,
    "0.0484869796": 6,
    "0.0643567788": 6,
    "0.080226578": 5,
    "0.0960963772": 4,
    "0.11196617639999999": 4,
    "0.12783597559999998": 4,
    "0.1437057748": 3,
    "0.159575574": 4
  },
  "latencyPercentiles": {
    "p10": 0.002506707,
    "p25": 0.002595244,
    "p50": 0.002682148,
    "p75": 0.002764237,
    "p90": 0.002836885,
    "p95": 0.002908012,
    "p99": 0.005314209
  },
  "rps": {
    "mean": 18158.379970624246,
    "stddev": 1544.0080902520854,
    "max": 20476.968830439564,
    "percentiles": {
      "p10": 17604.866910727673,
      "p25": 18005.276853764,
      "p50": 18361.866637260908,
      "p75": 18719.60316843763,
      "p90": 19012.152567921756,
      "p95": 19226.11675700261,
      "p99": 19701.541746158953
    }
  },
  "details": {
    "DNSDialup": {
      "average": 0.0005310441399999999,
      "fastest": 0.000079729,
      "slowest": 0.000825374
    },
    "DNSLookup": {
      "average": 0.00000870396,
      "fastest": 0.000004218,
      "slowest": 0.000062507
    }
  },
  "statusCodeDistribution": {
    "200": 181590
  },
  "errorDistribution": {}
}