{
  "summary": {
    "successRate": 1,
    "total": 10.000690238,
    "slowest": 0.156141845,
    "fastest": 0.000345301,
    "average": 0.002637569731113376,
    "requestsPerSec": 18908.8948362246,
    "totalData": 2458326,
    "sizePerRequest": 13,
    "sizePerSec": 245815.63287091983
  },
  "responseTimeHistogram": {
    "0.000345301": 1,
    "0.0159249554": 189058,
    "0.0315046098": 8,
    "0.047084264199999996": 5,
    "0.06266391860000001": 6,
    "0.07824357300000001": 5,
    "0.0938232274": 4,
    "0.1094028818": 4,
    "0.12498253620000001": 4,
    "0.1405621906": 3,
    "0.156141845": 4
  },
  "latencyPercentiles": {
    "p10": 0.002391109,
    "p25": 0.002472659,
    "p50": 0.002568578,
    "p75": 0.002661607,
    "p90": 0.00274394,
    "p95": 0.002821068,
    "p99": 0.005121446
  },
  "rps": {
    "mean": 18907.765336177323,
    "stddev": 1643.2255258623672,
    "max": 24405.115312168342,
    "percentiles": {
      "p10": 18329.255324423517,
      "p25": 18706.399459256558,
      "p50": 19067.148777852595,
      "p75": 19513.23778051068,
      "p90": 19897.149823728883,
      "p95": 20079.158064840416,
      "p99": 20579.070964366616
    }
  },
  "details": {
    "DNSDialup": {
      "average": 0.0008994441799999998,
      "fastest": 0.000114821,
      "slowest": 0.001573304
    },
    "DNSLookup": {
      "average": 0.00000575054,
      "fastest": 0.000002625,
      "slowest": 0.000031258
    }
  },
  "statusCodeDistribution": {
    "200": 189102
  },
  "errorDistribution": {}
}