{
  "summary": {
    "successRate": 1,
    "total": 10.001802186,
    "slowest": 0.022111671,
    "fastest": 0.000302098,
    "average": 0.0013406576898832914,
    "requestsPerSec": 37223.79158039469,
    "totalData": 4839965,
    "sizePerRequest": 13,
    "sizePerSec": 483909.2905451309
  },
  "responseTimeHistogram": {
    "0.000302098": 1,
    "0.0024830553": 340832,
    "0.0046640126": 29732,
    "0.0068449699": 1248,
    "0.0090259272": 257,
    "0.0112068845": 111,
    "0.013387841800000001": 28,
    "0.0155687991": 36,
    "0.0177497564": 31,
    "0.0199307137": 18,
    "0.022111671": 11
  },
  "latencyPercentiles": {
    "p10": 0.001138193,
    "p25": 0.001151193,
    "p50": 0.001165394,
    "p75": 0.001184494,
    "p90": 0.001572091,
    "p95": 0.002617386,
    "p99": 0.003191082
  },
  "rps": {
    "mean": 37156.38554494328,
    "stddev": 9983.556912306733,
    "max": 43829.172697346556,
    "percentiles": {
      "p10": 18631.408829003933,
      "p25": 40501.44590161688,
      "p50": 42049.51124217096,
      "p75": 42735.28652608436,
      "p90": 43011.42383416908,
      "p95": 43134.75367103202,
      "p99": 43322.336996953934
    }
  },
  "details": {
    "DNSDialup": {
      "average": 0.00125831268,
      "fastest": 0.0000644,
      "slowest": 0.001450591
    },
    "DNSLookup": {
      "average": 0.000004187999999999999,
      "fastest": 0.0000031,
      "slowest": 0.0000404
    }
  },
  "statusCodeDistribution": {
    "200": 372305
  },
  "errorDistribution": {}
}