{
  "summary": {
    "successRate": 1,
    "total": 10.000738753,
    "slowest": 0.020792431,
    "fastest": 0.00019521,
    "average": 0.0012128800220691433,
    "requestsPerSec": 41158.559399076825,
    "totalData": 5351008,
    "sizePerRequest": 13,
    "sizePerSec": 535061.2721879988
  },
  "responseTimeHistogram": {
    "0.00019521": 1,
    "0.0022549321": 400001,
    "0.0043146542": 10229,
    "0.006374376300000001": 918,
    "0.0084340984": 212,
    "0.010493820499999999": 72,
    "0.0125535426": 90,
    "0.0146132647": 22,
    "0.0166729868": 40,
    "0.018732708900000002": 17,
    "0.020792431": 14
  },
  "latencyPercentiles": {
    "p10": 0.001089859,
    "p25": 0.00110756,
    "p50": 0.001128661,
    "p75": 0.001152463,
    "p90": 0.001311971,
    "p95": 0.001402976,
    "p99": 0.003184973
  },
  "rps": {
    "mean": 41075.403258479615,
    "stddev": 7590.128811469902,
    "max": 45429.79285815705,
    "percentiles": {
      "p10": 38962.95244226099,
      "p25": 42548.32212944327,
      "p50": 43341.42139642681,
      "p75": 43965.75958661211,
      "p90": 44500.38396615751,
      "p95": 44746.79172010126,
      "p99": 45088.635239151234
    }
  },
  "details": {
    "DNSDialup": {
      "average": 0.00126971304,
      "fastest": 0.000064104,
      "slowest": 0.002667645
    },
    "DNSLookup": {
      "average": 0.000004582260000000001,
      "fastest": 0.0000031,
      "slowest": 0.000044302
    }
  },
  "statusCodeDistribution": {
    "200": 411616
  },
  "errorDistribution": {}
}