{
  "summary": {
    "successRate": 1,
    "total": 10.00138335,
    "slowest": 0.022873745,
    "fastest": 0.0001659,
    "average": 0.001178964964083256,
    "requestsPerSec": 42339.3429869879,
    "totalData": 5504876,
    "sizePerRequest": 13,
    "sizePerSec": 550411.4588308426
  },
  "responseTimeHistogram": {
    "0.0001659": 1,
    "0.0024366845000000003": 418459,
    "0.004707469000000001": 3428,
    "0.006978253500000001": 958,
    "0.009249038000000001": 302,
    "0.011519822500000002": 221,
    "0.013790607000000002": 40,
    "0.0160613915": 10,
    "0.018332176000000002": 3,
    "0.020602960500000003": 14,
    "0.022873745000000004": 16
  },
  "latencyPercentiles": {
    "p10": 0.001072702,
    "p25": 0.001089502,
    "p50": 0.001109803,
    "p75": 0.001133502,
    "p90": 0.001245302,
    "p95": 0.001359803,
    "p99": 0.002590003
  },
  "rps": {
    "mean": 42269.07911260659,
    "stddev": 6956.124832180354,
    "max": 46349.965262550875,
    "percentiles": {
      "p10": 41495.77224233646,
      "p25": 43179.41125523758,
      "p50": 44036.46219069422,
      "p75": 44702.59275037663,
      "p90": 45135.566826660695,
      "p95": 45388.007346238555,
      "p99": 45747.49046985597
    }
  },
  "details": {
    "DNSDialup": {
      "average": 0.00127933648,
      "fastest": 0.000064,
      "slowest": 0.002782705
    },
    "DNSLookup": {
      "average": 0.000004230019999999999,
      "fastest": 0.000003,
      "slowest": 0.0000307
    }
  },
  "statusCodeDistribution": {
    "200": 423452
  },
  "errorDistribution": {}
}