{
  "summary": {
    "successRate": 1,
    "total": 10.000625725,
    "slowest": 0.161244476,
    "fastest": 0.000635546,
    "average": 0.0026680250632989994,
    "requestsPerSec": 18694.23025527735,
    "totalData": 2430402,
    "sizePerRequest": 13,
    "sizePerSec": 243024.99331860556
  },
  "responseTimeHistogram": {
    "0.000635546": 1,
    "0.016696439": 186909,
    "0.032757332": 8,
    "0.048818225": 5,
    "0.064879118": 6,
    "0.08094001099999999": 6,
    "0.097000904": 4,
    "0.113061797": 4,
    "0.12912268999999998": 4,
    "0.14518358299999998": 3,
    "0.16124447599999997": 4
  },
  "latencyPercentiles": {
    "p10": 0.00240595,
    "p25": 0.002495765,
    "p50": 0.002594893,
    "p75": 0.002696091,
    "p90": 0.002807549,
    "p95": 0.002927353,
    "p99": 0.005172865
  },
  "rps": {
    "mean": 18692.994358641263,
    "stddev": 1756.5352188176055,
    "max": 25506.09850815552,
    "percentiles": {
      "p10": 18000.414009521686,
      "p25": 18453.008111100404,
      "p50": 18904.25317541207,
      "p75": 19329.980800221332,
      "p90": 19708.973495633236,
      "p95": 19897.433753604597,
      "p99": 20477.410755880213
    }
  },
  "details": {
    "DNSDialup": {
      "average": 0.00085199012,
      "fastest": 0.000056717,
      "slowest": 0.00178872
    },
    "DNSLookup": {
      "average": 0.000006579399999999998,
      "fastest": 0.000002846,
      "slowest": 0.000045105
    }
  },
  "statusCodeDistribution": {
    "200": 186954
  },
  "errorDistribution": {}
}