{
  "summary": {
    "successRate": 1,
    "total": 10.0005792,
    "slowest": 0.162628793,
    "fastest": 0.000774635,
    "average": 0.002561627887974204,
    "requestsPerSec": 19471.172229704454,
    "totalData": 2531399,
    "sizePerRequest": 13,
    "sizePerSec": 253125.2389861579
  },
  "responseTimeHistogram": {
    "0.000774635": 1,
    "0.016960050799999998": 194679,
    "0.0331454666": 8,
    "0.0493308824": 5,
    "0.06551629819999999": 6,
    "0.08170171399999998": 5,
    "0.09788712979999999": 4,
    "0.11407254559999999": 4,
    "0.13025796139999998": 4,
    "0.14644337719999997": 3,
    "0.16262879299999997": 4
  },
  "latencyPercentiles": {
    "p10": 0.002340305,
    "p25": 0.002401649,
    "p50": 0.002474505,
    "p75": 0.002567429,
    "p90": 0.002679147,
    "p95": 0.002782846,
    "p99": 0.004950973
  },
  "rps": {
    "mean": 19469.138696428345,
    "stddev": 1793.9585010308963,
    "max": 25114.534836119412,
    "percentiles": {
      "p10": 18856.88367529498,
      "p25": 19370.510595617838,
      "p50": 19752.61306014715,
      "p75": 20105.13485144135,
      "p90": 20400.65282089036,
      "p95": 20603.86322435257,
      "p99": 20930.636172166658
    }
  },
  "details": {
    "DNSDialup": {
      "average": 0.0006634326799999999,
      "fastest": 0.000126891,
      "slowest": 0.001395939
    },
    "DNSLookup": {
      "average": 0.00000612576,
      "fastest": 0.000002696,
      "slowest": 0.000032371
    }
  },
  "statusCodeDistribution": {
    "200": 194723
  },
  "errorDistribution": {}
}