{
  "summary": {
    "successRate": 1,
    "total": 10.000964927,
    "slowest": 0.069650305,
    "fastest": 0.000161913,
    "average": 0.0018451008016744925,
    "requestsPerSec": 27050.889786607087,
    "totalData": 3516955,
    "sizePerRequest": 13,
    "sizePerSec": 351661.56722589215
  },
  "responseTimeHistogram": {
    "0.000161913": 1,
    "0.007110752199999999": 269807,
    "0.014059591399999998": 663,
    "0.021008430599999996": 21,
    "0.027957269799999997": 4,
    "0.034906109": 3,
    "0.04185494819999999": 3,
    "0.04880378739999999": 2,
    "0.055752626599999994": 1,
    "0.0627014658": 3,
    "0.069650305": 27
  },
  "latencyPercentiles": {
    "p10": 0.00156212,
    "p25": 0.001584921,
    "p50": 0.001615923,
    "p75": 0.001754533,
    "p90": 0.002123962,
    "p95": 0.003175442,
    "p99": 0.005014382
  },
  "rps": {
    "mean": 27016.838663903443,
    "stddev": 5838.056370561264,
    "max": 32702.740489653923,
    "percentiles": {
      "p10": 18106.770121347658,
      "p25": 27632.711603996904,
      "p50": 29236.370044335457,
      "p75": 30094.013698796312,
      "p90": 30658.060234473283,
      "p95": 30880.40949829251,
      "p99": 31355.935853970106
    }
  },
  "details": {
    "DNSDialup": {
      "average": 0.00170844008,
      "fastest": 0.000081106,
      "slowest": 0.003485766
    },
    "DNSLookup": {
      "average": 0.000006128480000000001,
      "fastest": 0.0000043,
      "slowest": 0.000054605
    }
  },
  "statusCodeDistribution": {
    "200": 270535
  },
  "errorDistribution": {}
}