{
  "summary": {
    "successRate": 1,
    "total": 10.000664816,
    "slowest": 0.158811417,
    "fastest": 0.000900661,
    "average": 0.00260172144127025,
    "requestsPerSec": 19170.425519438784,
    "totalData": 2492321,
    "sizePerRequest": 13,
    "sizePerSec": 249215.5317527042
  },
  "responseTimeHistogram": {
    "0.000900661": 1,
    "0.016691736600000003": 191673,
    "0.0324828122": 8,
    "0.048273887800000005": 5,
    "0.06406496340000001": 6,
    "0.07985603900000002": 5,
    "0.09564711460000001": 4,
    "0.11143819020000001": 4,
    "0.12722926580000002": 3,
    "0.14302034140000003": 4,
    "0.15881141700000004": 4
  },
  "latencyPercentiles": {
    "p10": 0.002408175,
    "p25": 0.002465361,
    "p50": 0.002526414,
    "p75": 0.002596578,
    "p90": 0.002684429,
    "p95": 0.002760963,
    "p99": 0.005017253
  },
  "rps": {
    "mean": 19167.785601998283,
    "stddev": 1657.5122440026382,
    "max": 21716.728395883507,
    "percentiles": {
      "p10": 18754.086786291497,
      "p25": 19121.722276506123,
      "p50": 19402.240104228662,
      "p75": 19674.78187844187,
      "p90": 19928.567601656356,
      "p95": 20133.75625573858,
      "p99": 20517.567140985844
    }
  },
  "details": {
    "DNSDialup": {
      "average": 0.00062234154,
      "fastest": 0.000090339,
      "slowest": 0.001160045
    },
    "DNSLookup": {
      "average": 0.000010959940000000001,
      "fastest": 0.000003176,
      "slowest": 0.000209072
    }
  },
  "statusCodeDistribution": {
    "200": 191717
  },
  "errorDistribution": {}
}