{
  "summary": {
    "successRate": 1,
    "total": 10.001728347,
    "slowest": 0.039502723,
    "fastest": 0.0002591,
    "average": 0.0027766396799194103,
    "requestsPerSec": 17965.494939071854,
    "totalData": 2335918,
    "sizePerRequest": 13,
    "sizePerSec": 233551.4342079341
  },
  "responseTimeHistogram": {
    "0.0002591": 1,
    "0.0041834622999999994": 169290,
    "0.008107824599999999": 8920,
    "0.012032186899999998": 1107,
    "0.0159565492": 222,
    "0.019880911499999997": 106,
    "0.0238052738": 12,
    "0.0277296361": 14,
    "0.031653998399999994": 0,
    "0.03557836069999999": 3,
    "0.03950272299999999": 11
  },
  "latencyPercentiles": {
    "p10": 0.002297101,
    "p25": 0.002374501,
    "p50": 0.002488101,
    "p75": 0.002709901,
    "p90": 0.003415102,
    "p95": 0.004605902,
    "p99": 0.007706703
  },
  "rps": {
    "mean": 17915.870119358442,
    "stddev": 3696.2992060775864,
    "max": 25899.255732128764,
    "percentiles": {
      "p10": 13030.746045294205,
      "p25": 17762.516954675262,
      "p50": 19249.84941003161,
      "p75": 20003.99079616399,
      "p90": 20539.221697754347,
      "p95": 20813.312194479728,
      "p99": 21217.177426845607
    }
  },
  "details": {
    "DNSDialup": {
      "average": 0.003812380139999999,
      "fastest": 0.0001444,
      "slowest": 0.008864305
    },
    "DNSLookup": {
      "average": 0.000009346019999999998,
      "fastest": 0.000006,
      "slowest": 0.0000484
    }
  },
  "statusCodeDistribution": {
    "200": 179686
  },
  "errorDistribution": {}
}