{
  "summary": {
    "successRate": 1,
    "total": 10.000668662,
    "slowest": 0.024687457,
    "fastest": 0.000142608,
    "average": 0.0017124710651314624,
    "requestsPerSec": 29145.25116780636,
    "totalData": 3789136,
    "sizePerRequest": 13,
    "sizePerSec": 378888.2651814827
  },
  "responseTimeHistogram": {
    "0.000142608": 1,
    "0.0025970929": 279809,
    "0.0050515778": 9089,
    "0.007506062700000001": 1754,
    "0.009960547600000001": 529,
    "0.012415032500000001": 173,
    "0.014869517400000002": 18,
    "0.0173240023": 58,
    "0.0197784872": 8,
    "0.0222329721": 19,
    "0.024687457": 14
  },
  "latencyPercentiles": {
    "p10": 0.00151809,
    "p25": 0.001539791,
    "p50": 0.001565793,
    "p75": 0.001602395,
    "p90": 0.001890811,
    "p95": 0.00203602,
    "p99": 0.004817184
  },
  "rps": {
    "mean": 29113.064018995985,
    "stddev": 5800.304477316961,
    "max": 33209.328500375515,
    "percentiles": {
      "p10": 28671.998254816433,
      "p25": 30037.276259839324,
      "p50": 30634.957550059717,
      "p75": 31463.27579394845,
      "p90": 31800.664633892855,
      "p95": 31976.138383105175,
      "p99": 32218.396704518764
    }
  },
  "details": {
    "DNSDialup": {
      "average": 0.0008192984200000002,
      "fastest": 0.000063504,
      "slowest": 0.001004259
    },
    "DNSLookup": {
      "average": 0.00000666842,
      "fastest": 0.000004,
      "slowest": 0.000088905
    }
  },
  "statusCodeDistribution": {
    "200": 291472
  },
  "errorDistribution": {}
}