{
  "summary": {
    "successRate": 1,
    "total": 10.000683824,
    "slowest": 0.154948815,
    "fastest": 0.00079674,
    "average": 0.0027477300706659196,
    "requestsPerSec": 18148.958930630823,
    "totalData": 2359526,
    "sizePerRequest": 13,
    "sizePerSec": 235936.4660982007
  },
  "responseTimeHistogram": {
    "0.00079674": 1,
    "0.0162119475": 181458,
    "0.031627155": 8,
    "0.0470423625": 5,
    "0.06245757": 6,
    "0.0778727775": 5,
    "0.093287985": 4,
    "0.1087031925": 4,
    "0.1241184": 3,
    "0.1395336075": 3,
    "0.154948815": 5
  },
  "latencyPercentiles": {
    "p10": 0.002506969,
    "p25": 0.002599211,
    "p50": 0.002690342,
    "p75": 0.002756015,
    "p90": 0.002819112,
    "p95": 0.002905544,
    "p99": 0.00533115
  },
  "rps": {
    "mean": 18148.48119706849,
    "stddev": 1482.678897959549,
    "max": 20886.839122334743,
    "percentiles": {
      "p10": 17712.78863339148,
      "p25": 17998.91845605074,
      "p50": 18318.129452719713,
      "p75": 18654.92569773029,
      "p90": 18961.832640055974,
      "p95": 19168.07541985314,
      "p99": 19442.635755949374
    }
  },
  "details": {
    "DNSDialup": {
      "average": 0.00077240884,
      "fastest": 0.000074861,
      "slowest": 0.001740467
    },
    "DNSLookup": {
      "average": 0.000006676479999999998,
      "fastest": 0.000003206,
      "slowest": 0.000027912
    }
  },
  "statusCodeDistribution": {
    "200": 181502
  },
  "errorDistribution": {}
}