{
  "summary": {
    "successRate": 1,
    "total": 10.000665861,
    "slowest": 0.168751227,
    "fastest": 0.000163336,
    "average": 0.0029116667223441535,
    "requestsPerSec": 17134.45908319404,
    "totalData": 2227628,
    "sizePerRequest": 13,
    "sizePerSec": 222747.96808152253
  },
  "responseTimeHistogram": {
    "0.000163336": 1,
    "0.0170221251": 171312,
    "0.0338809142": 8,
    "0.0507397033": 6,
    "0.0675984924": 4,
    "0.0844572815": 6,
    "0.1013160706": 4,
    "0.11817485970000001": 5,
    "0.1350336488": 3,
    "0.15189243789999998": 3,
    "0.16875122699999998": 4
  },
  "latencyPercentiles": {
    "p10": 0.002728758,
    "p25": 0.002762261,
    "p50": 0.002800092,
    "p75": 0.002854688,
    "p90": 0.00299117,
    "p95": 0.00310049,
    "p99": 0.005580186
  },
  "rps": {
    "mean": 17133.259015782307,
    "stddev": 1692.941944495272,
    "max": 19260.052844770013,
    "percentiles": {
      "p10": 16974.158400636832,
      "p25": 17224.70539494858,
      "p50": 17467.006931992422,
      "p75": 17666.7644696067,
      "p90": 17828.841717245985,
      "p95": 17944.281102475117,
      "p99": 18244.32092883211
    }
  },
  "details": {
    "DNSDialup": {
      "average": 0.00064258196,
      "fastest": 0.000086358,
      "slowest": 0.001317134
    },
    "DNSLookup": {
      "average": 0.00000842942,
      "fastest": 0.000002915,
      "slowest": 0.00016003
    }
  },
  "statusCodeDistribution": {
    "200": 171356
  },
  "errorDistribution": {}
}