{
  "summary": {
    "successRate": 1,
    "total": 10.000624499,
    "slowest": 0.159322314,
    "fastest": 0.000244848,
    "average": 0.002678448309426712,
    "requestsPerSec": 18621.337099360277,
    "totalData": 2420925,
    "sizePerRequest": 13,
    "sizePerSec": 242077.3822916836
  },
  "responseTimeHistogram": {
    "0.000244848": 1,
    "0.0161525946": 186180,
    "0.0320603412": 9,
    "0.0479680878": 5,
    "0.06387583440000001": 6,
    "0.079783581": 6,
    "0.09569132760000001": 4,
    "0.11159907420000002": 3,
    "0.1275068208": 4,
    "0.1434145674": 2,
    "0.159322314": 5
  },
  "latencyPercentiles": {
    "p10": 0.002431743,
    "p25": 0.002514329,
    "p50": 0.002605369,
    "p75": 0.002695986,
    "p90": 0.002787798,
    "p95": 0.002882766,
    "p99": 0.005191812
  },
  "rps": {
    "mean": 18620.100317126526,
    "stddev": 1625.8588915718005,
    "max": 21068.895287591335,
    "percentiles": {
      "p10": 18074.08749203838,
      "p25": 18438.852506115076,
      "p50": 18813.325478436498,
      "p75": 19218.7959824714,
      "p90": 19554.83567018731,
      "p95": 19809.013100961125,
      "p99": 20202.270735230548
    }
  },
  "details": {
    "DNSDialup": {
      "average": 0.00062523998,
      "fastest": 0.00008436,
      "slowest": 0.001258893
    },
    "DNSLookup": {
      "average": 0.000007424660000000002,
      "fastest": 0.000003286,
      "slowest": 0.000040767
    }
  },
  "statusCodeDistribution": {
    "200": 186225
  },
  "errorDistribution": {}
}