{
  "summary": {
    "successRate": 1,
    "total": 10.000070876,
    "slowest": 0.023353222,
    "fastest": 0.000513947,
    "average": 0.0028736984626196527,
    "requestsPerSec": 17352.577011875168,
    "totalData": 2255851,
    "sizePerRequest": 13,
    "sizePerSec": 225583.5011543772
  },
  "responseTimeHistogram": {
    "0.000513947": 1,
    "0.0027978745": 94044,
    "0.005081802": 75407,
    "0.0073657295": 3819,
    "0.009649657": 180,
    "0.0119335845": 24,
    "0.014217512000000002": 10,
    "0.0165014395": 7,
    "0.018785367": 10,
    "0.021069294500000002": 13,
    "0.023353222": 12
  },
  "latencyPercentiles": {
    "p10": 0.002671561,
    "p25": 0.002735418,
    "p50": 0.002789519,
    "p75": 0.002845398,
    "p90": 0.00294313,
    "p95": 0.003047649,
    "p99": 0.00560263
  },
  "rps": {
    "mean": 17356.463240263292,
    "stddev": 1442.1445210066136,
    "max": 25111.830183201768,
    "percentiles": {
      "p10": 17034.977920163532,
      "p25": 17314.954926569833,
      "p50": 17563.38626101568,
      "p75": 17787.877450971024,
      "p90": 18032.48190966273,
      "p95": 18141.587775816926,
      "p99": 18501.300641437934
    }
  },
  "details": {
    "DNSDialup": {
      "average": 0.00079259408,
      "fastest": 0.000105228,
      "slowest": 0.001322433
    },
    "DNSLookup": {
      "average": 0.000009653800000000002,
      "fastest": 0.000004178,
      "slowest": 0.000063239
    }
  },
  "statusCodeDistribution": {
    "200": 173527
  },
  "errorDistribution": {}
}