{
  "summary": {
    "successRate": 1,
    "total": 10.000632536,
    "slowest": 0.15793466,
    "fastest": 0.000899462,
    "average": 0.0027288237755477176,
    "requestsPerSec": 18274.44407562422,
    "totalData": 2375828,
    "sizePerRequest": 13,
    "sizePerSec": 237567.77298311485
  },
  "responseTimeHistogram": {
    "0.000899462": 1,
    "0.016602981800000003": 182712,
    "0.0323065016": 8,
    "0.048010021400000005": 5,
    "0.06371354120000002": 6,
    "0.07941706100000002": 5,
    "0.09512058080000002": 4,
    "0.11082410060000002": 4,
    "0.1265276204": 4,
    "0.14223114020000002": 3,
    "0.15793466000000003": 4
  },
  "latencyPercentiles": {
    "p10": 0.002500848,
    "p25": 0.002580668,
    "p50": 0.00266011,
    "p75": 0.002732737,
    "p90": 0.002810776,
    "p95": 0.002897908,
    "p99": 0.005298967
  },
  "rps": {
    "mean": 18273.70176121894,
    "stddev": 1555.3766777129613,
    "max": 23024.57182305041,
    "percentiles": {
      "p10": 17764.882681016075,
      "p25": 18113.853475137315,
      "p50": 18436.709331951006,
      "p75": 18813.220049728705,
      "p90": 19112.115169806166,
      "p95": 19275.38603478139,
      "p99": 19729.511403156295
    }
  },
  "details": {
    "DNSDialup": {
      "average": 0.00101576996,
      "fastest": 0.000144595,
      "slowest": 0.001639629
    },
    "DNSLookup": {
      "average": 0.00000730674,
      "fastest": 0.000003256,
      "slowest": 0.000029886
    }
  },
  "statusCodeDistribution": {
    "200": 182756
  },
  "errorDistribution": {}
}