{
  "summary": {
    "successRate": 1,
    "total": 10.000658753,
    "slowest": 0.157557123,
    "fastest": 0.000269895,
    "average": 0.0025527622805104964,
    "requestsPerSec": 19539.512828730552,
    "totalData": 2540304,
    "sizePerRequest": 13,
    "sizePerSec": 254013.6667734972
  },
  "responseTimeHistogram": {
    "0.000269895": 1,
    "0.0159986178": 195364,
    "0.0317273406": 8,
    "0.047456063400000005": 6,
    "0.06318478620000001": 5,
    "0.078913509": 5,
    "0.09464223180000002": 4,
    "0.11037095460000002": 4,
    "0.1260996774": 4,
    "0.1418284002": 3,
    "0.157557123": 4
  },
  "latencyPercentiles": {
    "p10": 0.002330093,
    "p25": 0.002393251,
    "p50": 0.002470386,
    "p75": 0.002562999,
    "p90": 0.00267039,
    "p95": 0.002774996,
    "p99": 0.004941741
  },
  "rps": {
    "mean": 19537.82090020351,
    "stddev": 1777.92953956451,
    "max": 25524.914869403,
    "percentiles": {
      "p10": 18916.470601138324,
      "p25": 19383.687130818107,
      "p50": 19823.421372351248,
      "p75": 20183.76464163925,
      "p90": 20446.83757082384,
      "p95": 20662.595266098844,
      "p99": 21048.65818312147
    }
  },
  "details": {
    "DNSDialup": {
      "average": 0.0007666141799999998,
      "fastest": 0.000079932,
      "slowest": 0.001567553
    },
    "DNSLookup": {
      "average": 0.00000628954,
      "fastest": 0.000003066,
      "slowest": 0.000030427
    }
  },
  "statusCodeDistribution": {
    "200": 195408
  },
  "errorDistribution": {}
}