{
  "summary": {
    "successRate": 1,
    "total": 10.000630696,
    "slowest": 0.158473627,
    "fastest": 0.000898146,
    "average": 0.0027475211064659105,
    "requestsPerSec": 18151.155213901122,
    "totalData": 2359799,
    "sizePerRequest": 13,
    "sizePerSec": 235965.01778071458
  },
  "responseTimeHistogram": {
    "0.000898146": 1,
    "0.0166556941": 181479,
    "0.032413242200000005": 7,
    "0.0481707903": 6,
    "0.0639283384": 6,
    "0.07968588650000001": 5,
    "0.0954434346": 4,
    "0.1112009827": 4,
    "0.1269585308": 4,
    "0.1427160789": 3,
    "0.158473627": 4
  },
  "latencyPercentiles": {
    "p10": 0.002501965,
    "p25": 0.002579449,
    "p50": 0.002667186,
    "p75": 0.002757715,
    "p90": 0.002859577,
    "p95": 0.002971394,
    "p99": 0.00531997
  },
  "rps": {
    "mean": 18150.254811355826,
    "stddev": 1599.3086033811933,
    "max": 20252.2406547694,
    "percentiles": {
      "p10": 17551.195080932426,
      "p25": 18004.230088829143,
      "p50": 18367.006513161,
      "p75": 18742.425354031304,
      "p90": 19113.993354535272,
      "p95": 19315.094786816197,
      "p99": 19642.61465248908
    }
  },
  "details": {
    "DNSDialup": {
      "average": 0.0008222523399999999,
      "fastest": 0.000084758,
      "slowest": 0.001674581
    },
    "DNSLookup": {
      "average": 0.00000743674,
      "fastest": 0.000003547,
      "slowest": 0.000030857
    }
  },
  "statusCodeDistribution": {
    "200": 181523
  },
  "errorDistribution": {}
}