{
  "summary": {
    "successRate": 1,
    "total": 10.000642119,
    "slowest": 0.160787086,
    "fastest": 0.000857325,
    "average": 0.002721050545979266,
    "requestsPerSec": 18328.82307144582,
    "totalData": 2382900,
    "sizePerRequest": 13,
    "sizePerSec": 238274.69992879563
  },
  "responseTimeHistogram": {
    "0.000857325": 1,
    "0.0168503011": 183256,
    "0.0328432772": 8,
    "0.0488362533": 5,
    "0.06482922940000001": 6,
    "0.08082220550000001": 5,
    "0.09681518160000001": 4,
    "0.11280815770000001": 4,
    "0.1288011338": 3,
    "0.1447941099": 4,
    "0.160787086": 4
  },
  "latencyPercentiles": {
    "p10": 0.002485463,
    "p25": 0.002571614,
    "p50": 0.002658069,
    "p75": 0.002730308,
    "p90": 0.002808261,
    "p95": 0.002897048,
    "p99": 0.005279796
  },
  "rps": {
    "mean": 18326.58839530242,
    "stddev": 1611.255811073876,
    "max": 25175.387698462684,
    "percentiles": {
      "p10": 17897.053933777195,
      "p25": 18159.384820239426,
      "p50": 18502.562604921215,
      "p75": 18834.895410727735,
      "p90": 19206.268926177174,
      "p95": 19392.20606138011,
      "p99": 20079.825337647046
    }
  },
  "details": {
    "DNSDialup": {
      "average": 0.0007850085000000001,
      "fastest": 0.000086571,
      "slowest": 0.001599595
    },
    "DNSLookup": {
      "average": 0.00000842682,
      "fastest": 0.000003256,
      "slowest": 0.000036708
    }
  },
  "statusCodeDistribution": {
    "200": 183300
  },
  "errorDistribution": {}
}