{
  "summary": {
    "successRate": 1,
    "total": 10.0017698,
    "slowest": 0.031933904,
    "fastest": 0.000111501,
    "average": 0.0030770338773628185,
    "requestsPerSec": 16217.329856961915,
    "totalData": 2108626,
    "sizePerRequest": 13,
    "sizePerSec": 210825.28814050488
  },
  "responseTimeHistogram": {
    "0.000111501": 1,
    "0.0032937413": 133838,
    "0.0064759816": 25361,
    "0.0096582219": 2259,
    "0.0128404622": 498,
    "0.0160227025": 177,
    "0.0192049428": 25,
    "0.0223871831": 7,
    "0.0255694234": 5,
    "0.0287516637": 13,
    "0.031933904": 18
  },
  "latencyPercentiles": {
    "p10": 0.002584825,
    "p25": 0.002660825,
    "p50": 0.002759426,
    "p75": 0.002998128,
    "p90": 0.003804236,
    "p95": 0.005128549,
    "p99": 0.007662073
  },
  "rps": {
    "mean": 16164.794127339635,
    "stddev": 3138.685922848228,
    "max": 21997.680701153262,
    "percentiles": {
      "p10": 12652.006070955194,
      "p25": 15203.352339190997,
      "p50": 17470.414505663444,
      "p75": 17990.141402511395,
      "p90": 18398.81081347254,
      "p95": 18733.16894894047,
      "p99": 19337.33071695018
    }
  },
  "details": {
    "DNSDialup": {
      "average": 0.00199577298,
      "fastest": 0.0000811,
      "slowest": 0.002306622
    },
    "DNSLookup": {
      "average": 0.000007010060000000001,
      "fastest": 0.0000058,
      "slowest": 0.0000368
    }
  },
  "statusCodeDistribution": {
    "200": 162202
  },
  "errorDistribution": {}
}