{
  "summary": {
    "successRate": 1,
    "total": 10.000302199,
    "slowest": 0.172673579,
    "fastest": 0.000247257,
    "average": 0.0027851727733515207,
    "requestsPerSec": 17905.15890788832,
    "totalData": 2327741,
    "sizePerRequest": 13,
    "sizePerSec": 232767.06580254814
  },
  "responseTimeHistogram": {
    "0.000247257": 1,
    "0.0174898892": 179012,
    "0.0347325214": 7,
    "0.051975153600000004": 6,
    "0.0692177858": 6,
    "0.086460418": 5,
    "0.10370305020000001": 4,
    "0.1209456824": 4,
    "0.1381883146": 4,
    "0.1554309468": 4,
    "0.172673579": 4
  },
  "latencyPercentiles": {
    "p10": 0.002534597,
    "p25": 0.002640128,
    "p50": 0.002726526,
    "p75": 0.002803711,
    "p90": 0.002919301,
    "p95": 0.003039325,
    "p99": 0.005407838
  },
  "rps": {
    "mean": 17902.86830429273,
    "stddev": 2016.1890798978254,
    "max": 37496.929562921345,
    "percentiles": {
      "p10": 17256.52201219955,
      "p25": 17638.346982776053,
      "p50": 18018.24835850376,
      "p75": 18398.011727879588,
      "p90": 18749.79194749598,
      "p95": 19114.17507223373,
      "p99": 21961.721221321055
    }
  },
  "details": {
    "DNSDialup": {
      "average": 0.00108273478,
      "fastest": 0.000155522,
      "slowest": 0.001744975
    },
    "DNSLookup": {
      "average": 0.000010664439999999997,
      "fastest": 0.000005581,
      "slowest": 0.000055915
    }
  },
  "statusCodeDistribution": {
    "200": 179057
  },
  "errorDistribution": {}
}