{
  "summary": {
    "successRate": 1,
    "total": 10.001426527,
    "slowest": 0.021286024,
    "fastest": 0.000130502,
    "average": 0.0013063402888114782,
    "requestsPerSec": 38208.74941873179,
    "totalData": 4967846,
    "sizePerRequest": 13,
    "sizePerSec": 496713.74244351336
  },
  "responseTimeHistogram": {
    "0.000130502": 1,
    "0.0022460542": 372869,
    "0.0043616064": 7760,
    "0.0064771585999999996": 885,
    "0.008592710799999998": 373,
    "0.010708262999999997": 125,
    "0.012823815199999998": 82,
    "0.014939367399999999": 7,
    "0.0170549196": 8,
    "0.019170471799999998": 5,
    "0.021286023999999997": 27
  },
  "latencyPercentiles": {
    "p10": 0.001195718,
    "p25": 0.001211718,
    "p50": 0.001231619,
    "p75": 0.001257819,
    "p90": 0.001429622,
    "p95": 0.001547324,
    "p99": 0.002695241
  },
  "rps": {
    "mean": 38155.03904906773,
    "stddev": 5450.106467353186,
    "max": 41084.008580746355,
    "percentiles": {
      "p10": 37704.328456907475,
      "p25": 38598.99871189813,
      "p50": 39333.228711616386,
      "p75": 40019.052679815686,
      "p90": 40361.951559449,
      "p95": 40555.349941602646,
      "p99": 40819.78943391708
    }
  },
  "details": {
    "DNSDialup": {
      "average": 0.00081670436,
      "fastest": 0.0000546,
      "slowest": 0.001259219
    },
    "DNSLookup": {
      "average": 0.000005038080000000002,
      "fastest": 0.0000031,
      "slowest": 0.0000381
    }
  },
  "statusCodeDistribution": {
    "200": 382142
  },
  "errorDistribution": {}
}