{
  "summary": {
    "successRate": 1,
    "total": 10.000708625,
    "slowest": 0.020788949,
    "fastest": 0.000109899,
    "average": 0.0012154166754987355,
    "requestsPerSec": 41070.88961408472,
    "totalData": 5339594,
    "sizePerRequest": 13,
    "sizePerSec": 533921.5649831014
  },
  "responseTimeHistogram": {
    "0.000109899": 1,
    "0.002177804": 403282,
    "0.004245709": 5976,
    "0.006313614": 882,
    "0.008381519": 328,
    "0.010449424": 128,
    "0.012517329": 28,
    "0.014585234": 39,
    "0.016653139": 42,
    "0.018721044000000003": 15,
    "0.020788949": 17
  },
  "latencyPercentiles": {
    "p10": 0.001117797,
    "p25": 0.001134997,
    "p50": 0.001153297,
    "p75": 0.001172497,
    "p90": 0.001299097,
    "p95": 0.001394296,
    "p99": 0.002996693
  },
  "rps": {
    "mean": 41032.97206183518,
    "stddev": 6406.160135904523,
    "max": 45491.6641359611,
    "percentiles": {
      "p10": 40756.34156658182,
      "p25": 41895.202658521775,
      "p50": 42550.311488310326,
      "p75": 43161.82499812204,
      "p90": 43601.848718384645,
      "p95": 43857.55865998083,
      "p99": 44263.40289831401
    }
  },
  "details": {
    "DNSDialup": {
      "average": 0.0011820710999999996,
      "fastest": 0.000060399,
      "slowest": 0.001374996
    },
    "DNSLookup": {
      "average": 0.000004959980000000001,
      "fastest": 0.000003,
      "slowest": 0.000058499
    }
  },
  "statusCodeDistribution": {
    "200": 410738
  },
  "errorDistribution": {}
}