{
  "summary": {
    "successRate": 1,
    "total": 10.000725986,
    "slowest": 0.104299903,
    "fastest": 0.000123419,
    "average": 0.0012901228096687438,
    "requestsPerSec": 38635.09514618152,
    "totalData": 5022927,
    "sizePerRequest": 13,
    "sizePerSec": 502256.23690035974
  },
  "responseTimeHistogram": {
    "0.000123419": 1,
    "0.0105410674": 386333,
    "0.0209587158": 7,
    "0.0313763642": 6,
    "0.0417940126": 5,
    "0.052211661": 5,
    "0.0626293094": 5,
    "0.07304695779999999": 4,
    "0.0834646062": 4,
    "0.0938822546": 3,
    "0.104299903": 6
  },
  "latencyPercentiles": {
    "p10": 0.001194145,
    "p25": 0.001223964,
    "p50": 0.001254278,
    "p75": 0.00128537,
    "p90": 0.001350121,
    "p95": 0.001417099,
    "p99": 0.002486039
  },
  "rps": {
    "mean": 38632.90176819575,
    "stddev": 3366.4771565178967,
    "max": 42490.93484967141,
    "percentiles": {
      "p10": 38017.32069130921,
      "p25": 38514.52382693355,
      "p50": 38981.66659150882,
      "p75": 39616.424969794134,
      "p90": 40180.71904649135,
      "p95": 40506.6309354832,
      "p99": 40993.05012447689
    }
  },
  "details": {
    "DNSDialup": {
      "average": 0.00056216584,
      "fastest": 0.000084048,
      "slowest": 0.000889724
    },
    "DNSLookup": {
      "average": 0.0000057356,
      "fastest": 0.000003175,
      "slowest": 0.000032317
    }
  },
  "statusCodeDistribution": {
    "200": 386379
  },
  "errorDistribution": {}
}