{
  "summary": {
    "successRate": 1,
    "total": 10.000646479,
    "slowest": 0.162166701,
    "fastest": 0.000887171,
    "average": 0.0025842854980494536,
    "requestsPerSec": 19301.0522275057,
    "totalData": 2509299,
    "sizePerRequest": 13,
    "sizePerSec": 250913.6789575741
  },
  "responseTimeHistogram": {
    "0.000887171": 1,
    "0.017015124": 192979,
    "0.033143077": 8,
    "0.04927103": 5,
    "0.06539898300000001": 6,
    "0.08152693600000001": 5,
    "0.09765488900000001": 4,
    "0.11378284200000001": 4,
    "0.129910795": 4,
    "0.146038748": 3,
    "0.162166701": 4
  },
  "latencyPercentiles": {
    "p10": 0.002348262,
    "p25": 0.00241224,
    "p50": 0.002491583,
    "p75": 0.002596012,
    "p90": 0.002730361,
    "p95": 0.002859644,
    "p99": 0.004977457
  },
  "rps": {
    "mean": 19299.1680010909,
    "stddev": 1778.322318588722,
    "max": 22027.73953239191,
    "percentiles": {
      "p10": 18639.38315266316,
      "p25": 19160.481977410054,
      "p50": 19578.38794967303,
      "p75": 19966.692747113702,
      "p90": 20310.17133380356,
      "p95": 20500.10045049367,
      "p99": 20742.28730111976
    }
  },
  "details": {
    "DNSDialup": {
      "average": 0.0009279510000000003,
      "fastest": 0.000319065,
      "slowest": 0.001482566
    },
    "DNSLookup": {
      "average": 0.00000542194,
      "fastest": 0.000002696,
      "slowest": 0.000025678
    }
  },
  "statusCodeDistribution": {
    "200": 193023
  },
  "errorDistribution": {}
}