{
  "summary": {
    "successRate": 1,
    "total": 10.000380353,
    "slowest": 0.021291946,
    "fastest": 0.000511447,
    "average": 0.0028864421501780054,
    "requestsPerSec": 17276.842870098382,
    "totalData": 2246075,
    "sizePerRequest": 13,
    "sizePerSec": 224598.95731127897
  },
  "responseTimeHistogram": {
    "0.000511447": 1,
    "0.0025894968999999996": 6773,
    "0.004667546799999999": 161403,
    "0.0067455966999999985": 4309,
    "0.008823646599999999": 193,
    "0.010901696499999999": 44,
    "0.012979746399999997": 8,
    "0.015057796299999997": 7,
    "0.0171358462": 11,
    "0.0192138961": 15,
    "0.021291946": 11
  },
  "latencyPercentiles": {
    "p10": 0.002665182,
    "p25": 0.002738367,
    "p50": 0.002809008,
    "p75": 0.002878099,
    "p90": 0.002977725,
    "p95": 0.003088229,
    "p99": 0.005652721
  },
  "rps": {
    "mean": 17277.50904046876,
    "stddev": 1550.542391826741,
    "max": 24880.952667597547,
    "percentiles": {
      "p10": 16774.257962574484,
      "p25": 17109.9588616187,
      "p50": 17454.53494899596,
      "p75": 17767.047507178184,
      "p90": 18032.727597316294,
      "p95": 18222.28038222217,
      "p99": 20208.052909083322
    }
  },
  "details": {
    "DNSDialup": {
      "average": 0.00117978208,
      "fastest": 0.000145903,
      "slowest": 0.001590889
    },
    "DNSLookup": {
      "average": 0.00001483548000000001,
      "fastest": 0.00000514,
      "slowest": 0.000144791
    }
  },
  "statusCodeDistribution": {
    "200": 172775
  },
  "errorDistribution": {}
}