{
  "summary": {
    "successRate": 1,
    "total": 10.000649141,
    "slowest": 0.156019076,
    "fastest": 0.000386429,
    "average": 0.0025401473592942606,
    "requestsPerSec": 19637.22526719528,
    "totalData": 2553005,
    "sizePerRequest": 13,
    "sizePerSec": 255283.92847353866
  },
  "responseTimeHistogram": {
    "0.000386429": 1,
    "0.0159496937": 196341,
    "0.0315129584": 8,
    "0.0470762231": 5,
    "0.0626394878": 6,
    "0.0782027525": 5,
    "0.0937660172": 4,
    "0.1093292819": 4,
    "0.1248925466": 4,
    "0.1404558113": 2,
    "0.156019076": 5
  },
  "latencyPercentiles": {
    "p10": 0.002322293,
    "p25": 0.002380647,
    "p50": 0.00245309,
    "p75": 0.002549783,
    "p90": 0.002666416,
    "p95": 0.002776635,
    "p99": 0.004902629
  },
  "rps": {
    "mean": 19634.95637225884,
    "stddev": 1773.8566744961265,
    "max": 25278.347710898663,
    "percentiles": {
      "p10": 18947.136686649144,
      "p25": 19464.296410331397,
      "p50": 19926.033362588827,
      "p75": 20315.614581367685,
      "p90": 20623.41169695795,
      "p95": 20813.112260724498,
      "p99": 21139.965104028
    }
  },
  "details": {
    "DNSDialup": {
      "average": 0.0007150436399999999,
      "fastest": 0.000068259,
      "slowest": 0.001562907
    },
    "DNSLookup": {
      "average": 0.000006236,
      "fastest": 0.000003226,
      "slowest": 0.000030026
    }
  },
  "statusCodeDistribution": {
    "200": 196385
  },
  "errorDistribution": {}
}