{
  "summary": {
    "successRate": 1,
    "total": 10.000142759,
    "slowest": 0.021764917,
    "fastest": 0.001353377,
    "average": 0.002775489515957915,
    "requestsPerSec": 17968.843478587387,
    "totalData": 2335983,
    "sizePerRequest": 13,
    "sizePerSec": 233594.96522163603
  },
  "responseTimeHistogram": {
    "0.001353377": 1,
    "0.003394531": 173642,
    "0.005435685000000001": 4263,
    "0.007476839000000002": 1593,
    "0.009517993": 111,
    "0.011559147": 31,
    "0.013600301000000002": 9,
    "0.015641455000000002": 8,
    "0.017682609000000002": 10,
    "0.019723763000000002": 12,
    "0.021764917": 11
  },
  "latencyPercentiles": {
    "p10": 0.002508111,
    "p25": 0.002587959,
    "p50": 0.002690952,
    "p75": 0.002807042,
    "p90": 0.002891088,
    "p95": 0.003031571,
    "p99": 0.00543296
  },
  "rps": {
    "mean": 17969.806651013536,
    "stddev": 1603.2185443512126,
    "max": 20020.72345084399,
    "percentiles": {
      "p10": 17128.903311448008,
      "p25": 17702.490740447673,
      "p50": 18267.426899426482,
      "p75": 18678.901548028905,
      "p90": 19026.386578123183,
      "p95": 19198.239310375455,
      "p99": 19617.6794527224
    }
  },
  "details": {
    "DNSDialup": {
      "average": 0.0008440189400000001,
      "fastest": 0.000156794,
      "slowest": 0.001183309
    },
    "DNSLookup": {
      "average": 0.0000070682,
      "fastest": 0.000004088,
      "slowest": 0.000030617
    }
  },
  "statusCodeDistribution": {
    "200": 179691
  },
  "errorDistribution": {}
}