{
  "summary": {
    "successRate": 1,
    "total": 10.000638081,
    "slowest": 0.158027866,
    "fastest": 0.000886831,
    "average": 0.0026510339734940225,
    "requestsPerSec": 18813.39955272,
    "totalData": 2445898,
    "sizePerRequest": 13,
    "sizePerSec": 244574.19418536001
  },
  "responseTimeHistogram": {
    "0.000886831": 1,
    "0.0166009345": 188101,
    "0.032315038": 9,
    "0.0480291415": 5,
    "0.063743245": 5,
    "0.0794573485": 6,
    "0.095171452": 4,
    "0.11088555550000001": 4,
    "0.126599659": 4,
    "0.1423137625": 3,
    "0.158027866": 4
  },
  "latencyPercentiles": {
    "p10": 0.002449832,
    "p25": 0.002517085,
    "p50": 0.002580936,
    "p75": 0.002650713,
    "p90": 0.00274427,
    "p95": 0.002827295,
    "p99": 0.005095804
  },
  "rps": {
    "mean": 18812.299991474265,
    "stddev": 1623.516680857226,
    "max": 22328.3478088742,
    "percentiles": {
      "p10": 18398.339122610356,
      "p25": 18738.483222995754,
      "p50": 19032.774437581364,
      "p75": 19309.945034040044,
      "p90": 19619.519459910774,
      "p95": 19840.6316295141,
      "p99": 20238.89105304817
    }
  },
  "details": {
    "DNSDialup": {
      "average": 0.00067671124,
      "fastest": 0.00008398,
      "slowest": 0.001027742
    },
    "DNSLookup": {
      "average": 0.000006142139999999999,
      "fastest": 0.000002525,
      "slowest": 0.00003206
    }
  },
  "statusCodeDistribution": {
    "200": 188146
  },
  "errorDistribution": {}
}