{
  "summary": {
    "successRate": 1,
    "total": 10.000138867,
    "slowest": 0.021486585,
    "fastest": 0.00034774,
    "average": 0.0028615322095656027,
    "requestsPerSec": 17426.757999839683,
    "totalData": 2265510,
    "sizePerRequest": 13,
    "sizePerSec": 226547.85399791587
  },
  "responseTimeHistogram": {
    "0.00034774": 1,
    "0.0024616245": 989,
    "0.004575509": 168591,
    "0.006689393500000001": 4352,
    "0.008803278": 251,
    "0.010917162499999999": 29,
    "0.013031047": 12,
    "0.0151449315": 7,
    "0.017258816": 10,
    "0.0193727005": 14,
    "0.021486585": 14
  },
  "latencyPercentiles": {
    "p10": 0.002662733,
    "p25": 0.002721551,
    "p50": 0.002780849,
    "p75": 0.002834537,
    "p90": 0.002932921,
    "p95": 0.003024999,
    "p99": 0.005585562
  },
  "rps": {
    "mean": 17428.097970894883,
    "stddev": 1404.4848480485425,
    "max": 22462.323964070678,
    "percentiles": {
      "p10": 17118.82691325384,
      "p25": 17359.26975472361,
      "p50": 17617.870601471837,
      "p75": 17872.614646045626,
      "p90": 18108.8588537512,
      "p95": 18220.80451459462,
      "p99": 18522.27666160906
    }
  },
  "details": {
    "DNSDialup": {
      "average": 0.0009622040999999996,
      "fastest": 0.000100521,
      "slowest": 0.002432166
    },
    "DNSLookup": {
      "average": 0.000011649359999999996,
      "fastest": 0.000005951,
      "slowest": 0.00004855
    }
  },
  "statusCodeDistribution": {
    "200": 174270
  },
  "errorDistribution": {}
}