{
  "summary": {
    "successRate": 1,
    "total": 10.000620416,
    "slowest": 0.16313257,
    "fastest": 0.000721297,
    "average": 0.0025998662292152663,
    "requestsPerSec": 19184.70974991158,
    "totalData": 2494167,
    "sizePerRequest": 13,
    "sizePerSec": 249401.22674885052
  },
  "responseTimeHistogram": {
    "0.000721297": 1,
    "0.016962424299999997": 191815,
    "0.0332035516": 8,
    "0.0494446789": 6,
    "0.06568580619999999": 5,
    "0.08192693349999998": 6,
    "0.09816806079999998": 4,
    "0.11440918809999999": 4,
    "0.1306503154": 3,
    "0.14689144269999999": 2,
    "0.16313256999999998": 5
  },
  "latencyPercentiles": {
    "p10": 0.002365568,
    "p25": 0.002438122,
    "p50": 0.002521559,
    "p75": 0.002615233,
    "p90": 0.002719879,
    "p95": 0.002813922,
    "p99": 0.005030761
  },
  "rps": {
    "mean": 19183.729737018377,
    "stddev": 1744.1870313658142,
    "max": 21641.636344163486,
    "percentiles": {
      "p10": 18615.566336571006,
      "p25": 19031.91271123471,
      "p50": 19417.8527738398,
      "p75": 19807.025280399946,
      "p90": 20165.614877687938,
      "p95": 20349.383884811632,
      "p99": 20753.82296447641
    }
  },
  "details": {
    "DNSDialup": {
      "average": 0.00075289074,
      "fastest": 0.000082404,
      "slowest": 0.001220649
    },
    "DNSLookup": {
      "average": 0.00000680384,
      "fastest": 0.000003407,
      "slowest": 0.000035316
    }
  },
  "statusCodeDistribution": {
    "200": 191859
  },
  "errorDistribution": {}
}