{
  "summary": {
    "successRate": 1,
    "total": 10.000629292,
    "slowest": 0.163279443,
    "fastest": 0.000290232,
    "average": 0.002726365958200082,
    "requestsPerSec": 18293.14882677885,
    "totalData": 2378259,
    "sizePerRequest": 13,
    "sizePerSec": 237810.93474812506
  },
  "responseTimeHistogram": {
    "0.000290232": 1,
    "0.0165891531": 182899,
    "0.0328880742": 8,
    "0.049186995299999994": 6,
    "0.0654859164": 6,
    "0.0817848375": 5,
    "0.09808375859999999": 4,
    "0.11438267969999999": 3,
    "0.1306816008": 4,
    "0.1469805219": 3,
    "0.163279443": 4
  },
  "latencyPercentiles": {
    "p10": 0.002516653,
    "p25": 0.002590571,
    "p50": 0.002655021,
    "p75": 0.00272355,
    "p90": 0.002813007,
    "p95": 0.002903248,
    "p99": 0.005261145
  },
  "rps": {
    "mean": 18292.424714300134,
    "stddev": 1594.6774835800006,
    "max": 21868.963777271543,
    "percentiles": {
      "p10": 17923.213128652973,
      "p25": 18219.883358709143,
      "p50": 18517.02825918701,
      "p75": 18790.598872464125,
      "p90": 19036.576878815235,
      "p95": 19241.758464218947,
      "p99": 19567.384200973414
    }
  },
  "details": {
    "DNSDialup": {
      "average": 0.0008376859200000001,
      "fastest": 0.000081202,
      "slowest": 0.001391322
    },
    "DNSLookup": {
      "average": 0.000007040259999999997,
      "fastest": 0.000003276,
      "slowest": 0.000027432
    }
  },
  "statusCodeDistribution": {
    "200": 182943
  },
  "errorDistribution": {}
}