{
  "summary": {
    "successRate": 1,
    "total": 10.000184637,
    "slowest": 0.021237314,
    "fastest": 0.000368976,
    "average": 0.002970744106519236,
    "requestsPerSec": 16785.390079593188,
    "totalData": 2182141,
    "sizePerRequest": 13,
    "sizePerSec": 218210.07103471144
  },
  "responseTimeHistogram": {
    "0.000368976": 1,
    "0.0024558098": 2055,
    "0.0045426436": 161220,
    "0.0066294774": 4209,
    "0.0087163112": 279,
    "0.010803145": 40,
    "0.0128899788": 7,
    "0.0149768126": 7,
    "0.0170636464": 10,
    "0.0191504802": 15,
    "0.021237314": 14
  },
  "latencyPercentiles": {
    "p10": 0.002767134,
    "p25": 0.00283004,
    "p50": 0.002889179,
    "p75": 0.002942508,
    "p90": 0.003072402,
    "p95": 0.003209024,
    "p99": 0.005807732
  },
  "rps": {
    "mean": 16786.46749302674,
    "stddev": 1554.5494977194423,
    "max": 28026.34195880665,
    "percentiles": {
      "p10": 16381.199970131885,
      "p25": 16715.692692300723,
      "p50": 16933.144937902507,
      "p75": 17170.369324602423,
      "p90": 17408.490120631937,
      "p95": 17620.512038064582,
      "p99": 18703.69210882167
    }
  },
  "details": {
    "DNSDialup": {
      "average": 0.00104233008,
      "fastest": 0.000118401,
      "slowest": 0.001475552
    },
    "DNSLookup": {
      "average": 0.000010448860000000005,
      "fastest": 0.000004148,
      "slowest": 0.000054882
    }
  },
  "statusCodeDistribution": {
    "200": 167857
  },
  "errorDistribution": {}
}