{
  "summary": {
    "successRate": 1,
    "total": 10.00040676,
    "slowest": 0.029266628,
    "fastest": 0.000185401,
    "average": 0.0024584764234967015,
    "requestsPerSec": 20304.174107414005,
    "totalData": 2639650,
    "sizePerRequest": 13,
    "sizePerSec": 263954.2633963821
  },
  "responseTimeHistogram": {
    "0.000185401": 1,
    "0.0030935236999999997": 191887,
    "0.0060016463999999995": 9452,
    "0.0089097691": 1238,
    "0.011817891799999999": 301,
    "0.014726014499999999": 80,
    "0.0176341372": 43,
    "0.0205422599": 10,
    "0.0234503826": 7,
    "0.0263585053": 18,
    "0.029266628": 13
  },
  "latencyPercentiles": {
    "p10": 0.002022213,
    "p25": 0.002137814,
    "p50": 0.002306814,
    "p75": 0.002518816,
    "p90": 0.002795318,
    "p95": 0.003195724,
    "p99": 0.005672344
  },
  "rps": {
    "mean": 20298.48496633986,
    "stddev": 3219.7089778164022,
    "max": 24693.43254070434,
    "percentiles": {
      "p10": 17914.03743973773,
      "p25": 19651.33715317876,
      "p50": 21015.41901292929,
      "p75": 22049.030428968385,
      "p90": 22868.231943649815,
      "p95": 23464.113343298544,
      "p99": 24096.958933660542
    }
  },
  "details": {
    "DNSDialup": {
      "average": 0.0022949839,
      "fastest": 0.000128601,
      "slowest": 0.002913823
    },
    "DNSLookup": {
      "average": 0.0000085541,
      "fastest": 0.0000051,
      "slowest": 0.000044401
    }
  },
  "statusCodeDistribution": {
    "200": 203050
  },
  "errorDistribution": {}
}