{
  "summary": {
    "successRate": 1,
    "total": 10.000275022,
    "slowest": 0.023133826,
    "fastest": 0.001249344,
    "average": 0.002880396908277012,
    "requestsPerSec": 17312.52386750609,
    "totalData": 2250690,
    "sizePerRequest": 13,
    "sizePerSec": 225062.81027757918
  },
  "responseTimeHistogram": {
    "0.001249344": 1,
    "0.0034377922000000003": 166592,
    "0.0056262404": 4877,
    "0.0078146886": 1544,
    "0.0100031368": 45,
    "0.012191585": 22,
    "0.0143800332": 9,
    "0.0165684814": 9,
    "0.0187569296": 12,
    "0.020945377799999998": 11,
    "0.023133826": 8
  },
  "latencyPercentiles": {
    "p10": 0.002653868,
    "p25": 0.002727736,
    "p50": 0.002787694,
    "p75": 0.002858787,
    "p90": 0.002971444,
    "p95": 0.003141142,
    "p99": 0.005615129
  },
  "rps": {
    "mean": 17313.296463405033,
    "stddev": 1453.7033928140747,
    "max": 21232.317710787946,
    "percentiles": {
      "p10": 16818.579394017597,
      "p25": 17234.139106154762,
      "p50": 17554.2267618901,
      "p75": 17837.55340117626,
      "p90": 18107.08167964584,
      "p95": 18236.763491522885,
      "p99": 18739.872827415475
    }
  },
  "details": {
    "DNSDialup": {
      "average": 0.0013438013199999997,
      "fastest": 0.000092814,
      "slowest": 0.002683518
    },
    "DNSLookup": {
      "average": 0.00003281602,
      "fastest": 0.000003407,
      "slowest": 0.001302012
    }
  },
  "statusCodeDistribution": {
    "200": 173130
  },
  "errorDistribution": {}
}