{
  "summary": {
    "successRate": 1,
    "total": 10.000146972,
    "slowest": 0.023402114,
    "fastest": 0.000593225,
    "average": 0.002943755194027475,
    "requestsPerSec": 16940.65101986383,
    "totalData": 2202317,
    "sizePerRequest": 13,
    "sizePerSec": 220228.4632582298
  },
  "responseTimeHistogram": {
    "0.000593225": 1,
    "0.0028741139": 114029,
    "0.005155002800000001": 51027,
    "0.007435891700000002": 4192,
    "0.0097167806": 80,
    "0.0119976695": 30,
    "0.014278558400000002": 7,
    "0.016559447300000002": 8,
    "0.018840336200000002": 8,
    "0.021121225100000002": 16,
    "0.023402114": 11
  },
  "latencyPercentiles": {
    "p10": 0.002748308,
    "p25": 0.002816472,
    "p50": 0.00285247,
    "p75": 0.002887896,
    "p90": 0.002997376,
    "p95": 0.003090467,
    "p99": 0.005722722
  },
  "rps": {
    "mean": 16941.8405933051,
    "stddev": 1405.412283195371,
    "max": 19627.236716393054,
    "percentiles": {
      "p10": 16746.5268756188,
      "p25": 16986.79231666279,
      "p50": 17160.967770196938,
      "p75": 17339.87130006475,
      "p90": 17521.016459242335,
      "p95": 17640.486680981983,
      "p99": 18038.571878247614
    }
  },
  "details": {
    "DNSDialup": {
      "average": 0.00120504436,
      "fastest": 0.000081699,
      "slowest": 0.00266835
    },
    "DNSLookup": {
      "average": 0.000010308480000000003,
      "fastest": 0.000003888,
      "slowest": 0.00015734
    }
  },
  "statusCodeDistribution": {
    "200": 169409
  },
  "errorDistribution": {}
}