{
  "summary": {
    "successRate": 1,
    "total": 10.000710524,
    "slowest": 0.156553779,
    "fastest": 0.000893669,
    "average": 0.002593769307073929,
    "requestsPerSec": 19228.533766527406,
    "totalData": 2499887,
    "sizePerRequest": 13,
    "sizePerSec": 249970.9389648563
  },
  "responseTimeHistogram": {
    "0.000893669": 1,
    "0.01645968": 192255,
    "0.032025691": 7,
    "0.047591702": 6,
    "0.063157713": 6,
    "0.078723724": 6,
    "0.094289735": 4,
    "0.10985574599999999": 4,
    "0.125421757": 3,
    "0.140987768": 3,
    "0.156553779": 4
  },
  "latencyPercentiles": {
    "p10": 0.002366562,
    "p25": 0.002455874,
    "p50": 0.002533933,
    "p75": 0.002611598,
    "p90": 0.002703506,
    "p95": 0.002791983,
    "p99": 0.005026769
  },
  "rps": {
    "mean": 19228.520682628397,
    "stddev": 1755.5311993562634,
    "max": 25946.301174446107,
    "percentiles": {
      "p10": 18645.495007819543,
      "p25": 19063.77786886039,
      "p50": 19412.276323546783,
      "p75": 19749.25266121178,
      "p90": 20115.060155595907,
      "p95": 20429.755506146084,
      "p99": 21855.050687175502
    }
  },
  "details": {
    "DNSDialup": {
      "average": 0.0005981698199999999,
      "fastest": 0.000055443,
      "slowest": 0.001276624
    },
    "DNSLookup": {
      "average": 0.000006511839999999997,
      "fastest": 0.000002776,
      "slowest": 0.000036829
    }
  },
  "statusCodeDistribution": {
    "200": 192299
  },
  "errorDistribution": {}
}