{
  "summary": {
    "successRate": 1,
    "total": 10.001529535,
    "slowest": 0.02194028,
    "fastest": 0.000209701,
    "average": 0.001358394060471713,
    "requestsPerSec": 36743.779910259494,
    "totalData": 4777422,
    "sizePerRequest": 13,
    "sizePerSec": 477669.1388333735
  },
  "responseTimeHistogram": {
    "0.000209701": 1,
    "0.0023827589": 356909,
    "0.004555816799999999": 9035,
    "0.006728874699999999": 765,
    "0.008901932599999999": 442,
    "0.0110749905": 134,
    "0.013248048399999999": 106,
    "0.015421106299999997": 52,
    "0.017594164199999998": 19,
    "0.0197672221": 12,
    "0.02194028": 19
  },
  "latencyPercentiles": {
    "p10": 0.001231815,
    "p25": 0.001249308,
    "p50": 0.001270216,
    "p75": 0.001295808,
    "p90": 0.001471719,
    "p95": 0.00161762,
    "p99": 0.00311164
  },
  "rps": {
    "mean": 36672.176638423436,
    "stddev": 5953.501809239393,
    "max": 40404.173751150185,
    "percentiles": {
      "p10": 36387.93143631388,
      "p25": 37430.816791461766,
      "p50": 38147.428698101925,
      "p75": 38713.82857956862,
      "p90": 39086.51017296615,
      "p95": 39318.216129532244,
      "p99": 39681.080351481214
    }
  },
  "details": {
    "DNSDialup": {
      "average": 0.00143601436,
      "fastest": 0.000067501,
      "slowest": 0.00312114
    },
    "DNSLookup": {
      "average": 0.0000049661,
      "fastest": 0.0000035,
      "slowest": 0.0000436
    }
  },
  "statusCodeDistribution": {
    "200": 367494
  },
  "errorDistribution": {}
}