{
  "summary": {
    "successRate": 1,
    "total": 10.000662235,
    "slowest": 0.159350204,
    "fastest": 0.000351913,
    "average": 0.0027198711101433883,
    "requestsPerSec": 18334.885799690244,
    "totalData": 2383693,
    "sizePerRequest": 13,
    "sizePerSec": 238353.51539597317
  },
  "responseTimeHistogram": {
    "0.000351913": 1,
    "0.016251742099999997": 183317,
    "0.0321515712": 8,
    "0.0480514003": 5,
    "0.06395122939999999": 6,
    "0.07985105849999999": 5,
    "0.09575088759999999": 4,
    "0.11165071669999999": 4,
    "0.1275505458": 4,
    "0.14345037489999998": 3,
    "0.159350204": 4
  },
  "latencyPercentiles": {
    "p10": 0.002487487,
    "p25": 0.002575767,
    "p50": 0.002659921,
    "p75": 0.002730531,
    "p90": 0.002802664,
    "p95": 0.002883312,
    "p99": 0.005284814
  },
  "rps": {
    "mean": 18334.121281486943,
    "stddev": 1616.8864615554826,
    "max": 26640.54958051636,
    "percentiles": {
      "p10": 17873.144054729753,
      "p25": 18160.044370707947,
      "p50": 18467.085381064397,
      "p75": 18813.54387023198,
      "p90": 19204.092392086637,
      "p95": 19403.80453311144,
      "p99": 20396.13514338482
    }
  },
  "details": {
    "DNSDialup": {
      "average": 0.0009866240199999999,
      "fastest": 0.000101209,
      "slowest": 0.001690017
    },
    "DNSLookup": {
      "average": 0.000014080300000000003,
      "fastest": 0.000003256,
      "slowest": 0.000332861
    }
  },
  "statusCodeDistribution": {
    "200": 183361
  },
  "errorDistribution": {}
}