{
  "summary": {
    "successRate": 1,
    "total": 10.000297792,
    "slowest": 0.023417615,
    "fastest": 0.000416666,
    "average": 0.002896120872320537,
    "requestsPerSec": 17218.3872502024,
    "totalData": 2238457,
    "sizePerRequest": 13,
    "sizePerSec": 223839.0342526312
  },
  "responseTimeHistogram": {
    "0.000416666": 1,
    "0.0027167609": 26170,
    "0.005016855799999999": 141615,
    "0.0073169507": 4223,
    "0.009617045599999999": 105,
    "0.0119171405": 23,
    "0.014217235399999998": 10,
    "0.016517330299999997": 8,
    "0.018817425199999998": 9,
    "0.0211175201": 14,
    "0.023417615": 11
  },
  "latencyPercentiles": {
    "p10": 0.002688044,
    "p25": 0.002756491,
    "p50": 0.002814359,
    "p75": 0.002857703,
    "p90": 0.002955671,
    "p95": 0.003057726,
    "p99": 0.005650557
  },
  "rps": {
    "mean": 17219.892624844426,
    "stddev": 1420.6825928748174,
    "max": 21049.31433362124,
    "percentiles": {
      "p10": 16964.165258674144,
      "p25": 17222.308055624308,
      "p50": 17418.793135913278,
      "p75": 17646.30567071017,
      "p90": 17915.326561874004,
      "p95": 18066.468343683395,
      "p99": 18362.321719917403
    }
  },
  "details": {
    "DNSDialup": {
      "average": 0.0009944234200000002,
      "fastest": 0.000091269,
      "slowest": 0.001903286
    },
    "DNSLookup": {
      "average": 0.000011793139999999997,
      "fastest": 0.000004138,
      "slowest": 0.000190356
    }
  },
  "statusCodeDistribution": {
    "200": 172189
  },
  "errorDistribution": {}
}