{
  "summary": {
    "successRate": 1,
    "total": 10.001277988,
    "slowest": 0.02868184,
    "fastest": 0.000155602,
    "average": 0.0028624926366305364,
    "requestsPerSec": 17436.771601513454,
    "totalData": 2267070,
    "sizePerRequest": 13,
    "sizePerSec": 226678.0308196749
  },
  "responseTimeHistogram": {
    "0.000155602": 1,
    "0.0030082257999999996": 146856,
    "0.0058608496": 24548,
    "0.0087134734": 2091,
    "0.011566097199999998": 620,
    "0.014418720999999997": 143,
    "0.0172713448": 82,
    "0.0201239686": 11,
    "0.0229765924": 9,
    "0.025829216199999998": 16,
    "0.028681839999999997": 13
  },
  "latencyPercentiles": {
    "p10": 0.002394337,
    "p25": 0.002514339,
    "p50": 0.002668741,
    "p75": 0.002863844,
    "p90": 0.003186649,
    "p95": 0.004095063,
    "p99": 0.006851905
  },
  "rps": {
    "mean": 17416.791847360386,
    "stddev": 2944.1641387262002,
    "max": 21675.007795845333,
    "percentiles": {
      "p10": 14855.480764008536,
      "p25": 17130.91616440411,
      "p50": 18067.476604876858,
      "p75": 18907.651926733484,
      "p90": 19715.271449264314,
      "p95": 20018.511117229507,
      "p99": 20625.672774904335
    }
  },
  "details": {
    "DNSDialup": {
      "average": 0.0019239994600000001,
      "fastest": 0.000091901,
      "slowest": 0.002316335
    },
    "DNSLookup": {
      "average": 0.000007544079999999999,
      "fastest": 0.0000062,
      "slowest": 0.000055401
    }
  },
  "statusCodeDistribution": {
    "200": 174390
  },
  "errorDistribution": {}
}