{
  "summary": {
    "successRate": 1,
    "total": 10.000315968,
    "slowest": 0.02193643,
    "fastest": 0.000612788,
    "average": 0.002897380705309187,
    "requestsPerSec": 17211.056185699912,
    "totalData": 2237508,
    "sizePerRequest": 13,
    "sizePerSec": 223743.73041409883
  },
  "responseTimeHistogram": {
    "0.000612788": 1,
    "0.0027451522": 35316,
    "0.0048775164": 132234,
    "0.007009880599999999": 4296,
    "0.0091422448": 181,
    "0.011274609": 30,
    "0.013406973199999998": 15,
    "0.015539337399999999": 9,
    "0.0176717016": 9,
    "0.0198040658": 13,
    "0.02193643": 12
  },
  "latencyPercentiles": {
    "p10": 0.002697985,
    "p25": 0.002758463,
    "p50": 0.002812901,
    "p75": 0.002862231,
    "p90": 0.002960107,
    "p95": 0.00305207,
    "p99": 0.005648381
  },
  "rps": {
    "mean": 17212.299142281205,
    "stddev": 1434.8507097856448,
    "max": 22236.718013361224,
    "percentiles": {
      "p10": 16927.927695111623,
      "p25": 17206.1308563487,
      "p50": 17426.043221595413,
      "p75": 17627.9190982681,
      "p90": 17861.088494870008,
      "p95": 18024.763810140885,
      "p99": 18401.950486082744
    }
  },
  "details": {
    "DNSDialup": {
      "average": 0.0010714659599999998,
      "fastest": 0.000148309,
      "slowest": 0.002187646
    },
    "DNSLookup": {
      "average": 0.000010097400000000004,
      "fastest": 0.000005029,
      "slowest": 0.000048201
    }
  },
  "statusCodeDistribution": {
    "200": 172116
  },
  "errorDistribution": {}
}