{
  "summary": {
    "successRate": 1,
    "total": 10.000654516,
    "slowest": 0.155084394,
    "fastest": 0.000712174,
    "average": 0.0026748584713336683,
    "requestsPerSec": 18646.07958425748,
    "totalData": 2424149,
    "sizePerRequest": 13,
    "sizePerSec": 242399.03459534727
  },
  "responseTimeHistogram": {
    "0.000712174": 1,
    "0.016149395999999996": 186428,
    "0.031586618": 8,
    "0.04702383999999999": 6,
    "0.06246106199999999": 5,
    "0.07789828399999998": 5,
    "0.09333550599999997": 4,
    "0.10877272799999997": 5,
    "0.12420994999999997": 3,
    "0.13964717199999999": 3,
    "0.155084394": 5
  },
  "latencyPercentiles": {
    "p10": 0.002420894,
    "p25": 0.002503749,
    "p50": 0.002600792,
    "p75": 0.002703312,
    "p90": 0.002806687,
    "p95": 0.002903756,
    "p99": 0.005181228
  },
  "rps": {
    "mean": 18643.72576512382,
    "stddev": 1648.571780631558,
    "max": 25801.749197961937,
    "percentiles": {
      "p10": 17983.04209177138,
      "p25": 18442.69483855097,
      "p50": 18853.186725070602,
      "p75": 19210.006492381024,
      "p90": 19556.736046945494,
      "p95": 19817.923329859095,
      "p99": 20194.686828131256
    }
  },
  "details": {
    "DNSDialup": {
      "average": 0.0006013757799999999,
      "fastest": 0.000052238,
      "slowest": 0.001366426
    },
    "DNSLookup": {
      "average": 0.000005314039999999999,
      "fastest": 0.000002675,
      "slowest": 0.000031679
    }
  },
  "statusCodeDistribution": {
    "200": 186473
  },
  "errorDistribution": {}
}