{
  "summary": {
    "successRate": 1,
    "total": 10.000430514,
    "slowest": 0.003187201,
    "fastest": 0.000037488,
    "average": 0.0006801513887112224,
    "requestsPerSec": 73344.3424233766,
    "totalData": 9535175,
    "sizePerRequest": 13,
    "sizePerSec": 953476.4515038958
  },
  "responseTimeHistogram": {
    "0.000037488": 1,
    "0.00035245930000000006": 46672,
    "0.0006674306000000001": 369889,
    "0.0009824019": 232041,
    "0.0012973732000000002": 60542,
    "0.0016123445": 17620,
    "0.0019273158000000002": 6132,
    "0.0022422871000000004": 492,
    "0.0025572584000000003": 42,
    "0.0028722297000000003": 32,
    "0.003187201": 12
  },
  "latencyPercentiles": {
    "p10": 0.000392438,
    "p25": 0.000485922,
    "p50": 0.000622139,
    "p75": 0.000841552,
    "p90": 0.001014667,
    "p95": 0.001182994,
    "p99": 0.00159511
  },
  "rps": {
    "mean": 73354.14148108759,
    "stddev": 14011.69075168856,
    "max": 98660.82701411833,
    "percentiles": {
      "p10": 55922.74937444654,
      "p25": 59720.16750056405,
      "p50": 73008.98740634919,
      "p75": 86754.32555866169,
      "p90": 92215.15640291755,
      "p95": 94714.87970759862,
      "p99": 97524.25428204008
    }
  },
  "details": {
    "DNSDialup": {
      "average": 0.0010022039399999998,
      "fastest": 0.000107902,
      "slowest": 0.001473275
    },
    "DNSLookup": {
      "average": 0.000029054220000000005,
      "fastest": 0.000004829,
      "slowest": 0.000883639
    }
  },
  "statusCodeDistribution": {
    "200": 733475
  },
  "errorDistribution": {}
}