{
  "summary": {
    "successRate": 1,
    "total": 10.000298762,
    "slowest": 0.004892649,
    "fastest": 0.000035306,
    "average": 0.0006366595986998878,
    "requestsPerSec": 78375.15844809117,
    "totalData": 10189075,
    "sizePerRequest": 13,
    "sizePerSec": 1018877.0598251852
  },
  "responseTimeHistogram": {
    "0.000035306": 1,
    "0.0005210403000000001": 291463,
    "0.0010067746": 433568,
    "0.0014925089000000001": 50438,
    "0.0019782432000000003": 8130,
    "0.0024639775": 147,
    "0.0029497118000000005": 18,
    "0.0034354461000000005": 8,
    "0.0039211804": 1,
    "0.0044069147": 0,
    "0.004892649": 1
  },
  "latencyPercentiles": {
    "p10": 0.000378569,
    "p25": 0.000464544,
    "p50": 0.00058171,
    "p75": 0.000774852,
    "p90": 0.000945732,
    "p95": 0.001099791,
    "p99": 0.001504921
  },
  "rps": {
    "mean": 78389.28700928704,
    "stddev": 14638.544601661846,
    "max": 101840.41176035123,
    "percentiles": {
      "p10": 58619.983381986174,
      "p25": 64035.25781295275,
      "p50": 80637.82617249392,
      "p75": 92257.09774563662,
      "p90": 96711.11139588724,
      "p95": 98659.5706487553,
      "p99": 100432.15837710815
    }
  },
  "details": {
    "DNSDialup": {
      "average": 0.0009835204400000003,
      "fastest": 0.000103824,
      "slowest": 0.001676302
    },
    "DNSLookup": {
      "average": 0.000011310879999999997,
      "fastest": 0.000005069,
      "slowest": 0.00009072
    }
  },
  "statusCodeDistribution": {
    "200": 783775
  },
  "errorDistribution": {}
}