{
  "summary": {
    "successRate": 1,
    "total": 10.000068657,
    "slowest": 0.003772127,
    "fastest": 0.000035827,
    "average": 0.0006496562621910114,
    "requestsPerSec": 76797.67273021834,
    "totalData": 9983766,
    "sizePerRequest": 13,
    "sizePerSec": 998369.7454928383
  },
  "responseTimeHistogram": {
    "0.000035827": 1,
    "0.000409457": 102605,
    "0.000783087": 467623,
    "0.001156717": 163767,
    "0.001530347": 25666,
    "0.001903977": 7739,
    "0.002277607": 534,
    "0.0026512370000000003": 23,
    "0.003024867": 9,
    "0.003398497": 9,
    "0.003772127": 6
  },
  "latencyPercentiles": {
    "p10": 0.000381913,
    "p25": 0.000472091,
    "p50": 0.000591497,
    "p75": 0.000792545,
    "p90": 0.000974018,
    "p95": 0.00112692,
    "p99": 0.00154858
  },
  "rps": {
    "mean": 76776.85542153832,
    "stddev": 14647.378139165956,
    "max": 100569.41879862522,
    "percentiles": {
      "p10": 56858.966297977066,
      "p25": 62315.071010129985,
      "p50": 78405.68441211834,
      "p75": 90544.81062677738,
      "p90": 94888.94286303046,
      "p95": 96959.17418401121,
      "p99": 98951.12804785867
    }
  },
  "details": {
    "DNSDialup": {
      "average": 0.0009652078000000001,
      "fastest": 0.000108082,
      "slowest": 0.001872735
    },
    "DNSLookup": {
      "average": 0.000027074740000000003,
      "fastest": 0.00000506,
      "slowest": 0.000783231
    }
  },
  "statusCodeDistribution": {
    "200": 767982
  },
  "errorDistribution": {}
}