{
  "summary": {
    "successRate": 1,
    "total": 10.000762348,
    "slowest": 0.004458335,
    "fastest": 0.000040976,
    "average": 0.0007273930662656837,
    "requestsPerSec": 68574.77221595508,
    "totalData": 8915400,
    "sizePerRequest": 13,
    "sizePerSec": 891472.0388074159
  },
  "responseTimeHistogram": {
    "0.000040976": 1,
    "0.0004827119": 103610,
    "0.0009244478": 453912,
    "0.0013661837": 106354,
    "0.0018079196": 19747,
    "0.0022496555": 2079,
    "0.0026913913999999997": 45,
    "0.0031331273": 30,
    "0.0035748632": 5,
    "0.0040165991": 16,
    "0.004458335": 1
  },
  "latencyPercentiles": {
    "p10": 0.000435713,
    "p25": 0.000544451,
    "p50": 0.000682044,
    "p75": 0.000871927,
    "p90": 0.001059639,
    "p95": 0.001247289,
    "p99": 0.001634224
  },
  "rps": {
    "mean": 68575.9736690212,
    "stddev": 7260.546306832875,
    "max": 93835.96931203622,
    "percentiles": {
      "p10": 59423.72614019582,
      "p25": 63546.719548211186,
      "p50": 68506.20516987765,
      "p75": 72987.99432596161,
      "p90": 77467.70677572498,
      "p95": 80622.22666325084,
      "p99": 88138.03156062009
    }
  },
  "details": {
    "DNSDialup": {
      "average": 0.00056206544,
      "fastest": 0.000076272,
      "slowest": 0.001018915
    },
    "DNSLookup": {
      "average": 0.00000907932,
      "fastest": 0.000004108,
      "slowest": 0.000063709
    }
  },
  "statusCodeDistribution": {
    "200": 685800
  },
  "errorDistribution": {}
}