{
  "summary": {
    "successRate": 1,
    "total": 10.000384832,
    "slowest": 0.004635426,
    "fastest": 0.000034064,
    "average": 0.0006690359066766531,
    "requestsPerSec": 74569.03034509142,
    "totalData": 9694347,
    "sizePerRequest": 13,
    "sizePerSec": 969397.3944861885
  },
  "responseTimeHistogram": {
    "0.000034064": 1,
    "0.0004942001999999999": 210707,
    "0.0009543363999999999": 446985,
    "0.0014144726": 73677,
    "0.0018746087999999999": 13486,
    "0.0023347449999999996": 789,
    "0.0027948811999999996": 35,
    "0.0032550173999999995": 8,
    "0.0037151535999999995": 3,
    "0.0041752898": 0,
    "0.004635426": 28
  },
  "latencyPercentiles": {
    "p10": 0.000385526,
    "p25": 0.000477021,
    "p50": 0.000616245,
    "p75": 0.000822797,
    "p90": 0.000992153,
    "p95": 0.001171308,
    "p99": 0.001561837
  },
  "rps": {
    "mean": 74580.33468990616,
    "stddev": 13297.7572088255,
    "max": 102024.03854882596,
    "percentiles": {
      "p10": 58349.80689040599,
      "p25": 62475.8144007737,
      "p50": 73236.5743452278,
      "p75": 86393.78909744078,
      "p90": 93518.9654759803,
      "p95": 96262.69357841426,
      "p99": 99616.57619828165
    }
  },
  "details": {
    "DNSDialup": {
      "average": 0.0004529551,
      "fastest": 0.000081622,
      "slowest": 0.000758568
    },
    "DNSLookup": {
      "average": 0.00000890882,
      "fastest": 0.000004258,
      "slowest": 0.000049172
    }
  },
  "statusCodeDistribution": {
    "200": 745719
  },
  "errorDistribution": {}
}