{
  "summary": {
    "successRate": 1,
    "total": 10.00028942,
    "slowest": 0.003612083,
    "fastest": 0.000033342,
    "average": 0.0006417535316464647,
    "requestsPerSec": 77739.45006483623,
    "totalData": 10106421,
    "sizePerRequest": 13,
    "sizePerSec": 1010612.8508428709
  },
  "responseTimeHistogram": {
    "0.000033342": 1,
    "0.0003912161": 91119,
    "0.0007490902": 469040,
    "0.0011069642999999999": 174756,
    "0.0014648384": 32656,
    "0.0018227125": 8963,
    "0.0021805865999999998": 779,
    "0.0025384607": 55,
    "0.0028963348": 17,
    "0.0032542088999999996": 22,
    "0.003612083": 9
  },
  "latencyPercentiles": {
    "p10": 0.000377236,
    "p25": 0.000464144,
    "p50": 0.000584928,
    "p75": 0.000780913,
    "p90": 0.000967469,
    "p95": 0.001128258,
    "p99": 0.001513135
  },
  "rps": {
    "mean": 77737.09705441326,
    "stddev": 13462.122777790408,
    "max": 101537.40282388267,
    "percentiles": {
      "p10": 59338.04161848146,
      "p25": 65003.37367509714,
      "p50": 79080.31210900703,
      "p75": 89920.21433454115,
      "p90": 94725.67065674542,
      "p95": 96703.3652771087,
      "p99": 99526.06350063505
    }
  },
  "details": {
    "DNSDialup": {
      "average": 0.0009342106599999998,
      "fastest": 0.000279943,
      "slowest": 0.001351495
    },
    "DNSLookup": {
      "average": 0.000015912980000000004,
      "fastest": 0.000004829,
      "slowest": 0.000312086
    }
  },
  "statusCodeDistribution": {
    "200": 777417
  },
  "errorDistribution": {}
}