{
  "summary": {
    "successRate": 0.9814823141908032,
    "total": 10.000450575,
    "slowest": 0.00725615,
    "fastest": 0.000037892,
    "average": 0.0006926414391938927,
    "requestsPerSec": 71161.19365451692,
    "totalData": 9080058,
    "sizePerRequest": 13,
    "sizePerSec": 907964.8893719971
  },
  "responseTimeHistogram": {
    "0.000037892": 1,
    "0.0007597178": 448990,
    "0.0014815436": 236746,
    "0.0022033694": 12633,
    "0.0029251952": 46,
    "0.003647021": 0,
    "0.0043688468": 0,
    "0.0050906726": 0,
    "0.0058124984": 1,
    "0.0065343242": 48,
    "0.00725615": 1
  },
  "latencyPercentiles": {
    "p10": 0.000397622,
    "p25": 0.000492049,
    "p50": 0.00063647,
    "p75": 0.000860098,
    "p90": 0.00102849,
    "p95": 0.001187868,
    "p99": 0.001617711
  },
  "rps": {
    "mean": 71994.49300220923,
    "stddev": 13934.886813014657,
    "max": 99042.49886532367,
    "percentiles": {
      "p10": 55950.23701085814,
      "p25": 59450.33205466616,
      "p50": 68604.74058757833,
      "p75": 85440.53258800069,
      "p90": 92146.47868384916,
      "p95": 94325.1991326467,
      "p99": 97179.20557553686
    }
  },
  "details": {
    "DNSDialup": {
      "average": 0.00100392616,
      "fastest": 0.000080159,
      "slowest": 0.001688006
    },
    "DNSLookup": {
      "average": 0.00000706896,
      "fastest": 0.000004248,
      "slowest": 0.00002124
    }
  },
  "statusCodeDistribution": {
    "200": 698466
  },
  "errorDistribution": {
    "Connection refused (os error 111)": 13178
  }
}