{
  "summary": {
    "successRate": 1,
    "total": 10.00015792,
    "slowest": 0.003932294,
    "fastest": 0.000035085,
    "average": 0.000668200557351873,
    "requestsPerSec": 74664.2209026235,
    "totalData": 9706502,
    "sizePerRequest": 13,
    "sizePerSec": 970634.8717341056
  },
  "responseTimeHistogram": {
    "0.000035085": 1,
    "0.0004248059000000001": 110327,
    "0.0008145268000000002": 442993,
    "0.0012042477000000003": 161483,
    "0.0015939686000000003": 24719,
    "0.0019836895": 6676,
    "0.0023734104000000004": 395,
    "0.0027631313000000004": 32,
    "0.0031528522000000003": 7,
    "0.0035425731000000003": 15,
    "0.003932294": 6
  },
  "latencyPercentiles": {
    "p10": 0.00038856,
    "p25": 0.000480911,
    "p50": 0.000608351,
    "p75": 0.000824353,
    "p90": 0.001001167,
    "p95": 0.001163922,
    "p99": 0.001583854
  },
  "rps": {
    "mean": 74648.5058957413,
    "stddev": 14167.691163965956,
    "max": 100150.98686741423,
    "percentiles": {
      "p10": 56411.061765985185,
      "p25": 60736.982748798306,
      "p50": 75025.90847960785,
      "p75": 88038.23052614472,
      "p90": 93553.98064683122,
      "p95": 95542.03849693977,
      "p99": 98133.8758139294
    }
  },
  "details": {
    "DNSDialup": {
      "average": 0.00095378134,
      "fastest": 0.00010211,
      "slowest": 0.001740763
    },
    "DNSLookup": {
      "average": 0.000014715480000000005,
      "fastest": 0.000004579,
      "slowest": 0.000266482
    }
  },
  "statusCodeDistribution": {
    "200": 746654
  },
  "errorDistribution": {}
}