{
  "summary": {
    "successRate": 1,
    "total": 10.000384324,
    "slowest": 0.004604424,
    "fastest": 0.00003234,
    "average": 0.000632825742269862,
    "requestsPerSec": 78844.16982932745,
    "totalData": 10250136,
    "sizePerRequest": 13,
    "sizePerSec": 1024974.2077812568
  },
  "responseTimeHistogram": {
    "0.00003234": 1,
    "0.0004895484": 253817,
    "0.0009467568": 453805,
    "0.0014039652000000001": 68408,
    "0.0018611736000000002": 11687,
    "0.0023183820000000003": 671,
    "0.0027755904000000002": 59,
    "0.0032327988000000005": 12,
    "0.0036900072000000004": 9,
    "0.0041472156": 2,
    "0.004604424": 1
  },
  "latencyPercentiles": {
    "p10": 0.000370616,
    "p25": 0.000456346,
    "p50": 0.000575123,
    "p75": 0.000769715,
    "p90": 0.000952447,
    "p95": 0.001128984,
    "p99": 0.001498548
  },
  "rps": {
    "mean": 78846.95718347678,
    "stddev": 14075.056701742507,
    "max": 102506.17087148939,
    "percentiles": {
      "p10": 58933.56266393591,
      "p25": 65368.07463523812,
      "p50": 80259.61229096384,
      "p75": 91957.53471397169,
      "p90": 96216.14506913883,
      "p95": 98008.99133879837,
      "p99": 100630.81315498795
    }
  },
  "details": {
    "DNSDialup": {
      "average": 0.0009821023200000001,
      "fastest": 0.000083596,
      "slowest": 0.002015204
    },
    "DNSLookup": {
      "average": 0.00000985372,
      "fastest": 0.000004599,
      "slowest": 0.000051767
    }
  },
  "statusCodeDistribution": {
    "200": 788472
  },
  "errorDistribution": {}
}