{
  "summary": {
    "successRate": 1,
    "total": 10.000251744,
    "slowest": 0.003708129,
    "fastest": 0.000037593,
    "average": 0.0006737623049100892,
    "requestsPerSec": 74041.9360386854,
    "totalData": 9625694,
    "sizePerRequest": 13,
    "sizePerSec": 962545.1685029101
  },
  "responseTimeHistogram": {
    "0.000037593": 1,
    "0.00040464660000000003": 82868,
    "0.0007717002000000001": 430168,
    "0.0011387538000000002": 187104,
    "0.0015058074000000002": 30742,
    "0.0018728610000000002": 8757,
    "0.0022399146": 724,
    "0.0026069682": 63,
    "0.0029740218": 10,
    "0.0033410754000000003": 0,
    "0.003708129": 1
  },
  "latencyPercentiles": {
    "p10": 0.000394436,
    "p25": 0.000486167,
    "p50": 0.000618818,
    "p75": 0.000828502,
    "p90": 0.001003267,
    "p95": 0.001157974,
    "p99": 0.001558714
  },
  "rps": {
    "mean": 74054.45717243044,
    "stddev": 13198.91775270388,
    "max": 100323.18468798608,
    "percentiles": {
      "p10": 57802.91904741336,
      "p25": 61982.664828327834,
      "p50": 72250.25727896481,
      "p75": 86170.78067926092,
      "p90": 92622.90564456585,
      "p95": 95422.35745835256,
      "p99": 97621.01780513178
    }
  },
  "details": {
    "DNSDialup": {
      "average": 0.0009662303399999998,
      "fastest": 0.00008665,
      "slowest": 0.001881141
    },
    "DNSLookup": {
      "average": 0.00001057036,
      "fastest": 0.000004439,
      "slowest": 0.000045035
    }
  },
  "statusCodeDistribution": {
    "200": 740438
  },
  "errorDistribution": {}
}