{
  "summary": {
    "successRate": 1,
    "total": 10.000375612,
    "slowest": 0.005980768,
    "fastest": 0.000282764,
    "average": 0.0011038961368806833,
    "requestsPerSec": 45220.90144867651,
    "totalData": 5878938,
    "sizePerRequest": 13,
    "sizePerSec": 587871.7188327946
  },
  "responseTimeHistogram": {
    "0.000282764": 1,
    "0.0008525644": 13813,
    "0.0014223648": 434769,
    "0.0019921652": 3341,
    "0.0025619656": 191,
    "0.003131766": 43,
    "0.0037015664": 20,
    "0.004271366800000001": 1,
    "0.0048411672": 10,
    "0.0054109676": 21,
    "0.005980767999999999": 16
  },
  "latencyPercentiles": {
    "p10": 0.001015176,
    "p25": 0.001061637,
    "p50": 0.001105935,
    "p75": 0.001152084,
    "p90": 0.00120302,
    "p95": 0.001244775,
    "p99": 0.001390847
  },
  "rps": {
    "mean": 45219.66010326012,
    "stddev": 2590.4899485026694,
    "max": 56608.6376364883,
    "percentiles": {
      "p10": 43509.72007146533,
      "p25": 44316.0726575054,
      "p50": 45106.39244786696,
      "p75": 45989.25134007628,
      "p90": 47701.91265588732,
      "p95": 49150.41994520129,
      "p99": 51503.914297486794
    }
  },
  "details": {
    "DNSDialup": {
      "average": 0.0012162012,
      "fastest": 0.000095749,
      "slowest": 0.002125217
    },
    "DNSLookup": {
      "average": 0.000008788080000000002,
      "fastest": 0.000003817,
      "slowest": 0.000071704
    }
  },
  "statusCodeDistribution": {
    "200": 452226
  },
  "errorDistribution": {}
}