{
  "summary": {
    "successRate": 1,
    "total": 10.000216242,
    "slowest": 0.005130078,
    "fastest": 0.000250505,
    "average": 0.0010756648704543807,
    "requestsPerSec": 46406.596494476085,
    "totalData": 6032988,
    "sizePerRequest": 13,
    "sizePerSec": 603285.754428189
  },
  "responseTimeHistogram": {
    "0.000250505": 1,
    "0.0007384622999999999": 4790,
    "0.0012264196": 430979,
    "0.0017143769000000002": 27429,
    "0.0022023342": 666,
    "0.0026902914999999998": 134,
    "0.0031782488": 22,
    "0.0036662061": 7,
    "0.0041541634": 10,
    "0.0046421207": 26,
    "0.005130078": 12
  },
  "latencyPercentiles": {
    "p10": 0.000946859,
    "p25": 0.000999892,
    "p50": 0.00108496,
    "p75": 0.001142857,
    "p90": 0.001195877,
    "p95": 0.001238787,
    "p99": 0.001357376
  },
  "rps": {
    "mean": 46407.44539957622,
    "stddev": 2481.573134144429,
    "max": 70317.12924258137,
    "percentiles": {
      "p10": 44955.988490460564,
      "p25": 45679.2901117771,
      "p50": 46459.61199701849,
      "p75": 47220.58817644663,
      "p90": 47896.70675205837,
      "p95": 48689.155154627835,
      "p99": 51651.74988821281
    }
  },
  "details": {
    "DNSDialup": {
      "average": 0.00074576394,
      "fastest": 0.000084368,
      "slowest": 0.001436529
    },
    "DNSLookup": {
      "average": 0.000008361100000000002,
      "fastest": 0.000003015,
      "slowest": 0.000034525
    }
  },
  "statusCodeDistribution": {
    "200": 464076
  },
  "errorDistribution": {}
}