{
  "summary": {
    "successRate": 1,
    "total": 10.000179618,
    "slowest": 0.00585936,
    "fastest": 0.000178866,
    "average": 0.001043077961346066,
    "requestsPerSec": 47854.54044631541,
    "totalData": 6221202,
    "sizePerRequest": 13,
    "sizePerSec": 622109.0258021003
  },
  "responseTimeHistogram": {
    "0.000178866": 1,
    "0.0007469154": 19213,
    "0.0013149648000000001": 453913,
    "0.0018830142000000002": 4910,
    "0.0024510636000000005": 410,
    "0.003019113000000001": 32,
    "0.0035871624000000006": 21,
    "0.0041552118": 4,
    "0.0047232612": 4,
    "0.005291310600000001": 29,
    "0.005859360000000001": 17
  },
  "latencyPercentiles": {
    "p10": 0.000897986,
    "p25": 0.000973667,
    "p50": 0.001058786,
    "p75": 0.001125441,
    "p90": 0.001173993,
    "p95": 0.001212522,
    "p99": 0.001328631
  },
  "rps": {
    "mean": 47857.895309486536,
    "stddev": 3484.837514650313,
    "max": 70974.86787949064,
    "percentiles": {
      "p10": 45592.27420376161,
      "p25": 46507.871582826614,
      "p50": 47380.7557601176,
      "p75": 48792.212402218174,
      "p90": 50952.496356996795,
      "p95": 53270.0112408817,
      "p99": 58107.02225881443
    }
  },
  "details": {
    "DNSDialup": {
      "average": 0.0006412804800000001,
      "fastest": 0.000069008,
      "slowest": 0.001471175
    },
    "DNSLookup": {
      "average": 0.000006019239999999999,
      "fastest": 0.000003246,
      "slowest": 0.000036488
    }
  },
  "statusCodeDistribution": {
    "200": 478554
  },
  "errorDistribution": {}
}