{
  "summary": {
    "successRate": 1,
    "total": 10.000416726,
    "slowest": 0.007375403,
    "fastest": 0.00031649,
    "average": 0.0010686633663894852,
    "requestsPerSec": 46715.55324143599,
    "totalData": 6073275,
    "sizePerRequest": 13,
    "sizePerSec": 607302.1921386679
  },
  "responseTimeHistogram": {
    "0.00031649": 1,
    "0.0010223813": 159252,
    "0.0017282726": 307203,
    "0.0024341639000000003": 593,
    "0.0031400552": 55,
    "0.0038459465": 23,
    "0.004551837800000001": 21,
    "0.0052577291000000005": 25,
    "0.0059636204": 1,
    "0.0066695117": 0,
    "0.007375403": 1
  },
  "latencyPercentiles": {
    "p10": 0.000941533,
    "p25": 0.000992004,
    "p50": 0.001075554,
    "p75": 0.001131214,
    "p90": 0.001185297,
    "p95": 0.001229111,
    "p99": 0.001343798
  },
  "rps": {
    "mean": 46715.4576706512,
    "stddev": 2322.119615595834,
    "max": 66217.42765746114,
    "percentiles": {
      "p10": 45236.03955271134,
      "p25": 46140.59911315939,
      "p50": 46858.69520160591,
      "p75": 47609.10762228582,
      "p90": 48216.62539505184,
      "p95": 48657.21664434622,
      "p99": 50740.186227492384
    }
  },
  "details": {
    "DNSDialup": {
      "average": 0.0008213871000000002,
      "fastest": 0.000110726,
      "slowest": 0.001586592
    },
    "DNSLookup": {
      "average": 0.000008994559999999999,
      "fastest": 0.000004068,
      "slowest": 0.000073667
    }
  },
  "statusCodeDistribution": {
    "200": 467175
  },
  "errorDistribution": {}
}