{
  "summary": {
    "successRate": 1,
    "total": 10.000527769,
    "slowest": 0.006507004,
    "fastest": 0.000242226,
    "average": 0.0010764304486024622,
    "requestsPerSec": 46368.452816802535,
    "totalData": 6028217,
    "sizePerRequest": 13,
    "sizePerSec": 602789.8866184329
  },
  "responseTimeHistogram": {
    "0.000242226": 1,
    "0.0008687038": 17821,
    "0.0014951816000000001": 443565,
    "0.0021216594": 2000,
    "0.0027481372": 196,
    "0.003374615": 75,
    "0.0040010928": 1,
    "0.0046275706": 9,
    "0.0052540484": 17,
    "0.0058805262": 9,
    "0.006507004": 15
  },
  "latencyPercentiles": {
    "p10": 0.000944938,
    "p25": 0.001002738,
    "p50": 0.001085771,
    "p75": 0.00114903,
    "p90": 0.001196944,
    "p95": 0.001235995,
    "p99": 0.001352513
  },
  "rps": {
    "mean": 46365.765525370414,
    "stddev": 2620.224918445181,
    "max": 55400.75180723615,
    "percentiles": {
      "p10": 44728.267251997415,
      "p25": 45502.84392774736,
      "p50": 46314.71881764146,
      "p75": 47322.9658353197,
      "p90": 48728.17459044119,
      "p95": 49884.27949019928,
      "p99": 52227.74860283123
    }
  },
  "details": {
    "DNSDialup": {
      "average": 0.0007870720200000002,
      "fastest": 0.000129995,
      "slowest": 0.001262404
    },
    "DNSLookup": {
      "average": 0.000008018079999999996,
      "fastest": 0.000003566,
      "slowest": 0.000054121
    }
  },
  "statusCodeDistribution": {
    "200": 463709
  },
  "errorDistribution": {}
}