{
  "summary": {
    "successRate": 1,
    "total": 10.000158689,
    "slowest": 0.006268971,
    "fastest": 0.000309011,
    "average": 0.0010958675985496687,
    "requestsPerSec": 45547.37721322574,
    "totalData": 5921253,
    "sizePerRequest": 13,
    "sizePerSec": 592115.9037719347
  },
  "responseTimeHistogram": {
    "0.000309011": 1,
    "0.000905007": 17329,
    "0.0015010029999999999": 436332,
    "0.002096999": 1490,
    "0.002692995": 151,
    "0.0032889910000000002": 30,
    "0.003884987": 60,
    "0.004480983": 28,
    "0.005076979": 24,
    "0.005672974999999999": 25,
    "0.006268971": 11
  },
  "latencyPercentiles": {
    "p10": 0.000966202,
    "p25": 0.00101987,
    "p50": 0.001105798,
    "p75": 0.001166215,
    "p90": 0.001215127,
    "p95": 0.001252034,
    "p99": 0.001362881
  },
  "rps": {
    "mean": 45543.96863784192,
    "stddev": 2423.8063215515213,
    "max": 54520.00884324549,
    "percentiles": {
      "p10": 44045.944324524775,
      "p25": 44908.17777917311,
      "p50": 45573.72059611067,
      "p75": 46333.73770049515,
      "p90": 47467.67941731522,
      "p95": 48540.37679995748,
      "p99": 50955.4140127387
    }
  },
  "details": {
    "DNSDialup": {
      "average": 0.00102599666,
      "fastest": 0.000088871,
      "slowest": 0.001751058
    },
    "DNSLookup": {
      "average": 0.000025196740000000005,
      "fastest": 0.000004358,
      "slowest": 0.000466638
    }
  },
  "statusCodeDistribution": {
    "200": 455481
  },
  "errorDistribution": {}
}