{
  "summary": {
    "successRate": 1,
    "total": 10.000705141,
    "slowest": 0.005739349,
    "fastest": 0.000213655,
    "average": 0.0010575095942336537,
    "requestsPerSec": 47204.87139097825,
    "totalData": 6137066,
    "sizePerRequest": 13,
    "sizePerSec": 613663.3280827173
  },
  "responseTimeHistogram": {
    "0.000213655": 1,
    "0.0007662244000000001": 5117,
    "0.0013187938000000002": 462122,
    "0.0018713632000000003": 4267,
    "0.0024239326000000004": 441,
    "0.0029765020000000007": 59,
    "0.0035290714000000005": 16,
    "0.0040816408": 23,
    "0.004634210200000001": 7,
    "0.005186779600000001": 17,
    "0.005739349000000001": 12
  },
  "latencyPercentiles": {
    "p10": 0.000931574,
    "p25": 0.000983729,
    "p50": 0.001065921,
    "p75": 0.001126046,
    "p90": 0.001172374,
    "p95": 0.001208362,
    "p99": 0.001322097
  },
  "rps": {
    "mean": 47203.83688019423,
    "stddev": 2485.7171816774744,
    "max": 61129.72127048264,
    "percentiles": {
      "p10": 45613.980685080045,
      "p25": 46520.203210719104,
      "p50": 47369.24082361278,
      "p75": 48219.01758053227,
      "p90": 49207.292743076694,
      "p95": 49849.74800598359,
      "p99": 51150.598171710335
    }
  },
  "details": {
    "DNSDialup": {
      "average": 0.00075775248,
      "fastest": 0.000081623,
      "slowest": 0.001302053
    },
    "DNSLookup": {
      "average": 0.000006644859999999999,
      "fastest": 0.000003376,
      "slowest": 0.000029165
    }
  },
  "statusCodeDistribution": {
    "200": 472082
  },
  "errorDistribution": {}
}