{
  "summary": {
    "successRate": 1,
    "total": 10.000329344,
    "slowest": 0.006047598,
    "fastest": 0.000276675,
    "average": 0.0010419382565385665,
    "requestsPerSec": 47910.52209570109,
    "totalData": 6228573,
    "sizePerRequest": 13,
    "sizePerSec": 622836.7872441141
  },
  "responseTimeHistogram": {
    "0.000276675": 1,
    "0.0008537673000000001": 37056,
    "0.0014308596000000002": 439298,
    "0.0020079519000000003": 2434,
    "0.0025850442000000004": 235,
    "0.0031621365000000005": 43,
    "0.0037392288000000005": 8,
    "0.0043163211": 3,
    "0.0048934134": 16,
    "0.0054705057": 20,
    "0.006047598": 7
  },
  "latencyPercentiles": {
    "p10": 0.000888025,
    "p25": 0.000972469,
    "p50": 0.001058405,
    "p75": 0.001126078,
    "p90": 0.001175774,
    "p95": 0.001216056,
    "p99": 0.001331431
  },
  "rps": {
    "mean": 47912.51071217051,
    "stddev": 3232.040960041922,
    "max": 59697.95240029717,
    "percentiles": {
      "p10": 45345.245485945685,
      "p25": 46504.626107817756,
      "p50": 47568.23250627665,
      "p75": 49210.978969408396,
      "p90": 51518.47967866026,
      "p95": 53299.734463128116,
      "p99": 56008.90984901645
    }
  },
  "details": {
    "DNSDialup": {
      "average": 0.00102228858,
      "fastest": 0.00008552,
      "slowest": 0.001620104
    },
    "DNSLookup": {
      "average": 0.000022572460000000002,
      "fastest": 0.000004017,
      "slowest": 0.000642579
    }
  },
  "statusCodeDistribution": {
    "200": 479121
  },
  "errorDistribution": {}
}