{
  "summary": {
    "successRate": 1,
    "total": 10.000494423,
    "slowest": 0.006674985,
    "fastest": 0.000366385,
    "average": 0.00107545483949094,
    "requestsPerSec": 46414.40516505551,
    "totalData": 6034171,
    "sizePerRequest": 13,
    "sizePerSec": 603387.2671457216
  },
  "responseTimeHistogram": {
    "0.000366385": 1,
    "0.000997245": 109278,
    "0.001628105": 353603,
    "0.0022589649999999995": 1032,
    "0.0028898249999999995": 123,
    "0.0035206849999999995": 55,
    "0.0041515449999999995": 23,
    "0.004782405": 2,
    "0.005413265": 7,
    "0.006044124999999999": 20,
    "0.006674985": 23
  },
  "latencyPercentiles": {
    "p10": 0.000947842,
    "p25": 0.001001398,
    "p50": 0.001085345,
    "p75": 0.001145283,
    "p90": 0.001192458,
    "p95": 0.00123053,
    "p99": 0.001346577
  },
  "rps": {
    "mean": 46409.32593340515,
    "stddev": 2608.845454867738,
    "max": 58730.62802251403,
    "percentiles": {
      "p10": 45091.66210979727,
      "p25": 45702.211987061506,
      "p50": 46401.36420010595,
      "p75": 47129.715285490005,
      "p90": 48225.01853805485,
      "p95": 49240.34210983923,
      "p99": 53401.58602710457
    }
  },
  "details": {
    "DNSDialup": {
      "average": 0.00060606206,
      "fastest": 0.000098684,
      "slowest": 0.000967065
    },
    "DNSLookup": {
      "average": 0.000008187559999999998,
      "fastest": 0.000003527,
      "slowest": 0.000045114
    }
  },
  "statusCodeDistribution": {
    "200": 464167
  },
  "errorDistribution": {}
}