{
  "summary": {
    "successRate": 1,
    "total": 10.000316587,
    "slowest": 0.005401926,
    "fastest": 0.000219603,
    "average": 0.001067497848045655,
    "requestsPerSec": 46763.21953726163,
    "totalData": 6079411,
    "sizePerRequest": 13,
    "sizePerSec": 607921.8539844012
  },
  "responseTimeHistogram": {
    "0.000219603": 1,
    "0.0007378352999999999": 5713,
    "0.0012560676": 445472,
    "0.0017742998999999999": 15714,
    "0.0022925322": 568,
    "0.0028107645": 92,
    "0.0033289967999999997": 25,
    "0.0038472291": 8,
    "0.0043654613999999994": 18,
    "0.0048836936999999995": 19,
    "0.005401926": 17
  },
  "latencyPercentiles": {
    "p10": 0.000938003,
    "p25": 0.000991796,
    "p50": 0.00107765,
    "p75": 0.001136093,
    "p90": 0.001186969,
    "p95": 0.001233263,
    "p99": 0.001341804
  },
  "rps": {
    "mean": 46762.893862979705,
    "stddev": 2446.2851075438557,
    "max": 56610.96882108339,
    "percentiles": {
      "p10": 45342.012994359466,
      "p25": 46071.45571887964,
      "p50": 46680.304127193434,
      "p75": 47536.11708206374,
      "p90": 48697.85834634801,
      "p95": 49711.33418419461,
      "p99": 52027.95299893323
    }
  },
  "details": {
    "DNSDialup": {
      "average": 0.00079313514,
      "fastest": 0.000097726,
      "slowest": 0.001125436
    },
    "DNSLookup": {
      "average": 0.00000771092,
      "fastest": 0.000003627,
      "slowest": 0.000050244
    }
  },
  "statusCodeDistribution": {
    "200": 467647
  },
  "errorDistribution": {}
}