{
  "summary": {
    "successRate": 1,
    "total": 10.000666897,
    "slowest": 0.005262422,
    "fastest": 0.000081942,
    "average": 0.0007689832174285164,
    "requestsPerSec": 64951.26841939449,
    "totalData": 8444228,
    "sizePerRequest": 13,
    "sizePerSec": 844366.4894521283
  },
  "responseTimeHistogram": {
    "0.000081942": 1,
    "0.00059999": 11044,
    "0.001118038": 636084,
    "0.001636086": 2087,
    "0.0021541340000000003": 222,
    "0.0026721820000000004": 39,
    "0.0031902299999999996": 22,
    "0.0037082779999999997": 20,
    "0.004226326": 18,
    "0.004744374": 15,
    "0.005262422": 4
  },
  "latencyPercentiles": {
    "p10": 0.000679472,
    "p25": 0.000713313,
    "p50": 0.000775777,
    "p75": 0.000816378,
    "p90": 0.000848545,
    "p95": 0.000884245,
    "p99": 0.000956092
  },
  "rps": {
    "mean": 64952.65156258768,
    "stddev": 3146.505408241784,
    "max": 76216.74118247008,
    "percentiles": {
      "p10": 63610.02493993085,
      "p25": 64302.494986962636,
      "p50": 65067.040105362976,
      "p75": 65742.97948798675,
      "p90": 66694.71935757139,
      "p95": 67419.47391911669,
      "p99": 73000.38690205173
    }
  },
  "details": {
    "DNSDialup": {
      "average": 0.0006854339599999998,
      "fastest": 0.000055398,
      "slowest": 0.001408943
    },
    "DNSLookup": {
      "average": 0.000003882680000000002,
      "fastest": 0.000002083,
      "slowest": 0.000025508
    }
  },
  "statusCodeDistribution": {
    "200": 649556
  },
  "errorDistribution": {}
}