{
  "summary": {
    "successRate": 1,
    "total": 10.000657437,
    "slowest": 0.006134101,
    "fastest": 0.000188852,
    "average": 0.001080437036232363,
    "requestsPerSec": 46198.76272240321,
    "totalData": 6006234,
    "sizePerRequest": 13,
    "sizePerSec": 600583.9153912418
  },
  "responseTimeHistogram": {
    "0.000188852": 1,
    "0.0007833769": 6766,
    "0.0013779018": 450495,
    "0.0019724267": 4092,
    "0.0025669516": 427,
    "0.0031614764999999996": 102,
    "0.0037560014000000003": 35,
    "0.0043505263": 12,
    "0.0049450512": 16,
    "0.0055395761": 43,
    "0.0061341009999999994": 29
  },
  "latencyPercentiles": {
    "p10": 0.00094438,
    "p25": 0.001001372,
    "p50": 0.001087071,
    "p75": 0.001152404,
    "p90": 0.0012037,
    "p95": 0.001253593,
    "p99": 0.001382189
  },
  "rps": {
    "mean": 46197.832727347326,
    "stddev": 2597.4588743285126,
    "max": 57363.15683567558,
    "percentiles": {
      "p10": 44616.583984264995,
      "p25": 45445.67155560355,
      "p50": 46340.311436918935,
      "p75": 47293.947750331565,
      "p90": 48252.36774066361,
      "p95": 48781.05811356129,
      "p99": 50616.09814431357
    }
  },
  "details": {
    "DNSDialup": {
      "average": 0.0007680666200000001,
      "fastest": 0.000079496,
      "slowest": 0.001431927
    },
    "DNSLookup": {
      "average": 0.000008207020000000001,
      "fastest": 0.000003807,
      "slowest": 0.000028674
    }
  },
  "statusCodeDistribution": {
    "200": 462018
  },
  "errorDistribution": {}
}