{
  "summary": {
    "successRate": 1,
    "total": 10.000616255,
    "slowest": 0.005371371,
    "fastest": 0.000105786,
    "average": 0.0010503463948278952,
    "requestsPerSec": 47524.871256046405,
    "totalData": 6178614,
    "sizePerRequest": 13,
    "sizePerSec": 617823.3263286033
  },
  "responseTimeHistogram": {
    "0.000105786": 1,
    "0.0006323444999999999": 819,
    "0.001158903": 422984,
    "0.0016854614999999998": 50418,
    "0.00221202": 907,
    "0.0027385785": 52,
    "0.0032651369999999996": 42,
    "0.0037916954999999996": 6,
    "0.004318254": 8,
    "0.004844812499999999": 18,
    "0.005371371": 23
  },
  "latencyPercentiles": {
    "p10": 0.000927488,
    "p25": 0.000977847,
    "p50": 0.001058717,
    "p75": 0.001118213,
    "p90": 0.001162721,
    "p95": 0.001196019,
    "p99": 0.001294555
  },
  "rps": {
    "mean": 47524.50176464492,
    "stddev": 2353.425828857527,
    "max": 57284.56347259534,
    "percentiles": {
      "p10": 46027.123784042735,
      "p25": 46832.68921707135,
      "p50": 47601.26842788078,
      "p75": 48455.02552698903,
      "p90": 49315.21374343823,
      "p95": 50206.90053261291,
      "p99": 51681.84336715384
    }
  },
  "details": {
    "DNSDialup": {
      "average": 0.0007291971800000002,
      "fastest": 0.000090819,
      "slowest": 0.00105468
    },
    "DNSLookup": {
      "average": 0.00000710524,
      "fastest": 0.000003717,
      "slowest": 0.000036618
    }
  },
  "statusCodeDistribution": {
    "200": 475278
  },
  "errorDistribution": {}
}