{
  "summary": {
    "successRate": 1,
    "total": 10.000701497,
    "slowest": 0.005247568,
    "fastest": 0.000218972,
    "average": 0.0010613009322315964,
    "requestsPerSec": 47030.40083149079,
    "totalData": 6114381,
    "sizePerRequest": 13,
    "sizePerSec": 611395.2108093803
  },
  "responseTimeHistogram": {
    "0.000218972": 1,
    "0.0007218316": 2863,
    "0.0012246912": 449518,
    "0.0017275508": 17013,
    "0.0022304104": 739,
    "0.00273327": 91,
    "0.0032361296": 29,
    "0.0037389892000000004": 25,
    "0.0042418488": 20,
    "0.0047447084": 11,
    "0.005247567999999999": 27
  },
  "latencyPercentiles": {
    "p10": 0.00093478,
    "p25": 0.00098743,
    "p50": 0.001068768,
    "p75": 0.001131636,
    "p90": 0.001176307,
    "p95": 0.001210594,
    "p99": 0.001319401
  },
  "rps": {
    "mean": 47027.27086849129,
    "stddev": 2422.765577301995,
    "max": 54324.375658069526,
    "percentiles": {
      "p10": 45622.39603421137,
      "p25": 46423.10013462573,
      "p50": 47083.09224118424,
      "p75": 48001.612854189945,
      "p90": 48876.27892090068,
      "p95": 49520.55102867621,
      "p99": 51208.73876115034
    }
  },
  "details": {
    "DNSDialup": {
      "average": 0.0009357300399999999,
      "fastest": 0.000093595,
      "slowest": 0.001861451
    },
    "DNSLookup": {
      "average": 0.000008164840000000001,
      "fastest": 0.000003807,
      "slowest": 0.000041057
    }
  },
  "statusCodeDistribution": {
    "200": 470337
  },
  "errorDistribution": {}
}