{
  "summary": {
    "successRate": 0.597740857746767,
    "total": 10.000633273,
    "slowest": 0.006378975,
    "fastest": 0.000152275,
    "average": 0.000979412200757745,
    "requestsPerSec": 61594.699373994335,
    "totalData": 4786600,
    "sizePerRequest": 13,
    "sizePerSec": 478629.6896740531
  },
  "responseTimeHistogram": {
    "0.000152275": 1,
    "0.000774945": 71760,
    "0.001397615": 293267,
    "0.0020202849999999997": 2764,
    "0.002642955": 216,
    "0.003265625": 97,
    "0.0038882949999999995": 45,
    "0.0045109650000000005": 0,
    "0.005133635": 0,
    "0.005756305": 3,
    "0.006378975": 47
  },
  "latencyPercentiles": {
    "p10": 0.000673249,
    "p25": 0.000861761,
    "p50": 0.001012976,
    "p75": 0.001112804,
    "p90": 0.001173311,
    "p95": 0.00121967,
    "p99": 0.001367426
  },
  "rps": {
    "mean": 50951.341795647364,
    "stddev": 7015.40542495707,
    "max": 75304.1010370489,
    "percentiles": {
      "p10": 45687.416199725696,
      "p25": 46612.893126238356,
      "p50": 48726.23186760132,
      "p75": 54248.71280308016,
      "p90": 61016.08626080943,
      "p95": 64405.712786729164,
      "p99": 72022.52670961648
    }
  },
  "details": {
    "DNSDialup": {
      "average": 0.0007913646399999998,
      "fastest": 0.000082384,
      "slowest": 0.001439291
    },
    "DNSLookup": {
      "average": 0.0000073579,
      "fastest": 0.000003767,
      "slowest": 0.000047569
    }
  },
  "statusCodeDistribution": {
    "200": 368200
  },
  "errorDistribution": {
    "Connection refused (os error 111)": 247786
  }
}