{
  "summary": {
    "successRate": 1,
    "total": 10.000723822,
    "slowest": 0.005698823,
    "fastest": 0.000222387,
    "average": 0.0010544758036955958,
    "requestsPerSec": 47339.373472001476,
    "totalData": 6154564,
    "sizePerRequest": 13,
    "sizePerSec": 615411.8551360192
  },
  "responseTimeHistogram": {
    "0.000222387": 1,
    "0.0007700306": 6120,
    "0.0013176742": 462756,
    "0.0018653177999999999": 4017,
    "0.0024129614": 362,
    "0.002960605": 69,
    "0.0035082486": 22,
    "0.0040558922": 6,
    "0.0046035358": 36,
    "0.0051511794": 18,
    "0.0056988229999999996": 21
  },
  "latencyPercentiles": {
    "p10": 0.000928767,
    "p25": 0.000980934,
    "p50": 0.001063194,
    "p75": 0.001123805,
    "p90": 0.001169575,
    "p95": 0.001205277,
    "p99": 0.001313476
  },
  "rps": {
    "mean": 47338.17813749647,
    "stddev": 2620.5914217988884,
    "max": 67526.9567611398,
    "percentiles": {
      "p10": 45719.494792581434,
      "p25": 46539.24784718181,
      "p50": 47444.939545814734,
      "p75": 48297.22714797197,
      "p90": 49341.224593145686,
      "p95": 49999.89899010356,
      "p99": 51414.113174066086
    }
  },
  "details": {
    "DNSDialup": {
      "average": 0.0006686136200000002,
      "fastest": 0.000107159,
      "slowest": 0.0010736
    },
    "DNSLookup": {
      "average": 0.000006256719999999998,
      "fastest": 0.000003316,
      "slowest": 0.000028684
    }
  },
  "statusCodeDistribution": {
    "200": 473428
  },
  "errorDistribution": {}
}