{
  "summary": {
    "successRate": 1,
    "total": 10.001926912,
    "slowest": 0.017536517,
    "fastest": 0.0000482,
    "average": 0.0010980077848716716,
    "requestsPerSec": 45410.64976740354,
    "totalData": 5904522,
    "sizePerRequest": 13,
    "sizePerSec": 590338.446976246
  },
  "responseTimeHistogram": {
    "0.0000482": 1,
    "0.0017970317": 430284,
    "0.0035458634": 16544,
    "0.0052946951": 4888,
    "0.0070435268": 1032,
    "0.0087923585": 541,
    "0.0105411902": 819,
    "0.0122900219": 74,
    "0.0140388536": 8,
    "0.015787685300000003": 1,
    "0.017536517": 2
  },
  "latencyPercentiles": {
    "p10": 0.00078751,
    "p25": 0.000846511,
    "p50": 0.000916712,
    "p75": 0.001035613,
    "p90": 0.001464119,
    "p95": 0.001863623,
    "p99": 0.004748359
  },
  "rps": {
    "mean": 45396.68349334943,
    "stddev": 12758.011562842334,
    "max": 63052.19218348352,
    "percentiles": {
      "p10": 25248.656514961043,
      "p25": 40260.546983205204,
      "p50": 50210.930919661405,
      "p75": 56164.96947650492,
      "p90": 57096.3716874878,
      "p95": 57512.66457981638,
      "p99": 58009.054841480945
    }
  },
  "details": {
    "DNSDialup": {
      "average": 0.0013412025799999997,
      "fastest": 0.000075001,
      "slowest": 0.002831035
    },
    "DNSLookup": {
      "average": 0.0000073681,
      "fastest": 0.0000033,
      "slowest": 0.000038501
    }
  },
  "statusCodeDistribution": {
    "200": 454194
  },
  "errorDistribution": {}
}