{
  "summary": {
    "successRate": 1,
    "total": 10.000687568,
    "slowest": 0.005557304,
    "fastest": 0.000280624,
    "average": 0.0011138294632029714,
    "requestsPerSec": 44819.81833271486,
    "totalData": 5826977,
    "sizePerRequest": 13,
    "sizePerSec": 582657.6383252932
  },
  "responseTimeHistogram": {
    "0.000280624": 1,
    "0.000808292": 7075,
    "0.00133596": 431419,
    "0.001863628": 8661,
    "0.0023912960000000002": 763,
    "0.0029189640000000005": 119,
    "0.0034466320000000003": 67,
    "0.0039743": 47,
    "0.004501968": 33,
    "0.0050296360000000005": 25,
    "0.005557304000000001": 19
  },
  "latencyPercentiles": {
    "p10": 0.000977314,
    "p25": 0.001032192,
    "p50": 0.0011237,
    "p75": 0.00118809,
    "p90": 0.001238613,
    "p95": 0.001281946,
    "p99": 0.001411057
  },
  "rps": {
    "mean": 44818.35824455095,
    "stddev": 2536.761759584363,
    "max": 52113.52669202305,
    "percentiles": {
      "p10": 43489.6713533637,
      "p25": 44220.85897917916,
      "p50": 44858.685563900435,
      "p75": 45597.5929334685,
      "p90": 46850.77687197334,
      "p95": 47602.08760817064,
      "p99": 49607.84645194312
    }
  },
  "details": {
    "DNSDialup": {
      "average": 0.00072108438,
      "fastest": 0.000080618,
      "slowest": 0.001383342
    },
    "DNSLookup": {
      "average": 0.000007415959999999997,
      "fastest": 0.000004148,
      "slowest": 0.000035917
    }
  },
  "statusCodeDistribution": {
    "200": 448229
  },
  "errorDistribution": {}
}