{
  "summary": {
    "successRate": 1,
    "total": 10.000681502,
    "slowest": 0.005538666,
    "fastest": 0.000126035,
    "average": 0.0010533445168567275,
    "requestsPerSec": 47390.37033678347,
    "totalData": 6161168,
    "sizePerRequest": 13,
    "sizePerSec": 616074.8143781851
  },
  "responseTimeHistogram": {
    "0.000126035": 1,
    "0.0006672981": 2098,
    "0.0012085612": 450541,
    "0.0017498243": 20210,
    "0.0022910874": 843,
    "0.0028323504999999997": 92,
    "0.0033736136": 81,
    "0.0039148767": 26,
    "0.0044561398": 6,
    "0.0049974029": 21,
    "0.005538665999999999": 17
  },
  "latencyPercentiles": {
    "p10": 0.000926908,
    "p25": 0.000979959,
    "p50": 0.001060514,
    "p75": 0.001121895,
    "p90": 0.001169366,
    "p95": 0.001203339,
    "p99": 0.001311697
  },
  "rps": {
    "mean": 47389.11988807704,
    "stddev": 2613.5011118978578,
    "max": 58341.04876190989,
    "percentiles": {
      "p10": 45804.204826002046,
      "p25": 46675.84357823007,
      "p50": 47519.78248544892,
      "p75": 48376.45382376342,
      "p90": 49491.67342668955,
      "p95": 50130.16331926817,
      "p99": 52209.4760198991
    }
  },
  "details": {
    "DNSDialup": {
      "average": 0.0007611478800000002,
      "fastest": 0.000068378,
      "slowest": 0.001684186
    },
    "DNSLookup": {
      "average": 0.000006555300000000002,
      "fastest": 0.000003056,
      "slowest": 0.00004802
    }
  },
  "statusCodeDistribution": {
    "200": 473936
  },
  "errorDistribution": {}
}