{
  "summary": {
    "successRate": 1,
    "total": 10.000672864,
    "slowest": 0.007048062,
    "fastest": 0.000293545,
    "average": 0.001140378800238085,
    "requestsPerSec": 43767.155065697385,
    "totalData": 5690113,
    "sizePerRequest": 13,
    "sizePerSec": 568973.015854066
  },
  "responseTimeHistogram": {
    "0.000293545": 1,
    "0.0009689967": 22697,
    "0.0016444483999999999": 413285,
    "0.0023199001": 1453,
    "0.0029953518": 88,
    "0.0036708035": 94,
    "0.0043462552": 16,
    "0.0050217069": 35,
    "0.0056971586": 19,
    "0.0063726103000000004": 4,
    "0.007048062": 9
  },
  "latencyPercentiles": {
    "p10": 0.001008053,
    "p25": 0.001061558,
    "p50": 0.001148846,
    "p75": 0.001213016,
    "p90": 0.001260602,
    "p95": 0.001294822,
    "p99": 0.001391826
  },
  "rps": {
    "mean": 43768.48347314829,
    "stddev": 2234.7819678020724,
    "max": 49200.76753197469,
    "percentiles": {
      "p10": 42726.42201937422,
      "p25": 43235.392492293526,
      "p50": 43912.53263681498,
      "p75": 44558.762424932735,
      "p90": 45403.41741757509,
      "p95": 45915.147407131924,
      "p99": 47250.33701052305
    }
  },
  "details": {
    "DNSDialup": {
      "average": 0.0007797372999999999,
      "fastest": 0.000082227,
      "slowest": 0.001484788
    },
    "DNSLookup": {
      "average": 0.0000067531799999999994,
      "fastest": 0.000003146,
      "slowest": 0.000050323
    }
  },
  "statusCodeDistribution": {
    "200": 437701
  },
  "errorDistribution": {}
}