{
  "summary": {
    "successRate": 1,
    "total": 10.000339367,
    "slowest": 0.006145839,
    "fastest": 0.000136175,
    "average": 0.001062464577528234,
    "requestsPerSec": 46980.00565364213,
    "totalData": 6107608,
    "sizePerRequest": 13,
    "sizePerSec": 610740.0734973478
  },
  "responseTimeHistogram": {
    "0.000136175": 1,
    "0.0007371414": 11420,
    "0.0013381078000000001": 452931,
    "0.0019390742": 5049,
    "0.0025400406": 286,
    "0.003141007": 69,
    "0.0037419734": 10,
    "0.0043429398": 0,
    "0.0049439062": 22,
    "0.0055448725999999995": 6,
    "0.006145838999999999": 22
  },
  "latencyPercentiles": {
    "p10": 0.000927873,
    "p25": 0.000989668,
    "p50": 0.001075247,
    "p75": 0.001138798,
    "p90": 0.001187999,
    "p95": 0.001229347,
    "p99": 0.001355593
  },
  "rps": {
    "mean": 46978.873368463974,
    "stddev": 3046.9816918326574,
    "max": 73860.29954855653,
    "percentiles": {
      "p10": 45059.17975243195,
      "p25": 45827.58436672575,
      "p50": 46657.393259447075,
      "p75": 47772.56373082816,
      "p90": 49820.94970935264,
      "p95": 51717.232622909294,
      "p99": 54891.102763255556
    }
  },
  "details": {
    "DNSDialup": {
      "average": 0.0010071422,
      "fastest": 0.000075221,
      "slowest": 0.001879866
    },
    "DNSLookup": {
      "average": 0.000008226799999999997,
      "fastest": 0.000004328,
      "slowest": 0.000064762
    }
  },
  "statusCodeDistribution": {
    "200": 469816
  },
  "errorDistribution": {}
}