{
  "summary": {
    "successRate": 1,
    "total": 10.000206076,
    "slowest": 0.006227759,
    "fastest": 0.000218717,
    "average": 0.001015065363534129,
    "requestsPerSec": 49174.286635970726,
    "totalData": 6392789,
    "sizePerRequest": 13,
    "sizePerSec": 639265.7262676194
  },
  "responseTimeHistogram": {
    "0.000218717": 1,
    "0.0008196212": 34182,
    "0.0014205254": 455028,
    "0.0020214296": 2197,
    "0.0026223338000000004": 221,
    "0.0032232380000000007": 39,
    "0.0038241422": 11,
    "0.0044250464": 34,
    "0.005025950600000001": 21,
    "0.005626854800000001": 13,
    "0.006227759000000001": 6
  },
  "latencyPercentiles": {
    "p10": 0.000862739,
    "p25": 0.000945661,
    "p50": 0.001024902,
    "p75": 0.001099371,
    "p90": 0.001150754,
    "p95": 0.001189479,
    "p99": 0.001297769
  },
  "rps": {
    "mean": 49172.438983596985,
    "stddev": 3498.8516102482954,
    "max": 63736.06374889093,
    "percentiles": {
      "p10": 46568.3483648952,
      "p25": 47506.89325021023,
      "p50": 48745.46489510818,
      "p75": 50656.8369710814,
      "p90": 52964.95091931296,
      "p95": 55102.09387956566,
      "p99": 58540.75607438055
    }
  },
  "details": {
    "DNSDialup": {
      "average": 0.0009962413200000002,
      "fastest": 0.000089557,
      "slowest": 0.001943664
    },
    "DNSLookup": {
      "average": 0.000015594940000000005,
      "fastest": 0.000004749,
      "slowest": 0.000191036
    }
  },
  "statusCodeDistribution": {
    "200": 491753
  },
  "errorDistribution": {}
}