{
  "summary": {
    "successRate": 1,
    "total": 10.001968173,
    "slowest": 0.0216887,
    "fastest": 0.000044401,
    "average": 0.0011935527756456973,
    "requestsPerSec": 41792.17457703862,
    "totalData": 5434052,
    "sizePerRequest": 13,
    "sizePerSec": 543298.269501502
  },
  "responseTimeHistogram": {
    "0.000044401": 1,
    "0.0022088309": 396683,
    "0.004373260800000001": 16251,
    "0.0065376907": 3837,
    "0.0087021206": 501,
    "0.0108665505": 719,
    "0.0130309804": 10,
    "0.0151954103": 1,
    "0.0173598402": 0,
    "0.0195242701": 0,
    "0.0216887": 1
  },
  "latencyPercentiles": {
    "p10": 0.000780815,
    "p25": 0.000868816,
    "p50": 0.000987818,
    "p75": 0.001319524,
    "p90": 0.001565229,
    "p95": 0.002270741,
    "p99": 0.005023192
  },
  "rps": {
    "mean": 41786.24238951846,
    "stddev": 12033.14808843892,
    "max": 58429.82623517217,
    "percentiles": {
      "p10": 22611.79883663162,
      "p25": 38321.208368540654,
      "p50": 43663.72873620228,
      "p75": 50702.10413732125,
      "p90": 55762.551380309626,
      "p95": 56738.27847957562,
      "p99": 57619.67711973574
    }
  },
  "details": {
    "DNSDialup": {
      "average": 0.0013536589799999998,
      "fastest": 0.000085901,
      "slowest": 0.002412044
    },
    "DNSLookup": {
      "average": 0.000005570139999999997,
      "fastest": 0.0000034,
      "slowest": 0.000041701
    }
  },
  "statusCodeDistribution": {
    "200": 418004
  },
  "errorDistribution": {}
}