{
  "summary": {
    "successRate": 1,
    "total": 10.000757615,
    "slowest": 0.011619191,
    "fastest": 0.000269596,
    "average": 0.0011914855181207578,
    "requestsPerSec": 41926.623576107944,
    "totalData": 5450874,
    "sizePerRequest": 13,
    "sizePerSec": 545046.1064894032
  },
  "responseTimeHistogram": {
    "0.000269596": 1,
    "0.0014045554999999998": 391233,
    "0.0025395149999999996": 17938,
    "0.0036744744999999994": 8432,
    "0.004809434": 496,
    "0.005944393499999999": 232,
    "0.007079352999999998": 93,
    "0.0082143125": 16,
    "0.009349271999999999": 139,
    "0.010484231499999998": 668,
    "0.011619190999999997": 50
  },
  "latencyPercentiles": {
    "p10": 0.000933884,
    "p25": 0.001063281,
    "p50": 0.00113268,
    "p75": 0.00116918,
    "p90": 0.001217178,
    "p95": 0.001818467,
    "p99": 0.002961747
  },
  "rps": {
    "mean": 41926.007258361795,
    "stddev": 7870.5436838907,
    "max": 47927.870287548525,
    "percentiles": {
      "p10": 33457.75457130828,
      "p25": 39719.37908505473,
      "p50": 45567.38485760848,
      "p75": 46015.628172505756,
      "p90": 46363.87863552571,
      "p95": 46615.23452457213,
      "p99": 47031.93868678728
    }
  },
  "details": {
    "DNSDialup": {
      "average": 0.00151820074,
      "fastest": 0.000074699,
      "slowest": 0.00169147
    },
    "DNSLookup": {
      "average": 0.000004233940000000001,
      "fastest": 0.000002999,
      "slowest": 0.000041299
    }
  },
  "statusCodeDistribution": {
    "200": 419298
  },
  "errorDistribution": {}
}