{
  "summary": {
    "successRate": 1,
    "total": 10.000672777,
    "slowest": 0.005445353,
    "fastest": 0.000233005,
    "average": 0.0010639709604813939,
    "requestsPerSec": 46916.54356285714,
    "totalData": 6099561,
    "sizePerRequest": 13,
    "sizePerSec": 609915.0663171428
  },
  "responseTimeHistogram": {
    "0.000233005": 1,
    "0.0007542398": 3947,
    "0.0012754746000000002": 458116,
    "0.0017967094000000002": 6384,
    "0.0023179442000000002": 571,
    "0.0028391790000000003": 45,
    "0.0033604138000000003": 52,
    "0.0038816486000000003": 17,
    "0.0044028834": 27,
    "0.0049241182": 19,
    "0.005445353": 18
  },
  "latencyPercentiles": {
    "p10": 0.000938131,
    "p25": 0.000989921,
    "p50": 0.001072622,
    "p75": 0.001132938,
    "p90": 0.001177913,
    "p95": 0.001210438,
    "p99": 0.001313777
  },
  "rps": {
    "mean": 46915.85470313118,
    "stddev": 2439.6869465220348,
    "max": 53005.581487732234,
    "percentiles": {
      "p10": 45431.07030898166,
      "p25": 46324.427412030556,
      "p50": 47039.235426268075,
      "p75": 47742.27675896908,
      "p90": 48785.876770909854,
      "p95": 49624.79643808674,
      "p99": 51304.159854840924
    }
  },
  "details": {
    "DNSDialup": {
      "average": 0.0006976600399999999,
      "fastest": 0.000072426,
      "slowest": 0.001618977
    },
    "DNSLookup": {
      "average": 0.000007273940000000001,
      "fastest": 0.000003226,
      "slowest": 0.000033373
    }
  },
  "statusCodeDistribution": {
    "200": 469197
  },
  "errorDistribution": {}
}