{
  "summary": {
    "successRate": 1,
    "total": 10.000621865,
    "slowest": 0.005799456,
    "fastest": 0.000182862,
    "average": 0.0010704081376505352,
    "requestsPerSec": 46632.60008181501,
    "totalData": 6062615,
    "sizePerRequest": 13,
    "sizePerSec": 606223.8010635952
  },
  "responseTimeHistogram": {
    "0.000182862": 1,
    "0.0007445214": 2711,
    "0.0013061808": 456676,
    "0.0018678401999999998": 5907,
    "0.0024294996": 840,
    "0.002991159": 95,
    "0.0035528183999999994": 35,
    "0.0041144777999999995": 15,
    "0.0046761371999999995": 17,
    "0.0052377966": 37,
    "0.005799456": 21
  },
  "latencyPercentiles": {
    "p10": 0.000943783,
    "p25": 0.00099292,
    "p50": 0.00107684,
    "p75": 0.001135924,
    "p90": 0.001183989,
    "p95": 0.001224004,
    "p99": 0.001360809
  },
  "rps": {
    "mean": 46624.70066305062,
    "stddev": 2644.3414311819442,
    "max": 52693.11928039005,
    "percentiles": {
      "p10": 45262.773028818774,
      "p25": 46255.131491226784,
      "p50": 46810.38254284744,
      "p75": 47616.025980595026,
      "p90": 48542.11999752214,
      "p95": 49048.047467302495,
      "p99": 50435.33257310077
    }
  },
  "details": {
    "DNSDialup": {
      "average": 0.00065428102,
      "fastest": 0.000090379,
      "slowest": 0.001061974
    },
    "DNSLookup": {
      "average": 0.000006652620000000003,
      "fastest": 0.000003286,
      "slowest": 0.000033493
    }
  },
  "statusCodeDistribution": {
    "200": 466355
  },
  "errorDistribution": {}
}