{
  "summary": {
    "successRate": 1,
    "total": 10.000694615,
    "slowest": 0.005461227,
    "fastest": 0.000204532,
    "average": 0.0010630561118846167,
    "requestsPerSec": 46954.03850205459,
    "totalData": 6104449,
    "sizePerRequest": 13,
    "sizePerSec": 610402.5005267096
  },
  "responseTimeHistogram": {
    "0.000204532": 1,
    "0.0007302014999999999": 3568,
    "0.001255871": 453936,
    "0.0017815404999999996": 11299,
    "0.0023072099999999996": 556,
    "0.0028328794999999997": 60,
    "0.0033585489999999993": 66,
    "0.0038842184999999993": 25,
    "0.004409888": 5,
    "0.0049355575": 33,
    "0.005461227": 24
  },
  "latencyPercentiles": {
    "p10": 0.000935044,
    "p25": 0.000988298,
    "p50": 0.001070434,
    "p75": 0.001132747,
    "p90": 0.001180835,
    "p95": 0.001217829,
    "p99": 0.001332775
  },
  "rps": {
    "mean": 46951.65283163347,
    "stddev": 2547.0967805791124,
    "max": 64129.02760353585,
    "percentiles": {
      "p10": 45277.354622043655,
      "p25": 46301.495538303134,
      "p50": 47047.682826546334,
      "p75": 47909.21841225301,
      "p90": 48853.42610679042,
      "p95": 49727.528305761494,
      "p99": 51531.97710447295
    }
  },
  "details": {
    "DNSDialup": {
      "average": 0.0008191618,
      "fastest": 0.000083084,
      "slowest": 0.001820256
    },
    "DNSLookup": {
      "average": 0.000006895500000000002,
      "fastest": 0.000003416,
      "slowest": 0.000028362
    }
  },
  "statusCodeDistribution": {
    "200": 469573
  },
  "errorDistribution": {}
}