{
  "summary": {
    "successRate": 1,
    "total": 10.000697335,
    "slowest": 0.005927505,
    "fastest": 0.000123787,
    "average": 0.0010002965805454133,
    "requestsPerSec": 49910.619557811064,
    "totalData": 6488833,
    "sizePerRequest": 13,
    "sizePerSec": 648838.0542515438
  },
  "responseTimeHistogram": {
    "0.000123787": 1,
    "0.0007041587999999999": 3824,
    "0.0012845305999999999": 489952,
    "0.0018649023999999998": 4740,
    "0.0024452742": 461,
    "0.003025646": 63,
    "0.0036060178": 45,
    "0.0041863896": 5,
    "0.0047667614": 8,
    "0.0053471332": 24,
    "0.005927505": 18
  },
  "latencyPercentiles": {
    "p10": 0.000881368,
    "p25": 0.000925028,
    "p50": 0.001007424,
    "p75": 0.001061113,
    "p90": 0.001105117,
    "p95": 0.001153059,
    "p99": 0.00130073
  },
  "rps": {
    "mean": 49911.33924282517,
    "stddev": 2553.9213942560195,
    "max": 59063.83915558667,
    "percentiles": {
      "p10": 48803.8164584431,
      "p25": 49590.512603604315,
      "p50": 50057.768687602955,
      "p75": 50728.879951355564,
      "p90": 51425.913517820074,
      "p95": 51931.27186903087,
      "p99": 54370.84521131073
    }
  },
  "details": {
    "DNSDialup": {
      "average": 0.0005601816999999999,
      "fastest": 0.000075591,
      "slowest": 0.000802447
    },
    "DNSLookup": {
      "average": 0.00000477408,
      "fastest": 0.000001762,
      "slowest": 0.000035582
    }
  },
  "statusCodeDistribution": {
    "200": 499141
  },
  "errorDistribution": {}
}