{
  "summary": {
    "successRate": 1,
    "total": 10.00059276,
    "slowest": 0.006519152,
    "fastest": 0.000122244,
    "average": 0.0009969219939179187,
    "requestsPerSec": 50078.831527182396,
    "totalData": 6510634,
    "sizePerRequest": 13,
    "sizePerSec": 651024.8098533711
  },
  "responseTimeHistogram": {
    "0.000122244": 1,
    "0.0007619348000000001": 9849,
    "0.0014016256000000003": 487543,
    "0.0020413164": 3036,
    "0.0026810072000000005": 200,
    "0.003320698000000001": 55,
    "0.003960388800000001": 58,
    "0.0046000796": 11,
    "0.0052397704000000005": 17,
    "0.005879461200000001": 21,
    "0.006519152000000001": 27
  },
  "latencyPercentiles": {
    "p10": 0.000878392,
    "p25": 0.000922067,
    "p50": 0.001005864,
    "p75": 0.001058833,
    "p90": 0.001102329,
    "p95": 0.001152415,
    "p99": 0.00129547
  },
  "rps": {
    "mean": 50073.051524060866,
    "stddev": 2809.0338060464132,
    "max": 64294.799451862134,
    "percentiles": {
      "p10": 48729.22503186169,
      "p25": 49631.130409655576,
      "p50": 50142.84706281638,
      "p75": 50917.91619333955,
      "p90": 51780.30896795551,
      "p95": 52552.74715165361,
      "p99": 55937.6460357824
    }
  },
  "details": {
    "DNSDialup": {
      "average": 0.0006579369999999998,
      "fastest": 0.000081964,
      "slowest": 0.001037221
    },
    "DNSLookup": {
      "average": 0.00000412,
      "fastest": 0.000001753,
      "slowest": 0.000030376
    }
  },
  "statusCodeDistribution": {
    "200": 500818
  },
  "errorDistribution": {}
}