{
  "summary": {
    "successRate": 1,
    "total": 10.000154974,
    "slowest": 0.006249713,
    "fastest": 0.000195647,
    "average": 0.0010806511885421517,
    "requestsPerSec": 46189.484183087814,
    "totalData": 6004726,
    "sizePerRequest": 13,
    "sizePerSec": 600463.2943801417
  },
  "responseTimeHistogram": {
    "0.000195647": 1,
    "0.0008010535999999999": 11171,
    "0.0014064601999999999": 447833,
    "0.0020118668": 2642,
    "0.0026172734": 141,
    "0.00322268": 37,
    "0.0038280866": 31,
    "0.004433493199999999": 4,
    "0.0050388998": 13,
    "0.0056443064": 15,
    "0.006249713": 14
  },
  "latencyPercentiles": {
    "p10": 0.000946147,
    "p25": 0.001008125,
    "p50": 0.001092116,
    "p75": 0.001158102,
    "p90": 0.001204454,
    "p95": 0.001237426,
    "p99": 0.00133535
  },
  "rps": {
    "mean": 46188.96726523205,
    "stddev": 2413.1336085220696,
    "max": 55495.49665063292,
    "percentiles": {
      "p10": 44468.13401470771,
      "p25": 45313.68020005031,
      "p50": 46042.15410530146,
      "p75": 47241.23712663484,
      "p90": 48538.597893044665,
      "p95": 49734.69804005111,
      "p99": 51760.7205012203
    }
  },
  "details": {
    "DNSDialup": {
      "average": 0.0010632379999999998,
      "fastest": 0.000144799,
      "slowest": 0.00182209
    },
    "DNSLookup": {
      "average": 0.00000783252,
      "fastest": 0.000004258,
      "slowest": 0.000032421
    }
  },
  "statusCodeDistribution": {
    "200": 461902
  },
  "errorDistribution": {}
}