{
  "summary": {
    "successRate": 1,
    "total": 10.000201156,
    "slowest": 0.006581729,
    "fastest": 0.000316202,
    "average": 0.0010434221881451414,
    "requestsPerSec": 47839.23768503043,
    "totalData": 6219226,
    "sizePerRequest": 13,
    "sizePerSec": 621910.0899053955
  },
  "responseTimeHistogram": {
    "0.000316202": 1,
    "0.0009427547": 80257,
    "0.0015693074": 396644,
    "0.0021958600999999996": 1270,
    "0.0028224128": 147,
    "0.0034489654999999998": 17,
    "0.004075518199999999": 19,
    "0.0047020709": 2,
    "0.0053286235999999996": 22,
    "0.005955176299999999": 20,
    "0.006581729": 3
  },
  "latencyPercentiles": {
    "p10": 0.000895002,
    "p25": 0.000972987,
    "p50": 0.001057102,
    "p75": 0.00112606,
    "p90": 0.001173248,
    "p95": 0.001212412,
    "p99": 0.001322385
  },
  "rps": {
    "mean": 47838.664448623786,
    "stddev": 3018.4764734116575,
    "max": 59117.730601802374,
    "percentiles": {
      "p10": 45663.07897729565,
      "p25": 46527.60948346764,
      "p50": 47609.38230314343,
      "p75": 49084.88740427392,
      "p90": 50863.83409164037,
      "p95": 52330.28877114043,
      "p99": 55429.86006561774
    }
  },
  "details": {
    "DNSDialup": {
      "average": 0.0011328753799999996,
      "fastest": 0.000118783,
      "slowest": 0.002171982
    },
    "DNSLookup": {
      "average": 0.000014575099999999999,
      "fastest": 0.000004749,
      "slowest": 0.000146154
    }
  },
  "statusCodeDistribution": {
    "200": 478402
  },
  "errorDistribution": {}
}