{
  "summary": {
    "successRate": 1,
    "total": 10.001534165,
    "slowest": 0.018790539,
    "fastest": 0.0000501,
    "average": 0.0010358849468757468,
    "requestsPerSec": 48061.12663016634,
    "totalData": 6248905,
    "sizePerRequest": 13,
    "sizePerSec": 624794.6461921624
  },
  "responseTimeHistogram": {
    "0.0000501": 1,
    "0.0019241438999999998": 465523,
    "0.0037981877999999996": 8777,
    "0.0056722317": 4965,
    "0.007546275599999999": 329,
    "0.0094203195": 541,
    "0.0112943634": 453,
    "0.013168407299999999": 93,
    "0.0150424512": 1,
    "0.016916495099999998": 1,
    "0.018790539": 1
  },
  "latencyPercentiles": {
    "p10": 0.00079581,
    "p25": 0.000849811,
    "p50": 0.000911612,
    "p75": 0.000982813,
    "p90": 0.001237216,
    "p95": 0.00154212,
    "p99": 0.004673659
  },
  "rps": {
    "mean": 48014.175003467426,
    "stddev": 11391.562683214137,
    "max": 58755.659235992796,
    "percentiles": {
      "p10": 32207.004077305333,
      "p25": 42664.99834811133,
      "p50": 53137.0524666842,
      "p75": 55949.63851929796,
      "p90": 56832.803894407574,
      "p95": 57201.19375880717,
      "p99": 57784.630217767
    }
  },
  "details": {
    "DNSDialup": {
      "average": 0.0015323195600000004,
      "fastest": 0.000085701,
      "slowest": 0.00314604
    },
    "DNSLookup": {
      "average": 0.0000065760400000000005,
      "fastest": 0.0000038,
      "slowest": 0.0000362
    }
  },
  "statusCodeDistribution": {
    "200": 480685
  },
  "errorDistribution": {}
}