{
  "summary": {
    "successRate": 1,
    "total": 10.000313798,
    "slowest": 0.005833564,
    "fastest": 0.000255845,
    "average": 0.0009957446521669238,
    "requestsPerSec": 50128.226986262816,
    "totalData": 6516874,
    "sizePerRequest": 13,
    "sizePerSec": 651666.9508214166
  },
  "responseTimeHistogram": {
    "0.000255845": 1,
    "0.0008136169": 66503,
    "0.0013713888": 431934,
    "0.0019291606999999999": 2566,
    "0.0024869326": 134,
    "0.0030447045000000002": 56,
    "0.0036024763999999996": 7,
    "0.0041602483": 4,
    "0.0047180202": 30,
    "0.0052757921": 61,
    "0.005833564": 2
  },
  "latencyPercentiles": {
    "p10": 0.000723094,
    "p25": 0.000934161,
    "p50": 0.001023251,
    "p75": 0.001101362,
    "p90": 0.001150855,
    "p95": 0.001185783,
    "p99": 0.001293182
  },
  "rps": {
    "mean": 50120.84705692306,
    "stddev": 4692.706474877359,
    "max": 73307.30118567105,
    "percentiles": {
      "p10": 46449.84720708799,
      "p25": 47524.518992211735,
      "p50": 48606.53890511641,
      "p75": 52404.10599697314,
      "p90": 56349.07417768009,
      "p95": 58611.54362868035,
      "p99": 63614.89224627102
    }
  },
  "details": {
    "DNSDialup": {
      "average": 0.0008175532000000002,
      "fastest": 0.000096507,
      "slowest": 0.001497362
    },
    "DNSLookup": {
      "average": 0.00000802476,
      "fastest": 0.000003817,
      "slowest": 0.00004349
    }
  },
  "statusCodeDistribution": {
    "200": 501298
  },
  "errorDistribution": {}
}