{
  "summary": {
    "successRate": 1,
    "total": 10.000286895,
    "slowest": 0.006106997,
    "fastest": 0.000114825,
    "average": 0.0010811286307491517,
    "requestsPerSec": 46172.97532042454,
    "totalData": 6002659,
    "sizePerRequest": 13,
    "sizePerSec": 600248.6791655191
  },
  "responseTimeHistogram": {
    "0.000114825": 1,
    "0.0007140422000000001": 6222,
    "0.0013132594000000001": 445356,
    "0.0019124766000000002": 9429,
    "0.0025116938": 462,
    "0.003110911": 123,
    "0.0037101282": 38,
    "0.0043093454": 54,
    "0.0049085626": 23,
    "0.0055077798": 23,
    "0.006106997": 12
  },
  "latencyPercentiles": {
    "p10": 0.000945585,
    "p25": 0.00100356,
    "p50": 0.001091927,
    "p75": 0.001153074,
    "p90": 0.001205905,
    "p95": 0.001255907,
    "p99": 0.001388697
  },
  "rps": {
    "mean": 46172.2869686326,
    "stddev": 2968.96902244994,
    "max": 63201.15658116547,
    "percentiles": {
      "p10": 44308.404216709954,
      "p25": 45215.46821167494,
      "p50": 46111.53457984185,
      "p75": 47051.615622338446,
      "p90": 48755.45628684074,
      "p95": 50019.227391006156,
      "p99": 52844.02639393783
    }
  },
  "details": {
    "DNSDialup": {
      "average": 0.0011285557400000001,
      "fastest": 0.000117359,
      "slowest": 0.002312402
    },
    "DNSLookup": {
      "average": 0.00003177122,
      "fastest": 0.000005009,
      "slowest": 0.001181234
    }
  },
  "statusCodeDistribution": {
    "200": 461743
  },
  "errorDistribution": {}
}