{
  "summary": {
    "successRate": 1,
    "total": 10.000690233,
    "slowest": 0.00615383,
    "fastest": 0.000155989,
    "average": 0.0010943588329186645,
    "requestsPerSec": 45615.951436499214,
    "totalData": 5930483,
    "sizePerRequest": 13,
    "sizePerSec": 593007.3686744898
  },
  "responseTimeHistogram": {
    "0.000155989": 1,
    "0.0007557731": 26697,
    "0.0013555572000000001": 422004,
    "0.0019553413000000003": 6704,
    "0.0025551254000000002": 548,
    "0.0031549095": 140,
    "0.0037546936000000006": 35,
    "0.0043544777": 21,
    "0.0049542618": 10,
    "0.0055540459": 19,
    "0.00615383": 12
  },
  "latencyPercentiles": {
    "p10": 0.000918129,
    "p25": 0.001025346,
    "p50": 0.001115432,
    "p75": 0.001191927,
    "p90": 0.001242289,
    "p95": 0.001281993,
    "p99": 0.001423311
  },
  "rps": {
    "mean": 45611.20452899762,
    "stddev": 3982.4673790558104,
    "max": 70103.31588684334,
    "percentiles": {
      "p10": 43169.165637183876,
      "p25": 44111.6763607325,
      "p50": 44827.75461788554,
      "p75": 46105.96611201811,
      "p90": 50228.19308477908,
      "p95": 52844.59841142052,
      "p99": 59207.31210304625
    }
  },
  "details": {
    "DNSDialup": {
      "average": 0.0007869879599999999,
      "fastest": 0.000078514,
      "slowest": 0.001205373
    },
    "DNSLookup": {
      "average": 0.00001645242,
      "fastest": 0.000003797,
      "slowest": 0.000452245
    }
  },
  "statusCodeDistribution": {
    "200": 456191
  },
  "errorDistribution": {}
}