{
  "summary": {
    "successRate": 1,
    "total": 10.000330267,
    "slowest": 0.006673914,
    "fastest": 0.000341443,
    "average": 0.0010642530972111823,
    "requestsPerSec": 46903.55093049448,
    "totalData": 6097663,
    "sizePerRequest": 13,
    "sizePerSec": 609746.1620964282
  },
  "responseTimeHistogram": {
    "0.000341443": 1,
    "0.0009746901": 92670,
    "0.0016079371999999999": 375111,
    "0.0022411843": 1142,
    "0.0028744314": 41,
    "0.0035076785": 31,
    "0.0041409256": 4,
    "0.004774172700000001": 12,
    "0.0054074198": 28,
    "0.0060406669": 10,
    "0.006673914": 1
  },
  "latencyPercentiles": {
    "p10": 0.000936255,
    "p25": 0.000990705,
    "p50": 0.001076015,
    "p75": 0.001134889,
    "p90": 0.001183861,
    "p95": 0.001224514,
    "p99": 0.001343147
  },
  "rps": {
    "mean": 46903.08534348236,
    "stddev": 2741.9909262883534,
    "max": 69956.18180960749,
    "percentiles": {
      "p10": 45206.57303571815,
      "p25": 46064.62406109181,
      "p50": 46803.754563116985,
      "p75": 47564.94148054161,
      "p90": 49150.187256205,
      "p95": 50803.77178424231,
      "p99": 54353.83747601982
    }
  },
  "details": {
    "DNSDialup": {
      "average": 0.00117269418,
      "fastest": 0.000090915,
      "slowest": 0.002719284
    },
    "DNSLookup": {
      "average": 0.000027147300000000003,
      "fastest": 0.000003937,
      "slowest": 0.000913469
    }
  },
  "statusCodeDistribution": {
    "200": 469051
  },
  "errorDistribution": {}
}