{
  "summary": {
    "successRate": 1,
    "total": 10.000206324,
    "slowest": 0.005406227,
    "fastest": 0.000159951,
    "average": 0.001064228480672117,
    "requestsPerSec": 46900.23233564635,
    "totalData": 6097156,
    "sizePerRequest": 13,
    "sizePerSec": 609703.0203634027
  },
  "responseTimeHistogram": {
    "0.000159951": 1,
    "0.0006845786": 8095,
    "0.0012092062": 420374,
    "0.0017338338000000002": 39778,
    "0.0022584614000000004": 569,
    "0.0027830890000000003": 72,
    "0.0033077166000000007": 38,
    "0.0038323442000000006": 40,
    "0.0043569718000000006": 4,
    "0.0048815994000000005": 10,
    "0.005406227": 31
  },
  "latencyPercentiles": {
    "p10": 0.000901495,
    "p25": 0.000993366,
    "p50": 0.001078602,
    "p75": 0.00115401,
    "p90": 0.001202362,
    "p95": 0.001235428,
    "p99": 0.001333192
  },
  "rps": {
    "mean": 46899.99912086939,
    "stddev": 2825.3048000083177,
    "max": 59263.61498825499,
    "percentiles": {
      "p10": 44901.69279381976,
      "p25": 45621.71980589965,
      "p50": 46630.538339559935,
      "p75": 48262.8720434101,
      "p90": 49833.17463900391,
      "p95": 50795.90005386506,
      "p99": 53136.36111108229
    }
  },
  "details": {
    "DNSDialup": {
      "average": 0.0008755055599999997,
      "fastest": 0.000079435,
      "slowest": 0.001654667
    },
    "DNSLookup": {
      "average": 0.000008376719999999999,
      "fastest": 0.000004047,
      "slowest": 0.000031169
    }
  },
  "statusCodeDistribution": {
    "200": 469012
  },
  "errorDistribution": {}
}