{
  "summary": {
    "successRate": 1,
    "total": 10.000739182,
    "slowest": 0.015245517,
    "fastest": 0.000082201,
    "average": 0.0015984115656102506,
    "requestsPerSec": 31086.602134326113,
    "totalData": 4041557,
    "sizePerRequest": 13,
    "sizePerSec": 404125.8277462395
  },
  "responseTimeHistogram": {
    "0.000082201": 1,
    "0.0015985326": 233631,
    "0.0031148642": 60766,
    "0.004631195799999999": 8929,
    "0.006147527399999999": 4954,
    "0.007663858999999999": 1319,
    "0.009180190599999999": 318,
    "0.0106965222": 246,
    "0.0122128538": 350,
    "0.0137291854": 323,
    "0.015245517": 52
  },
  "latencyPercentiles": {
    "p10": 0.001034908,
    "p25": 0.001169309,
    "p50": 0.001379611,
    "p75": 0.001596212,
    "p90": 0.002107716,
    "p95": 0.003277625,
    "p99": 0.005800144
  },
  "rps": {
    "mean": 31080.41944091228,
    "stddev": 9639.087296125681,
    "max": 45379.52307624175,
    "percentiles": {
      "p10": 14763.66600281329,
      "p25": 27627.718708686054,
      "p50": 34057.22129195122,
      "p75": 38158.03992922046,
      "p90": 40221.40985646701,
      "p95": 41558.28242784312,
      "p99": 43733.353110751654
    }
  },
  "details": {
    "DNSDialup": {
      "average": 0.0017351673199999995,
      "fastest": 0.000087001,
      "slowest": 0.002821222
    },
    "DNSLookup": {
      "average": 0.00001033808,
      "fastest": 0.000006,
      "slowest": 0.000054701
    }
  },
  "statusCodeDistribution": {
    "200": 310889
  },
  "errorDistribution": {}
}