{
  "summary": {
    "successRate": 1,
    "total": 10.000698719,
    "slowest": 0.005792514,
    "fastest": 0.0001286,
    "average": 0.0010562386949536557,
    "requestsPerSec": 47256.398105677195,
    "totalData": 6143761,
    "sizePerRequest": 13,
    "sizePerSec": 614333.1753738036
  },
  "responseTimeHistogram": {
    "0.0001286": 1,
    "0.0006949914": 2076,
    "0.0012613828": 461496,
    "0.0018277742": 8443,
    "0.0023941656": 419,
    "0.002960557": 71,
    "0.0035269484": 13,
    "0.004093339800000001": 29,
    "0.0046597312": 13,
    "0.0052261226": 19,
    "0.005792514": 17
  },
  "latencyPercentiles": {
    "p10": 0.000930127,
    "p25": 0.000981475,
    "p50": 0.001064197,
    "p75": 0.001125324,
    "p90": 0.001172127,
    "p95": 0.001208129,
    "p99": 0.001310116
  },
  "rps": {
    "mean": 47256.724728503665,
    "stddev": 2370.1226003071733,
    "max": 52927.10444131777,
    "percentiles": {
      "p10": 45848.232340423165,
      "p25": 46578.32780980173,
      "p50": 47420.36230357424,
      "p75": 48118.04692966248,
      "p90": 49065.68008193216,
      "p95": 49776.08772770164,
      "p99": 51207.2589156721
    }
  },
  "details": {
    "DNSDialup": {
      "average": 0.00072505156,
      "fastest": 0.000106023,
      "slowest": 0.001005065
    },
    "DNSLookup": {
      "average": 0.0000064540599999999995,
      "fastest": 0.000003566,
      "slowest": 0.000032922
    }
  },
  "statusCodeDistribution": {
    "200": 472597
  },
  "errorDistribution": {}
}