{
  "summary": {
    "successRate": 1,
    "total": 10.000676831,
    "slowest": 0.005373867,
    "fastest": 0.000171312,
    "average": 0.0007750041211644963,
    "requestsPerSec": 64390.74183498131,
    "totalData": 8371363,
    "sizePerRequest": 13,
    "sizePerSec": 837079.6438547571
  },
  "responseTimeHistogram": {
    "0.000171312": 1,
    "0.0006915675": 101374,
    "0.0012118230000000001": 540412,
    "0.0017320785000000001": 1581,
    "0.002252334": 369,
    "0.0027725895": 97,
    "0.003292845": 54,
    "0.0038131005": 11,
    "0.004333356": 18,
    "0.0048536115000000005": 21,
    "0.005373867": 13
  },
  "latencyPercentiles": {
    "p10": 0.000673294,
    "p25": 0.000713916,
    "p50": 0.000779255,
    "p75": 0.000824526,
    "p90": 0.000866365,
    "p95": 0.000929195,
    "p99": 0.001026111
  },
  "rps": {
    "mean": 64388.90231839246,
    "stddev": 3921.8092181475286,
    "max": 81405.04503993272,
    "percentiles": {
      "p10": 62406.109558128184,
      "p25": 63331.17160266711,
      "p50": 64332.854788940684,
      "p75": 65384.024859219084,
      "p90": 66714.75730431752,
      "p95": 68526.45806546012,
      "p99": 74643.30659788554
    }
  },
  "details": {
    "DNSDialup": {
      "average": 0.00047896508000000004,
      "fastest": 0.000053287,
      "slowest": 0.000931994
    },
    "DNSLookup": {
      "average": 0.00000561154,
      "fastest": 0.000002897,
      "slowest": 0.000026726
    }
  },
  "statusCodeDistribution": {
    "200": 643951
  },
  "errorDistribution": {}
}