{
  "summary": {
    "successRate": 1,
    "total": 10.000749826,
    "slowest": 0.004842262,
    "fastest": 0.000032797,
    "average": 0.00046876756757712195,
    "requestsPerSec": 106341.62622837716,
    "totalData": 13825448,
    "sizePerRequest": 13,
    "sizePerSec": 1382441.1409689032
  },
  "responseTimeHistogram": {
    "0.000032797": 1,
    "0.0005137434999999999": 818451,
    "0.00099469": 243774,
    "0.0014756364999999997": 1013,
    "0.001956583": 140,
    "0.0024375295": 23,
    "0.0029184759999999997": 39,
    "0.0033994224999999998": 9,
    "0.003880369": 1,
    "0.0043613155": 12,
    "0.004842262": 33
  },
  "latencyPercentiles": {
    "p10": 0.000370695,
    "p25": 0.000428698,
    "p50": 0.000472501,
    "p75": 0.000510748,
    "p90": 0.000542296,
    "p95": 0.000577105,
    "p99": 0.000673204
  },
  "rps": {
    "mean": 106341.40635692707,
    "stddev": 6672.660292858684,
    "max": 127424.77433903348,
    "percentiles": {
      "p10": 102108.17886513489,
      "p25": 103296.3755183577,
      "p50": 105400.3094745252,
      "p75": 109194.31112651963,
      "p90": 113285.50480302508,
      "p95": 116229.54555047941,
      "p99": 121835.62473667444
    }
  },
  "details": {
    "DNSDialup": {
      "average": 0.00072693404,
      "fastest": 0.000092346,
      "slowest": 0.000966629
    },
    "DNSLookup": {
      "average": 0.000004720040000000001,
      "fastest": 0.000001514,
      "slowest": 0.000044184
    }
  },
  "statusCodeDistribution": {
    "200": 1063496
  },
  "errorDistribution": {}
}