{
  "summary": {
    "successRate": 1,
    "total": 10.000523271,
    "slowest": 0.006312424,
    "fastest": 0.000319405,
    "average": 0.0010699063595255777,
    "requestsPerSec": 46655.158670846715,
    "totalData": 6065488,
    "sizePerRequest": 13,
    "sizePerSec": 606517.0627210073
  },
  "responseTimeHistogram": {
    "0.000319405": 1,
    "0.0009187068999999999": 42389,
    "0.0015180088": 422036,
    "0.0021173107": 1921,
    "0.0027166126": 149,
    "0.0033159145": 29,
    "0.0039152164": 1,
    "0.0045145183": 0,
    "0.0051138202": 9,
    "0.0057131221": 24,
    "0.006312424": 17
  },
  "latencyPercentiles": {
    "p10": 0.000927823,
    "p25": 0.000997124,
    "p50": 0.001081412,
    "p75": 0.00114912,
    "p90": 0.001198151,
    "p95": 0.001237394,
    "p99": 0.001351044
  },
  "rps": {
    "mean": 46653.744324030085,
    "stddev": 2869.674093002896,
    "max": 55999.39332320782,
    "percentiles": {
      "p10": 44404.20951906262,
      "p25": 45509.2234885314,
      "p50": 46502.31116486712,
      "p75": 47945.64494900205,
      "p90": 49582.27186370344,
      "p95": 50670.24187866457,
      "p99": 53183.46428205465
    }
  },
  "details": {
    "DNSDialup": {
      "average": 0.00052342746,
      "fastest": 0.000077063,
      "slowest": 0.000893121
    },
    "DNSLookup": {
      "average": 0.000007784840000000002,
      "fastest": 0.000004037,
      "slowest": 0.000046346
    }
  },
  "statusCodeDistribution": {
    "200": 466576
  },
  "errorDistribution": {}
}