{
  "summary": {
    "successRate": 1,
    "total": 10.000660565,
    "slowest": 0.005339717,
    "fastest": 0.000241166,
    "average": 0.0010432776305455264,
    "requestsPerSec": 47850.639154254706,
    "totalData": 6220994,
    "sizePerRequest": 13,
    "sizePerSec": 622058.3090053111
  },
  "responseTimeHistogram": {
    "0.000241166": 1,
    "0.0007510211": 4774,
    "0.0012608761999999998": 467598,
    "0.0017707312999999997": 5450,
    "0.0022805864": 457,
    "0.0027904415": 123,
    "0.0033002965999999996": 48,
    "0.0038101516999999997": 13,
    "0.0043200068": 25,
    "0.004829861899999999": 22,
    "0.005339717": 27
  },
  "latencyPercentiles": {
    "p10": 0.000921002,
    "p25": 0.000971172,
    "p50": 0.001051932,
    "p75": 0.001110136,
    "p90": 0.001154633,
    "p95": 0.001187383,
    "p99": 0.001283935
  },
  "rps": {
    "mean": 47849.42831937162,
    "stddev": 2463.00402388391,
    "max": 54414.922619870136,
    "percentiles": {
      "p10": 46350.19262359226,
      "p25": 47303.08889170493,
      "p50": 47950.67629208245,
      "p75": 48805.17334837487,
      "p90": 49725.43023799069,
      "p95": 50660.277306720476,
      "p99": 51957.56925808463
    }
  },
  "details": {
    "DNSDialup": {
      "average": 0.0007057769799999999,
      "fastest": 0.000095868,
      "slowest": 0.001598108
    },
    "DNSLookup": {
      "average": 0.000007035120000000001,
      "fastest": 0.000003317,
      "slowest": 0.00003791
    }
  },
  "statusCodeDistribution": {
    "200": 478538
  },
  "errorDistribution": {}
}