{
  "summary": {
    "successRate": 1,
    "total": 10.000111505,
    "slowest": 0.006438244,
    "fastest": 0.000354113,
    "average": 0.0010691049430379084,
    "requestsPerSec": 46690.17938115481,
    "totalData": 6069791,
    "sizePerRequest": 13,
    "sizePerSec": 606972.3319550125
  },
  "responseTimeHistogram": {
    "0.000354113": 1,
    "0.0009625261": 74076,
    "0.0015709392": 391411,
    "0.0021793523000000004": 1279,
    "0.0027877654000000003": 63,
    "0.0033961785000000003": 10,
    "0.0040045916": 16,
    "0.0046130047": 21,
    "0.0052214178": 10,
    "0.0058298309": 7,
    "0.006438244": 13
  },
  "latencyPercentiles": {
    "p10": 0.000933615,
    "p25": 0.000993915,
    "p50": 0.001080797,
    "p75": 0.001143583,
    "p90": 0.001198241,
    "p95": 0.001241369,
    "p99": 0.001351277
  },
  "rps": {
    "mean": 46688.66536517841,
    "stddev": 2725.6827551494935,
    "max": 57753.248244216906,
    "percentiles": {
      "p10": 44928.48747792876,
      "p25": 45724.68675838165,
      "p50": 46526.83667939904,
      "p75": 47351.320615290366,
      "p90": 49218.87543873293,
      "p95": 50768.98998048518,
      "p99": 55099.12765411979
    }
  },
  "details": {
    "DNSDialup": {
      "average": 0.0010490258400000002,
      "fastest": 0.000140563,
      "slowest": 0.00195301
    },
    "DNSLookup": {
      "average": 0.000008982659999999998,
      "fastest": 0.000004278,
      "slowest": 0.000051827
    }
  },
  "statusCodeDistribution": {
    "200": 466907
  },
  "errorDistribution": {}
}