{
  "summary": {
    "successRate": 1,
    "total": 10.000667054,
    "slowest": 0.005545945,
    "fastest": 0.000124378,
    "average": 0.0010388329699347978,
    "requestsPerSec": 48052.3946457942,
    "totalData": 6247228,
    "sizePerRequest": 13,
    "sizePerSec": 624681.1303953246
  },
  "responseTimeHistogram": {
    "0.000124378": 1,
    "0.0006665347": 1743,
    "0.0012086914000000002": 464167,
    "0.0017508481000000002": 13873,
    "0.0022930048000000002": 566,
    "0.0028351615000000003": 89,
    "0.0033773182000000003": 42,
    "0.0039194749": 23,
    "0.0044616316": 20,
    "0.0050037883": 18,
    "0.005545945": 14
  },
  "latencyPercentiles": {
    "p10": 0.000916195,
    "p25": 0.000966608,
    "p50": 0.001046567,
    "p75": 0.001106976,
    "p90": 0.001150514,
    "p95": 0.001183569,
    "p99": 0.001282197
  },
  "rps": {
    "mean": 48051.44677863477,
    "stddev": 2468.3198694612233,
    "max": 65841.51307399372,
    "percentiles": {
      "p10": 46647.379743603255,
      "p25": 47511.48352556772,
      "p50": 48128.54504006222,
      "p75": 48901.90228400093,
      "p90": 49945.10560575999,
      "p95": 50714.096574473675,
      "p99": 52108.12365648023
    }
  },
  "details": {
    "DNSDialup": {
      "average": 0.00069078402,
      "fastest": 0.000068776,
      "slowest": 0.001521879
    },
    "DNSLookup": {
      "average": 0.0000064083200000000015,
      "fastest": 0.000003476,
      "slowest": 0.000027631
    }
  },
  "statusCodeDistribution": {
    "200": 480556
  },
  "errorDistribution": {}
}