{
  "summary": {
    "successRate": 1,
    "total": 10.00068551,
    "slowest": 0.006871637,
    "fastest": 0.000252964,
    "average": 0.0010633396932239207,
    "requestsPerSec": 46961.980709260395,
    "totalData": 6105476,
    "sizePerRequest": 13,
    "sizePerSec": 610505.7492203852
  },
  "responseTimeHistogram": {
    "0.000252964": 1,
    "0.0009148313": 59854,
    "0.0015766986": 407305,
    "0.0022385659": 2164,
    "0.0029004332": 153,
    "0.0035623005": 63,
    "0.004224167799999999": 21,
    "0.0048860351": 15,
    "0.0055479024": 23,
    "0.006209769699999999": 29,
    "0.006871637": 24
  },
  "latencyPercentiles": {
    "p10": 0.000870217,
    "p25": 0.000994571,
    "p50": 0.001080057,
    "p75": 0.001158963,
    "p90": 0.001213684,
    "p95": 0.001260754,
    "p99": 0.001402219
  },
  "rps": {
    "mean": 46955.61466638513,
    "stddev": 4166.699998951068,
    "max": 68506.98771275437,
    "percentiles": {
      "p10": 44374.13631633155,
      "p25": 45264.5865632021,
      "p50": 46209.81496469894,
      "p75": 47814.1131624737,
      "p90": 51515.31436941916,
      "p95": 54289.115583229475,
      "p99": 60909.26429909953
    }
  },
  "details": {
    "DNSDialup": {
      "average": 0.0009209381200000002,
      "fastest": 0.000083567,
      "slowest": 0.001823848
    },
    "DNSLookup": {
      "average": 0.000007978359999999999,
      "fastest": 0.000003627,
      "slowest": 0.000034345
    }
  },
  "statusCodeDistribution": {
    "200": 469652
  },
  "errorDistribution": {}
}