{
  "summary": {
    "successRate": 1,
    "total": 10.000560224,
    "slowest": 0.00584176,
    "fastest": 0.00027718,
    "average": 0.0010927135415651568,
    "requestsPerSec": 45678.74096730203,
    "totalData": 5938569,
    "sizePerRequest": 13,
    "sizePerSec": 593823.6325749264
  },
  "responseTimeHistogram": {
    "0.00027718": 1,
    "0.0008336379999999999": 16420,
    "0.001390096": 434847,
    "0.0019465539999999996": 4783,
    "0.0025030119999999998": 600,
    "0.00305947": 48,
    "0.0036159279999999996": 36,
    "0.004172385999999999": 22,
    "0.004728843999999999": 28,
    "0.0052853019999999995": 11,
    "0.00584176": 17
  },
  "latencyPercentiles": {
    "p10": 0.000951508,
    "p25": 0.001015839,
    "p50": 0.00110364,
    "p75": 0.001168029,
    "p90": 0.001224046,
    "p95": 0.001275982,
    "p99": 0.00141829
  },
  "rps": {
    "mean": 45678.116158048986,
    "stddev": 2994.235302949982,
    "max": 60809.32300089113,
    "percentiles": {
      "p10": 43763.877755972484,
      "p25": 44612.70382492368,
      "p50": 45428.03818516469,
      "p75": 46616.53922453191,
      "p90": 48700.06962603913,
      "p95": 50018.14157995159,
      "p99": 53234.81451614243
    }
  },
  "details": {
    "DNSDialup": {
      "average": 0.0007506837199999999,
      "fastest": 0.000092534,
      "slowest": 0.001146968
    },
    "DNSLookup": {
      "average": 0.000009124820000000003,
      "fastest": 0.000003507,
      "slowest": 0.000057779
    }
  },
  "statusCodeDistribution": {
    "200": 456813
  },
  "errorDistribution": {}
}