{
  "summary": {
    "successRate": 1,
    "total": 10.000770531,
    "slowest": 0.006754879,
    "fastest": 0.000231742,
    "average": 0.0010991175539411405,
    "requestsPerSec": 45433.09923886103,
    "totalData": 5906758,
    "sizePerRequest": 13,
    "sizePerSec": 590630.2901051935
  },
  "responseTimeHistogram": {
    "0.000231742": 1,
    "0.0008840556999999999": 44984,
    "0.0015363694": 406321,
    "0.0021886831": 2591,
    "0.0028409968": 308,
    "0.0034933105": 58,
    "0.0041456242": 45,
    "0.0047979379": 16,
    "0.0054502516": 14,
    "0.0061025653": 22,
    "0.006754879": 6
  },
  "latencyPercentiles": {
    "p10": 0.000887005,
    "p25": 0.00103153,
    "p50": 0.001122822,
    "p75": 0.001202414,
    "p90": 0.001256169,
    "p95": 0.001298997,
    "p99": 0.001431322
  },
  "rps": {
    "mean": 45427.752439833144,
    "stddev": 4222.55883238495,
    "max": 69815.32094714057,
    "percentiles": {
      "p10": 42888.32421488899,
      "p25": 43605.41731041922,
      "p50": 44414.55658828318,
      "p75": 46270.261391922955,
      "p90": 50149.601275566114,
      "p95": 53339.69006337817,
      "p99": 61402.075390146696
    }
  },
  "details": {
    "DNSDialup": {
      "average": 0.00096602388,
      "fastest": 0.000091329,
      "slowest": 0.00160274
    },
    "DNSLookup": {
      "average": 0.00000649482,
      "fastest": 0.000002655,
      "slowest": 0.000031889
    }
  },
  "statusCodeDistribution": {
    "200": 454366
  },
  "errorDistribution": {}
}