{
  "summary": {
    "successRate": 1,
    "total": 10.003632324,
    "slowest": 0.012559842,
    "fastest": 0.000050203,
    "average": 0.001156423380974258,
    "requestsPerSec": 43125.835299342216,
    "totalData": 5608395,
    "sizePerRequest": 13,
    "sizePerSec": 560635.8588914488
  },
  "responseTimeHistogram": {
    "0.000050203": 1,
    "0.0013011669": 378804,
    "0.0025521308": 35860,
    "0.0038030947": 9861,
    "0.0050540586": 2060,
    "0.0063050225": 3387,
    "0.007555986400000001": 448,
    "0.0088069503": 246,
    "0.0100579142": 233,
    "0.011308878100000001": 423,
    "0.012559842": 92
  },
  "latencyPercentiles": {
    "p10": 0.000861851,
    "p25": 0.000920254,
    "p50": 0.000988258,
    "p75": 0.001083964,
    "p90": 0.001448986,
    "p95": 0.001933015,
    "p99": 0.005213209
  },
  "rps": {
    "mean": 43158.42228838929,
    "stddev": 12255.367629844688,
    "max": 59477.78504723783,
    "percentiles": {
      "p10": 23854.168044796126,
      "p25": 37160.50520918493,
      "p50": 49400.062787971336,
      "p75": 51507.77252287285,
      "p90": 52549.070352269,
      "p95": 53148.34233829975,
      "p99": 54099.328785495134
    }
  },
  "details": {
    "DNSDialup": {
      "average": 0.0029448604399999996,
      "fastest": 0.000139908,
      "slowest": 0.004034739
    },
    "DNSLookup": {
      "average": 0.000012728739999999997,
      "fastest": 0.0000054,
      "slowest": 0.000052703
    }
  },
  "statusCodeDistribution": {
    "200": 431415
  },
  "errorDistribution": {}
}