{
  "summary": {
    "successRate": 1,
    "total": 10.000574168,
    "slowest": 0.006509843,
    "fastest": 0.000331486,
    "average": 0.0010992298002721588,
    "requestsPerSec": 45409.69272075499,
    "totalData": 5903599,
    "sizePerRequest": 13,
    "sizePerSec": 590326.0053698149
  },
  "responseTimeHistogram": {
    "0.000331486": 1,
    "0.0009493217000000001": 34219,
    "0.0015671574000000001": 418002,
    "0.0021849931": 1616,
    "0.0028028288000000005": 133,
    "0.0034206645": 88,
    "0.0040385002000000005": 13,
    "0.0046563359": 4,
    "0.0052741716000000004": 20,
    "0.005892007300000001": 12,
    "0.006509843": 15
  },
  "latencyPercentiles": {
    "p10": 0.000966571,
    "p25": 0.001021568,
    "p50": 0.001109253,
    "p75": 0.001170138,
    "p90": 0.001222234,
    "p95": 0.00126582,
    "p99": 0.001387531
  },
  "rps": {
    "mean": 45408.93173143658,
    "stddev": 2516.434041040272,
    "max": 54902.10275053495,
    "percentiles": {
      "p10": 43887.5160958463,
      "p25": 44616.19121579244,
      "p50": 45390.87049075037,
      "p75": 46233.42676755404,
      "p90": 47605.29846971936,
      "p95": 48630.91953864282,
      "p99": 51253.736749150754
    }
  },
  "details": {
    "DNSDialup": {
      "average": 0.0007240992799999999,
      "fastest": 0.000077354,
      "slowest": 0.001249331
    },
    "DNSLookup": {
      "average": 0.00000953092,
      "fastest": 0.000003697,
      "slowest": 0.000053219
    }
  },
  "statusCodeDistribution": {
    "200": 454123
  },
  "errorDistribution": {}
}