{
  "summary": {
    "successRate": 1,
    "total": 10.000661701,
    "slowest": 0.006041232,
    "fastest": 0.00026442,
    "average": 0.0010875972038799297,
    "requestsPerSec": 45899.462827954725,
    "totalData": 5967325,
    "sizePerRequest": 13,
    "sizePerSec": 596693.0167634115
  },
  "responseTimeHistogram": {
    "0.00026442": 1,
    "0.0008421011999999999": 7694,
    "0.0014197823999999998": 447910,
    "0.0019974636": 2869,
    "0.0025751447999999995": 378,
    "0.0031528259999999996": 71,
    "0.0037305071999999993": 15,
    "0.004308188399999999": 41,
    "0.004885869599999999": 18,
    "0.0054635508": 15,
    "0.006041231999999999": 13
  },
  "latencyPercentiles": {
    "p10": 0.000958308,
    "p25": 0.001010409,
    "p50": 0.001094563,
    "p75": 0.001155867,
    "p90": 0.001205368,
    "p95": 0.001244078,
    "p99": 0.001360575
  },
  "rps": {
    "mean": 45896.88215747649,
    "stddev": 2428.1185223038688,
    "max": 53431.6742965205,
    "percentiles": {
      "p10": 44427.99711016046,
      "p25": 45387.689872254356,
      "p50": 46024.74290178422,
      "p75": 46706.65039010453,
      "p90": 47643.5117861953,
      "p95": 48519.52911046674,
      "p99": 49797.174995151916
    }
  },
  "details": {
    "DNSDialup": {
      "average": 0.0007468395000000001,
      "fastest": 0.000103987,
      "slowest": 0.001152826
    },
    "DNSLookup": {
      "average": 0.0000057943600000000005,
      "fastest": 0.000002515,
      "slowest": 0.000029826
    }
  },
  "statusCodeDistribution": {
    "200": 459025
  },
  "errorDistribution": {}
}