{
  "summary": {
    "successRate": 1,
    "total": 10.000723806,
    "slowest": 0.016304224,
    "fastest": 0.0000409,
    "average": 0.001092094281569409,
    "requestsPerSec": 45667.4945593433,
    "totalData": 5937204,
    "sizePerRequest": 13,
    "sizePerSec": 593677.4292714628
  },
  "responseTimeHistogram": {
    "0.0000409": 1,
    "0.0016672324": 388725,
    "0.0032935648": 63280,
    "0.0049198972": 3949,
    "0.0065462296": 237,
    "0.008172562": 127,
    "0.0097988944": 334,
    "0.0114252268": 17,
    "0.0130515592": 32,
    "0.0146778916": 4,
    "0.016304224": 2
  },
  "latencyPercentiles": {
    "p10": 0.000586004,
    "p25": 0.000735806,
    "p50": 0.000909007,
    "p75": 0.001219509,
    "p90": 0.001927714,
    "p95": 0.002216817,
    "p99": 0.003335426
  },
  "rps": {
    "mean": 45643.80827139636,
    "stddev": 13701.225231070497,
    "max": 67638.70963352555,
    "percentiles": {
      "p10": 28401.20421105852,
      "p25": 33495.02478179147,
      "p50": 46916.528693058804,
      "p75": 58881.98727908407,
      "p90": 62756.71741215956,
      "p95": 63800.15312036735,
      "p99": 66147.47205729014
    }
  },
  "details": {
    "DNSDialup": {
      "average": 0.0022311630800000005,
      "fastest": 0.000101101,
      "slowest": 0.004944938
    },
    "DNSLookup": {
      "average": 0.000014734160000000001,
      "fastest": 0.0000068,
      "slowest": 0.000062801
    }
  },
  "statusCodeDistribution": {
    "200": 456708
  },
  "errorDistribution": {}
}