{
  "summary": {
    "successRate": 1,
    "total": 10.001080379,
    "slowest": 0.002653459,
    "fastest": 0.00003183,
    "average": 0.0006147956113776115,
    "requestsPerSec": 81131.43473016778,
    "totalData": 10548226,
    "sizePerRequest": 13,
    "sizePerSec": 1054708.651492181
  },
  "responseTimeHistogram": {
    "0.00003183": 1,
    "0.0002939929": 31050,
    "0.0005561558000000001": 344088,
    "0.0008183187": 301506,
    "0.0010804816": 101938,
    "0.0013426445000000002": 23885,
    "0.0016048074000000001": 7236,
    "0.0018669703": 1488,
    "0.0021291332": 174,
    "0.0023912961000000003": 18,
    "0.0026534590000000004": 18
  },
  "latencyPercentiles": {
    "p10": 0.000368307,
    "p25": 0.000458314,
    "p50": 0.000573815,
    "p75": 0.000730693,
    "p90": 0.000925504,
    "p95": 0.001044617,
    "p99": 0.001360428
  },
  "rps": {
    "mean": 81130.39044081028,
    "stddev": 9615.067451030063,
    "max": 101962.42139438262,
    "percentiles": {
      "p10": 66929.97124112415,
      "p25": 74349.87681897762,
      "p50": 82028.84954638455,
      "p75": 88721.2132420939,
      "p90": 93102.76515212632,
      "p95": 94986.33813520186,
      "p99": 97430.23002163286
    }
  },
  "details": {
    "DNSDialup": {
      "average": 0.00056563828,
      "fastest": 0.000085939,
      "slowest": 0.00089981
    },
    "DNSLookup": {
      "average": 0.0000090067,
      "fastest": 0.000003897,
      "slowest": 0.000047077
    }
  },
  "statusCodeDistribution": {
    "200": 811402
  },
  "errorDistribution": {}
}