{
  "summary": {
    "successRate": 1,
    "total": 10.000347794,
    "slowest": 0.002870229,
    "fastest": 0.000033962,
    "average": 0.0006470500550263164,
    "requestsPerSec": 77102.2184311043,
    "totalData": 10023637,
    "sizePerRequest": 13,
    "sizePerSec": 1002328.8396043559
  },
  "responseTimeHistogram": {
    "0.000033962": 1,
    "0.00031758870000000007": 35083,
    "0.0006012154000000001": 335942,
    "0.0008848421000000002": 284591,
    "0.0011684688000000003": 89980,
    "0.0014520955000000004": 19926,
    "0.0017357222000000004": 5132,
    "0.0020193489": 351,
    "0.0023029756000000003": 17,
    "0.0025866023000000004": 10,
    "0.0028702290000000006": 16
  },
  "latencyPercentiles": {
    "p10": 0.000383946,
    "p25": 0.000479524,
    "p50": 0.000611374,
    "p75": 0.000770749,
    "p90": 0.000963211,
    "p95": 0.001082972,
    "p99": 0.001406058
  },
  "rps": {
    "mean": 77110.46793709828,
    "stddev": 9185.274943465089,
    "max": 100123.33875026615,
    "percentiles": {
      "p10": 65568.21060949622,
      "p25": 69936.59082431704,
      "p50": 76061.57945472954,
      "p75": 84157.00912851229,
      "p90": 90310.63341909338,
      "p95": 93088.23834112586,
      "p99": 97323.77674045495
    }
  },
  "details": {
    "DNSDialup": {
      "average": 0.0009642391599999999,
      "fastest": 0.000099426,
      "slowest": 0.001319898
    },
    "DNSLookup": {
      "average": 0.00001004556,
      "fastest": 0.000004238,
      "slowest": 0.00004274
    }
  },
  "statusCodeDistribution": {
    "200": 771049
  },
  "errorDistribution": {}
}