{
  "summary": {
    "successRate": 1,
    "total": 10.000309319,
    "slowest": 0.004124188,
    "fastest": 0.000031536,
    "average": 0.0006500139570473288,
    "requestsPerSec": 76740.22627899477,
    "totalData": 9976538,
    "sizePerRequest": 13,
    "sizePerSec": 997622.9416269319
  },
  "responseTimeHistogram": {
    "0.000031536": 1,
    "0.00044080119999999996": 137489,
    "0.0008500663999999999": 494054,
    "0.0012593316": 116734,
    "0.0016685968": 17757,
    "0.0020778619999999998": 1317,
    "0.0024871272": 37,
    "0.0028963924": 27,
    "0.0033056576": 7,
    "0.0037149227999999997": 1,
    "0.004124188": 2
  },
  "latencyPercentiles": {
    "p10": 0.000384603,
    "p25": 0.000480032,
    "p50": 0.000608279,
    "p75": 0.000769507,
    "p90": 0.000983476,
    "p95": 0.001115539,
    "p99": 0.00143967
  },
  "rps": {
    "mean": 76732.063975589,
    "stddev": 9816.807264824005,
    "max": 98638.94265456025,
    "percentiles": {
      "p10": 64201.097838772585,
      "p25": 68358.29045737942,
      "p50": 76336.1986253915,
      "p75": 84315.13456665815,
      "p90": 90670.93187000198,
      "p95": 93331.86009494487,
      "p99": 96366.60859986546
    }
  },
  "details": {
    "DNSDialup": {
      "average": 0.00123464396,
      "fastest": 0.000086512,
      "slowest": 0.002921277
    },
    "DNSLookup": {
      "average": 0.000023072959999999998,
      "fastest": 0.000003798,
      "slowest": 0.000751993
    }
  },
  "statusCodeDistribution": {
    "200": 767426
  },
  "errorDistribution": {}
}