{
  "summary": {
    "successRate": 1,
    "total": 10.00088163,
    "slowest": 0.003217984,
    "fastest": 0.000032551,
    "average": 0.0006072480203666228,
    "requestsPerSec": 82122.25985520438,
    "totalData": 10676835,
    "sizePerRequest": 13,
    "sizePerSec": 1067589.378117657
  },
  "responseTimeHistogram": {
    "0.000032551": 1,
    "0.00035109430000000003": 68500,
    "0.0006696376": 497152,
    "0.0009881809": 203143,
    "0.0013067242": 43110,
    "0.0016252675": 8245,
    "0.0019438108": 1092,
    "0.0022623541000000003": 18,
    "0.0025808974": 12,
    "0.0028994407": 9,
    "0.003217984": 13
  },
  "latencyPercentiles": {
    "p10": 0.000366624,
    "p25": 0.000456592,
    "p50": 0.000568942,
    "p75": 0.000717833,
    "p90": 0.000907445,
    "p95": 0.001028016,
    "p99": 0.001331764
  },
  "rps": {
    "mean": 82125.3032307174,
    "stddev": 8814.085539687794,
    "max": 100702.94052587626,
    "percentiles": {
      "p10": 68823.05572366745,
      "p25": 76601.64693541094,
      "p50": 83308.97647212194,
      "p75": 89025.00712450854,
      "p90": 92422.23679017481,
      "p95": 94244.45510947231,
      "p99": 97004.16147852919
    }
  },
  "details": {
    "DNSDialup": {
      "average": 0.0006617843999999999,
      "fastest": 0.000077835,
      "slowest": 0.001085535
    },
    "DNSLookup": {
      "average": 0.00000875674,
      "fastest": 0.000004137,
      "slowest": 0.000060082
    }
  },
  "statusCodeDistribution": {
    "200": 821295
  },
  "errorDistribution": {}
}