{
  "summary": {
    "successRate": 1,
    "total": 10.000377207,
    "slowest": 0.005538578,
    "fastest": 0.00003207,
    "average": 0.000631572412977447,
    "requestsPerSec": 78995.52023367993,
    "totalData": 10269805,
    "sizePerRequest": 13,
    "sizePerSec": 1026941.763037839
  },
  "responseTimeHistogram": {
    "0.00003207": 1,
    "0.0005827208": 378002,
    "0.0011333715999999998": 384117,
    "0.0016840223999999996": 27240,
    "0.0022346731999999996": 622,
    "0.0027853239999999996": 1,
    "0.003335974799999999": 1,
    "0.0038866255999999992": 0,
    "0.0044372764": 0,
    "0.0049879272": 0,
    "0.005538578": 1
  },
  "latencyPercentiles": {
    "p10": 0.00037477,
    "p25": 0.000468226,
    "p50": 0.000593522,
    "p75": 0.000756443,
    "p90": 0.00094205,
    "p95": 0.001064319,
    "p99": 0.001392095
  },
  "rps": {
    "mean": 79000.38986279459,
    "stddev": 10228.860249685818,
    "max": 100082.62821785753,
    "percentiles": {
      "p10": 65411.92459385312,
      "p25": 70326.36535436814,
      "p50": 79129.72112325487,
      "p75": 87437.09623712287,
      "p90": 92914.93517276652,
      "p95": 95314.52593375198,
      "p99": 98167.99488965853
    }
  },
  "details": {
    "DNSDialup": {
      "average": 0.0009936957600000004,
      "fastest": 0.000109184,
      "slowest": 0.001479156
    },
    "DNSLookup": {
      "average": 0.000011997000000000002,
      "fastest": 0.000004658,
      "slowest": 0.000061184
    }
  },
  "statusCodeDistribution": {
    "200": 789985
  },
  "errorDistribution": {}
}