{
  "summary": {
    "successRate": 1,
    "total": 10.000255167,
    "slowest": 0.003008147,
    "fastest": 0.000032779,
    "average": 0.0006364362844278647,
    "requestsPerSec": 78387.2998147868,
    "totalData": 10190609,
    "sizePerRequest": 13,
    "sizePerSec": 1019034.8975922285
  },
  "responseTimeHistogram": {
    "0.000032779": 1,
    "0.00033031579999999997": 45013,
    "0.0006278526": 393443,
    "0.0009253894": 252717,
    "0.0012229262": 72256,
    "0.001520463": 17164,
    "0.0018179997999999999": 3071,
    "0.0021155366": 180,
    "0.0024130734": 31,
    "0.0027106102": 12,
    "0.003008147": 5
  },
  "latencyPercentiles": {
    "p10": 0.000376803,
    "p25": 0.000469989,
    "p50": 0.000596015,
    "p75": 0.000756376,
    "p90": 0.000960566,
    "p95": 0.001086191,
    "p99": 0.001398426
  },
  "rps": {
    "mean": 78385.27899556971,
    "stddev": 9837.071093265655,
    "max": 100331.32529513106,
    "percentiles": {
      "p10": 65755.09619510148,
      "p25": 70103.27138527494,
      "p50": 78134.69962010269,
      "p75": 86084.54363030038,
      "p90": 92503.25611461549,
      "p95": 94796.73381067078,
      "p99": 98702.79328903784
    }
  },
  "details": {
    "DNSDialup": {
      "average": 0.00109583548,
      "fastest": 0.000086842,
      "slowest": 0.002230483
    },
    "DNSLookup": {
      "average": 0.000012096159999999998,
      "fastest": 0.000004108,
      "slowest": 0.000172811
    }
  },
  "statusCodeDistribution": {
    "200": 783893
  },
  "errorDistribution": {}
}