{
  "summary": {
    "successRate": 1,
    "total": 10.000622208,
    "slowest": 0.003472258,
    "fastest": 0.000033272,
    "average": 0.0006286945839732713,
    "requestsPerSec": 79336.36362798598,
    "totalData": 10314369,
    "sizePerRequest": 13,
    "sizePerSec": 1031372.7271638177
  },
  "responseTimeHistogram": {
    "0.000033272": 1,
    "0.0003771706": 79828,
    "0.0007210692": 492605,
    "0.0010649678": 180349,
    "0.0014088664": 33319,
    "0.001752765": 6504,
    "0.0020966636": 746,
    "0.0024405622000000004": 11,
    "0.0027844608": 21,
    "0.0031283594": 10,
    "0.003472258": 19
  },
  "latencyPercentiles": {
    "p10": 0.000376596,
    "p25": 0.000469842,
    "p50": 0.00058753,
    "p75": 0.000746022,
    "p90": 0.000945185,
    "p95": 0.001069074,
    "p99": 0.00139203
  },
  "rps": {
    "mean": 79344.33132913895,
    "stddev": 9169.103047816465,
    "max": 96884.2253545084,
    "percentiles": {
      "p10": 65623.0993309654,
      "p25": 72912.21189410498,
      "p50": 80854.47165755545,
      "p75": 86442.87566633281,
      "p90": 90717.68994954336,
      "p95": 92568.10500251762,
      "p99": 94493.77168680054
    }
  },
  "details": {
    "DNSDialup": {
      "average": 0.00058391062,
      "fastest": 0.000115728,
      "slowest": 0.000976876
    },
    "DNSLookup": {
      "average": 0.00000888738,
      "fastest": 0.000003687,
      "slowest": 0.000063218
    }
  },
  "statusCodeDistribution": {
    "200": 793413
  },
  "errorDistribution": {}
}