{
  "summary": {
    "successRate": 1,
    "total": 10.000269041,
    "slowest": 0.003757659,
    "fastest": 0.000035203,
    "average": 0.0006295121489311411,
    "requestsPerSec": 79258.66761688057,
    "totalData": 10303904,
    "sizePerRequest": 13,
    "sizePerSec": 1030362.6790194474
  },
  "responseTimeHistogram": {
    "0.000035203": 1,
    "0.00040744859999999997": 111872,
    "0.0007796942": 510177,
    "0.0011519397999999999": 145458,
    "0.0015241853999999999": 22706,
    "0.0018964309999999999": 2284,
    "0.0022686766": 63,
    "0.0026409222": 14,
    "0.0030131678": 14,
    "0.0033854134": 18,
    "0.003757659": 1
  },
  "latencyPercentiles": {
    "p10": 0.000376279,
    "p25": 0.000467597,
    "p50": 0.000591364,
    "p75": 0.000748631,
    "p90": 0.000940015,
    "p95": 0.001062564,
    "p99": 0.00137677
  },
  "rps": {
    "mean": 79253.05901396018,
    "stddev": 9796.223153593273,
    "max": 100907.47655328101,
    "percentiles": {
      "p10": 66638.2076426513,
      "p25": 71421.37641796863,
      "p50": 79027.39215615529,
      "p75": 87073.76018225135,
      "p90": 92916.58561052756,
      "p95": 95365.10500271856,
      "p99": 98449.09656445509
    }
  },
  "details": {
    "DNSDialup": {
      "average": 0.0012761857800000001,
      "fastest": 0.00009601,
      "slowest": 0.002086531
    },
    "DNSLookup": {
      "average": 0.00002184788,
      "fastest": 0.000003627,
      "slowest": 0.00070408
    }
  },
  "statusCodeDistribution": {
    "200": 792608
  },
  "errorDistribution": {}
}