{
  "summary": {
    "successRate": 1,
    "total": 10.000630342,
    "slowest": 0.003515048,
    "fastest": 0.000030927,
    "average": 0.0006140439862728718,
    "requestsPerSec": 81242.97891381856,
    "totalData": 10562253,
    "sizePerRequest": 13,
    "sizePerSec": 1056158.7258796412
  },
  "responseTimeHistogram": {
    "0.000030927": 1,
    "0.00037933909999999995": 107222,
    "0.0007277512": 486647,
    "0.0010761632999999999": 178491,
    "0.0014245754": 31964,
    "0.0017729875": 7419,
    "0.0021213995999999997": 674,
    "0.0024698117": 52,
    "0.0028182237999999997": 3,
    "0.0031666358999999995": 6,
    "0.003515048": 2
  },
  "latencyPercentiles": {
    "p10": 0.000355096,
    "p25": 0.000444246,
    "p50": 0.000566554,
    "p75": 0.000745371,
    "p90": 0.000924333,
    "p95": 0.001073167,
    "p99": 0.001425235
  },
  "rps": {
    "mean": 81242.95412829707,
    "stddev": 11587.35484383187,
    "max": 104926.44146323939,
    "percentiles": {
      "p10": 65031.71596788082,
      "p25": 72186.49385694228,
      "p50": 82028.2100923692,
      "p75": 90260.23968396486,
      "p90": 96723.03173663592,
      "p95": 99244.44510137069,
      "p99": 103033.24448975419
    }
  },
  "details": {
    "DNSDialup": {
      "average": 0.0008801367600000001,
      "fastest": 0.000094917,
      "slowest": 0.001496303
    },
    "DNSLookup": {
      "average": 0.00000920228,
      "fastest": 0.000003236,
      "slowest": 0.000096841
    }
  },
  "statusCodeDistribution": {
    "200": 812481
  },
  "errorDistribution": {}
}