{
  "summary": {
    "successRate": 1,
    "total": 10.000943913,
    "slowest": 0.016785441,
    "fastest": 0.000031901,
    "average": 0.0008282004513895109,
    "requestsPerSec": 60238.51400835268,
    "totalData": 7831746,
    "sizePerRequest": 13,
    "sizePerSec": 783100.6821085849
  },
  "responseTimeHistogram": {
    "0.000031901": 1,
    "0.001707255": 590369,
    "0.003382609": 11445,
    "0.0050579629999999995": 222,
    "0.006733317": 60,
    "0.008408671000000001": 177,
    "0.010084025": 131,
    "0.011759379": 13,
    "0.013434733": 18,
    "0.015110087000000001": 0,
    "0.016785441": 6
  },
  "latencyPercentiles": {
    "p10": 0.000498405,
    "p25": 0.000635206,
    "p50": 0.000773707,
    "p75": 0.000928708,
    "p90": 0.001247618,
    "p95": 0.001423913,
    "p99": 0.001880517
  },
  "rps": {
    "mean": 60227.233847996475,
    "stddev": 9686.317225993665,
    "max": 77913.52022042181,
    "percentiles": {
      "p10": 48466.670752286685,
      "p25": 51417.76998130642,
      "p50": 59006.53202309687,
      "p75": 70308.49326598825,
      "p90": 72291.86850649859,
      "p95": 73041.31216615559,
      "p99": 74553.87871879835
    }
  },
  "details": {
    "DNSDialup": {
      "average": 0.0013755816999999994,
      "fastest": 0.000138702,
      "slowest": 0.001666424
    },
    "DNSLookup": {
      "average": 0.000006666060000000001,
      "fastest": 0.0000035,
      "slowest": 0.000045
    }
  },
  "statusCodeDistribution": {
    "200": 602442
  },
  "errorDistribution": {}
}