{
  "summary": {
    "successRate": 1,
    "total": 10.001438694,
    "slowest": 0.016269537,
    "fastest": 0.0000269,
    "average": 0.0007118189131782,
    "requestsPerSec": 70092.11588934227,
    "totalData": 9113286,
    "sizePerRequest": 13,
    "sizePerSec": 911197.5065614494
  },
  "responseTimeHistogram": {
    "0.0000269": 1,
    "0.0016511637000000002": 694619,
    "0.0032754274": 3918,
    "0.004899691100000001": 786,
    "0.0065239548000000005": 242,
    "0.0081482185": 200,
    "0.009772482200000002": 1151,
    "0.011396745900000001": 10,
    "0.013021009600000001": 93,
    "0.0146452733": 0,
    "0.016269537": 2
  },
  "latencyPercentiles": {
    "p10": 0.000477307,
    "p25": 0.000562404,
    "p50": 0.000745506,
    "p75": 0.000784706,
    "p90": 0.000825007,
    "p95": 0.000873112,
    "p99": 0.001556223
  },
  "rps": {
    "mean": 70084.29675098577,
    "stddev": 6957.0006239911145,
    "max": 83831.96411146579,
    "percentiles": {
      "p10": 64407.43905921148,
      "p25": 69427.91696541072,
      "p50": 71422.21796277839,
      "p75": 72738.95898644083,
      "p90": 74684.03276487686,
      "p95": 77113.27119397292,
      "p99": 81931.57642955598
    }
  },
  "details": {
    "DNSDialup": {
      "average": 0.0016868885599999998,
      "fastest": 0.000167302,
      "slowest": 0.002205932
    },
    "DNSLookup": {
      "average": 0.000006942119999999997,
      "fastest": 0.0000039,
      "slowest": 0.000044501
    }
  },
  "statusCodeDistribution": {
    "200": 701022
  },
  "errorDistribution": {}
}