{
  "summary": {
    "successRate": 1,
    "total": 10.000833581,
    "slowest": 0.005102264,
    "fastest": 0.000031596,
    "average": 0.0005971421067982103,
    "requestsPerSec": 83543.13600291475,
    "totalData": 10861513,
    "sizePerRequest": 13,
    "sizePerSec": 1086060.7680378917
  },
  "responseTimeHistogram": {
    "0.000031596": 1,
    "0.0005386627999999999": 373610,
    "0.0010457296": 430929,
    "0.0015527964": 27507,
    "0.0020598632": 2689,
    "0.00256693": 558,
    "0.0030739968": 98,
    "0.0035810636": 54,
    "0.0040881304": 44,
    "0.0045951972": 5,
    "0.005102264": 6
  },
  "latencyPercentiles": {
    "p10": 0.000364745,
    "p25": 0.000453008,
    "p50": 0.000562204,
    "p75": 0.000699491,
    "p90": 0.000871072,
    "p95": 0.000992461,
    "p99": 0.001333409
  },
  "rps": {
    "mean": 83540.27181411177,
    "stddev": 9010.562240747779,
    "max": 100511.86039952416,
    "percentiles": {
      "p10": 70125.83435737995,
      "p25": 79707.69976378465,
      "p50": 84427.97943238362,
      "p75": 89451.33329274983,
      "p90": 94919.82875222505,
      "p95": 96911.93955095277,
      "p99": 99427.79006732925
    }
  },
  "details": {
    "DNSDialup": {
      "average": 0.00077150474,
      "fastest": 0.000092271,
      "slowest": 0.001205909
    },
    "DNSLookup": {
      "average": 0.00000850116,
      "fastest": 0.000003777,
      "slowest": 0.00005354
    }
  },
  "statusCodeDistribution": {
    "200": 835501
  },
  "errorDistribution": {}
}