{
  "summary": {
    "successRate": 1,
    "total": 10.000498545,
    "slowest": 0.016344337,
    "fastest": 0.000044,
    "average": 0.001213618843558708,
    "requestsPerSec": 41095.15122178342,
    "totalData": 5342636,
    "sizePerRequest": 13,
    "sizePerSec": 534236.9658831845
  },
  "responseTimeHistogram": {
    "0.000044": 1,
    "0.0016740337000000001": 345221,
    "0.0033040674000000005": 59242,
    "0.0049341011": 5337,
    "0.0065641348": 630,
    "0.008194168500000001": 153,
    "0.009824202200000002": 295,
    "0.011454235900000002": 59,
    "0.013084269600000002": 25,
    "0.014714303300000002": 5,
    "0.016344337": 4
  },
  "latencyPercentiles": {
    "p10": 0.000658101,
    "p25": 0.000817102,
    "p50": 0.001013703,
    "p75": 0.001315603,
    "p90": 0.002213905,
    "p95": 0.002564305,
    "p99": 0.003753808
  },
  "rps": {
    "mean": 41084.91801860852,
    "stddev": 13014.612850251782,
    "max": 60340.29524916924,
    "percentiles": {
      "p10": 21713.416720191377,
      "p25": 28123.68233015183,
      "p50": 45600.355682776375,
      "p75": 52529.82643545092,
      "p90": 55207.055461687,
      "p95": 56233.05378901628,
      "p99": 58060.95623532745
    }
  },
  "details": {
    "DNSDialup": {
      "average": 0.0017517717800000006,
      "fastest": 0.0000983,
      "slowest": 0.003129107
    },
    "DNSLookup": {
      "average": 0.00001037206,
      "fastest": 0.0000069,
      "slowest": 0.0001132
    }
  },
  "statusCodeDistribution": {
    "200": 410972
  },
  "errorDistribution": {}
}