{
  "summary": {
    "successRate": 1,
    "total": 10.000353915,
    "slowest": 0.005279089,
    "fastest": 0.000034244,
    "average": 0.0006055865257225763,
    "requestsPerSec": 82391.68403471449,
    "totalData": 10711298,
    "sizePerRequest": 13,
    "sizePerSec": 1071091.8924512884
  },
  "responseTimeHistogram": {
    "0.000034244": 1,
    "0.0005587284999999999": 436318,
    "0.0010832129999999998": 360469,
    "0.0016076974999999997": 26425,
    "0.002132182": 656,
    "0.0026566665": 19,
    "0.0031811509999999997": 7,
    "0.0037056354999999994": 0,
    "0.0042301199999999995": 1,
    "0.0047546045": 31,
    "0.005279089": 19
  },
  "latencyPercentiles": {
    "p10": 0.00038873,
    "p25": 0.000456457,
    "p50": 0.000543559,
    "p75": 0.000721557,
    "p90": 0.000923183,
    "p95": 0.001011828,
    "p99": 0.001308701
  },
  "rps": {
    "mean": 82394.94078349983,
    "stddev": 9633.303796805672,
    "max": 102977.23292469278,
    "percentiles": {
      "p10": 68210.86994801604,
      "p25": 74673.48617774753,
      "p50": 84211.60564095488,
      "p75": 89614.73266204976,
      "p90": 93516.08476658376,
      "p95": 96931.0224708324,
      "p99": 100150.92674624998
    }
  },
  "details": {
    "DNSDialup": {
      "average": 0.0009465369000000001,
      "fastest": 0.000283652,
      "slowest": 0.001456733
    },
    "DNSLookup": {
      "average": 0.000013618779999999998,
      "fastest": 0.000004548,
      "slowest": 0.000208573
    }
  },
  "statusCodeDistribution": {
    "200": 823946
  },
  "errorDistribution": {}
}