{
  "summary": {
    "successRate": 1,
    "total": 10.000684509,
    "slowest": 0.002864866,
    "fastest": 0.000036639,
    "average": 0.0006132899498004066,
    "requestsPerSec": 81345.73181144636,
    "totalData": 10575669,
    "sizePerRequest": 13,
    "sizePerSec": 1057494.5135488026
  },
  "responseTimeHistogram": {
    "0.000036639": 1,
    "0.00031946169999999996": 52163,
    "0.0006022843999999999": 410429,
    "0.0008851070999999999": 252562,
    "0.0011679298": 71356,
    "0.0014507525": 20667,
    "0.0017335751999999999": 5588,
    "0.0020163979": 624,
    "0.0022992206": 109,
    "0.0025820433": 11,
    "0.002864866": 3
  },
  "latencyPercentiles": {
    "p10": 0.000354384,
    "p25": 0.000444459,
    "p50": 0.0005641,
    "p75": 0.000746075,
    "p90": 0.000921969,
    "p95": 0.00107329,
    "p99": 0.001409921
  },
  "rps": {
    "mean": 81343.01007483574,
    "stddev": 11067.233201694064,
    "max": 107943.30174381252,
    "percentiles": {
      "p10": 67220.35432328876,
      "p25": 72850.50915191349,
      "p50": 80441.8941384702,
      "p75": 89830.62325946767,
      "p90": 96787.56645234548,
      "p95": 100327.99150963251,
      "p99": 104569.3399293068
    }
  },
  "details": {
    "DNSDialup": {
      "average": 0.0007057958,
      "fastest": 0.00006757,
      "slowest": 0.001201941
    },
    "DNSLookup": {
      "average": 0.000007624720000000002,
      "fastest": 0.000003046,
      "slowest": 0.000038222
    }
  },
  "statusCodeDistribution": {
    "200": 813513
  },
  "errorDistribution": {}
}