{
  "summary": {
    "successRate": 1,
    "total": 10.00067841,
    "slowest": 0.003505767,
    "fastest": 0.000032941,
    "average": 0.0006539975153936224,
    "requestsPerSec": 76247.22731185194,
    "totalData": 9912812,
    "sizePerRequest": 13,
    "sizePerSec": 991213.9550540751
  },
  "responseTimeHistogram": {
    "0.000032941": 1,
    "0.0003802236": 81091,
    "0.0007275062": 428145,
    "0.0010747888000000002": 206996,
    "0.0014220714000000001": 34582,
    "0.0017693540000000001": 10211,
    "0.0021166366": 1384,
    "0.0024639192": 103,
    "0.0028112018": 10,
    "0.0031584844": 0,
    "0.003505767": 1
  },
  "latencyPercentiles": {
    "p10": 0.00037463,
    "p25": 0.000472116,
    "p50": 0.000605838,
    "p75": 0.00080351,
    "p90": 0.000965931,
    "p95": 0.001121717,
    "p99": 0.001511216
  },
  "rps": {
    "mean": 76231.51208644317,
    "stddev": 11104.421932258341,
    "max": 103596.58309442119,
    "percentiles": {
      "p10": 61556.65553266509,
      "p25": 66985.1738144897,
      "p50": 76032.26098048619,
      "p75": 84750.92444625341,
      "p90": 91400.94497753559,
      "p95": 95010.23260205606,
      "p99": 98606.7742853955
    }
  },
  "details": {
    "DNSDialup": {
      "average": 0.0005528896199999999,
      "fastest": 0.000079878,
      "slowest": 0.000973013
    },
    "DNSLookup": {
      "average": 0.00000627348,
      "fastest": 0.000003196,
      "slowest": 0.000031218
    }
  },
  "statusCodeDistribution": {
    "200": 762524
  },
  "errorDistribution": {}
}