{
  "summary": {
    "successRate": 1,
    "total": 10.000585629,
    "slowest": 0.003147657,
    "fastest": 0.000030951,
    "average": 0.0006105423071710827,
    "requestsPerSec": 81695.6156678292,
    "totalData": 10621052,
    "sizePerRequest": 13,
    "sizePerSec": 1062043.0036817796
  },
  "responseTimeHistogram": {
    "0.000030951": 1,
    "0.00034262159999999997": 62849,
    "0.0006542922": 473726,
    "0.0009659628": 219177,
    "0.0012776334": 49225,
    "0.001589304": 10190,
    "0.0019009746": 1669,
    "0.0022126451999999997": 141,
    "0.0025243158": 18,
    "0.0028359864": 7,
    "0.003147657": 1
  },
  "latencyPercentiles": {
    "p10": 0.000365104,
    "p25": 0.000457136,
    "p50": 0.000572302,
    "p75": 0.000724897,
    "p90": 0.000913831,
    "p95": 0.00103282,
    "p99": 0.001354065
  },
  "rps": {
    "mean": 81691.35694382567,
    "stddev": 9682.378803295076,
    "max": 100016.62116961827,
    "percentiles": {
      "p10": 67164.98907607733,
      "p25": 74751.75353485395,
      "p50": 83269.80507759786,
      "p75": 89512.01251208017,
      "p90": 93223.22190457577,
      "p95": 95083.34922230193,
      "p99": 97258.39393971759
    }
  },
  "details": {
    "DNSDialup": {
      "average": 0.0005300885199999999,
      "fastest": 0.000076864,
      "slowest": 0.000777938
    },
    "DNSLookup": {
      "average": 0.000008052759999999997,
      "fastest": 0.000003557,
      "slowest": 0.000058209
    }
  },
  "statusCodeDistribution": {
    "200": 817004
  },
  "errorDistribution": {}
}