{
  "summary": {
    "successRate": 1,
    "total": 10.002368726,
    "slowest": 0.016803021,
    "fastest": 0.0000274,
    "average": 0.0006286164783269361,
    "requestsPerSec": 79397.79283837612,
    "totalData": 10324158,
    "sizePerRequest": 13,
    "sizePerSec": 1032171.3068988895
  },
  "responseTimeHistogram": {
    "0.0000274": 1,
    "0.0017049621": 789682,
    "0.0033825242": 2025,
    "0.005060086300000001": 770,
    "0.006737648400000001": 239,
    "0.0084152105": 842,
    "0.010092772600000001": 489,
    "0.011770334700000001": 26,
    "0.013447896800000001": 87,
    "0.015125458900000001": 1,
    "0.016803021": 4
  },
  "latencyPercentiles": {
    "p10": 0.000426698,
    "p25": 0.000497397,
    "p50": 0.000656697,
    "p75": 0.000688394,
    "p90": 0.000717997,
    "p95": 0.000776294,
    "p99": 0.001343693
  },
  "rps": {
    "mean": 79380.08107670491,
    "stddev": 7741.704909104828,
    "max": 96916.93138791334,
    "percentiles": {
      "p10": 73580.29697533404,
      "p25": 79335.51851164686,
      "p50": 81007.92257482313,
      "p75": 82314.72646816896,
      "p90": 83969.03165663221,
      "p95": 85915.86866094016,
      "p99": 93921.65348669255
    }
  },
  "details": {
    "DNSDialup": {
      "average": 0.00141641128,
      "fastest": 0.0000831,
      "slowest": 0.002690687
    },
    "DNSLookup": {
      "average": 0.00000685596,
      "fastest": 0.0000031,
      "slowest": 0.0000319
    }
  },
  "statusCodeDistribution": {
    "200": 794166
  },
  "errorDistribution": {}
}