{
  "summary": {
    "successRate": 1,
    "total": 10.001080768,
    "slowest": 0.01644081,
    "fastest": 0.000031001,
    "average": 0.0007931733826517748,
    "requestsPerSec": 62910.20086680296,
    "totalData": 8179210,
    "sizePerRequest": 13,
    "sizePerSec": 817832.6112684385
  },
  "responseTimeHistogram": {
    "0.000031001": 1,
    "0.0016719819": 617420,
    "0.0033129628000000003": 10903,
    "0.0049539437": 289,
    "0.0065949246000000005": 146,
    "0.0082359055": 130,
    "0.0098768864": 256,
    "0.0115178673": 10,
    "0.0131588482": 12,
    "0.0147998291": 0,
    "0.01644081": 3
  },
  "latencyPercentiles": {
    "p10": 0.00048351,
    "p25": 0.000605812,
    "p50": 0.000742714,
    "p75": 0.000877317,
    "p90": 0.001194623,
    "p95": 0.001369626,
    "p99": 0.001845935
  },
  "rps": {
    "mean": 62878.247469397356,
    "stddev": 10298.566257169326,
    "max": 84766.17779643496,
    "percentiles": {
      "p10": 51591.517871734686,
      "p25": 54585.449694469884,
      "p50": 60631.04187079616,
      "p75": 73169.845529097,
      "p90": 75110.39925037858,
      "p95": 76056.13976100562,
      "p99": 79026.9640001175
    }
  },
  "details": {
    "DNSDialup": {
      "average": 0.0015522481000000005,
      "fastest": 0.000077302,
      "slowest": 0.004058879
    },
    "DNSLookup": {
      "average": 0.00000768412,
      "fastest": 0.000004,
      "slowest": 0.000030901
    }
  },
  "statusCodeDistribution": {
    "200": 629170
  },
  "errorDistribution": {}
}