{
  "summary": {
    "successRate": 1,
    "total": 10.000631596,
    "slowest": 0.003055927,
    "fastest": 0.000032901,
    "average": 0.0006048083008724235,
    "requestsPerSec": 82487.89009785658,
    "totalData": 10724103,
    "sizePerRequest": 13,
    "sizePerSec": 1072342.5712721355
  },
  "responseTimeHistogram": {
    "0.000032901": 1,
    "0.0003352036": 64930,
    "0.0006375062": 465080,
    "0.0009398088": 223345,
    "0.0012421113999999999": 54571,
    "0.001544414": 13919,
    "0.0018467166000000002": 2824,
    "0.0021490192": 205,
    "0.0024513218": 30,
    "0.0027536244000000002": 6,
    "0.003055927": 20
  },
  "latencyPercentiles": {
    "p10": 0.000354552,
    "p25": 0.000440524,
    "p50": 0.000557543,
    "p75": 0.000731071,
    "p90": 0.000913086,
    "p95": 0.001050566,
    "p99": 0.001385433
  },
  "rps": {
    "mean": 82479.38686482391,
    "stddev": 11349.60066766848,
    "max": 106682.1821267744,
    "percentiles": {
      "p10": 66738.3812430528,
      "p25": 73304.33961690542,
      "p50": 83005.66621308656,
      "p75": 91310.55550021576,
      "p90": 97938.7151741126,
      "p95": 100166.69230516763,
      "p99": 103581.88774932492
    }
  },
  "details": {
    "DNSDialup": {
      "average": 0.0005482412800000001,
      "fastest": 0.000071971,
      "slowest": 0.000926493
    },
    "DNSLookup": {
      "average": 0.0000061049399999999975,
      "fastest": 0.000003185,
      "slowest": 0.000025819
    }
  },
  "statusCodeDistribution": {
    "200": 824931
  },
  "errorDistribution": {}
}