{
  "summary": {
    "successRate": 1,
    "total": 10.001631573,
    "slowest": 0.006256874,
    "fastest": 0.000034055,
    "average": 0.0006533650566375641,
    "requestsPerSec": 76417.43193813205,
    "totalData": 9935887,
    "sizePerRequest": 13,
    "sizePerSec": 993426.6151957166
  },
  "responseTimeHistogram": {
    "0.000034055": 1,
    "0.0006563369": 476577,
    "0.0012786188": 271916,
    "0.0019009007": 14964,
    "0.0025231826": 537,
    "0.0031454645": 156,
    "0.0037677464": 88,
    "0.0043900282999999995": 25,
    "0.0050123102": 0,
    "0.0056345921": 7,
    "0.006256874": 28
  },
  "latencyPercentiles": {
    "p10": 0.000421137,
    "p25": 0.000497469,
    "p50": 0.000587517,
    "p75": 0.000780076,
    "p90": 0.000972586,
    "p95": 0.001092098,
    "p99": 0.001441321
  },
  "rps": {
    "mean": 76445.58896610966,
    "stddev": 6960.505697056005,
    "max": 106942.97562905872,
    "percentiles": {
      "p10": 67303.62093480844,
      "p25": 72803.78579686262,
      "p50": 78239.02262766771,
      "p75": 80913.52064929983,
      "p90": 83088.05672251098,
      "p95": 85031.67429867438,
      "p99": 89168.86511452949
    }
  },
  "details": {
    "DNSDialup": {
      "average": 0.0007486460000000001,
      "fastest": 0.000117166,
      "slowest": 0.001332667
    },
    "DNSLookup": {
      "average": 0.000006050740000000001,
      "fastest": 0.000002494,
      "slowest": 0.000034775
    }
  },
  "statusCodeDistribution": {
    "200": 764299
  },
  "errorDistribution": {}
}