{
  "summary": {
    "successRate": 1,
    "total": 10.000753722,
    "slowest": 0.003323942,
    "fastest": 0.000029355,
    "average": 0.0006118375200478836,
    "requestsPerSec": 81551.15331016247,
    "totalData": 10602449,
    "sizePerRequest": 13,
    "sizePerSec": 1060164.993032112
  },
  "responseTimeHistogram": {
    "0.000029355": 1,
    "0.0003588137": 66562,
    "0.0006882724": 514044,
    "0.0010177311": 182647,
    "0.0013471898": 42335,
    "0.0016766485": 9095,
    "0.0020061072": 785,
    "0.0023355659": 84,
    "0.0026650246": 19,
    "0.0029944833": 0,
    "0.003323942": 1
  },
  "latencyPercentiles": {
    "p10": 0.000376102,
    "p25": 0.000469738,
    "p50": 0.000551148,
    "p75": 0.000727115,
    "p90": 0.000919176,
    "p95": 0.001058083,
    "p99": 0.001382489
  },
  "rps": {
    "mean": 81554.90917847274,
    "stddev": 10142.847810921543,
    "max": 105803.94889649093,
    "percentiles": {
      "p10": 67643.45146753217,
      "p25": 73748.79220091976,
      "p50": 82665.28134520583,
      "p75": 87812.20589661751,
      "p90": 94994.03570286211,
      "p95": 98448.20023883772,
      "p99": 103630.74421507372
    }
  },
  "details": {
    "DNSDialup": {
      "average": 0.0005327639600000001,
      "fastest": 0.000081613,
      "slowest": 0.000827692
    },
    "DNSLookup": {
      "average": 0.000006489100000000001,
      "fastest": 0.000003206,
      "slowest": 0.000031939
    }
  },
  "statusCodeDistribution": {
    "200": 815573
  },
  "errorDistribution": {}
}