{
  "summary": {
    "successRate": 1,
    "total": 10.001011946,
    "slowest": 0.016793211,
    "fastest": 0.000032,
    "average": 0.000856579027440399,
    "requestsPerSec": 58254.904918198765,
    "totalData": 7573904,
    "sizePerRequest": 13,
    "sizePerSec": 757313.7639365839
  },
  "responseTimeHistogram": {
    "0.000032": 1,
    "0.0017081210999999998": 565688,
    "0.0033842421999999996": 15954,
    "0.0050603633": 416,
    "0.006736484399999999": 162,
    "0.0084126055": 201,
    "0.0100887266": 141,
    "0.011764847699999999": 12,
    "0.0134409688": 26,
    "0.0151170899": 1,
    "0.016793211": 6
  },
  "latencyPercentiles": {
    "p10": 0.000513406,
    "p25": 0.000633208,
    "p50": 0.000783109,
    "p75": 0.000951012,
    "p90": 0.001334917,
    "p95": 0.001527019,
    "p99": 0.002080826
  },
  "rps": {
    "mean": 58216.97018914802,
    "stddev": 11820.045879284753,
    "max": 75853.04384010923,
    "percentiles": {
      "p10": 43095.73081615325,
      "p25": 47199.53603859674,
      "p50": 63906.86998852595,
      "p75": 69008.55221067382,
      "p90": 70624.54202835461,
      "p95": 71243.2837198207,
      "p99": 72445.28814633357
    }
  },
  "details": {
    "DNSDialup": {
      "average": 0.0013754012000000001,
      "fastest": 0.000079701,
      "slowest": 0.002325829
    },
    "DNSLookup": {
      "average": 0.000007526060000000001,
      "fastest": 0.0000035,
      "slowest": 0.0000773
    }
  },
  "statusCodeDistribution": {
    "200": 582608
  },
  "errorDistribution": {}
}