{
  "summary": {
    "successRate": 1,
    "total": 10.000803103,
    "slowest": 0.016872559,
    "fastest": 0.000034201,
    "average": 0.000941133721978367,
    "requestsPerSec": 53011.04266726007,
    "totalData": 6891989,
    "sizePerRequest": 13,
    "sizePerSec": 689143.5546743809
  },
  "responseTimeHistogram": {
    "0.000034201": 2,
    "0.0017180367999999997": 510174,
    "0.0034018725999999996": 19076,
    "0.005085708399999999": 460,
    "0.006769544199999999": 139,
    "0.008453379999999998": 117,
    "0.010137215799999997": 151,
    "0.011821051599999997": 13,
    "0.013504887399999997": 15,
    "0.015188723199999997": 0,
    "0.016872559": 6
  },
  "latencyPercentiles": {
    "p10": 0.000566222,
    "p25": 0.000709527,
    "p50": 0.000854034,
    "p75": 0.001087842,
    "p90": 0.001385452,
    "p95": 0.00161856,
    "p99": 0.00223318
  },
  "rps": {
    "mean": 52981.94689490635,
    "stddev": 9555.06366856624,
    "max": 73047.91403949884,
    "percentiles": {
      "p10": 43319.17103952974,
      "p25": 46795.97855201183,
      "p50": 50531.93889244854,
      "p75": 61812.41811479593,
      "p90": 65533.48105547229,
      "p95": 66614.16936083448,
      "p99": 69008.34310868103
    }
  },
  "details": {
    "DNSDialup": {
      "average": 0.0017454904800000002,
      "fastest": 0.000231509,
      "slowest": 0.002119876
    },
    "DNSLookup": {
      "average": 0.000009400380000000001,
      "fastest": 0.0000039,
      "slowest": 0.000060403
    }
  },
  "statusCodeDistribution": {
    "200": 530153
  },
  "errorDistribution": {}
}