{
  "summary": {
    "successRate": 1,
    "total": 10.000557673,
    "slowest": 0.003854966,
    "fastest": 0.000033512,
    "average": 0.0006555031795440128,
    "requestsPerSec": 76102.45597150711,
    "totalData": 9893871,
    "sizePerRequest": 13,
    "sizePerSec": 989331.9276295924
  },
  "responseTimeHistogram": {
    "0.000033512": 1,
    "0.00041565739999999997": 104210,
    "0.0007978028": 477774,
    "0.0011799482": 152108,
    "0.0015620936": 24058,
    "0.0019442390000000002": 2868,
    "0.0023263843999999996": 22,
    "0.0027085297999999997": 15,
    "0.0030906752": 5,
    "0.0034728206": 5,
    "0.003854966": 1
  },
  "latencyPercentiles": {
    "p10": 0.000386678,
    "p25": 0.000481386,
    "p50": 0.000617311,
    "p75": 0.000785054,
    "p90": 0.000978954,
    "p95": 0.001102616,
    "p99": 0.001428173
  },
  "rps": {
    "mean": 76088.37327164452,
    "stddev": 9866.606729260338,
    "max": 99765.72887221388,
    "percentiles": {
      "p10": 64000.990257081954,
      "p25": 68162.3695805739,
      "p50": 74849.07105098089,
      "p75": 83296.98069996094,
      "p90": 90037.41054407554,
      "p95": 94262.48660236687,
      "p99": 97616.1554737345
    }
  },
  "details": {
    "DNSDialup": {
      "average": 0.0010985616400000003,
      "fastest": 0.000137336,
      "slowest": 0.001732922
    },
    "DNSLookup": {
      "average": 0.000012389700000000001,
      "fastest": 0.000005249,
      "slowest": 0.00006429
    }
  },
  "statusCodeDistribution": {
    "200": 761067
  },
  "errorDistribution": {}
}