{
  "summary": {
    "successRate": 1,
    "total": 10.000621932,
    "slowest": 0.013008374,
    "fastest": 0.000026201,
    "average": 0.0009092046400161777,
    "requestsPerSec": 54872.38731064151,
    "totalData": 7133854,
    "sizePerRequest": 13,
    "sizePerSec": 713341.0350383397
  },
  "responseTimeHistogram": {
    "0.000026201": 1,
    "0.0013244183": 485602,
    "0.0026226356": 59109,
    "0.0039208529": 2048,
    "0.0052190702": 923,
    "0.0065172875": 628,
    "0.0078155048": 134,
    "0.0091137221": 253,
    "0.0104119394": 18,
    "0.0117101567": 11,
    "0.013008374": 31
  },
  "latencyPercentiles": {
    "p10": 0.000530511,
    "p25": 0.000665014,
    "p50": 0.000819217,
    "p75": 0.001026422,
    "p90": 0.001364229,
    "p95": 0.001604534,
    "p99": 0.002371551
  },
  "rps": {
    "mean": 54862.260787876876,
    "stddev": 11182.40964133988,
    "max": 79726.69368894183,
    "percentiles": {
      "p10": 42478.5343142384,
      "p25": 47734.30664618985,
      "p50": 54031.813932037185,
      "p75": 64217.2744468281,
      "p90": 68864.69701372474,
      "p95": 71378.43061956385,
      "p99": 74228.43968496175
    }
  },
  "details": {
    "DNSDialup": {
      "average": 0.0017565609000000002,
      "fastest": 0.000095202,
      "slowest": 0.001956541
    },
    "DNSLookup": {
      "average": 0.00000614814,
      "fastest": 0.0000043,
      "slowest": 0.000040501
    }
  },
  "statusCodeDistribution": {
    "200": 548758
  },
  "errorDistribution": {}
}