{
  "summary": {
    "successRate": 1,
    "total": 10.000689643,
    "slowest": 0.002756884,
    "fastest": 0.000034254,
    "average": 0.0006019416069162721,
    "requestsPerSec": 82874.0846467642,
    "totalData": 10774374,
    "sizePerRequest": 13,
    "sizePerSec": 1077363.1004079345
  },
  "responseTimeHistogram": {
    "0.000034254": 1,
    "0.00030651699999999997": 46691,
    "0.0005787799999999999": 405137,
    "0.0008510429999999999": 264235,
    "0.001123306": 84441,
    "0.001395569": 20633,
    "0.0016678319999999997": 6760,
    "0.0019400949999999998": 796,
    "0.0022123579999999998": 76,
    "0.002484621": 12,
    "0.002756884": 16
  },
  "latencyPercentiles": {
    "p10": 0.00035095,
    "p25": 0.000436672,
    "p50": 0.000556106,
    "p75": 0.000730293,
    "p90": 0.000909199,
    "p95": 0.001041288,
    "p99": 0.001381602
  },
  "rps": {
    "mean": 82867.40261052945,
    "stddev": 11296.373696277731,
    "max": 107009.79139591727,
    "percentiles": {
      "p10": 67451.82323579188,
      "p25": 74052.3721005417,
      "p50": 82865.09052861016,
      "p75": 91670.99220189734,
      "p90": 98690.05995521638,
      "p95": 101211.2546915213,
      "p99": 104687.5848453726
    }
  },
  "details": {
    "DNSDialup": {
      "average": 0.0005682053999999999,
      "fastest": 0.000080331,
      "slowest": 0.000968983
    },
    "DNSLookup": {
      "average": 0.000006673980000000001,
      "fastest": 0.000003346,
      "slowest": 0.000040035
    }
  },
  "statusCodeDistribution": {
    "200": 828798
  },
  "errorDistribution": {}
}