{
  "summary": {
    "successRate": 1,
    "total": 10.000564892,
    "slowest": 0.003609681,
    "fastest": 0.000032338,
    "average": 0.0006298778580492399,
    "requestsPerSec": 79194.12638715569,
    "totalData": 10295818,
    "sizePerRequest": 13,
    "sizePerSec": 1029523.643033024
  },
  "responseTimeHistogram": {
    "0.000032338": 1,
    "0.0003900723": 93528,
    "0.0007478066": 502016,
    "0.0011055409": 163552,
    "0.0014632752": 28436,
    "0.0018210095000000001": 4287,
    "0.0021787437999999998": 117,
    "0.0025364781": 3,
    "0.0028942124": 28,
    "0.0032519466999999997": 13,
    "0.003609681": 5
  },
  "latencyPercentiles": {
    "p10": 0.000374667,
    "p25": 0.000466784,
    "p50": 0.000590112,
    "p75": 0.000746162,
    "p90": 0.000952908,
    "p95": 0.001073204,
    "p99": 0.001379152
  },
  "rps": {
    "mean": 79193.62642611595,
    "stddev": 9731.332224074033,
    "max": 101461.99327788767,
    "percentiles": {
      "p10": 66646.746919613,
      "p25": 70841.44970948852,
      "p50": 78784.57777337646,
      "p75": 87135.25647896675,
      "p90": 92719.96260795202,
      "p95": 95185.42069588826,
      "p99": 97658.50721167351
    }
  },
  "details": {
    "DNSDialup": {
      "average": 0.0012679303799999998,
      "fastest": 0.000113897,
      "slowest": 0.00248696
    },
    "DNSLookup": {
      "average": 0.00001489444,
      "fastest": 0.000004468,
      "slowest": 0.000310674
    }
  },
  "statusCodeDistribution": {
    "200": 791986
  },
  "errorDistribution": {}
}