{
  "summary": {
    "successRate": 1,
    "total": 10.000559175,
    "slowest": 0.003283367,
    "fastest": 0.000032941,
    "average": 0.0006383863805434214,
    "requestsPerSec": 78153.3298611775,
    "totalData": 10160501,
    "sizePerRequest": 13,
    "sizePerSec": 1015993.2881953074
  },
  "responseTimeHistogram": {
    "0.000032941": 1,
    "0.0003579836": 61243,
    "0.0006830262000000001": 444365,
    "0.0010080688000000003": 216438,
    "0.0013331114000000002": 47159,
    "0.0016581540000000002": 11162,
    "0.0019831966": 1059,
    "0.0023082392": 101,
    "0.0026332818": 25,
    "0.0029583244": 13,
    "0.003283367": 11
  },
  "latencyPercentiles": {
    "p10": 0.000379997,
    "p25": 0.000471571,
    "p50": 0.000596363,
    "p75": 0.000760601,
    "p90": 0.000957691,
    "p95": 0.001091992,
    "p99": 0.001412983
  },
  "rps": {
    "mean": 78148.6433327721,
    "stddev": 10834.90626981399,
    "max": 99988.19959085893,
    "percentiles": {
      "p10": 64043.79314575449,
      "p25": 68644.08323025044,
      "p50": 78041.58055412327,
      "p75": 86615.7121102758,
      "p90": 93194.51100398021,
      "p95": 95589.47174555548,
      "p99": 97850.23925735643
    }
  },
  "details": {
    "DNSDialup": {
      "average": 0.00117540466,
      "fastest": 0.000090176,
      "slowest": 0.002097797
    },
    "DNSLookup": {
      "average": 0.000008527939999999998,
      "fastest": 0.000003717,
      "slowest": 0.000056054
    }
  },
  "statusCodeDistribution": {
    "200": 781577
  },
  "errorDistribution": {}
}