{
  "summary": {
    "successRate": 1,
    "total": 10.000658658,
    "slowest": 0.002755479,
    "fastest": 0.000029257,
    "average": 0.0006123788901002251,
    "requestsPerSec": 81439.73590664272,
    "totalData": 10587863,
    "sizePerRequest": 13,
    "sizePerSec": 1058716.5667863553
  },
  "responseTimeHistogram": {
    "0.000029257": 1,
    "0.0003018792": 35076,
    "0.0005745014": 375308,
    "0.0008471236": 290789,
    "0.0011197458": 86411,
    "0.001392368": 19853,
    "0.0016649902": 5718,
    "0.0019376124": 1144,
    "0.0022102346": 97,
    "0.0024828568": 13,
    "0.002755479": 41
  },
  "latencyPercentiles": {
    "p10": 0.000367673,
    "p25": 0.000458547,
    "p50": 0.000572654,
    "p75": 0.000722062,
    "p90": 0.00092027,
    "p95": 0.001048317,
    "p99": 0.001363723
  },
  "rps": {
    "mean": 81433.69453340027,
    "stddev": 9204.946143236486,
    "max": 100103.01310069683,
    "percentiles": {
      "p10": 68146.24404120276,
      "p25": 74944.22825102479,
      "p50": 82635.75649183645,
      "p75": 88653.10320882408,
      "p90": 92606.58432814578,
      "p95": 94507.90086051295,
      "p99": 96826.94693932889
    }
  },
  "details": {
    "DNSDialup": {
      "average": 0.0006594728399999999,
      "fastest": 0.000167819,
      "slowest": 0.000971682
    },
    "DNSLookup": {
      "average": 0.000008933080000000005,
      "fastest": 0.000003867,
      "slowest": 0.000054391
    }
  },
  "statusCodeDistribution": {
    "200": 814451
  },
  "errorDistribution": {}
}