{
  "summary": {
    "successRate": 1,
    "total": 10.000297606,
    "slowest": 0.004132386,
    "fastest": 0.00003263,
    "average": 0.000621368167357657,
    "requestsPerSec": 80289.7105300408,
    "totalData": 10437973,
    "sizePerRequest": 13,
    "sizePerSec": 1043766.2368905303
  },
  "responseTimeHistogram": {
    "0.00003263": 1,
    "0.00044260560000000004": 169404,
    "0.0008525812": 514906,
    "0.0012625568": 104776,
    "0.0016725324000000001": 13237,
    "0.0020825080000000003": 561,
    "0.0024924836": 28,
    "0.0029024592": 7,
    "0.0033124348000000002": 0,
    "0.0037224104000000004": 0,
    "0.004132386": 1
  },
  "latencyPercentiles": {
    "p10": 0.00037062,
    "p25": 0.000461949,
    "p50": 0.000582619,
    "p75": 0.000738343,
    "p90": 0.000933827,
    "p95": 0.001053996,
    "p99": 0.001360997
  },
  "rps": {
    "mean": 80295.06143834797,
    "stddev": 9953.34334210095,
    "max": 101820.70014833681,
    "percentiles": {
      "p10": 67239.61611477198,
      "p25": 72244.87128955692,
      "p50": 79770.36543935392,
      "p75": 88464.40240591101,
      "p90": 93984.06684202938,
      "p95": 96379.1079718265,
      "p99": 99305.4618003944
    }
  },
  "details": {
    "DNSDialup": {
      "average": 0.0009035299200000003,
      "fastest": 0.000128689,
      "slowest": 0.001337978
    },
    "DNSLookup": {
      "average": 0.000008504759999999997,
      "fastest": 0.000004168,
      "slowest": 0.000051305
    }
  },
  "statusCodeDistribution": {
    "200": 802921
  },
  "errorDistribution": {}
}