{
  "summary": {
    "successRate": 1,
    "total": 10.000448027,
    "slowest": 0.00445865,
    "fastest": 0.000033683,
    "average": 0.0006436559417932323,
    "requestsPerSec": 77508.12742661935,
    "totalData": 10076508,
    "sizePerRequest": 13,
    "sizePerSec": 1007605.6565460515
  },
  "responseTimeHistogram": {
    "0.000033683": 1,
    "0.00047617970000000004": 196799,
    "0.0009186764": 480333,
    "0.0013611731000000003": 87350,
    "0.0018036698000000002": 10321,
    "0.0022461665": 260,
    "0.0026886632000000005": 20,
    "0.0031311599000000004": 9,
    "0.0035736566000000003": 5,
    "0.0040161533": 13,
    "0.00445865": 5
  },
  "latencyPercentiles": {
    "p10": 0.000382044,
    "p25": 0.000474093,
    "p50": 0.000603177,
    "p75": 0.000769098,
    "p90": 0.000965944,
    "p95": 0.001094256,
    "p99": 0.001412868
  },
  "rps": {
    "mean": 77516.38259766271,
    "stddev": 10041.89763151732,
    "max": 100561.94615883465,
    "percentiles": {
      "p10": 64726.58320771673,
      "p25": 69098.46461005241,
      "p50": 76912.32904634661,
      "p75": 85785.86307035209,
      "p90": 91300.73040584076,
      "p95": 93856.201093211,
      "p99": 96895.45353625972
    }
  },
  "details": {
    "DNSDialup": {
      "average": 0.0012189444400000002,
      "fastest": 0.000151322,
      "slowest": 0.002514339
    },
    "DNSLookup": {
      "average": 0.000011795739999999999,
      "fastest": 0.000004379,
      "slowest": 0.00006422
    }
  },
  "statusCodeDistribution": {
    "200": 775116
  },
  "errorDistribution": {}
}