{
  "summary": {
    "successRate": 1,
    "total": 10.000699045,
    "slowest": 0.00333004,
    "fastest": 0.00003376,
    "average": 0.0006059064596287242,
    "requestsPerSec": 82337.44424212899,
    "totalData": 10704616,
    "sizePerRequest": 13,
    "sizePerSec": 1070386.7751476767
  },
  "responseTimeHistogram": {
    "0.00003376": 1,
    "0.00036338799999999997": 93233,
    "0.000693016": 486596,
    "0.001022644": 196794,
    "0.001352272": 36615,
    "0.0016819": 9417,
    "0.002011528": 735,
    "0.0023411559999999996": 34,
    "0.002670784": 5,
    "0.003000412": 0,
    "0.00333004": 2
  },
  "latencyPercentiles": {
    "p10": 0.000353066,
    "p25": 0.000440832,
    "p50": 0.00056139,
    "p75": 0.000732221,
    "p90": 0.000910514,
    "p95": 0.001048766,
    "p99": 0.001390866
  },
  "rps": {
    "mean": 82339.32157452682,
    "stddev": 11629.911717644743,
    "max": 107013.52823501882,
    "percentiles": {
      "p10": 66350.08006648585,
      "p25": 72680.8080461811,
      "p50": 82616.82078471844,
      "p75": 91148.06712392728,
      "p90": 98223.42152551278,
      "p95": 101628.36447652307,
      "p99": 105362.22120097306
    }
  },
  "details": {
    "DNSDialup": {
      "average": 0.0008104314000000002,
      "fastest": 0.000107372,
      "slowest": 0.002188495
    },
    "DNSLookup": {
      "average": 0.000007194179999999998,
      "fastest": 0.000003377,
      "slowest": 0.000034073
    }
  },
  "statusCodeDistribution": {
    "200": 823432
  },
  "errorDistribution": {}
}