{
  "summary": {
    "successRate": 1,
    "total": 10.001977392,
    "slowest": 0.003511831,
    "fastest": 0.000031061,
    "average": 0.0006090051344377343,
    "requestsPerSec": 81920.60108587776,
    "totalData": 10651784,
    "sizePerRequest": 13,
    "sizePerSec": 1064967.814116411
  },
  "responseTimeHistogram": {
    "0.000031061": 1,
    "0.00037913799999999995": 69631,
    "0.0007272149999999999": 550233,
    "0.0010752919999999998": 170846,
    "0.0014233689999999998": 23861,
    "0.0017714459999999999": 4457,
    "0.002119523": 294,
    "0.0024676": 23,
    "0.002815677": 3,
    "0.003163754": 6,
    "0.003511831": 13
  },
  "latencyPercentiles": {
    "p10": 0.000392,
    "p25": 0.000463915,
    "p50": 0.000546292,
    "p75": 0.000719666,
    "p90": 0.000931883,
    "p95": 0.001021067,
    "p99": 0.001330359
  },
  "rps": {
    "mean": 81914.87881260233,
    "stddev": 8518.8015924793,
    "max": 98250.14687496686,
    "percentiles": {
      "p10": 68216.52886494412,
      "p25": 78298.98660573436,
      "p50": 83772.81533108551,
      "p75": 87069.24617147337,
      "p90": 91905.0789094366,
      "p95": 93783.06987685522,
      "p99": 96433.826856882
    }
  },
  "details": {
    "DNSDialup": {
      "average": 0.0006183167799999999,
      "fastest": 0.000085122,
      "slowest": 0.001050024
    },
    "DNSLookup": {
      "average": 0.000008314159999999998,
      "fastest": 0.000004157,
      "slowest": 0.000050464
    }
  },
  "statusCodeDistribution": {
    "200": 819368
  },
  "errorDistribution": {}
}