{
  "summary": {
    "successRate": 1,
    "total": 10.001540728,
    "slowest": 0.012868649,
    "fastest": 0.000031801,
    "average": 0.0008365046556497841,
    "requestsPerSec": 59620.514100455104,
    "totalData": 7751861,
    "sizePerRequest": 13,
    "sizePerSec": 775066.6833059164
  },
  "responseTimeHistogram": {
    "0.000031801": 2,
    "0.0013154858": 540145,
    "0.0025991706000000002": 54494,
    "0.0038828554000000003": 639,
    "0.0051665402": 359,
    "0.006450225": 227,
    "0.0077339098": 106,
    "0.0090175946": 262,
    "0.0103012794": 19,
    "0.0115849642": 5,
    "0.012868649000000001": 39
  },
  "latencyPercentiles": {
    "p10": 0.000500106,
    "p25": 0.000633207,
    "p50": 0.000772408,
    "p75": 0.000914411,
    "p90": 0.001301216,
    "p95": 0.001453419,
    "p99": 0.001977523
  },
  "rps": {
    "mean": 59599.855997648476,
    "stddev": 10992.958489299574,
    "max": 77522.24336822986,
    "percentiles": {
      "p10": 45973.944492319744,
      "p25": 49602.80476418911,
      "p50": 61574.773838064255,
      "p75": 70174.48065575761,
      "p90": 72144.267459063,
      "p95": 72982.317872172,
      "p99": 74717.05076372989
    }
  },
  "details": {
    "DNSDialup": {
      "average": 0.00150969062,
      "fastest": 0.000084701,
      "slowest": 0.002665436
    },
    "DNSLookup": {
      "average": 0.00000848018,
      "fastest": 0.0000036,
      "slowest": 0.0000371
    }
  },
  "statusCodeDistribution": {
    "200": 596297
  },
  "errorDistribution": {}
}
