{
  "summary": {
    "successRate": 1,
    "total": 10.001060652,
    "slowest": 0.018071931,
    "fastest": 0.000037101,
    "average": 0.0010873277553235642,
    "requestsPerSec": 45876.134138657355,
    "totalData": 5964530,
    "sizePerRequest": 13,
    "sizePerSec": 596389.7438025457
  },
  "responseTimeHistogram": {
    "0.000037101": 1,
    "0.001840584": 399159,
    "0.0036440669999999995": 55953,
    "0.00544755": 2791,
    "0.007251033": 350,
    "0.009054515999999999": 408,
    "0.010857998999999998": 91,
    "0.012661481999999998": 21,
    "0.014464964999999998": 14,
    "0.016268448": 10,
    "0.018071931": 12
  },
  "latencyPercentiles": {
    "p10": 0.000563404,
    "p25": 0.000705005,
    "p50": 0.000883807,
    "p75": 0.001200409,
    "p90": 0.001978114,
    "p95": 0.002264816,
    "p99": 0.003522425
  },
  "rps": {
    "mean": 45866.666288099914,
    "stddev": 14985.532026624353,
    "max": 70314.25269902253,
    "percentiles": {
      "p10": 25488.77229615469,
      "p25": 32969.9853879851,
      "p50": 48655.243530712985,
      "p75": 59314.39560380426,
      "p90": 64105.9490320741,
      "p95": 65674.13125406581,
      "p99": 67616.41726611477
    }
  },
  "details": {
    "DNSDialup": {
      "average": 0.0017376830399999997,
      "fastest": 0.000090301,
      "slowest": 0.002424019
    },
    "DNSLookup": {
      "average": 0.00001133612,
      "fastest": 0.0000063,
      "slowest": 0.000059401
    }
  },
  "statusCodeDistribution": {
    "200": 458810
  },
  "errorDistribution": {}
}