{
  "summary": {
    "successRate": 1,
    "total": 10.000297587,
    "slowest": 0.003066195,
    "fastest": 0.000033504,
    "average": 0.0006248869931415016,
    "requestsPerSec": 79840.12406170009,
    "totalData": 10379525,
    "sizePerRequest": 13,
    "sizePerSec": 1037921.6128021011
  },
  "responseTimeHistogram": {
    "0.000033504": 1,
    "0.0003367731": 54271,
    "0.0006400421999999999": 424571,
    "0.0009433113": 241471,
    "0.0012465803999999999": 61713,
    "0.0015498494999999998": 14103,
    "0.0018531186": 2148,
    "0.0021563877": 87,
    "0.0024596568": 20,
    "0.0027629259": 16,
    "0.003066195": 24
  },
  "latencyPercentiles": {
    "p10": 0.000370107,
    "p25": 0.000461548,
    "p50": 0.000585063,
    "p75": 0.0007461,
    "p90": 0.000939247,
    "p95": 0.001062231,
    "p99": 0.001380598
  },
  "rps": {
    "mean": 79834.42790033638,
    "stddev": 10667.836955849029,
    "max": 102596.42011562223,
    "percentiles": {
      "p10": 66116.595265412,
      "p25": 70900.27651108074,
      "p50": 79150.75146183779,
      "p75": 89408.05545507027,
      "p90": 94461.23922138874,
      "p95": 96635.71519842933,
      "p99": 100603.9839177643
    }
  },
  "details": {
    "DNSDialup": {
      "average": 0.00121882506,
      "fastest": 0.000098812,
      "slowest": 0.002304166
    },
    "DNSLookup": {
      "average": 0.00001130566,
      "fastest": 0.000004228,
      "slowest": 0.000129533
    }
  },
  "statusCodeDistribution": {
    "200": 798425
  },
  "errorDistribution": {}
}