{
  "summary": {
    "successRate": 1,
    "total": 10.00075935,
    "slowest": 0.003341278,
    "fastest": 0.000032078,
    "average": 0.0006146583911696516,
    "requestsPerSec": 81155.03749222803,
    "totalData": 10550956,
    "sizePerRequest": 13,
    "sizePerSec": 1055015.4873989644
  },
  "responseTimeHistogram": {
    "0.000032078": 1,
    "0.000362998": 96062,
    "0.000693918": 452259,
    "0.0010248380000000001": 217430,
    "0.001355758": 35164,
    "0.001686678": 9851,
    "0.0020175980000000002": 761,
    "0.002348518": 41,
    "0.002679438": 13,
    "0.0030103580000000003": 1,
    "0.003341278": 29
  },
  "latencyPercentiles": {
    "p10": 0.000347922,
    "p25": 0.000441304,
    "p50": 0.000571329,
    "p75": 0.000757454,
    "p90": 0.000914938,
    "p95": 0.001050338,
    "p99": 0.001408208
  },
  "rps": {
    "mean": 81140.40738146626,
    "stddev": 11947.201589496975,
    "max": 107153.8126447109,
    "percentiles": {
      "p10": 64772.62642322612,
      "p25": 71340.82121789636,
      "p50": 80744.3609519073,
      "p75": 90615.66744890441,
      "p90": 97624.68928391847,
      "p95": 100740.01393353674,
      "p99": 104774.29203479907
    }
  },
  "details": {
    "DNSDialup": {
      "average": 0.00059400748,
      "fastest": 0.000098834,
      "slowest": 0.000878943
    },
    "DNSLookup": {
      "average": 0.0000063693,
      "fastest": 0.000003396,
      "slowest": 0.000027762
    }
  },
  "statusCodeDistribution": {
    "200": 811612
  },
  "errorDistribution": {}
}