{
  "summary": {
    "successRate": 1,
    "total": 10.000639476,
    "slowest": 0.002927995,
    "fastest": 0.000038485,
    "average": 0.0006277789205274124,
    "requestsPerSec": 79461.31863938017,
    "totalData": 10330632,
    "sizePerRequest": 13,
    "sizePerSec": 1032997.1423119423
  },
  "responseTimeHistogram": {
    "0.000038485": 1,
    "0.000327436": 53392,
    "0.000616387": 391659,
    "0.0009053380000000001": 256517,
    "0.001194289": 68664,
    "0.00148324": 18424,
    "0.0017721910000000002": 5393,
    "0.002061142": 504,
    "0.002350093": 71,
    "0.002639044": 12,
    "0.002927995": 27
  },
  "latencyPercentiles": {
    "p10": 0.000359794,
    "p25": 0.000451219,
    "p50": 0.000579982,
    "p75": 0.000774333,
    "p90": 0.000934311,
    "p95": 0.001081971,
    "p99": 0.001434876
  },
  "rps": {
    "mean": 79460.50576311734,
    "stddev": 11559.636122513455,
    "max": 106711.36476035127,
    "percentiles": {
      "p10": 64355.45509566151,
      "p25": 69809.7943141419,
      "p50": 78948.81405172982,
      "p75": 88728.70986653697,
      "p90": 95669.781538652,
      "p95": 98800.83980713975,
      "p99": 103427.00516222228
    }
  },
  "details": {
    "DNSDialup": {
      "average": 0.0005085001000000002,
      "fastest": 0.000082064,
      "slowest": 0.000891827
    },
    "DNSLookup": {
      "average": 0.00000687514,
      "fastest": 0.000003256,
      "slowest": 0.000048491
    }
  },
  "statusCodeDistribution": {
    "200": 794664
  },
  "errorDistribution": {}
}