{
  "summary": {
    "successRate": 1,
    "total": 10.00072982,
    "slowest": 0.003044371,
    "fastest": 0.000026778,
    "average": 0.0004661986074526432,
    "requestsPerSec": 107036.08829220425,
    "totalData": 13915707,
    "sizePerRequest": 13,
    "sizePerSec": 1391469.1477986553
  },
  "responseTimeHistogram": {
    "0.000026778": 1,
    "0.0003285373": 167457,
    "0.0006302966": 766341,
    "0.0009320559": 127799,
    "0.0012338152000000002": 8376,
    "0.0015355745000000002": 374,
    "0.0018373338": 67,
    "0.0021390931": 3,
    "0.0024408524": 19,
    "0.0027426117": 1,
    "0.003044371": 1
  },
  "latencyPercentiles": {
    "p10": 0.000292304,
    "p25": 0.000371988,
    "p50": 0.000460005,
    "p75": 0.000529464,
    "p90": 0.000668299,
    "p95": 0.000741241,
    "p99": 0.000911356
  },
  "rps": {
    "mean": 107051.49582958208,
    "stddev": 6039.837261488197,
    "max": 124883.01621081147,
    "percentiles": {
      "p10": 99145.47537622154,
      "p25": 103457.17043238119,
      "p50": 107646.5140587226,
      "p75": 111111.4444787832,
      "p90": 114134.37493892925,
      "p95": 116015.45325837737,
      "p99": 119039.6898165784
    }
  },
  "details": {
    "DNSDialup": {
      "average": 0.00055947798,
      "fastest": 0.000054819,
      "slowest": 0.001286516
    },
    "DNSLookup": {
      "average": 0.000005260900000000002,
      "fastest": 0.000003095,
      "slowest": 0.000027427
    }
  },
  "statusCodeDistribution": {
    "200": 1070439
  },
  "errorDistribution": {}
}