{
  "summary": {
    "successRate": 1,
    "total": 10.00009353,
    "slowest": 0.010439266,
    "fastest": 0.000031901,
    "average": 0.000943895074693813,
    "requestsPerSec": 52852.60566957918,
    "totalData": 6870903,
    "sizePerRequest": 13,
    "sizePerSec": 687083.8737045293
  },
  "responseTimeHistogram": {
    "0.000031901": 1,
    "0.0010726375": 358113,
    "0.002113374": 165291,
    "0.0031541104999999996": 4820,
    "0.004194847": 166,
    "0.0052355835": 45,
    "0.006276319999999999": 40,
    "0.0073170564999999995": 13,
    "0.008357793": 15,
    "0.0093985295": 26,
    "0.010439266": 1
  },
  "latencyPercentiles": {
    "p10": 0.000512112,
    "p25": 0.000667415,
    "p50": 0.000823621,
    "p75": 0.001197631,
    "p90": 0.001447736,
    "p95": 0.001652738,
    "p99": 0.002109953
  },
  "rps": {
    "mean": 52851.3842456351,
    "stddev": 10793.877050821686,
    "max": 80327.90633585467,
    "percentiles": {
      "p10": 42251.84954063898,
      "p25": 45376.04266087163,
      "p50": 50243.06332958064,
      "p75": 61358.81311871807,
      "p90": 69480.27351766462,
      "p95": 71308.8779553005,
      "p99": 75637.8709516778
    }
  },
  "details": {
    "DNSDialup": {
      "average": 0.0014089409399999997,
      "fastest": 0.000080102,
      "slowest": 0.002317157
    },
    "DNSLookup": {
      "average": 0.0000073141000000000025,
      "fastest": 0.0000034,
      "slowest": 0.000048401
    }
  },
  "statusCodeDistribution": {
    "200": 528531
  },
  "errorDistribution": {}
}