{
  "summary": {
    "successRate": 1,
    "total": 10.000704386,
    "slowest": 0.003817461,
    "fastest": 0.000044142,
    "average": 0.0006400438052709409,
    "requestsPerSec": 77939.21007115747,
    "totalData": 10132811,
    "sizePerRequest": 13,
    "sizePerSec": 1013209.7309250472
  },
  "responseTimeHistogram": {
    "0.000044142": 1,
    "0.0004214739": 93012,
    "0.0007988057999999999": 518470,
    "0.0011761377": 144678,
    "0.0015534696": 19298,
    "0.0019308015": 3794,
    "0.0023081334": 162,
    "0.0026854653": 24,
    "0.0030627972": 6,
    "0.0034401291": 1,
    "0.003817461": 1
  },
  "latencyPercentiles": {
    "p10": 0.000402938,
    "p25": 0.000509698,
    "p50": 0.000574045,
    "p75": 0.000753428,
    "p90": 0.000948015,
    "p95": 0.001094629,
    "p99": 0.001423362
  },
  "rps": {
    "mean": 77934.64112072675,
    "stddev": 9769.434663385651,
    "max": 106037.05307444761,
    "percentiles": {
      "p10": 63706.09667345387,
      "p25": 71653.13796711701,
      "p50": 79623.95884922163,
      "p75": 83229.30503829842,
      "p90": 88554.70103110671,
      "p95": 94658.65477417265,
      "p99": 102787.07247189901
    }
  },
  "details": {
    "DNSDialup": {
      "average": 0.0008188991400000002,
      "fastest": 0.000094918,
      "slowest": 0.001304323
    },
    "DNSLookup": {
      "average": 0.0000099004,
      "fastest": 0.000003116,
      "slowest": 0.000151183
    }
  },
  "statusCodeDistribution": {
    "200": 779447
  },
  "errorDistribution": {}
}