{
  "summary": {
    "successRate": 1,
    "total": 10.000596867,
    "slowest": 0.003000811,
    "fastest": 0.000041057,
    "average": 0.0006742283030978795,
    "requestsPerSec": 73959.4856023707,
    "totalData": 9615307,
    "sizePerRequest": 13,
    "sizePerSec": 961473.312830819
  },
  "responseTimeHistogram": {
    "0.000041057": 1,
    "0.0003370324": 44733,
    "0.0006330077999999999": 322067,
    "0.0009289832": 269221,
    "0.0012249586": 75871,
    "0.001520934": 19588,
    "0.0018169094": 7001,
    "0.0021128848": 1024,
    "0.0024088602": 96,
    "0.0027048356000000003": 14,
    "0.0030008110000000004": 23
  },
  "latencyPercentiles": {
    "p10": 0.000375867,
    "p25": 0.000481322,
    "p50": 0.00063575,
    "p75": 0.000830911,
    "p90": 0.00098943,
    "p95": 0.001150812,
    "p99": 0.001541485
  },
  "rps": {
    "mean": 73957.43933423405,
    "stddev": 10092.29836292494,
    "max": 99301.4498011657,
    "percentiles": {
      "p10": 61036.42653935708,
      "p25": 66276.1155217743,
      "p50": 73151.42344653496,
      "p75": 81319.44347893566,
      "p90": 88087.9470062897,
      "p95": 91036.50563876054,
      "p99": 95501.52767405838
    }
  },
  "details": {
    "DNSDialup": {
      "average": 0.0005477799,
      "fastest": 0.000073868,
      "slowest": 0.000897331
    },
    "DNSLookup": {
      "average": 0.0000069999600000000005,
      "fastest": 0.000003276,
      "slowest": 0.000036788
    }
  },
  "statusCodeDistribution": {
    "200": 739639
  },
  "errorDistribution": {}
}