{
  "summary": {
    "successRate": 1,
    "total": 10.001047913,
    "slowest": 0.004645789,
    "fastest": 0.000036258,
    "average": 0.0006508481120882149,
    "requestsPerSec": 76646.76808553151,
    "totalData": 9965124,
    "sizePerRequest": 13,
    "sizePerSec": 996407.9851119097
  },
  "responseTimeHistogram": {
    "0.000036258": 1,
    "0.0004972110999999999": 217466,
    "0.0009581641999999999": 463888,
    "0.0014191172999999998": 76532,
    "0.0018800703999999999": 8492,
    "0.0023410235": 147,
    "0.0028019765999999996": 16,
    "0.0032629296999999997": 4,
    "0.0037238828": 1,
    "0.0041848358999999995": 0,
    "0.004645789": 1
  },
  "latencyPercentiles": {
    "p10": 0.000386649,
    "p25": 0.000479983,
    "p50": 0.000606202,
    "p75": 0.000778129,
    "p90": 0.000978594,
    "p95": 0.001107437,
    "p99": 0.001439275
  },
  "rps": {
    "mean": 76649.4925590704,
    "stddev": 10387.493063378839,
    "max": 100054.29946832862,
    "percentiles": {
      "p10": 63250.91698817531,
      "p25": 67691.10545883732,
      "p50": 76014.46555279144,
      "p75": 85111.59593866482,
      "p90": 91601.04425189519,
      "p95": 93515.3324595215,
      "p99": 97233.72065431696
    }
  },
  "details": {
    "DNSDialup": {
      "average": 0.0011083387799999994,
      "fastest": 0.000106068,
      "slowest": 0.001602641
    },
    "DNSLookup": {
      "average": 0.00001814084,
      "fastest": 0.000004349,
      "slowest": 0.000258392
    }
  },
  "statusCodeDistribution": {
    "200": 766548
  },
  "errorDistribution": {}
}