{
  "summary": {
    "successRate": 1,
    "total": 10.00160048,
    "slowest": 0.023547694,
    "fastest": 0.004662847,
    "average": 0.008360612679015505,
    "requestsPerSec": 5972.544106260881,
    "totalData": 776555,
    "sizePerRequest": 13,
    "sizePerSec": 77643.07338139146
  },
  "responseTimeHistogram": {
    "0.004662847": 1,
    "0.0065513317": 2914,
    "0.008439816400000001": 38915,
    "0.0103283011": 12696,
    "0.012216785800000001": 2010,
    "0.0141052705": 1154,
    "0.0159937552": 1784,
    "0.0178822399": 134,
    "0.0197707246": 74,
    "0.0216592093": 42,
    "0.023547694": 11
  },
  "latencyPercentiles": {
    "p10": 0.006785718,
    "p25": 0.007169423,
    "p50": 0.008047101,
    "p75": 0.008646052,
    "p90": 0.01010017,
    "p95": 0.013056322,
    "p99": 0.015344608
  },
  "rps": {
    "mean": 6049.824011289028,
    "stddev": 1586.9077899787405,
    "max": 11076.631048496465,
    "percentiles": {
      "p10": 4796.857670394852,
      "p25": 5553.234920384937,
      "p50": 6217.433146135484,
      "p75": 6756.19056127913,
      "p90": 7611.7773648153325,
      "p95": 8242.158641451933,
      "p99": 8875.587162955724
    }
  },
  "details": {
    "DNSDialup": {
      "average": 0.0006370636200000001,
      "fastest": 0.000078758,
      "slowest": 0.00106927
    },
    "DNSLookup": {
      "average": 0.0000063334800000000016,
      "fastest": 0.000003367,
      "slowest": 0.000028764
    }
  },
  "statusCodeDistribution": {
    "200": 59735
  },
  "errorDistribution": {}
}