{
  "summary": {
    "successRate": 1,
    "total": 10.000342628,
    "slowest": 0.023726644,
    "fastest": 0.004324447,
    "average": 0.007581228564770471,
    "requestsPerSec": 6586.874315242711,
    "totalData": 856323,
    "sizePerRequest": 13,
    "sizePerSec": 85629.36609815525
  },
  "responseTimeHistogram": {
    "0.004324447": 1,
    "0.006264666700000001": 8476,
    "0.0082048864": 43436,
    "0.0101451061": 10724,
    "0.012085325800000001": 1973,
    "0.014025545500000002": 1021,
    "0.015965765200000002": 189,
    "0.0179059849": 21,
    "0.0198462046": 10,
    "0.021786424300000003": 10,
    "0.023726644000000005": 10
  },
  "latencyPercentiles": {
    "p10": 0.006196024,
    "p25": 0.006487314,
    "p50": 0.007574853,
    "p75": 0.008007716,
    "p90": 0.009135361,
    "p95": 0.010099685,
    "p99": 0.013266362
  },
  "rps": {
    "mean": 6621.571173194857,
    "stddev": 1455.842308160762,
    "max": 11901.433844233588,
    "percentiles": {
      "p10": 5218.1665249396565,
      "p25": 5780.149694316763,
      "p50": 6617.767381866441,
      "p75": 7272.311502191048,
      "p90": 8438.913033556413,
      "p95": 9121.507602777858,
      "p99": 10141.605611487277
    }
  },
  "details": {
    "DNSDialup": {
      "average": 0.0009563110599999998,
      "fastest": 0.000088164,
      "slowest": 0.001638023
    },
    "DNSLookup": {
      "average": 0.00000979868,
      "fastest": 0.000004548,
      "slowest": 0.000062176
    }
  },
  "statusCodeDistribution": {
    "200": 65871
  },
  "errorDistribution": {}
}