{
  "summary": {
    "successRate": 1,
    "total": 10.001493744,
    "slowest": 0.034464056,
    "fastest": 0.001991597,
    "average": 0.008288971057218748,
    "requestsPerSec": 6025.100004301918,
    "totalData": 783380,
    "sizePerRequest": 13,
    "sizePerSec": 78326.30005592493
  },
  "responseTimeHistogram": {
    "0.001991597": 1,
    "0.0052388429": 438,
    "0.0084860888": 46302,
    "0.011733334699999999": 9008,
    "0.0149805806": 2231,
    "0.018227826500000002": 1721,
    "0.0214750724": 371,
    "0.0247223183": 147,
    "0.0279695642": 15,
    "0.031216810100000002": 12,
    "0.034464056": 14
  },
  "latencyPercentiles": {
    "p10": 0.006832591,
    "p25": 0.006925692,
    "p50": 0.007223791,
    "p75": 0.00829059,
    "p90": 0.011296886,
    "p95": 0.013429183,
    "p99": 0.018082477
  },
  "rps": {
    "mean": 6140.491169816568,
    "stddev": 1763.1911600816727,
    "max": 11210.141577293296,
    "percentiles": {
      "p10": 3807.123890223183,
      "p25": 5988.103554430644,
      "p50": 6704.768431308213,
      "p75": 7144.375142887778,
      "p90": 7458.333114958892,
      "p95": 7732.1751271388475,
      "p99": 9087.133111734516
    }
  },
  "details": {
    "DNSDialup": {
      "average": 0.0012583183000000001,
      "fastest": 0.0000734,
      "slowest": 0.001401598
    },
    "DNSLookup": {
      "average": 0.000003821999999999998,
      "fastest": 0.0000028,
      "slowest": 0.0000354
    }
  },
  "statusCodeDistribution": {
    "200": 60260
  },
  "errorDistribution": {}
}