{
  "summary": {
    "successRate": 1,
    "total": 10.003999389,
    "slowest": 0.040654017,
    "fastest": 0.002530325,
    "average": 0.011227529840735407,
    "requestsPerSec": 4447.421303216155,
    "totalData": 578396,
    "sizePerRequest": 13,
    "sizePerSec": 57816.47694181001
  },
  "responseTimeHistogram": {
    "0.002530325": 1,
    "0.0063426942": 115,
    "0.0101550634": 28333,
    "0.0139674326": 8925,
    "0.0177798018": 5218,
    "0.021592171": 505,
    "0.0254045402": 225,
    "0.0292169094": 934,
    "0.0330292786": 205,
    "0.0368416478": 27,
    "0.040654017": 4
  },
  "latencyPercentiles": {
    "p10": 0.009449134,
    "p25": 0.009598704,
    "p50": 0.009944904,
    "p75": 0.010689304,
    "p90": 0.015073013,
    "p95": 0.016656165,
    "p99": 0.026658565
  },
  "rps": {
    "mean": 4690.535612545803,
    "stddev": 3677.700467315728,
    "max": 115324.29190887898,
    "percentiles": {
      "p10": 2246.1363137248104,
      "p25": 4719.773965004269,
      "p50": 5031.093161959341,
      "p75": 5231.809927540346,
      "p90": 5326.044892127099,
      "p95": 5615.306064311434,
      "p99": 6422.605516182903
    }
  },
  "details": {
    "DNSDialup": {
      "average": 0.0027537493,
      "fastest": 0.000090001,
      "slowest": 0.003345434
    },
    "DNSLookup": {
      "average": 0.0000119181,
      "fastest": 0.0000044,
      "slowest": 0.000204202
    }
  },
  "statusCodeDistribution": {
    "200": 44492
  },
  "errorDistribution": {}
}