{
  "summary": {
    "successRate": 0.7267384615384616,
    "total": 10.000575819,
    "slowest": 0.036750675,
    "fastest": 0.002000756,
    "average": 0.010150705326622633,
    "requestsPerSec": 6499.625739200648,
    "totalData": 614094,
    "sizePerRequest": 13,
    "sizePerSec": 61405.86413367204
  },
  "responseTimeHistogram": {
    "0.002000756": 1,
    "0.005475747899999999": 3032,
    "0.0089507398": 17139,
    "0.012425731699999998": 17605,
    "0.0159007236": 5353,
    "0.019375715499999998": 1678,
    "0.022850707399999996": 921,
    "0.026325699299999998": 1252,
    "0.029800691199999996": 141,
    "0.033275683099999995": 34,
    "0.036750675": 82
  },
  "latencyPercentiles": {
    "p10": 0.005626065,
    "p25": 0.007291667,
    "p50": 0.009560644,
    "p75": 0.012026935,
    "p90": 0.015248119,
    "p95": 0.019681471,
    "p99": 0.025253532
  },
  "rps": {
    "mean": 5106.826137280705,
    "stddev": 1691.187369098907,
    "max": 9971.92851759003,
    "percentiles": {
      "p10": 2909.892679001092,
      "p25": 4480.61513560983,
      "p50": 5748.420671844723,
      "p75": 6149.2735137387,
      "p90": 6423.981364833,
      "p95": 6591.443194427627,
      "p99": 7895.968462066176
    }
  },
  "details": {
    "DNSDialup": {
      "average": 0.0022209815400000004,
      "fastest": 0.000064004,
      "slowest": 0.010222561
    },
    "DNSLookup": {
      "average": 0.00017021505999999999,
      "fastest": 0.000004401,
      "slowest": 0.008271835
    }
  },
  "statusCodeDistribution": {
    "200": 47238
  },
  "errorDistribution": {
    "Connection refused (os error 111)": 17762
  }
}