{
  "summary": {
    "successRate": 1,
    "total": 10.000224781,
    "slowest": 0.026356126,
    "fastest": 0.003227506,
    "average": 0.007422824199378518,
    "requestsPerSec": 6725.248829184293,
    "totalData": 874302,
    "sizePerRequest": 13,
    "sizePerSec": 87428.2347793958
  },
  "responseTimeHistogram": {
    "0.003227506": 1,
    "0.005540368": 3725,
    "0.00785323": 46172,
    "0.010166092": 12509,
    "0.012478953999999999": 2472,
    "0.014791815999999998": 616,
    "0.017104677999999998": 616,
    "0.01941754": 432,
    "0.021730402": 498,
    "0.024043263999999998": 162,
    "0.026356125999999997": 51
  },
  "latencyPercentiles": {
    "p10": 0.005581398,
    "p25": 0.00654638,
    "p50": 0.006724462,
    "p75": 0.007881584,
    "p90": 0.009067702,
    "p95": 0.011518499,
    "p99": 0.019626826
  },
  "rps": {
    "mean": 6722.748485538963,
    "stddev": 1665.9347544854327,
    "max": 9715.97517175404,
    "percentiles": {
      "p10": 3900.2659981413412,
      "p25": 6238.391686276647,
      "p50": 7253.477715150784,
      "p75": 7627.899806331682,
      "p90": 8509.078335674923,
      "p95": 8827.449838016344,
      "p99": 9270.423731312514
    }
  },
  "details": {
    "DNSDialup": {
      "average": 0.0010118118399999997,
      "fastest": 0.000081332,
      "slowest": 0.001970551
    },
    "DNSLookup": {
      "average": 0.000008861159999999996,
      "fastest": 0.000005209,
      "slowest": 0.000026519
    }
  },
  "statusCodeDistribution": {
    "200": 67254
  },
  "errorDistribution": {}
}