{
  "summary": {
    "successRate": 1,
    "total": 10.000122442,
    "slowest": 0.025258103,
    "fastest": 0.000546028,
    "average": 0.007231374012627815,
    "requestsPerSec": 6905.315449936567,
    "totalData": 897702,
    "sizePerRequest": 13,
    "sizePerSec": 89769.10084917537
  },
  "responseTimeHistogram": {
    "0.000546028": 1,
    "0.0030172355000000002": 1954,
    "0.005488443000000001": 14845,
    "0.0079596505": 28692,
    "0.010430858000000001": 17137,
    "0.0129020655": 3913,
    "0.015373273000000002": 1794,
    "0.017844480500000003": 553,
    "0.020315688000000002": 84,
    "0.0227868955": 50,
    "0.025258103": 31
  },
  "latencyPercentiles": {
    "p10": 0.00422497,
    "p25": 0.00555265,
    "p50": 0.007081201,
    "p75": 0.008441321,
    "p90": 0.010262125,
    "p95": 0.011953471,
    "p99": 0.015462079
  },
  "rps": {
    "mean": 6928.223038027839,
    "stddev": 1578.2285899145243,
    "max": 10509.29757556513,
    "percentiles": {
      "p10": 5314.389773188852,
      "p25": 6348.819885390512,
      "p50": 7213.643163314858,
      "p75": 7778.034164829133,
      "p90": 8739.926606717427,
      "p95": 9082.48623170791,
      "p99": 9543.276798607756
    }
  },
  "details": {
    "DNSDialup": {
      "average": 0.00125549564,
      "fastest": 0.000071606,
      "slowest": 0.002961961
    },
    "DNSLookup": {
      "average": 0.000007651740000000001,
      "fastest": 0.000003998,
      "slowest": 0.000029365
    }
  },
  "statusCodeDistribution": {
    "200": 69054
  },
  "errorDistribution": {}
}