{
  "summary": {
    "successRate": 1,
    "total": 10.000647286,
    "slowest": 0.026212643,
    "fastest": 0.004823064,
    "average": 0.008734349029889052,
    "requestsPerSec": 5717.429918765761,
    "totalData": 743314,
    "sizePerRequest": 13,
    "sizePerSec": 74326.58894395489
  },
  "responseTimeHistogram": {
    "0.004823064": 1,
    "0.0069620219": 8003,
    "0.009100979799999999": 36422,
    "0.011239937699999999": 9079,
    "0.0133788956": 1035,
    "0.0155178535": 1586,
    "0.0176568114": 889,
    "0.0197957693": 87,
    "0.021934727199999997": 52,
    "0.0240736851": 13,
    "0.026212643": 11
  },
  "latencyPercentiles": {
    "p10": 0.006846307,
    "p25": 0.00752823,
    "p50": 0.008610318,
    "p75": 0.008963377,
    "p90": 0.010542481,
    "p95": 0.012715203,
    "p99": 0.015891617
  },
  "rps": {
    "mean": 5779.06917008359,
    "stddev": 1513.6919645406347,
    "max": 10932.615144613994,
    "percentiles": {
      "p10": 4516.539114583924,
      "p25": 5341.6935204352685,
      "p50": 5872.908042309156,
      "p75": 6358.326005362524,
      "p90": 7464.564752829524,
      "p95": 7935.874118955032,
      "p99": 9227.715335712273
    }
  },
  "details": {
    "DNSDialup": {
      "average": 0.0008255772999999999,
      "fastest": 0.00014761,
      "slowest": 0.00117665
    },
    "DNSLookup": {
      "average": 0.00000614764,
      "fastest": 0.000002735,
      "slowest": 0.000033632
    }
  },
  "statusCodeDistribution": {
    "200": 57178
  },
  "errorDistribution": {}
}