{
  "summary": {
    "successRate": 1,
    "total": 10.000597834,
    "slowest": 0.037538103,
    "fastest": 0.005953862,
    "average": 0.010794713423258207,
    "requestsPerSec": 4626.923386788398,
    "totalData": 601536,
    "sizePerRequest": 13,
    "sizePerSec": 60150.004028249175
  },
  "responseTimeHistogram": {
    "0.005953862": 1,
    "0.0091122861": 20285,
    "0.0122707102": 14115,
    "0.015429134300000001": 8805,
    "0.018587558400000002": 788,
    "0.021745982500000004": 251,
    "0.0249044066": 1784,
    "0.028062830700000003": 127,
    "0.031221254800000004": 84,
    "0.0343796789": 24,
    "0.037538103": 8
  },
  "latencyPercentiles": {
    "p10": 0.008872041,
    "p25": 0.008975047,
    "p50": 0.00918916,
    "p75": 0.012340952,
    "p90": 0.013293281,
    "p95": 0.018305775,
    "p99": 0.023580938
  },
  "rps": {
    "mean": 4815.292314851465,
    "stddev": 1532.8017553668665,
    "max": 7274.771989388655,
    "percentiles": {
      "p10": 2825.1426394341274,
      "p25": 3913.4541670665258,
      "p50": 5537.865152983166,
      "p75": 5710.903256497203,
      "p90": 5802.502619379753,
      "p95": 6699.704379629261,
      "p99": 6923.188759202407
    }
  },
  "details": {
    "DNSDialup": {
      "average": 0.00243373286,
      "fastest": 0.000109006,
      "slowest": 0.002639755
    },
    "DNSLookup": {
      "average": 0.000007184439999999999,
      "fastest": 0.000005501,
      "slowest": 0.000062904
    }
  },
  "statusCodeDistribution": {
    "200": 46272
  },
  "errorDistribution": {}
}