{
  "summary": {
    "successRate": 1,
    "total": 10.002223423,
    "slowest": 0.042934905,
    "fastest": 0.002340095,
    "average": 0.01311573716530119,
    "requestsPerSec": 3807.3534642738405,
    "totalData": 495066,
    "sizePerRequest": 13,
    "sizePerSec": 49495.59503555993
  },
  "responseTimeHistogram": {
    "0.002340095": 1,
    "0.006399576000000001": 147,
    "0.010459057": 3622,
    "0.014518538000000001": 26189,
    "0.018578019": 4636,
    "0.0226375": 2045,
    "0.026696981": 820,
    "0.030756462000000002": 395,
    "0.034815943": 181,
    "0.038875424000000006": 27,
    "0.042934905": 19
  },
  "latencyPercentiles": {
    "p10": 0.010462924,
    "p25": 0.010991775,
    "p50": 0.011638575,
    "p75": 0.01349117,
    "p90": 0.01816184,
    "p95": 0.021564352,
    "p99": 0.029311835
  },
  "rps": {
    "mean": 3898.3181026577413,
    "stddev": 1161.8399679711013,
    "max": 6647.559195233146,
    "percentiles": {
      "p10": 1931.4089587693293,
      "p25": 3740.820582358735,
      "p50": 4232.15506777399,
      "p75": 4551.165108381519,
      "p90": 4856.12613463901,
      "p95": 5078.570242815736,
      "p99": 5502.177429403289
    }
  },
  "details": {
    "DNSDialup": {
      "average": 0.002286460899999999,
      "fastest": 0.0000942,
      "slowest": 0.004805489
    },
    "DNSLookup": {
      "average": 0.000007591940000000003,
      "fastest": 0.0000062,
      "slowest": 0.0000405
    }
  },
  "statusCodeDistribution": {
    "200": 38082
  },
  "errorDistribution": {}
}