{
  "summary": {
    "successRate": 1,
    "total": 10.000194564,
    "slowest": 0.030754343,
    "fastest": 0.001781802,
    "average": 0.0075234390209557205,
    "requestsPerSec": 6637.670854820781,
    "totalData": 862914,
    "sizePerRequest": 13,
    "sizePerSec": 86289.72111267014
  },
  "responseTimeHistogram": {
    "0.001781802": 1,
    "0.0046790561000000005": 12826,
    "0.0075763102": 28557,
    "0.010473564300000002": 16586,
    "0.013370818400000001": 4799,
    "0.0162680725": 1164,
    "0.0191653266": 1897,
    "0.0220625807": 431,
    "0.0249598348": 31,
    "0.0278570889": 80,
    "0.030754343": 6
  },
  "latencyPercentiles": {
    "p10": 0.004227806,
    "p25": 0.005534307,
    "p50": 0.00711611,
    "p75": 0.008931812,
    "p90": 0.011038316,
    "p95": 0.01441952,
    "p99": 0.018723526
  },
  "rps": {
    "mean": 6794.585311593892,
    "stddev": 2170.3216893046656,
    "max": 10977.856818349743,
    "percentiles": {
      "p10": 4739.521447494224,
      "p25": 5651.248915919059,
      "p50": 7543.440410291007,
      "p75": 8122.40647048955,
      "p90": 8618.41182849684,
      "p95": 8893.637552333026,
      "p99": 10736.40514898443
    }
  },
  "details": {
    "DNSDialup": {
      "average": 0.0016124183400000002,
      "fastest": 0.000067101,
      "slowest": 0.003112404
    },
    "DNSLookup": {
      "average": 0.00000503,
      "fastest": 0.000003,
      "slowest": 0.0000479
    }
  },
  "statusCodeDistribution": {
    "200": 66378
  },
  "errorDistribution": {}
}