{
  "summary": {
    "successRate": 1,
    "total": 10.000671594,
    "slowest": 0.02872627,
    "fastest": 0.002468058,
    "average": 0.008579067156291354,
    "requestsPerSec": 5822.708950360519,
    "totalData": 757003,
    "sizePerRequest": 13,
    "sizePerSec": 75695.21635468675
  },
  "responseTimeHistogram": {
    "0.002468058": 1,
    "0.0050938792": 8989,
    "0.007719700400000001": 17904,
    "0.010345521600000003": 18707,
    "0.012971342800000002": 7578,
    "0.015597164000000002": 1905,
    "0.018222985200000003": 1447,
    "0.020848806400000003": 1176,
    "0.023474627600000002": 360,
    "0.026100448800000002": 124,
    "0.02872627": 40
  },
  "latencyPercentiles": {
    "p10": 0.004864813,
    "p25": 0.006589453,
    "p50": 0.008085288,
    "p75": 0.00986623,
    "p90": 0.012383489,
    "p95": 0.016123776,
    "p99": 0.02020597
  },
  "rps": {
    "mean": 5944.304386217847,
    "stddev": 1806.5993597512984,
    "max": 9162.45957065426,
    "percentiles": {
      "p10": 4082.1625010918715,
      "p25": 5061.7892615153,
      "p50": 6565.1718039808675,
      "p75": 7081.624549303084,
      "p90": 7406.938820286804,
      "p95": 7633.729875971471,
      "p99": 8344.11847242895
    }
  },
  "details": {
    "DNSDialup": {
      "average": 0.0015373058600000001,
      "fastest": 0.000077102,
      "slowest": 0.00171264
    },
    "DNSLookup": {
      "average": 0.000006250199999999999,
      "fastest": 0.000004,
      "slowest": 0.000057902
    }
  },
  "statusCodeDistribution": {
    "200": 58231
  },
  "errorDistribution": {}
}