{
  "summary": {
    "successRate": 1,
    "total": 10.00131886,
    "slowest": 0.024278402,
    "fastest": 0.005291585,
    "average": 0.008172107285531893,
    "requestsPerSec": 6111.294005878741,
    "totalData": 794573,
    "sizePerRequest": 13,
    "sizePerSec": 79446.82207642363
  },
  "responseTimeHistogram": {
    "0.005291585": 1,
    "0.0071902667": 16493,
    "0.009088948400000001": 34030,
    "0.010987630100000001": 6827,
    "0.012886311800000001": 636,
    "0.014784993500000001": 2110,
    "0.016683675200000005": 888,
    "0.018582356900000003": 59,
    "0.0204810386": 32,
    "0.022379720300000003": 32,
    "0.024278402000000004": 13
  },
  "latencyPercentiles": {
    "p10": 0.006654625,
    "p25": 0.007081459,
    "p50": 0.007883904,
    "p75": 0.008343049,
    "p90": 0.00970846,
    "p95": 0.013099418,
    "p99": 0.014934693
  },
  "rps": {
    "mean": 6186.1564134675555,
    "stddev": 1582.3340006578892,
    "max": 11304.50876388804,
    "percentiles": {
      "p10": 5103.515301339521,
      "p25": 5612.320727693667,
      "p50": 6348.184475254119,
      "p75": 6901.994460067645,
      "p90": 7805.597393891174,
      "p95": 8553.021247842984,
      "p99": 8907.52775170337
    }
  },
  "details": {
    "DNSDialup": {
      "average": 0.0007255655,
      "fastest": 0.000072708,
      "slowest": 0.001381052
    },
    "DNSLookup": {
      "average": 0.000007563520000000004,
      "fastest": 0.000004017,
      "slowest": 0.000039354
    }
  },
  "statusCodeDistribution": {
    "200": 61121
  },
  "errorDistribution": {}
}