{
  "summary": {
    "successRate": 1,
    "total": 10.001651254,
    "slowest": 0.043568252,
    "fastest": 0.002314042,
    "average": 0.011180770579688441,
    "requestsPerSec": 4466.662440577835,
    "totalData": 580762,
    "sizePerRequest": 13,
    "sizePerSec": 58066.611727511845
  },
  "responseTimeHistogram": {
    "0.002314042": 1,
    "0.0064394629999999994": 292,
    "0.010564884": 28488,
    "0.014690304999999999": 9380,
    "0.018815725999999998": 3874,
    "0.022941147": 1222,
    "0.027066567999999996": 1111,
    "0.031191988999999996": 165,
    "0.03531741": 82,
    "0.039442831": 55,
    "0.043568252": 4
  },
  "latencyPercentiles": {
    "p10": 0.008424819,
    "p25": 0.008809036,
    "p50": 0.009661794,
    "p75": 0.011745714,
    "p90": 0.016115392,
    "p95": 0.019608408,
    "p99": 0.025899276
  },
  "rps": {
    "mean": 4628.981945432063,
    "stddev": 1618.4244347814881,
    "max": 18835.962624431784,
    "percentiles": {
      "p10": 2121.2545463030506,
      "p25": 4200.626313383377,
      "p50": 5117.4946672694905,
      "p75": 5576.022521312627,
      "p90": 5921.80071808153,
      "p95": 6100.037566064449,
      "p99": 7303.708275285403
    }
  },
  "details": {
    "DNSDialup": {
      "average": 0.0024208074199999997,
      "fastest": 0.00015571,
      "slowest": 0.004873197
    },
    "DNSLookup": {
      "average": 0.000009442640000000001,
      "fastest": 0.0000072,
      "slowest": 0.000062404
    }
  },
  "statusCodeDistribution": {
    "200": 44674
  },
  "errorDistribution": {}
}