{
  "summary": {
    "successRate": 1,
    "total": 10.000133926,
    "slowest": 0.023509918,
    "fastest": 0.001915665,
    "average": 0.007399591553044568,
    "requestsPerSec": 6748.009626606275,
    "totalData": 877253,
    "sizePerRequest": 13,
    "sizePerSec": 87724.12514588157
  },
  "responseTimeHistogram": {
    "0.001915665": 1,
    "0.0040750903000000005": 12,
    "0.006234515600000001": 11753,
    "0.0083939409": 45105,
    "0.0105533662": 6833,
    "0.0127127915": 936,
    "0.014872216800000001": 2046,
    "0.0170316421": 719,
    "0.0191910674": 53,
    "0.0213504927": 9,
    "0.023509918": 14
  },
  "latencyPercentiles": {
    "p10": 0.00567243,
    "p25": 0.006616168,
    "p50": 0.006916511,
    "p75": 0.007637267,
    "p90": 0.008930934,
    "p95": 0.011324281,
    "p99": 0.01495372
  },
  "rps": {
    "mean": 6787.18333520972,
    "stddev": 1703.004297549181,
    "max": 10748.493637941168,
    "percentiles": {
      "p10": 5218.839242816703,
      "p25": 6298.81198310379,
      "p50": 7055.089667670275,
      "p75": 7683.343532297757,
      "p90": 8570.771044798688,
      "p95": 8949.088434791522,
      "p99": 9732.930572272277
    }
  },
  "details": {
    "DNSDialup": {
      "average": 0.0011345172000000003,
      "fastest": 0.000083306,
      "slowest": 0.002512404
    },
    "DNSLookup": {
      "average": 0.00001982688,
      "fastest": 0.000003286,
      "slowest": 0.000621509
    }
  },
  "statusCodeDistribution": {
    "200": 67481
  },
  "errorDistribution": {}
}