{
  "summary": {
    "successRate": 1,
    "total": 10.002522539,
    "slowest": 0.033224637,
    "fastest": 0.001279917,
    "average": 0.009063178366576519,
    "requestsPerSec": 5508.510456754094,
    "totalData": 716287,
    "sizePerRequest": 13,
    "sizePerSec": 71610.63593780322
  },
  "responseTimeHistogram": {
    "0.001279917": 1,
    "0.0044743890000000005": 298,
    "0.007668861000000001": 20598,
    "0.010863333000000001": 24259,
    "0.014057805000000001": 7367,
    "0.017252277": 770,
    "0.020446749": 1246,
    "0.023641221": 438,
    "0.026835693": 93,
    "0.030030165": 14,
    "0.033224637": 15
  },
  "latencyPercentiles": {
    "p10": 0.007524199,
    "p25": 0.0075987,
    "p50": 0.007805403,
    "p75": 0.008981917,
    "p90": 0.012813668,
    "p95": 0.01372228,
    "p99": 0.020499269
  },
  "rps": {
    "mean": 5619.8224478542625,
    "stddev": 1639.008910667234,
    "max": 8661.452472278368,
    "percentiles": {
      "p10": 2824.451274684916,
      "p25": 5583.149964077981,
      "p50": 6119.440851641448,
      "p75": 6626.55193093203,
      "p90": 6853.435551652759,
      "p95": 6952.732055610972,
      "p99": 8121.171488011614
    }
  },
  "details": {
    "DNSDialup": {
      "average": 0.0014404609800000002,
      "fastest": 0.000079001,
      "slowest": 0.001608121
    },
    "DNSLookup": {
      "average": 0.00000455204,
      "fastest": 0.0000033,
      "slowest": 0.0000469
    }
  },
  "statusCodeDistribution": {
    "200": 55099
  },
  "errorDistribution": {}
}