{
  "summary": {
    "successRate": 1,
    "total": 10.000385283,
    "slowest": 0.02457781,
    "fastest": 0.004592,
    "average": 0.0075740627752047705,
    "requestsPerSec": 6593.745954177753,
    "totalData": 857220,
    "sizePerRequest": 13,
    "sizePerSec": 85718.69740431079
  },
  "responseTimeHistogram": {
    "0.004592": 1,
    "0.006590581": 18097,
    "0.008589162000000001": 37471,
    "0.010587743": 7939,
    "0.012586324": 1421,
    "0.014584904999999999": 836,
    "0.016583486": 134,
    "0.018582067": 11,
    "0.020580648": 10,
    "0.022579229": 10,
    "0.02457781": 10
  },
  "latencyPercentiles": {
    "p10": 0.00630085,
    "p25": 0.00652531,
    "p50": 0.007578117,
    "p75": 0.00791053,
    "p90": 0.009012105,
    "p95": 0.009576432,
    "p99": 0.013214069
  },
  "rps": {
    "mean": 6626.669473085336,
    "stddev": 1388.7232421245808,
    "max": 11510.158829053944,
    "percentiles": {
      "p10": 5255.500715304026,
      "p25": 5814.656422979434,
      "p50": 6728.438417816672,
      "p75": 7329.325658063689,
      "p90": 8219.317862772668,
      "p95": 8857.649252457211,
      "p99": 9915.860272378504
    }
  },
  "details": {
    "DNSDialup": {
      "average": 0.00092561326,
      "fastest": 0.000261461,
      "slowest": 0.001716905
    },
    "DNSLookup": {
      "average": 0.000008966700000000002,
      "fastest": 0.000004839,
      "slowest": 0.000044434
    }
  },
  "statusCodeDistribution": {
    "200": 65940
  },
  "errorDistribution": {}
}