{
  "summary": {
    "successRate": 1,
    "total": 10.000596087,
    "slowest": 0.026770315,
    "fastest": 0.004723402,
    "average": 0.008486626416906099,
    "requestsPerSec": 5880.349480011951,
    "totalData": 764491,
    "sizePerRequest": 13,
    "sizePerSec": 76444.54324015536
  },
  "responseTimeHistogram": {
    "0.004723402": 1,
    "0.0069280933": 7603,
    "0.009132784599999999": 38224,
    "0.0113374759": 9111,
    "0.0135421672": 996,
    "0.015746858500000002": 2375,
    "0.0179515498": 359,
    "0.0201562411": 82,
    "0.0223609324": 37,
    "0.024565623699999997": 7,
    "0.026770315000000003": 12
  },
  "latencyPercentiles": {
    "p10": 0.006847048,
    "p25": 0.007153077,
    "p50": 0.008181841,
    "p75": 0.008873239,
    "p90": 0.01046006,
    "p95": 0.01326541,
    "p99": 0.015700418
  },
  "rps": {
    "mean": 5941.8516767735555,
    "stddev": 1620.355258323151,
    "max": 10913.419644491098,
    "percentiles": {
      "p10": 4602.935291835574,
      "p25": 5438.073439294779,
      "p50": 6140.199270604741,
      "p75": 6762.409601975759,
      "p90": 7560.022801028747,
      "p95": 8004.375097259975,
      "p99": 8918.941834161289
    }
  },
  "details": {
    "DNSDialup": {
      "average": 0.0006859884400000001,
      "fastest": 0.000093835,
      "slowest": 0.000947712
    },
    "DNSLookup": {
      "average": 0.00000820058,
      "fastest": 0.000003887,
      "slowest": 0.000051245
    }
  },
  "statusCodeDistribution": {
    "200": 58807
  },
  "errorDistribution": {}
}