{
  "summary": {
    "successRate": 1,
    "total": 10.000656003,
    "slowest": 0.022491342,
    "fastest": 0.004737147,
    "average": 0.008033424653777526,
    "requestsPerSec": 6216.69218312778,
    "totalData": 808223,
    "sizePerRequest": 13,
    "sizePerSec": 80816.99838066113
  },
  "responseTimeHistogram": {
    "0.004737147": 1,
    "0.0065125665": 4876,
    "0.008287986": 42338,
    "0.0100634055": 10637,
    "0.011838825": 1042,
    "0.0136142445": 1431,
    "0.015389664": 1653,
    "0.0171650835": 116,
    "0.018940503": 18,
    "0.0207159225": 45,
    "0.022491342": 14
  },
  "latencyPercentiles": {
    "p10": 0.006560915,
    "p25": 0.007008149,
    "p50": 0.007794231,
    "p75": 0.008228691,
    "p90": 0.009478957,
    "p95": 0.012495874,
    "p99": 0.014212501
  },
  "rps": {
    "mean": 6278.236291968935,
    "stddev": 1519.2711491370667,
    "max": 11343.433801786829,
    "percentiles": {
      "p10": 5119.228333544228,
      "p25": 5716.676115898059,
      "p50": 6428.714318902234,
      "p75": 6975.318794814077,
      "p90": 7934.401183210231,
      "p95": 8498.762633277494,
      "p99": 9000.69901814298
    }
  },
  "details": {
    "DNSDialup": {
      "average": 0.0008060981600000001,
      "fastest": 0.000110019,
      "slowest": 0.001153316
    },
    "DNSLookup": {
      "average": 0.0000071785200000000005,
      "fastest": 0.000003387,
      "slowest": 0.00002633
    }
  },
  "statusCodeDistribution": {
    "200": 62171
  },
  "errorDistribution": {}
}