{
  "summary": {
    "successRate": 1,
    "total": 10.000334357,
    "slowest": 0.023651659,
    "fastest": 0.001624235,
    "average": 0.0074517817766436845,
    "requestsPerSec": 6701.175941491573,
    "totalData": 871182,
    "sizePerRequest": 13,
    "sizePerSec": 87115.28723939045
  },
  "responseTimeHistogram": {
    "0.001624235": 1,
    "0.0038269773999999998": 3837,
    "0.0060297198": 15367,
    "0.008232462199999999": 24880,
    "0.0104352046": 15621,
    "0.012637946999999998": 4157,
    "0.014840689399999999": 1864,
    "0.0170434318": 873,
    "0.0192461742": 332,
    "0.0214489166": 60,
    "0.023651659": 22
  },
  "latencyPercentiles": {
    "p10": 0.004373118,
    "p25": 0.005705872,
    "p50": 0.007296084,
    "p75": 0.008698013,
    "p90": 0.010627893,
    "p95": 0.012413743,
    "p99": 0.016075629
  },
  "rps": {
    "mean": 6727.562576849392,
    "stddev": 1555.8685703680794,
    "max": 10217.772164117634,
    "percentiles": {
      "p10": 5301.696012554298,
      "p25": 6169.646049429151,
      "p50": 7007.606757135159,
      "p75": 7540.125532031057,
      "p90": 8371.712136902299,
      "p95": 8800.183043807012,
      "p99": 9363.9723928803
    }
  },
  "details": {
    "DNSDialup": {
      "average": 0.0012026538200000001,
      "fastest": 0.000496217,
      "slowest": 0.001894069
    },
    "DNSLookup": {
      "average": 0.000008119279999999997,
      "fastest": 0.000004328,
      "slowest": 0.000051186
    }
  },
  "statusCodeDistribution": {
    "200": 67014
  },
  "errorDistribution": {}
}