{
  "summary": {
    "successRate": 1,
    "total": 10.000570197,
    "slowest": 0.024385055,
    "fastest": 0.004782364,
    "average": 0.008157646437280558,
    "requestsPerSec": 6122.950871178211,
    "totalData": 796029,
    "sizePerRequest": 13,
    "sizePerSec": 79598.36132531674
  },
  "responseTimeHistogram": {
    "0.004782364": 1,
    "0.006742633099999999": 8809,
    "0.0087029022": 39210,
    "0.0106631713": 9175,
    "0.012623440399999998": 1135,
    "0.0145837095": 2338,
    "0.0165439786": 377,
    "0.018504247699999997": 133,
    "0.0204645168": 37,
    "0.022424785899999997": 7,
    "0.024385055": 11
  },
  "latencyPercentiles": {
    "p10": 0.006616785,
    "p25": 0.00724052,
    "p50": 0.007848861,
    "p75": 0.008334506,
    "p90": 0.009576224,
    "p95": 0.012038662,
    "p99": 0.014518656
  },
  "rps": {
    "mean": 6193.32361344228,
    "stddev": 1545.027010904707,
    "max": 11472.668772209325,
    "percentiles": {
      "p10": 5123.459810124498,
      "p25": 5606.9054647706935,
      "p50": 6352.001934234862,
      "p75": 6917.409736826151,
      "p90": 7700.27952014662,
      "p95": 8553.445430872736,
      "p99": 9069.428864650536
    }
  },
  "details": {
    "DNSDialup": {
      "average": 0.0008260853199999996,
      "fastest": 0.00011494,
      "slowest": 0.001143581
    },
    "DNSLookup": {
      "average": 0.000006665,
      "fastest": 0.000003667,
      "slowest": 0.000029054
    }
  },
  "statusCodeDistribution": {
    "200": 61233
  },
  "errorDistribution": {}
}