{
  "summary": {
    "successRate": 1,
    "total": 10.00079967,
    "slowest": 0.036907713,
    "fastest": 0.002584629,
    "average": 0.008977227451341547,
    "requestsPerSec": 5563.8550752012015,
    "totalData": 723359,
    "sizePerRequest": 13,
    "sizePerSec": 72330.11597761563
  },
  "responseTimeHistogram": {
    "0.002584629": 1,
    "0.0060169374": 20147,
    "0.0094492458": 11983,
    "0.0128815542": 16042,
    "0.016313862600000003": 5103,
    "0.019746171000000003": 972,
    "0.023178479400000004": 1138,
    "0.026610787800000004": 160,
    "0.030043096200000004": 42,
    "0.0334754046": 45,
    "0.036907713": 10
  },
  "latencyPercentiles": {
    "p10": 0.004983755,
    "p25": 0.005145157,
    "p50": 0.008218491,
    "p75": 0.011241524,
    "p90": 0.014169356,
    "p95": 0.016063677,
    "p99": 0.022557353
  },
  "rps": {
    "mean": 5736.433614455927,
    "stddev": 1744.589207228385,
    "max": 8858.929302421966,
    "percentiles": {
      "p10": 4112.456631135701,
      "p25": 4720.481698039727,
      "p50": 6236.289592768816,
      "p75": 6905.585928457401,
      "p90": 7160.210929729145,
      "p95": 7435.123238938131,
      "p99": 8357.770728180998
    }
  },
  "details": {
    "DNSDialup": {
      "average": 0.0014372700799999997,
      "fastest": 0.000064501,
      "slowest": 0.002770431
    },
    "DNSLookup": {
      "average": 0.000029516359999999995,
      "fastest": 0.0000034,
      "slowest": 0.001255914
    }
  },
  "statusCodeDistribution": {
    "200": 55643
  },
  "errorDistribution": {}
}