{
  "summary": {
    "successRate": 1,
    "total": 10.000173343,
    "slowest": 0.024697158,
    "fastest": 0.004024019,
    "average": 0.007312363697715328,
    "requestsPerSec": 6827.881643451228,
    "totalData": 887640,
    "sizePerRequest": 13,
    "sizePerSec": 88762.46136486596
  },
  "responseTimeHistogram": {
    "0.004024019": 1,
    "0.0060913329": 13563,
    "0.0081586468": 41075,
    "0.010225960700000002": 8962,
    "0.012293274600000001": 1738,
    "0.0143605885": 2297,
    "0.0164279024": 266,
    "0.018495216300000002": 304,
    "0.0205625302": 61,
    "0.0226298441": 7,
    "0.024697158": 6
  },
  "latencyPercentiles": {
    "p10": 0.005490752,
    "p25": 0.006467694,
    "p50": 0.006803646,
    "p75": 0.007633701,
    "p90": 0.009157894,
    "p95": 0.011843201,
    "p99": 0.014146106
  },
  "rps": {
    "mean": 6857.474655956833,
    "stddev": 1665.8028233814111,
    "max": 11321.798003790127,
    "percentiles": {
      "p10": 4966.611196039026,
      "p25": 6201.290488550722,
      "p50": 7239.678505987713,
      "p75": 7722.512741542007,
      "p90": 8657.31314447865,
      "p95": 9132.517017951606,
      "p99": 9639.465901292893
    }
  },
  "details": {
    "DNSDialup": {
      "average": 0.0009937287600000001,
      "fastest": 0.0001004,
      "slowest": 0.00200037
    },
    "DNSLookup": {
      "average": 0.00003195528,
      "fastest": 0.000004138,
      "slowest": 0.001124608
    }
  },
  "statusCodeDistribution": {
    "200": 68280
  },
  "errorDistribution": {}
}