{
  "summary": {
    "successRate": 0.008526699438384414,
    "total": 10.000088313,
    "slowest": 0.027128216,
    "fastest": 0.004537174,
    "average": 0.009140928100395494,
    "requestsPerSec": 77098.31912161435,
    "totalData": 85462,
    "sizePerRequest": 13,
    "sizePerSec": 8546.124526610469
  },
  "responseTimeHistogram": {
    "0.004537174": 1,
    "0.006796278199999999": 241,
    "0.009055382399999999": 4034,
    "0.0113144866": 1441,
    "0.013573590799999998": 408,
    "0.015832695": 207,
    "0.018091799199999998": 197,
    "0.020350903399999995": 10,
    "0.022610007599999996": 9,
    "0.024869111799999996": 11,
    "0.027128215999999997": 15
  },
  "latencyPercentiles": {
    "p10": 0.007030736,
    "p25": 0.007376617,
    "p50": 0.008471121,
    "p75": 0.009879304,
    "p90": 0.012386053,
    "p95": 0.015057254,
    "p99": 0.017406525
  },
  "rps": {
    "mean": 5504.622409859159,
    "stddev": 1680.3354013885987,
    "max": 9015.68055093018,
    "percentiles": {
      "p10": 3613.9117532944138,
      "p25": 4938.574713227845,
      "p50": 5845.642778816987,
      "p75": 6548.909218717867,
      "p90": 7208.6409979635655,
      "p95": 7424.497128274721,
      "p99": 8011.886648681783
    }
  },
  "details": {
    "DNSDialup": {
      "average": 0.0010278370000000002,
      "fastest": 0.000088587,
      "slowest": 0.002141235
    },
    "DNSLookup": {
      "average": 0.000007331920000000001,
      "fastest": 0.00000512,
      "slowest": 0.000012193
    }
  },
  "statusCodeDistribution": {
    "200": 6574
  },
  "errorDistribution": {
    "Connection refused (os error 111)": 764416
  }
}