{
  "summary": {
    "successRate": 1,
    "total": 10.00018574,
    "slowest": 0.025226478,
    "fastest": 0.003681367,
    "average": 0.007892367314129844,
    "requestsPerSec": 6326.882484484734,
    "totalData": 822510,
    "sizePerRequest": 13,
    "sizePerSec": 82249.47229830154
  },
  "responseTimeHistogram": {
    "0.003681367": 1,
    "0.0058358781000000005": 1796,
    "0.0079903892": 43623,
    "0.0101449003": 13640,
    "0.0122994114": 1129,
    "0.014453922499999999": 2615,
    "0.0166084336": 341,
    "0.018762944700000003": 92,
    "0.020917455800000002": 15,
    "0.0230719669": 12,
    "0.025226478": 6
  },
  "latencyPercentiles": {
    "p10": 0.006404862,
    "p25": 0.006816658,
    "p50": 0.007637901,
    "p75": 0.008135344,
    "p90": 0.009380638,
    "p95": 0.011893456,
    "p99": 0.014180453
  },
  "rps": {
    "mean": 6390.630774448536,
    "stddev": 1570.1171869083528,
    "max": 11647.25818124911,
    "percentiles": {
      "p10": 5137.946302416556,
      "p25": 5810.206790268845,
      "p50": 6523.796853783745,
      "p75": 7150.144679653168,
      "p90": 8054.016462839169,
      "p95": 8739.920716780181,
      "p99": 9522.65544374579
    }
  },
  "details": {
    "DNSDialup": {
      "average": 0.0011266402999999998,
      "fastest": 0.000110175,
      "slowest": 0.002103457
    },
    "DNSLookup": {
      "average": 0.00004818228,
      "fastest": 0.000004178,
      "slowest": 0.001865603
    }
  },
  "statusCodeDistribution": {
    "200": 63270
  },
  "errorDistribution": {}
}