{
  "summary": {
    "successRate": 1,
    "total": 10.000549949,
    "slowest": 0.024488415,
    "fastest": 0.005260543,
    "average": 0.00824863701556196,
    "requestsPerSec": 6052.867123177848,
    "totalData": 786916,
    "sizePerRequest": 13,
    "sizePerSec": 78687.27260131203
  },
  "responseTimeHistogram": {
    "0.005260543": 1,
    "0.007183330200000001": 15265,
    "0.0091061174": 33863,
    "0.0110289046": 7159,
    "0.012951691800000002": 1359,
    "0.014874479": 1914,
    "0.0167972662": 785,
    "0.018720053400000002": 76,
    "0.0206428406": 77,
    "0.0225656278": 23,
    "0.024488415": 10
  },
  "latencyPercentiles": {
    "p10": 0.006635474,
    "p25": 0.00717281,
    "p50": 0.007895209,
    "p75": 0.008476396,
    "p90": 0.009850813,
    "p95": 0.012640134,
    "p99": 0.01519255
  },
  "rps": {
    "mean": 6120.9963625364035,
    "stddev": 1577.8181997891616,
    "max": 11328.08591219489,
    "percentiles": {
      "p10": 4955.679537442912,
      "p25": 5569.579136980155,
      "p50": 6292.049551247299,
      "p75": 6912.1314819647605,
      "p90": 7778.094584187397,
      "p95": 8240.054906902173,
      "p99": 8975.55128871553
    }
  },
  "details": {
    "DNSDialup": {
      "average": 0.0009401004200000004,
      "fastest": 0.000146432,
      "slowest": 0.001479173
    },
    "DNSLookup": {
      "average": 0.000008195999999999997,
      "fastest": 0.000003877,
      "slowest": 0.000045174
    }
  },
  "statusCodeDistribution": {
    "200": 60532
  },
  "errorDistribution": {}
}