{
  "summary": {
    "successRate": 1,
    "total": 10.000766279,
    "slowest": 0.024340536,
    "fastest": 0.00225374,
    "average": 0.008002008785014772,
    "requestsPerSec": 6239.021916852457,
    "totalData": 811135,
    "sizePerRequest": 13,
    "sizePerSec": 81107.28491908194
  },
  "responseTimeHistogram": {
    "0.00225374": 1,
    "0.0044624196": 30,
    "0.006671099200000001": 10559,
    "0.0088797788": 41548,
    "0.0110884584": 6775,
    "0.013297138": 1387,
    "0.015505817600000001": 1723,
    "0.017714497200000002": 267,
    "0.0199231768": 82,
    "0.0221318564": 9,
    "0.024340536": 14
  },
  "latencyPercentiles": {
    "p10": 0.006578591,
    "p25": 0.006853544,
    "p50": 0.007793011,
    "p75": 0.008205803,
    "p90": 0.009823582,
    "p95": 0.011525896,
    "p99": 0.014981223
  },
  "rps": {
    "mean": 6289.34079180419,
    "stddev": 1583.644679038835,
    "max": 11067.121353203847,
    "percentiles": {
      "p10": 4909.535299458409,
      "p25": 5535.9710792820115,
      "p50": 6453.255777245068,
      "p75": 7032.077524837114,
      "p90": 8000.782076448054,
      "p95": 8546.43878442302,
      "p99": 9352.062934355818
    }
  },
  "details": {
    "DNSDialup": {
      "average": 0.00108215868,
      "fastest": 0.00028893,
      "slowest": 0.001823694
    },
    "DNSLookup": {
      "average": 0.000009308999999999998,
      "fastest": 0.000004419,
      "slowest": 0.000049172
    }
  },
  "statusCodeDistribution": {
    "200": 62395
  },
  "errorDistribution": {}
}