{
  "summary": {
    "successRate": 1,
    "total": 10.000715119,
    "slowest": 0.034718938,
    "fastest": 0.001773247,
    "average": 0.007792511818259844,
    "requestsPerSec": 6411.441505636193,
    "totalData": 833547,
    "sizePerRequest": 13,
    "sizePerSec": 83348.7395732705
  },
  "responseTimeHistogram": {
    "0.001773247": 1,
    "0.0050678161": 132,
    "0.0083623852": 51376,
    "0.0116569543": 8549,
    "0.0149515234": 2083,
    "0.018246092499999998": 264,
    "0.021540661599999997": 1050,
    "0.0248352307": 336,
    "0.028129799799999997": 301,
    "0.0314243689": 24,
    "0.034718938": 3
  },
  "latencyPercentiles": {
    "p10": 0.006383522,
    "p25": 0.006446427,
    "p50": 0.006666452,
    "p75": 0.007567919,
    "p90": 0.010585665,
    "p95": 0.012652334,
    "p99": 0.021935593
  },
  "rps": {
    "mean": 6569.179406454286,
    "stddev": 1793.078349145467,
    "max": 9649.392344594005,
    "percentiles": {
      "p10": 4219.40334823727,
      "p25": 6300.367311414004,
      "p50": 7217.466127199213,
      "p75": 7599.177481460172,
      "p90": 7879.647476694842,
      "p95": 8186.07236341018,
      "p99": 8337.369924162645
    }
  },
  "details": {
    "DNSDialup": {
      "average": 0.00118940914,
      "fastest": 0.000068706,
      "slowest": 0.001374812
    },
    "DNSLookup": {
      "average": 0.000004486299999999998,
      "fastest": 0.0000029,
      "slowest": 0.000036003
    }
  },
  "statusCodeDistribution": {
    "200": 64119
  },
  "errorDistribution": {}
}