{
  "summary": {
    "successRate": 0.024080101750233868,
    "total": 10.00092665,
    "slowest": 0.026153637,
    "fastest": 0.004830201,
    "average": 0.008517731932475504,
    "requestsPerSec": 67767.5203227293,
    "totalData": 212160,
    "sizePerRequest": 13,
    "sizePerSec": 21214.034201520717
  },
  "responseTimeHistogram": {
    "0.004830201": 1,
    "0.0069625446": 3113,
    "0.009094888200000002": 8991,
    "0.011227231800000001": 2826,
    "0.0133595754": 543,
    "0.015491919": 633,
    "0.017624262600000003": 104,
    "0.019756606200000002": 77,
    "0.0218889498": 9,
    "0.0240212934": 10,
    "0.026153637": 13
  },
  "latencyPercentiles": {
    "p10": 0.006623886,
    "p25": 0.007067192,
    "p50": 0.008016519,
    "p75": 0.009169742,
    "p90": 0.010910636,
    "p95": 0.013426114,
    "p99": 0.016958633
  },
  "rps": {
    "mean": 5931.290558343386,
    "stddev": 1673.409771660543,
    "max": 11202.383307050995,
    "percentiles": {
      "p10": 4332.321719420036,
      "p25": 5272.750244219375,
      "p50": 6207.330857743231,
      "p75": 6726.334946582584,
      "p90": 7736.356008875456,
      "p95": 8255.026354674937,
      "p99": 9417.902490844066
    }
  },
  "details": {
    "DNSDialup": {
      "average": 0.00069369264,
      "fastest": 0.000160467,
      "slowest": 0.001486538
    },
    "DNSLookup": {
      "average": 0.000007262120000000001,
      "fastest": 0.000004128,
      "slowest": 0.000026449
    }
  },
  "statusCodeDistribution": {
    "200": 16320
  },
  "errorDistribution": {
    "Connection refused (os error 111)": 661418
  }
}