{
  "summary": {
    "successRate": 1,
    "total": 10.000938618,
    "slowest": 0.034002272,
    "fastest": 0.001583185,
    "average": 0.007911984871379205,
    "requestsPerSec": 6310.207712545727,
    "totalData": 820404,
    "sizePerRequest": 13,
    "sizePerSec": 82032.70026309445
  },
  "responseTimeHistogram": {
    "0.001583185": 1,
    "0.0048250937": 331,
    "0.008067002399999999": 47794,
    "0.0113089111": 10456,
    "0.0145508198": 2368,
    "0.0177927285": 1843,
    "0.021034637199999998": 219,
    "0.024276545899999998": 62,
    "0.0275184546": 13,
    "0.0307603633": 11,
    "0.034002272": 10
  },
  "latencyPercentiles": {
    "p10": 0.006601438,
    "p25": 0.006656938,
    "p50": 0.006949935,
    "p75": 0.007922326,
    "p90": 0.010752696,
    "p95": 0.01251908,
    "p99": 0.016863538
  },
  "rps": {
    "mean": 6397.331168608438,
    "stddev": 1753.293806894489,
    "max": 11230.196569278709,
    "percentiles": {
      "p10": 4213.101059053255,
      "p25": 6137.210348220153,
      "p50": 7000.415824699723,
      "p75": 7418.156575552153,
      "p90": 7668.553029810017,
      "p95": 7972.523495026691,
      "p99": 9510.661817694752
    }
  },
  "details": {
    "DNSDialup": {
      "average": 0.0012855816,
      "fastest": 0.000067399,
      "slowest": 0.001481586
    },
    "DNSLookup": {
      "average": 0.00000372194,
      "fastest": 0.0000027,
      "slowest": 0.0000315
    }
  },
  "statusCodeDistribution": {
    "200": 63108
  },
  "errorDistribution": {}
}