{
  "summary": {
    "successRate": 1,
    "total": 10.000939802,
    "slowest": 0.024819924,
    "fastest": 0.004641764,
    "average": 0.008093996137246913,
    "requestsPerSec": 6169.320206053171,
    "totalData": 802087,
    "sizePerRequest": 13,
    "sizePerSec": 80201.16267869122
  },
  "responseTimeHistogram": {
    "0.004641764": 1,
    "0.00665958": 8101,
    "0.008677396": 41186,
    "0.010695211999999999": 8558,
    "0.012713028": 859,
    "0.014730844": 2259,
    "0.01674866": 614,
    "0.018766475999999997": 45,
    "0.020784292": 51,
    "0.022802107999999998": 14,
    "0.024819924": 11
  },
  "latencyPercentiles": {
    "p10": 0.006579275,
    "p25": 0.006973552,
    "p50": 0.007855794,
    "p75": 0.008313366,
    "p90": 0.009748985,
    "p95": 0.012589651,
    "p99": 0.014809309
  },
  "rps": {
    "mean": 6249.56208148154,
    "stddev": 1602.8132977954149,
    "max": 11225.212725799393,
    "percentiles": {
      "p10": 5033.7203895167795,
      "p25": 5649.379189720827,
      "p50": 6415.9410985812665,
      "p75": 7038.120572456627,
      "p90": 7920.062309837055,
      "p95": 8530.343391106186,
      "p99": 9523.619528793051
    }
  },
  "details": {
    "DNSDialup": {
      "average": 0.0007650993000000001,
      "fastest": 0.000080678,
      "slowest": 0.001173939
    },
    "DNSLookup": {
      "average": 0.000007391939999999999,
      "fastest": 0.000003476,
      "slowest": 0.000025818
    }
  },
  "statusCodeDistribution": {
    "200": 61699
  },
  "errorDistribution": {}
}