{
  "summary": {
    "successRate": 1,
    "total": 10.000731825,
    "slowest": 0.020866174,
    "fastest": 0.003277514,
    "average": 0.006444274255772235,
    "requestsPerSec": 7752.032686867893,
    "totalData": 1007838,
    "sizePerRequest": 13,
    "sizePerSec": 100776.4249292826
  },
  "responseTimeHistogram": {
    "0.003277514": 1,
    "0.00503638": 9220,
    "0.0067952460000000004": 48262,
    "0.008554112000000001": 14470,
    "0.010312978": 1447,
    "0.012071844000000002": 898,
    "0.013830710000000001": 2798,
    "0.015589576000000003": 240,
    "0.017348442000000002": 120,
    "0.019107308": 19,
    "0.020866174": 51
  },
  "latencyPercentiles": {
    "p10": 0.004989485,
    "p25": 0.005319039,
    "p50": 0.00606902,
    "p75": 0.006836156,
    "p90": 0.008047816,
    "p95": 0.011012914,
    "p99": 0.013316947
  },
  "rps": {
    "mean": 7900.707758988934,
    "stddev": 2547.517662613989,
    "max": 16075.775848757716,
    "percentiles": {
      "p10": 5227.692656308234,
      "p25": 6642.473971314779,
      "p50": 8205.066267397147,
      "p75": 9558.651293634153,
      "p90": 10626.226534936639,
      "p95": 11103.788612674736,
      "p99": 13170.979064739995
    }
  },
  "details": {
    "DNSDialup": {
      "average": 0.00051494988,
      "fastest": 0.000060765,
      "slowest": 0.000860689
    },
    "DNSLookup": {
      "average": 0.000008301100000000001,
      "fastest": 0.000003182,
      "slowest": 0.000146345
    }
  },
  "statusCodeDistribution": {
    "200": 77526
  },
  "errorDistribution": {}
}