{
  "summary": {
    "successRate": 1,
    "total": 10.000984697,
    "slowest": 0.042930998,
    "fastest": 0.002210541,
    "average": 0.008457350177782937,
    "requestsPerSec": 5906.618377060397,
    "totalData": 767936,
    "sizePerRequest": 13,
    "sizePerSec": 76786.03890178516
  },
  "responseTimeHistogram": {
    "0.002210541": 1,
    "0.0062825867": 16489,
    "0.010354632400000001": 28601,
    "0.014426678100000001": 10265,
    "0.018498723800000002": 2208,
    "0.0225707695": 1314,
    "0.026642815200000003": 155,
    "0.030714860900000005": 37,
    "0.0347869066": 1,
    "0.0388589523": 0,
    "0.042930998": 1
  },
  "latencyPercentiles": {
    "p10": 0.004657487,
    "p25": 0.005408301,
    "p50": 0.007906147,
    "p75": 0.010291292,
    "p90": 0.012860539,
    "p95": 0.01554569,
    "p99": 0.021255696
  },
  "rps": {
    "mean": 6063.687619537834,
    "stddev": 1894.0646232075005,
    "max": 9157.329461102912,
    "percentiles": {
      "p10": 4214.7152568476595,
      "p25": 5066.224162383424,
      "p50": 6667.4849489104945,
      "p75": 7258.773348431667,
      "p90": 7658.368253645313,
      "p95": 7826.778540097455,
      "p99": 8996.8937040667
    }
  },
  "details": {
    "DNSDialup": {
      "average": 0.0011930622200000004,
      "fastest": 0.000073001,
      "slowest": 0.001400626
    },
    "DNSLookup": {
      "average": 0.0000053900800000000014,
      "fastest": 0.0000033,
      "slowest": 0.000044601
    }
  },
  "statusCodeDistribution": {
    "200": 59072
  },
  "errorDistribution": {}
}