{
  "summary": {
    "successRate": 1,
    "total": 10.000138485,
    "slowest": 0.026177114,
    "fastest": 0.004234061,
    "average": 0.008166639676355085,
    "requestsPerSec": 6113.715334213193,
    "totalData": 794794,
    "sizePerRequest": 13,
    "sizePerSec": 79478.29934477151
  },
  "responseTimeHistogram": {
    "0.004234061": 1,
    "0.0064283663": 3651,
    "0.0086226716": 43740,
    "0.0108169769": 9636,
    "0.013011282200000002": 1374,
    "0.015205587500000003": 2209,
    "0.0173998928": 454,
    "0.0195941981": 42,
    "0.021788503400000003": 12,
    "0.023982808700000004": 7,
    "0.026177114000000005": 12
  },
  "latencyPercentiles": {
    "p10": 0.006582404,
    "p25": 0.006919905,
    "p50": 0.007930906,
    "p75": 0.008455856,
    "p90": 0.00989213,
    "p95": 0.012506832,
    "p99": 0.015092184
  },
  "rps": {
    "mean": 6171.156771162226,
    "stddev": 1623.3884248769803,
    "max": 11223.32656192713,
    "percentiles": {
      "p10": 4945.21109794185,
      "p25": 5553.777112706735,
      "p50": 6266.785153961298,
      "p75": 6908.887581274664,
      "p90": 8054.142996738403,
      "p95": 8566.474989269353,
      "p99": 9374.663896993428
    }
  },
  "details": {
    "DNSDialup": {
      "average": 0.0010623581800000002,
      "fastest": 0.000136024,
      "slowest": 0.001631891
    },
    "DNSLookup": {
      "average": 0.00000980758,
      "fastest": 0.000004468,
      "slowest": 0.000036127
    }
  },
  "statusCodeDistribution": {
    "200": 61138
  },
  "errorDistribution": {}
}