{
  "summary": {
    "successRate": 1,
    "total": 10.001685472,
    "slowest": 0.032742749,
    "fastest": 0.001788419,
    "average": 0.008675934337229066,
    "requestsPerSec": 5757.429601361493,
    "totalData": 748592,
    "sizePerRequest": 13,
    "sizePerSec": 74846.58481769942
  },
  "responseTimeHistogram": {
    "0.001788419": 1,
    "0.004883852": 173,
    "0.007979285000000001": 40038,
    "0.011074718": 7959,
    "0.014170151": 6436,
    "0.017265584": 1222,
    "0.020361017000000002": 1024,
    "0.02345645": 386,
    "0.026551883000000002": 262,
    "0.029647316000000003": 71,
    "0.032742749": 12
  },
  "latencyPercentiles": {
    "p10": 0.007139376,
    "p25": 0.007206677,
    "p50": 0.007428079,
    "p75": 0.008606791,
    "p90": 0.012105828,
    "p95": 0.014426754,
    "p99": 0.02170323
  },
  "rps": {
    "mean": 6034.600425983991,
    "stddev": 4542.419171603874,
    "max": 141843.9716310359,
    "percentiles": {
      "p10": 3221.582995276805,
      "p25": 5842.942118807966,
      "p50": 6531.740339004012,
      "p75": 6866.810634064119,
      "p90": 7222.273228006997,
      "p95": 7301.191298878178,
      "p99": 8467.141041602928
    }
  },
  "details": {
    "DNSDialup": {
      "average": 0.0016675298,
      "fastest": 0.000080601,
      "slowest": 0.003557638
    },
    "DNSLookup": {
      "average": 0.000005216059999999998,
      "fastest": 0.0000038,
      "slowest": 0.000042401
    }
  },
  "statusCodeDistribution": {
    "200": 57584
  },
  "errorDistribution": {}
}