{
  "summary": {
    "successRate": 1,
    "total": 10.000208325,
    "slowest": 0.02444808,
    "fastest": 0.001861966,
    "average": 0.007937544874852855,
    "requestsPerSec": 6288.468995469652,
    "totalData": 817518,
    "sizePerRequest": 13,
    "sizePerSec": 81750.09694110548
  },
  "responseTimeHistogram": {
    "0.001861966": 1,
    "0.0041205774": 39,
    "0.0063791887999999995": 4621,
    "0.0086378002": 45507,
    "0.0108964116": 9166,
    "0.013155022999999998": 1521,
    "0.015413634399999999": 1874,
    "0.0176722458": 83,
    "0.0199308572": 52,
    "0.022189468599999998": 7,
    "0.024448079999999997": 15
  },
  "latencyPercentiles": {
    "p10": 0.006433461,
    "p25": 0.006787101,
    "p50": 0.007745629,
    "p75": 0.008216098,
    "p90": 0.009431996,
    "p95": 0.011908999,
    "p99": 0.014161525
  },
  "rps": {
    "mean": 6351.974684674447,
    "stddev": 1595.4195169931586,
    "max": 11573.024218897404,
    "percentiles": {
      "p10": 5132.804781922045,
      "p25": 5741.138703493768,
      "p50": 6465.515847949768,
      "p75": 7047.99614897485,
      "p90": 8140.471166452329,
      "p95": 8755.896769386329,
      "p99": 9409.374559873891
    }
  },
  "details": {
    "DNSDialup": {
      "average": 0.0005102195800000001,
      "fastest": 0.000072505,
      "slowest": 0.000756219
    },
    "DNSLookup": {
      "average": 0.000007847740000000002,
      "fastest": 0.000003727,
      "slowest": 0.000053029
    }
  },
  "statusCodeDistribution": {
    "200": 62886
  },
  "errorDistribution": {}
}