{
  "summary": {
    "successRate": 1,
    "total": 10.000222499,
    "slowest": 0.024619539,
    "fastest": 0.004019969,
    "average": 0.007895181278290754,
    "requestsPerSec": 6325.259263613911,
    "totalData": 822302,
    "sizePerRequest": 13,
    "sizePerSec": 82228.37042698084
  },
  "responseTimeHistogram": {
    "0.004019969": 1,
    "0.006079925999999999": 3313,
    "0.008139883": 43564,
    "0.01019984": 12010,
    "0.012259797": 1523,
    "0.014319753999999999": 2478,
    "0.016379710999999998": 187,
    "0.018439668": 113,
    "0.020499625": 29,
    "0.022559582": 29,
    "0.024619538999999996": 7
  },
  "latencyPercentiles": {
    "p10": 0.006428938,
    "p25": 0.006705693,
    "p50": 0.007739586,
    "p75": 0.008173727,
    "p90": 0.009478683,
    "p95": 0.011730535,
    "p99": 0.014090797
  },
  "rps": {
    "mean": 6397.540899496402,
    "stddev": 1823.2391732407445,
    "max": 36681.89347348932,
    "percentiles": {
      "p10": 5121.561260751671,
      "p25": 5725.926997444636,
      "p50": 6465.722360847171,
      "p75": 7141.123588408501,
      "p90": 8177.594743239937,
      "p95": 8794.627750507243,
      "p99": 9181.696593896748
    }
  },
  "details": {
    "DNSDialup": {
      "average": 0.0007427242,
      "fastest": 0.000089308,
      "slowest": 0.001353757
    },
    "DNSLookup": {
      "average": 0.0000104603,
      "fastest": 0.000004719,
      "slowest": 0.000036839
    }
  },
  "statusCodeDistribution": {
    "200": 63254
  },
  "errorDistribution": {}
}