{
  "summary": {
    "successRate": 1,
    "total": 10.000356686,
    "slowest": 0.0247822,
    "fastest": 0.00215535,
    "average": 0.0071861669296198055,
    "requestsPerSec": 6949.152133472212,
    "totalData": 903422,
    "sizePerRequest": 13,
    "sizePerSec": 90338.97773513876
  },
  "responseTimeHistogram": {
    "0.00215535": 1,
    "0.004418035": 24,
    "0.006680719999999999": 35202,
    "0.008943405": 28776,
    "0.01120609": 1922,
    "0.013468775": 1012,
    "0.01573146": 2312,
    "0.017994145": 217,
    "0.02025683": 10,
    "0.022519515": 11,
    "0.0247822": 7
  },
  "latencyPercentiles": {
    "p10": 0.005437708,
    "p25": 0.006417828,
    "p50": 0.006670209,
    "p75": 0.007426469,
    "p90": 0.008645176,
    "p95": 0.011393301,
    "p99": 0.014537214
  },
  "rps": {
    "mean": 6988.119053630841,
    "stddev": 1763.5905041604356,
    "max": 11178.151977432124,
    "percentiles": {
      "p10": 5314.033831946993,
      "p25": 6445.8564674951485,
      "p50": 7265.444084003271,
      "p75": 7971.432547494394,
      "p90": 8765.842875591878,
      "p95": 9320.03714786339,
      "p99": 9952.320228466224
    }
  },
  "details": {
    "DNSDialup": {
      "average": 0.0013834249600000001,
      "fastest": 0.000066714,
      "slowest": 0.002920702
    },
    "DNSLookup": {
      "average": 0.00003453694,
      "fastest": 0.000003156,
      "slowest": 0.001339287
    }
  },
  "statusCodeDistribution": {
    "200": 69494
  },
  "errorDistribution": {}
}