{
  "summary": {
    "successRate": 1,
    "total": 10.001503299,
    "slowest": 0.034148333,
    "fastest": 0.002080295,
    "average": 0.008180785700697538,
    "requestsPerSec": 6106.28204323107,
    "totalData": 793936,
    "sizePerRequest": 13,
    "sizePerSec": 79381.6665620039
  },
  "responseTimeHistogram": {
    "0.002080295": 1,
    "0.0052870988": 383,
    "0.0084939026": 46513,
    "0.0117007064": 9895,
    "0.0149075102": 2126,
    "0.018114314": 1760,
    "0.0213211178": 292,
    "0.0245279216": 62,
    "0.0277347254": 14,
    "0.0309415292": 13,
    "0.034148333": 13
  },
  "latencyPercentiles": {
    "p10": 0.006837685,
    "p25": 0.006905685,
    "p50": 0.007188086,
    "p75": 0.008241582,
    "p90": 0.011078878,
    "p95": 0.012840075,
    "p99": 0.017290966
  },
  "rps": {
    "mean": 6183.233486791865,
    "stddev": 1675.63649349991,
    "max": 11161.995277686929,
    "percentiles": {
      "p10": 4017.2420026756818,
      "p25": 5955.5179337302725,
      "p50": 6748.604801501748,
      "p75": 7165.724020718112,
      "p90": 7459.242046254826,
      "p95": 7725.43367273819,
      "p99": 8315.870006320236
    }
  },
  "details": {
    "DNSDialup": {
      "average": 0.0012544194999999992,
      "fastest": 0.0000664,
      "slowest": 0.001429897
    },
    "DNSLookup": {
      "average": 0.000003951980000000001,
      "fastest": 0.0000028,
      "slowest": 0.0000403
    }
  },
  "statusCodeDistribution": {
    "200": 61072
  },
  "errorDistribution": {}
}