{
  "summary": {
    "successRate": 1,
    "total": 10.001578143,
    "slowest": 0.050729127,
    "fastest": 0.003599295,
    "average": 0.013373276767636732,
    "requestsPerSec": 3734.510640817377,
    "totalData": 485563,
    "sizePerRequest": 13,
    "sizePerSec": 48548.6383306259
  },
  "responseTimeHistogram": {
    "0.003599295": 1,
    "0.0083122782": 474,
    "0.0130252614": 25340,
    "0.017738244599999998": 7155,
    "0.022451227799999997": 2598,
    "0.027164210999999997": 1411,
    "0.0318771942": 203,
    "0.0365901774": 103,
    "0.0413031606": 48,
    "0.0460161438": 15,
    "0.050729127": 3
  },
  "latencyPercentiles": {
    "p10": 0.010844787,
    "p25": 0.011231886,
    "p50": 0.011801785,
    "p75": 0.013948682,
    "p90": 0.018346478,
    "p95": 0.022203472,
    "p99": 0.027145561
  },
  "rps": {
    "mean": 3827.249525183524,
    "stddev": 1161.6106697493426,
    "max": 7682.153067821715,
    "percentiles": {
      "p10": 2102.2729775432185,
      "p25": 3640.560577562697,
      "p50": 4146.109715366519,
      "p75": 4447.999699153128,
      "p90": 4804.261497124844,
      "p95": 5076.036264527383,
      "p99": 5719.970131721205
    }
  },
  "details": {
    "DNSDialup": {
      "average": 0.0026495402,
      "fastest": 0.0000922,
      "slowest": 0.007548589
    },
    "DNSLookup": {
      "average": 0.00004495794,
      "fastest": 0.0000056,
      "slowest": 0.001881897
    }
  },
  "statusCodeDistribution": {
    "200": 37351
  },
  "errorDistribution": {}
}