{
  "summary": {
    "successRate": 1,
    "total": 10.001427221,
    "slowest": 0.0305274,
    "fastest": 0.0016578,
    "average": 0.00756297264968206,
    "requestsPerSec": 6605.057312349761,
    "totalData": 858780,
    "sizePerRequest": 13,
    "sizePerSec": 85865.74506054689
  },
  "responseTimeHistogram": {
    "0.0016578": 1,
    "0.00454476": 119,
    "0.00743172": 49850,
    "0.01031868": 7893,
    "0.013205640000000001": 5396,
    "0.016092600000000002": 1012,
    "0.01897956": 1140,
    "0.02186652": 520,
    "0.02475348": 93,
    "0.027640440000000002": 22,
    "0.030527400000000003": 14
  },
  "latencyPercentiles": {
    "p10": 0.006293001,
    "p25": 0.0063348,
    "p50": 0.0065222,
    "p75": 0.0072267,
    "p90": 0.010468201,
    "p95": 0.0125931,
    "p99": 0.018942501
  },
  "rps": {
    "mean": 6710.010421621055,
    "stddev": 1872.677644301252,
    "max": 9803.280831319062,
    "percentiles": {
      "p10": 4335.027018307678,
      "p25": 6442.39093233476,
      "p50": 7279.196934729955,
      "p75": 7778.249186819314,
      "p90": 8218.209054593704,
      "p95": 8353.681151343571,
      "p99": 9043.465154399228
    }
  },
  "details": {
    "DNSDialup": {
      "average": 0.000798214,
      "fastest": 0.0000401,
      "slowest": 0.0011418
    },
    "DNSLookup": {
      "average": 0.000004514,
      "fastest": 0.0000031,
      "slowest": 0.0000323
    }
  },
  "statusCodeDistribution": {
    "200": 66060
  },
  "errorDistribution": {}
}