{
  "summary": {
    "successRate": 1,
    "total": 10.001195029,
    "slowest": 0.024540418,
    "fastest": 0.005430675,
    "average": 0.008192693037307526,
    "requestsPerSec": 6094.571681009862,
    "totalData": 792389,
    "sizePerRequest": 13,
    "sizePerSec": 79229.4318531282
  },
  "responseTimeHistogram": {
    "0.005430675": 1,
    "0.007341649300000001": 20924,
    "0.0092526236": 29903,
    "0.011163597900000002": 6514,
    "0.013074572200000002": 864,
    "0.014985546500000002": 2407,
    "0.016896520800000002": 202,
    "0.018807495100000002": 79,
    "0.0207184694": 40,
    "0.0226294437": 6,
    "0.024540418": 13
  },
  "latencyPercentiles": {
    "p10": 0.006720484,
    "p25": 0.007063185,
    "p50": 0.007993162,
    "p75": 0.008410622,
    "p90": 0.009784205,
    "p95": 0.012298435,
    "p99": 0.014772227
  },
  "rps": {
    "mean": 6144.166712348255,
    "stddev": 1510.5149512589128,
    "max": 11052.674792412532,
    "percentiles": {
      "p10": 5029.946288221312,
      "p25": 5645.9524066375325,
      "p50": 6291.281026867994,
      "p75": 6804.631940179849,
      "p90": 7607.829519587285,
      "p95": 8221.429590135363,
      "p99": 9274.712061108467
    }
  },
  "details": {
    "DNSDialup": {
      "average": 0.00078220286,
      "fastest": 0.000098414,
      "slowest": 0.00147762
    },
    "DNSLookup": {
      "average": 0.000008792600000000001,
      "fastest": 0.000002966,
      "slowest": 0.000128019
    }
  },
  "statusCodeDistribution": {
    "200": 60953
  },
  "errorDistribution": {}
}