{
  "summary": {
    "successRate": 1,
    "total": 10.000346348,
    "slowest": 0.016939654,
    "fastest": 0.001164783,
    "average": 0.002636819161866035,
    "requestsPerSec": 18944.643856048973,
    "totalData": 2462889,
    "sizePerRequest": 13,
    "sizePerSec": 246280.37012863666
  },
  "responseTimeHistogram": {
    "0.001164783": 1,
    "0.0027422701": 142758,
    "0.0043197572": 42548,
    "0.005897244299999999": 2028,
    "0.007474731399999999": 1088,
    "0.0090522185": 645,
    "0.010629705599999997": 212,
    "0.012207192699999998": 92,
    "0.013784679799999998": 20,
    "0.015362166899999998": 31,
    "0.016939654": 30
  },
  "latencyPercentiles": {
    "p10": 0.002137123,
    "p25": 0.002403947,
    "p50": 0.002514196,
    "p75": 0.002736328,
    "p90": 0.003022769,
    "p95": 0.003330717,
    "p99": 0.006124238
  },
  "rps": {
    "mean": 18919.70774064154,
    "stddev": 3030.650962896917,
    "max": 23273.519358779173,
    "percentiles": {
      "p10": 17509.584746689845,
      "p25": 18927.257143011735,
      "p50": 19661.143008975007,
      "p75": 20236.894571183617,
      "p90": 20769.132133220624,
      "p95": 21227.788902335673,
      "p99": 22205.304214174965
    }
  },
  "details": {
    "DNSDialup": {
      "average": 0.0013369200200000003,
      "fastest": 0.00008903,
      "slowest": 0.002864046
    },
    "DNSLookup": {
      "average": 0.000024081800000000004,
      "fastest": 0.000004138,
      "slowest": 0.000831081
    }
  },
  "statusCodeDistribution": {
    "200": 189453
  },
  "errorDistribution": {}
}