{
  "summary": {
    "successRate": 1,
    "total": 10.000668288,
    "slowest": 0.012290377,
    "fastest": 0.000575803,
    "average": 0.0014624046611482872,
    "requestsPerSec": 34144.218182871904,
    "totalData": 4439045,
    "sizePerRequest": 13,
    "sizePerSec": 443874.8363773347
  },
  "responseTimeHistogram": {
    "0.000575803": 1,
    "0.0017472604": 334627,
    "0.0029187177999999998": 5946,
    "0.0040901752": 477,
    "0.0052616326": 242,
    "0.00643309": 71,
    "0.0076045474": 31,
    "0.0087760048": 33,
    "0.0099474622": 22,
    "0.011118919599999999": 11,
    "0.012290377": 4
  },
  "latencyPercentiles": {
    "p10": 0.001278043,
    "p25": 0.001328025,
    "p50": 0.001477886,
    "p75": 0.001547363,
    "p90": 0.00160964,
    "p95": 0.00165493,
    "p99": 0.001966619
  },
  "rps": {
    "mean": 34135.4287113847,
    "stddev": 2617.099740593417,
    "max": 37824.48000345823,
    "percentiles": {
      "p10": 33301.21549436626,
      "p25": 34200.256501921416,
      "p50": 34549.153080087315,
      "p75": 35042.887924008384,
      "p90": 35380.48944421766,
      "p95": 35514.93878732257,
      "p99": 35929.8759061708
    }
  },
  "details": {
    "DNSDialup": {
      "average": 0.0007280703399999999,
      "fastest": 0.000096371,
      "slowest": 0.001169254
    },
    "DNSLookup": {
      "average": 0.0000057326800000000005,
      "fastest": 0.000002585,
      "slowest": 0.000023715
    }
  },
  "statusCodeDistribution": {
    "200": 341465
  },
  "errorDistribution": {}
}