{
  "summary": {
    "successRate": 1,
    "total": 10.000830065,
    "slowest": 0.012734715,
    "fastest": 0.000319325,
    "average": 0.0015055502218256393,
    "requestsPerSec": 33168.34681162038,
    "totalData": 4312243,
    "sizePerRequest": 13,
    "sizePerSec": 431188.50855106494
  },
  "responseTimeHistogram": {
    "0.000319325": 1,
    "0.0015608640000000001": 203929,
    "0.002802403": 126803,
    "0.004043942": 767,
    "0.005285481": 125,
    "0.00652702": 36,
    "0.007768559": 11,
    "0.009010098000000001": 6,
    "0.010251637000000001": 18,
    "0.011493176": 11,
    "0.012734715": 4
  },
  "latencyPercentiles": {
    "p10": 0.001314598,
    "p25": 0.001370667,
    "p50": 0.001520193,
    "p75": 0.001600874,
    "p90": 0.001664248,
    "p95": 0.001704407,
    "p99": 0.002102889
  },
  "rps": {
    "mean": 33163.63336746034,
    "stddev": 2291.2787212697817,
    "max": 35401.463213279334,
    "percentiles": {
      "p10": 32411.236975860153,
      "p25": 33137.1865507477,
      "p50": 33486.10438288465,
      "p75": 33851.99327647347,
      "p90": 34281.637363595335,
      "p95": 34492.34699786695,
      "p99": 34791.693558792445
    }
  },
  "details": {
    "DNSDialup": {
      "average": 0.0008888041799999999,
      "fastest": 0.000107811,
      "slowest": 0.001163778
    },
    "DNSLookup": {
      "average": 0.000006537520000000001,
      "fastest": 0.000003787,
      "slowest": 0.000030697
    }
  },
  "statusCodeDistribution": {
    "200": 331711
  },
  "errorDistribution": {}
}