{
  "summary": {
    "successRate": 1,
    "total": 10.000362787,
    "slowest": 0.010776414,
    "fastest": 0.000856214,
    "average": 0.0014571256187031504,
    "requestsPerSec": 34265.75688288577,
    "totalData": 4454710,
    "sizePerRequest": 13,
    "sizePerSec": 445454.839477515
  },
  "responseTimeHistogram": {
    "0.000856214": 1,
    "0.0018482340000000002": 339101,
    "0.0028402540000000004": 2814,
    "0.0038322740000000005": 511,
    "0.004824294000000001": 177,
    "0.005816314": 16,
    "0.006808334000000001": 4,
    "0.0078003540000000015": 15,
    "0.008792374": 15,
    "0.009784394": 11,
    "0.010776414": 5
  },
  "latencyPercentiles": {
    "p10": 0.001282193,
    "p25": 0.001330513,
    "p50": 0.001480588,
    "p75": 0.00154687,
    "p90": 0.001597644,
    "p95": 0.001634551,
    "p99": 0.001887932
  },
  "rps": {
    "mean": 34260.18756991657,
    "stddev": 2251.3383211651835,
    "max": 39639.079590709734,
    "percentiles": {
      "p10": 33901.08144449795,
      "p25": 34281.11597662551,
      "p50": 34528.140836270024,
      "p75": 34817.36302073404,
      "p90": 35230.88139185412,
      "p95": 35387.07085846399,
      "p99": 35725.57263970619
    }
  },
  "details": {
    "DNSDialup": {
      "average": 0.00113828538,
      "fastest": 0.000178149,
      "slowest": 0.001892325
    },
    "DNSLookup": {
      "average": 0.00001026208,
      "fastest": 0.000004579,
      "slowest": 0.000046147
    }
  },
  "statusCodeDistribution": {
    "200": 342670
  },
  "errorDistribution": {}
}