{
  "summary": {
    "successRate": 1,
    "total": 10.000641196,
    "slowest": 0.013384738,
    "fastest": 0.000237774,
    "average": 0.001515599862284896,
    "requestsPerSec": 32947.78740105096,
    "totalData": 4283487,
    "sizePerRequest": 13,
    "sizePerSec": 428321.2362136625
  },
  "responseTimeHistogram": {
    "0.000237774": 1,
    "0.0015524704000000002": 186856,
    "0.0028671668000000003": 141379,
    "0.0041818632": 885,
    "0.0054965596": 193,
    "0.006811256": 85,
    "0.0081259524": 63,
    "0.0094406488": 9,
    "0.0107553452": 14,
    "0.012070041600000001": 11,
    "0.013384738": 3
  },
  "latencyPercentiles": {
    "p10": 0.001323565,
    "p25": 0.001376237,
    "p50": 0.001531059,
    "p75": 0.001601589,
    "p90": 0.001671107,
    "p95": 0.00171701,
    "p99": 0.002048321
  },
  "rps": {
    "mean": 32939.92732087751,
    "stddev": 2573.073281612773,
    "max": 34985.97804103766,
    "percentiles": {
      "p10": 32216.678574498063,
      "p25": 33076.19432123903,
      "p50": 33368.34312930023,
      "p75": 33666.90961617088,
      "p90": 34042.79178927906,
      "p95": 34213.90349174133,
      "p99": 34488.98132837557
    }
  },
  "details": {
    "DNSDialup": {
      "average": 0.0007865862399999999,
      "fastest": 0.000087747,
      "slowest": 0.001115868
    },
    "DNSLookup": {
      "average": 0.000009495680000000002,
      "fastest": 0.000003186,
      "slowest": 0.000149515
    }
  },
  "statusCodeDistribution": {
    "200": 329499
  },
  "errorDistribution": {}
}