{
  "summary": {
    "successRate": 1,
    "total": 10.000427145,
    "slowest": 0.013045585,
    "fastest": 0.000848469,
    "average": 0.001488010154797468,
    "requestsPerSec": 33554.666729188,
    "totalData": 4362293,
    "sizePerRequest": 13,
    "sizePerSec": 436210.66747944395
  },
  "responseTimeHistogram": {
    "0.000848469": 1,
    "0.0020681806": 332673,
    "0.0032878922000000002": 2402,
    "0.0045076038": 335,
    "0.0057273154": 81,
    "0.006947027000000001": 19,
    "0.008166738599999999": 11,
    "0.0093864502": 21,
    "0.0106061618": 4,
    "0.011825873399999999": 7,
    "0.013045585": 7
  },
  "latencyPercentiles": {
    "p10": 0.001295196,
    "p25": 0.001352184,
    "p50": 0.001497244,
    "p75": 0.001573848,
    "p90": 0.001659032,
    "p95": 0.001702398,
    "p99": 0.001977756
  },
  "rps": {
    "mean": 33549.57225551458,
    "stddev": 2361.691123526018,
    "max": 35747.12665920019,
    "percentiles": {
      "p10": 33034.16723917553,
      "p25": 33409.26438901675,
      "p50": 33965.926411895416,
      "p75": 34348.947615119425,
      "p90": 34617.824310469055,
      "p95": 34838.93006871044,
      "p99": 35171.27040352
    }
  },
  "details": {
    "DNSDialup": {
      "average": 0.0009669167,
      "fastest": 0.000145237,
      "slowest": 0.00158603
    },
    "DNSLookup": {
      "average": 0.000009643699999999995,
      "fastest": 0.000004188,
      "slowest": 0.000051466
    }
  },
  "statusCodeDistribution": {
    "200": 335561
  },
  "errorDistribution": {}
}