{
  "summary": {
    "successRate": 1,
    "total": 10.000618014,
    "slowest": 0.012237605,
    "fastest": 0.000538894,
    "average": 0.001452060476799053,
    "requestsPerSec": 34386.574861532354,
    "totalData": 4470531,
    "sizePerRequest": 13,
    "sizePerSec": 447025.47319992055
  },
  "responseTimeHistogram": {
    "0.000538894": 1,
    "0.0017087651000000001": 338475,
    "0.0028786362000000005": 4488,
    "0.0040485073": 606,
    "0.0052183784": 186,
    "0.0063882495": 68,
    "0.007558120600000001": 26,
    "0.0087279917": 1,
    "0.0098978628": 20,
    "0.011067733900000001": 11,
    "0.012237605": 5
  },
  "latencyPercentiles": {
    "p10": 0.00127272,
    "p25": 0.001323104,
    "p50": 0.001467503,
    "p75": 0.001541062,
    "p90": 0.001598579,
    "p95": 0.001631708,
    "p99": 0.00191241
  },
  "rps": {
    "mean": 34375.3785554151,
    "stddev": 2518.6845245334634,
    "max": 37239.429107537704,
    "percentiles": {
      "p10": 34034.913013769066,
      "p25": 34336.980928460085,
      "p50": 34683.38927282873,
      "p75": 35178.11736163742,
      "p90": 35475.27751090126,
      "p95": 35610.27356392319,
      "p99": 36111.42926736258
    }
  },
  "details": {
    "DNSDialup": {
      "average": 0.0007285541599999999,
      "fastest": 0.000078727,
      "slowest": 0.001381222
    },
    "DNSLookup": {
      "average": 0.000006587180000000001,
      "fastest": 0.000003496,
      "slowest": 0.000027491
    }
  },
  "statusCodeDistribution": {
    "200": 343887
  },
  "errorDistribution": {}
}