{
  "summary": {
    "successRate": 1,
    "total": 10.000700536,
    "slowest": 0.011873075,
    "fastest": 0.000276007,
    "average": 0.0014561876257931819,
    "requestsPerSec": 34289.59789022524,
    "totalData": 4457960,
    "sizePerRequest": 13,
    "sizePerSec": 445764.7725729281
  },
  "responseTimeHistogram": {
    "0.000276007": 1,
    "0.0014357138": 152251,
    "0.0025954206": 189048,
    "0.0037551273999999997": 1209,
    "0.0049148342": 216,
    "0.006074541": 122,
    "0.0072342477999999995": 31,
    "0.0083939546": 4,
    "0.0095536614": 20,
    "0.0107133682": 11,
    "0.011873075": 7
  },
  "latencyPercentiles": {
    "p10": 0.001270764,
    "p25": 0.001324244,
    "p50": 0.001467069,
    "p75": 0.001544094,
    "p90": 0.001607639,
    "p95": 0.001646485,
    "p99": 0.001937084
  },
  "rps": {
    "mean": 34284.09170209582,
    "stddev": 2659.845249992393,
    "max": 38517.87229274391,
    "percentiles": {
      "p10": 33524.89594329433,
      "p25": 34254.63957558456,
      "p50": 34629.54914334605,
      "p75": 35184.449716209485,
      "p90": 35563.3931278652,
      "p95": 35772.96094122637,
      "p99": 36256.02832426119
    }
  },
  "details": {
    "DNSDialup": {
      "average": 0.00079413972,
      "fastest": 0.000115967,
      "slowest": 0.001387613
    },
    "DNSLookup": {
      "average": 0.000008004020000000001,
      "fastest": 0.000003557,
      "slowest": 0.000034294
    }
  },
  "statusCodeDistribution": {
    "200": 342920
  },
  "errorDistribution": {}
}