{
  "summary": {
    "successRate": 1,
    "total": 10.000671278,
    "slowest": 0.01277826,
    "fastest": 0.000482259,
    "average": 0.001496058396355783,
    "requestsPerSec": 33376.85948485187,
    "totalData": 4339283,
    "sizePerRequest": 13,
    "sizePerSec": 433899.1733030743
  },
  "responseTimeHistogram": {
    "0.000482259": 1,
    "0.0017118591": 320190,
    "0.0029414592": 12694,
    "0.0041710593": 711,
    "0.0054006594": 81,
    "0.0066302595": 14,
    "0.0078598596": 63,
    "0.0090894597": 11,
    "0.0103190598": 20,
    "0.011548659900000001": 2,
    "0.012778260000000001": 4
  },
  "latencyPercentiles": {
    "p10": 0.001308728,
    "p25": 0.001360315,
    "p50": 0.001511651,
    "p75": 0.001580941,
    "p90": 0.001643856,
    "p95": 0.001692897,
    "p99": 0.002035408
  },
  "rps": {
    "mean": 33343.84407064058,
    "stddev": 2608.6436895959755,
    "max": 35722.23852848033,
    "percentiles": {
      "p10": 32469.94589975974,
      "p25": 33331.461566574326,
      "p50": 33812.72603375915,
      "p75": 34265.23971880846,
      "p90": 34571.9555946027,
      "p95": 34758.96859021532,
      "p99": 35128.64460942341
    }
  },
  "details": {
    "DNSDialup": {
      "average": 0.00073777838,
      "fastest": 0.000088536,
      "slowest": 0.001188931
    },
    "DNSLookup": {
      "average": 0.000008502540000000003,
      "fastest": 0.000003947,
      "slowest": 0.000045986
    }
  },
  "statusCodeDistribution": {
    "200": 333791
  },
  "errorDistribution": {}
}