{
  "summary": {
    "successRate": 0.3507896356053873,
    "total": 10.000349445,
    "slowest": 0.021686375,
    "fastest": 0.000693602,
    "average": 0.0028171324394431277,
    "requestsPerSec": 33640.92443471609,
    "totalData": 1534169,
    "sizePerRequest": 13,
    "sizePerSec": 153411.53911047155
  },
  "responseTimeHistogram": {
    "0.000693602": 1,
    "0.0027928792999999995": 83435,
    "0.004892156599999999": 30253,
    "0.006991433899999999": 2865,
    "0.009090711199999999": 896,
    "0.0111899885": 62,
    "0.013289265799999998": 142,
    "0.015388543099999997": 231,
    "0.0174878204": 47,
    "0.0195870977": 24,
    "0.021686375": 57
  },
  "latencyPercentiles": {
    "p10": 0.002156408,
    "p25": 0.002436508,
    "p50": 0.002548409,
    "p75": 0.00289631,
    "p90": 0.003582512,
    "p95": 0.004245415,
    "p99": 0.007230625
  },
  "rps": {
    "mean": 17802.711417609236,
    "stddev": 4528.136615065002,
    "max": 57611.21734717878,
    "percentiles": {
      "p10": 11580.802469348471,
      "p25": 17657.97887379173,
      "p50": 19310.553217333865,
      "p75": 20335.773827536905,
      "p90": 20824.669274355667,
      "p95": 21236.45770445721,
      "p99": 22642.421081307286
    }
  },
  "details": {
    "DNSDialup": {
      "average": 0.00179779824,
      "fastest": 0.0000357,
      "slowest": 0.005343818
    },
    "DNSLookup": {
      "average": 0.00000359602,
      "fastest": 0.0000032,
      "slowest": 0.0000072
    }
  },
  "statusCodeDistribution": {
    "200": 118013
  },
  "errorDistribution": {
    "Connection refused (os error 111)": 218408
  }
}