{
  "summary": {
    "successRate": 0.4290360183808623,
    "total": 10.000904196,
    "slowest": 0.039121256,
    "fastest": 0.000377331,
    "average": 0.0035952613066881967,
    "requestsPerSec": 23674.65934677173,
    "totalData": 1320566,
    "sizePerRequest": 13,
    "sizePerSec": 132044.66057460872
  },
  "responseTimeHistogram": {
    "0.000377331": 1,
    "0.0042517234999999995": 87091,
    "0.008126116": 12399,
    "0.012000508499999998": 1326,
    "0.015874901": 329,
    "0.0197492935": 336,
    "0.023623685999999998": 20,
    "0.0274980785": 0,
    "0.031372471": 30,
    "0.035246863499999996": 23,
    "0.039121256": 27
  },
  "latencyPercentiles": {
    "p10": 0.002412401,
    "p25": 0.00311966,
    "p50": 0.003395982,
    "p75": 0.003693307,
    "p90": 0.004667892,
    "p95": 0.005785981,
    "p99": 0.010296357
  },
  "rps": {
    "mean": 14011.719638786064,
    "stddev": 3779.095535118139,
    "max": 28344.046333069156,
    "percentiles": {
      "p10": 7506.807172744238,
      "p25": 13259.025807871794,
      "p50": 15075.637488407012,
      "p75": 16215.041721302126,
      "p90": 17187.54606347766,
      "p95": 18495.160285267728,
      "p99": 20134.775831062976
    }
  },
  "details": {
    "DNSDialup": {
      "average": 0.00260216656,
      "fastest": 0.000046004,
      "slowest": 0.005394749
    },
    "DNSLookup": {
      "average": 0.000005502460000000001,
      "fastest": 0.0000038,
      "slowest": 0.000026902
    }
  },
  "statusCodeDistribution": {
    "200": 101582
  },
  "errorDistribution": {
    "Connection refused (os error 111)": 135186
  }
}