{
  "summary": {
    "successRate": 1,
    "total": 10.000278048,
    "slowest": 0.012553004,
    "fastest": 0.000817176,
    "average": 0.001484341180623111,
    "requestsPerSec": 33638.16469755822,
    "totalData": 4373083,
    "sizePerRequest": 13,
    "sizePerSec": 437296.1410682568
  },
  "responseTimeHistogram": {
    "0.000817176": 1,
    "0.0019907588": 333115,
    "0.0031643416000000004": 2688,
    "0.0043379244": 374,
    "0.005511507200000001": 95,
    "0.00668509": 18,
    "0.0078586728": 61,
    "0.0090322556": 6,
    "0.0102058384": 17,
    "0.0113794212": 11,
    "0.012553004": 5
  },
  "latencyPercentiles": {
    "p10": 0.001300558,
    "p25": 0.001352516,
    "p50": 0.001500921,
    "p75": 0.001572982,
    "p90": 0.00163264,
    "p95": 0.001674527,
    "p99": 0.001976916
  },
  "rps": {
    "mean": 33631.562974198416,
    "stddev": 2450.995736119784,
    "max": 38589.57411944472,
    "percentiles": {
      "p10": 33121.60522308674,
      "p25": 33518.53239656,
      "p50": 34109.94304839798,
      "p75": 34408.99969909771,
      "p90": 34729.51661617203,
      "p95": 34912.319546947496,
      "p99": 35400.84797238102
    }
  },
  "details": {
    "DNSDialup": {
      "average": 0.00101885796,
      "fastest": 0.000418717,
      "slowest": 0.001365474
    },
    "DNSLookup": {
      "average": 0.000010351479999999998,
      "fastest": 0.000004328,
      "slowest": 0.000051476
    }
  },
  "statusCodeDistribution": {
    "200": 336391
  },
  "errorDistribution": {}
}