{
  "summary": {
    "successRate": 1,
    "total": 10.000701631,
    "slowest": 0.016370142,
    "fastest": 0.001307883,
    "average": 0.0025818589650613484,
    "requestsPerSec": 19346.84256555039,
    "totalData": 2515266,
    "sizePerRequest": 13,
    "sizePerSec": 251508.95335215505
  },
  "responseTimeHistogram": {
    "0.001307883": 1,
    "0.0028141089": 159837,
    "0.004320334800000001": 29835,
    "0.005826560700000001": 1696,
    "0.007332786600000001": 1086,
    "0.0088390125": 381,
    "0.010345238400000002": 494,
    "0.011851464300000001": 33,
    "0.013357690200000001": 22,
    "0.014863916100000001": 67,
    "0.016370142": 30
  },
  "latencyPercentiles": {
    "p10": 0.002089584,
    "p25": 0.002355592,
    "p50": 0.002467693,
    "p75": 0.002690451,
    "p90": 0.002952995,
    "p95": 0.003224292,
    "p99": 0.006001534
  },
  "rps": {
    "mean": 19334.819587426282,
    "stddev": 2987.2530067753196,
    "max": 23902.33216094103,
    "percentiles": {
      "p10": 18053.32410340395,
      "p25": 19332.96335769726,
      "p50": 20101.842391140723,
      "p75": 20599.526561080424,
      "p90": 21000.299530588098,
      "p95": 21474.183566425378,
      "p99": 22431.382401234445
    }
  },
  "details": {
    "DNSDialup": {
      "average": 0.0012617347799999997,
      "fastest": 0.000090947,
      "slowest": 0.002361001
    },
    "DNSLookup": {
      "average": 0.000025659860000000002,
      "fastest": 0.000003777,
      "slowest": 0.000901255
    }
  },
  "statusCodeDistribution": {
    "200": 193482
  },
  "errorDistribution": {}
}