{
  "summary": {
    "successRate": 1,
    "total": 10.000707737,
    "slowest": 0.011484518,
    "fastest": 0.000292567,
    "average": 0.0014433857419185107,
    "requestsPerSec": 34595.151573121104,
    "totalData": 4497688,
    "sizePerRequest": 13,
    "sizePerSec": 449736.97045057436
  },
  "responseTimeHistogram": {
    "0.000292567": 1,
    "0.0014117621": 148456,
    "0.0025309572": 196125,
    "0.0036501523": 1067,
    "0.0047693473999999994": 166,
    "0.005888542499999999": 90,
    "0.007007737599999999": 22,
    "0.0081269327": 10,
    "0.0092461278": 14,
    "0.0103653229": 15,
    "0.011484517999999999": 10
  },
  "latencyPercentiles": {
    "p10": 0.001264101,
    "p25": 0.001314165,
    "p50": 0.001459646,
    "p75": 0.001532332,
    "p90": 0.001589918,
    "p95": 0.001624778,
    "p99": 0.001904447
  },
  "rps": {
    "mean": 34593.02719027359,
    "stddev": 2444.971113448342,
    "max": 36553.97037209538,
    "percentiles": {
      "p10": 34204.25500932355,
      "p25": 34512.71507616316,
      "p50": 34975.27378423742,
      "p75": 35379.682795009205,
      "p90": 35648.96555030296,
      "p95": 35859.31576809141,
      "p99": 36209.68246909012
    }
  },
  "details": {
    "DNSDialup": {
      "average": 0.0006299729399999998,
      "fastest": 0.000123799,
      "slowest": 0.001016779
    },
    "DNSLookup": {
      "average": 0.00000657972,
      "fastest": 0.000003406,
      "slowest": 0.00003226
    }
  },
  "statusCodeDistribution": {
    "200": 345976
  },
  "errorDistribution": {}
}