{
  "summary": {
    "successRate": 1,
    "total": 10.000789415,
    "slowest": 0.011679318,
    "fastest": 0.000192003,
    "average": 0.0014165789766557616,
    "requestsPerSec": 35265.01612672943,
    "totalData": 4584814,
    "sizePerRequest": 13,
    "sizePerSec": 458445.2096474826
  },
  "responseTimeHistogram": {
    "0.000192003": 1,
    "0.0013407345": 127723,
    "0.002489466": 223645,
    "0.0036381975000000003": 952,
    "0.004786929": 249,
    "0.0059356604999999995": 57,
    "0.007084392": 1,
    "0.0082331235": 11,
    "0.009381855": 22,
    "0.0105305865": 11,
    "0.011679318": 6
  },
  "latencyPercentiles": {
    "p10": 0.001234275,
    "p25": 0.001284268,
    "p50": 0.001433404,
    "p75": 0.001500918,
    "p90": 0.001576571,
    "p95": 0.001611793,
    "p99": 0.001871567
  },
  "rps": {
    "mean": 35259.94595820244,
    "stddev": 2447.0037090219216,
    "max": 41621.5141606725,
    "percentiles": {
      "p10": 34577.76092266787,
      "p25": 35319.21011838001,
      "p50": 35611.62407924484,
      "p75": 35904.12589842302,
      "p90": 36307.926020250554,
      "p95": 36493.55009356212,
      "p99": 36944.041518220285
    }
  },
  "details": {
    "DNSDialup": {
      "average": 0.0006213065,
      "fastest": 0.00007801,
      "slowest": 0.001303152
    },
    "DNSLookup": {
      "average": 0.000004930760000000001,
      "fastest": 0.000001772,
      "slowest": 0.000038867
    }
  },
  "statusCodeDistribution": {
    "200": 352678
  },
  "errorDistribution": {}
}