{
  "summary": {
    "successRate": 1,
    "total": 10.000682903,
    "slowest": 0.011597471,
    "fastest": 0.000179057,
    "average": 0.0015242615820878548,
    "requestsPerSec": 32763.26258696896,
    "totalData": 4259515,
    "sizePerRequest": 13,
    "sizePerSec": 425922.4136305965
  },
  "responseTimeHistogram": {
    "0.000179057": 1,
    "0.0013208984": 22779,
    "0.0024627397999999997": 303263,
    "0.0036045811999999996": 1191,
    "0.0047464225999999995": 177,
    "0.005888263999999999": 94,
    "0.007030105399999999": 56,
    "0.0081719468": 68,
    "0.009313788199999999": 4,
    "0.010455629599999999": 17,
    "0.011597470999999998": 5
  },
  "latencyPercentiles": {
    "p10": 0.001335659,
    "p25": 0.001387511,
    "p50": 0.001543936,
    "p75": 0.00161774,
    "p90": 0.001680139,
    "p95": 0.001720697,
    "p99": 0.002101314
  },
  "rps": {
    "mean": 32764.985305952345,
    "stddev": 2323.2677632873006,
    "max": 39977.5681423201,
    "percentiles": {
      "p10": 32166.565490626414,
      "p25": 32636.526800795036,
      "p50": 33138.92168366154,
      "p75": 33437.085071050664,
      "p90": 33794.84757316883,
      "p95": 34064.92191295045,
      "p99": 34543.074602647575
    }
  },
  "details": {
    "DNSDialup": {
      "average": 0.0007474264199999999,
      "fastest": 0.000073317,
      "slowest": 0.001601674
    },
    "DNSLookup": {
      "average": 0.000006626399999999998,
      "fastest": 0.000003126,
      "slowest": 0.000036729
    }
  },
  "statusCodeDistribution": {
    "200": 327655
  },
  "errorDistribution": {}
}