{
  "summary": {
    "successRate": 1,
    "total": 10.00022694,
    "slowest": 0.009768031,
    "fastest": 0.000790813,
    "average": 0.0014680138882456526,
    "requestsPerSec": 34011.32814691903,
    "totalData": 4421573,
    "sizePerRequest": 13,
    "sizePerSec": 442147.26590994745
  },
  "responseTimeHistogram": {
    "0.000790813": 1,
    "0.0016885348": 332204,
    "0.0025862566": 6688,
    "0.0034839784": 878,
    "0.0043817002": 205,
    "0.005279422000000001": 82,
    "0.0061771438": 18,
    "0.007074865600000001": 0,
    "0.0079725874": 18,
    "0.0088703092": 17,
    "0.009768031": 10
  },
  "latencyPercentiles": {
    "p10": 0.001291856,
    "p25": 0.001340709,
    "p50": 0.001489859,
    "p75": 0.001557315,
    "p90": 0.001608957,
    "p95": 0.001646183,
    "p99": 0.001945218
  },
  "rps": {
    "mean": 34005.46046597888,
    "stddev": 2257.093522205587,
    "max": 36444.69942384274,
    "percentiles": {
      "p10": 33437.49958836406,
      "p25": 34061.443437817725,
      "p50": 34364.15727698897,
      "p75": 34615.782076086645,
      "p90": 34886.14889960792,
      "p95": 35162.641280981494,
      "p99": 35426.43332725104
    }
  },
  "details": {
    "DNSDialup": {
      "average": 0.0008192521599999999,
      "fastest": 0.000085369,
      "slowest": 0.001284705
    },
    "DNSLookup": {
      "average": 0.000010044519999999998,
      "fastest": 0.000004469,
      "slowest": 0.000111318
    }
  },
  "statusCodeDistribution": {
    "200": 340121
  },
  "errorDistribution": {}
}