{
  "summary": {
    "successRate": 1,
    "total": 10.000782673,
    "slowest": 0.011403216,
    "fastest": 0.00025811,
    "average": 0.0014340070803035624,
    "requestsPerSec": 34821.37462502581,
    "totalData": 4527133,
    "sizePerRequest": 13,
    "sizePerSec": 452677.8701253355
  },
  "responseTimeHistogram": {
    "0.00025811": 1,
    "0.0013726206": 138964,
    "0.0024871312": 207843,
    "0.0036016417999999994": 986,
    "0.0047161524": 216,
    "0.005830663": 118,
    "0.006945173599999999": 22,
    "0.0080596842": 56,
    "0.0091741948": 18,
    "0.0102887054": 11,
    "0.011403216": 6
  },
  "latencyPercentiles": {
    "p10": 0.001258305,
    "p25": 0.001305541,
    "p50": 0.001452557,
    "p75": 0.001520333,
    "p90": 0.001574702,
    "p95": 0.001614026,
    "p99": 0.001897093
  },
  "rps": {
    "mean": 34814.34017016532,
    "stddev": 2547.379387002181,
    "max": 39093.54302976095,
    "percentiles": {
      "p10": 34288.06546734601,
      "p25": 34675.234398483095,
      "p50": 35275.79003489067,
      "p75": 35588.931416480555,
      "p90": 35854.392865952905,
      "p95": 36158.07457034241,
      "p99": 36582.91399612903
    }
  },
  "details": {
    "DNSDialup": {
      "average": 0.0006273693199999999,
      "fastest": 0.000146253,
      "slowest": 0.000988078
    },
    "DNSLookup": {
      "average": 0.00000591168,
      "fastest": 0.000003106,
      "slowest": 0.000025427
    }
  },
  "statusCodeDistribution": {
    "200": 348241
  },
  "errorDistribution": {}
}