{
  "summary": {
    "successRate": 1,
    "total": 10.000405012,
    "slowest": 0.010894183,
    "fastest": 0.001001078,
    "average": 0.001467023816231924,
    "requestsPerSec": 34037.72143143676,
    "totalData": 4425083,
    "sizePerRequest": 13,
    "sizePerSec": 442490.3786086779
  },
  "responseTimeHistogram": {
    "0.001001078": 1,
    "0.0019903885": 337336,
    "0.0029796989999999997": 2543,
    "0.0039690095": 306,
    "0.00495832": 148,
    "0.0059476304999999995": 10,
    "0.006936940999999999": 7,
    "0.0079262515": 4,
    "0.008915562": 16,
    "0.0099048725": 8,
    "0.010894183": 12
  },
  "latencyPercentiles": {
    "p10": 0.001286293,
    "p25": 0.001337423,
    "p50": 0.001485138,
    "p75": 0.001556565,
    "p90": 0.001619431,
    "p95": 0.001655653,
    "p99": 0.001920984
  },
  "rps": {
    "mean": 34033.19661853182,
    "stddev": 2187.162516818525,
    "max": 36203.726095628626,
    "percentiles": {
      "p10": 33416.05641510779,
      "p25": 34125.7547070772,
      "p50": 34357.43337680676,
      "p75": 34648.97841399157,
      "p90": 34965.45533237956,
      "p95": 35203.42177259563,
      "p99": 35484.07136304294
    }
  },
  "details": {
    "DNSDialup": {
      "average": 0.00082921568,
      "fastest": 0.00009635,
      "slowest": 0.001323548
    },
    "DNSLookup": {
      "average": 0.00000802034,
      "fastest": 0.000003927,
      "slowest": 0.000049192
    }
  },
  "statusCodeDistribution": {
    "200": 340391
  },
  "errorDistribution": {}
}