{
  "summary": {
    "successRate": 1,
    "total": 10.000682522,
    "slowest": 0.011175897,
    "fastest": 0.000224058,
    "average": 0.0015201606169981,
    "requestsPerSec": 32850.857856679395,
    "totalData": 4270903,
    "sizePerRequest": 13,
    "sizePerSec": 427061.1521368321
  },
  "responseTimeHistogram": {
    "0.000224058": 1,
    "0.0013192419000000002": 31136,
    "0.0024144258000000003": 295225,
    "0.0035096097": 1743,
    "0.0046047936000000005": 210,
    "0.005699977500000001": 100,
    "0.0067951614": 64,
    "0.0078903453": 11,
    "0.0089855292": 24,
    "0.0100807131": 11,
    "0.011175897": 6
  },
  "latencyPercentiles": {
    "p10": 0.00132176,
    "p25": 0.001382585,
    "p50": 0.001527591,
    "p75": 0.001612971,
    "p90": 0.00168955,
    "p95": 0.001735486,
    "p99": 0.002144419
  },
  "rps": {
    "mean": 32848.21839558265,
    "stddev": 2381.9932057043807,
    "max": 35774.43586871383,
    "percentiles": {
      "p10": 32174.487155215687,
      "p25": 32744.24730137857,
      "p50": 33222.08632487379,
      "p75": 33572.33444311948,
      "p90": 34004.733418525706,
      "p95": 34256.121804350354,
      "p99": 34673.250709449654
    }
  },
  "details": {
    "DNSDialup": {
      "average": 0.0006801013799999999,
      "fastest": 0.000085111,
      "slowest": 0.001310453
    },
    "DNSLookup": {
      "average": 0.000007472439999999999,
      "fastest": 0.000003677,
      "slowest": 0.00003236
    }
  },
  "statusCodeDistribution": {
    "200": 328531
  },
  "errorDistribution": {}
}