{
  "summary": {
    "successRate": 1,
    "total": 10.000343348,
    "slowest": 0.011673377,
    "fastest": 0.000503077,
    "average": 0.0014899983710682857,
    "requestsPerSec": 33511.549387654086,
    "totalData": 4356651,
    "sizePerRequest": 13,
    "sizePerSec": 435650.14203950315
  },
  "responseTimeHistogram": {
    "0.000503077": 1,
    "0.0016201070000000002": 282758,
    "0.0027371370000000006": 51316,
    "0.0038541670000000004": 808,
    "0.004971197000000001": 158,
    "0.006088227000000001": 29,
    "0.007205257000000001": 19,
    "0.008322287000000001": 5,
    "0.009439317000000001": 19,
    "0.010556347": 11,
    "0.011673377": 3
  },
  "latencyPercentiles": {
    "p10": 0.001298716,
    "p25": 0.001354348,
    "p50": 0.001505451,
    "p75": 0.001580453,
    "p90": 0.00165397,
    "p95": 0.001700717,
    "p99": 0.002029459
  },
  "rps": {
    "mean": 33508.46740197794,
    "stddev": 2430.1261294117758,
    "max": 43987.545298133504,
    "percentiles": {
      "p10": 32917.50223593865,
      "p25": 33399.28849394422,
      "p50": 33846.95249249765,
      "p75": 34308.38225212274,
      "p90": 34611.57411038177,
      "p95": 34797.54098714271,
      "p99": 35614.50494569873
    }
  },
  "details": {
    "DNSDialup": {
      "average": 0.0008584124599999999,
      "fastest": 0.000091129,
      "slowest": 0.001454578
    },
    "DNSLookup": {
      "average": 0.000018554,
      "fastest": 0.000004057,
      "slowest": 0.00052093
    }
  },
  "statusCodeDistribution": {
    "200": 335127
  },
  "errorDistribution": {}
}