{
  "summary": {
    "successRate": 1,
    "total": 10.00072781,
    "slowest": 0.010797675,
    "fastest": 0.000437376,
    "average": 0.0014541771806223624,
    "requestsPerSec": 34338.20083140529,
    "totalData": 4464291,
    "sizePerRequest": 13,
    "sizePerSec": 446396.6108082687
  },
  "responseTimeHistogram": {
    "0.000437376": 1,
    "0.0014734059": 171488,
    "0.0025094358000000002": 170534,
    "0.0035454657000000005": 1059,
    "0.0045814956": 189,
    "0.0056175255": 81,
    "0.0066535554": 17,
    "0.0076895853": 0,
    "0.0087256152": 22,
    "0.0097616451": 10,
    "0.010797675": 6
  },
  "latencyPercentiles": {
    "p10": 0.001276965,
    "p25": 0.001326267,
    "p50": 0.001473669,
    "p75": 0.001544271,
    "p90": 0.001599401,
    "p95": 0.001632251,
    "p99": 0.001877277
  },
  "rps": {
    "mean": 34330.441615403324,
    "stddev": 2302.917437997955,
    "max": 36300.8910665408,
    "percentiles": {
      "p10": 33931.83824382369,
      "p25": 34342.575346704885,
      "p50": 34614.60846106984,
      "p75": 34958.05834329467,
      "p90": 35324.4479282521,
      "p95": 35484.34354724739,
      "p99": 35766.3695775762
    }
  },
  "details": {
    "DNSDialup": {
      "average": 0.0007444746200000001,
      "fastest": 0.000091505,
      "slowest": 0.001076968
    },
    "DNSLookup": {
      "average": 0.00000689162,
      "fastest": 0.000003687,
      "slowest": 0.000030077
    }
  },
  "statusCodeDistribution": {
    "200": 343407
  },
  "errorDistribution": {}
}