{
  "summary": {
    "successRate": 1,
    "total": 10.000657917,
    "slowest": 0.011930191,
    "fastest": 0.000295483,
    "average": 0.0015186198320308465,
    "requestsPerSec": 32883.03656912295,
    "totalData": 4275076,
    "sizePerRequest": 13,
    "sizePerSec": 427479.4753985984
  },
  "responseTimeHistogram": {
    "0.000295483": 1,
    "0.0014589538": 131023,
    "0.0026224246": 196476,
    "0.0037858954": 931,
    "0.0049493662": 240,
    "0.006112837": 74,
    "0.0072763078": 18,
    "0.0084397786": 60,
    "0.0096032494": 11,
    "0.0107667202": 11,
    "0.011930191": 7
  },
  "latencyPercentiles": {
    "p10": 0.001311776,
    "p25": 0.001371949,
    "p50": 0.00152947,
    "p75": 0.001610323,
    "p90": 0.001701126,
    "p95": 0.00179444,
    "p99": 0.002071059
  },
  "rps": {
    "mean": 32876.089825636736,
    "stddev": 2808.797239768349,
    "max": 45364.2811864403,
    "percentiles": {
      "p10": 30758.11595749228,
      "p25": 32474.073422555168,
      "p50": 33405.22123607874,
      "p75": 33955.80280559295,
      "p90": 34478.84565636019,
      "p95": 34999.28205284857,
      "p99": 38066.2352493343
    }
  },
  "details": {
    "DNSDialup": {
      "average": 0.0006162289600000001,
      "fastest": 0.000140328,
      "slowest": 0.000966437
    },
    "DNSLookup": {
      "average": 0.000006069799999999998,
      "fastest": 0.000003466,
      "slowest": 0.000027622
    }
  },
  "statusCodeDistribution": {
    "200": 328852
  },
  "errorDistribution": {}
}