{
  "summary": {
    "successRate": 1,
    "total": 10.000654991,
    "slowest": 0.012621299,
    "fastest": 0.000173398,
    "average": 0.0015179762468807796,
    "requestsPerSec": 32906.84463129281,
    "totalData": 4278170,
    "sizePerRequest": 13,
    "sizePerSec": 427788.98020680656
  },
  "responseTimeHistogram": {
    "0.000173398": 1,
    "0.0014181881": 111506,
    "0.0026629782": 216336,
    "0.0039077683": 768,
    "0.0051525584": 244,
    "0.0063973485": 110,
    "0.0076421386": 72,
    "0.0088869287": 30,
    "0.0101317188": 11,
    "0.0113765089": 11,
    "0.012621299": 1
  },
  "latencyPercentiles": {
    "p10": 0.001328526,
    "p25": 0.001382758,
    "p50": 0.001533784,
    "p75": 0.001610506,
    "p90": 0.001670469,
    "p95": 0.001710494,
    "p99": 0.002082686
  },
  "rps": {
    "mean": 32901.517417141826,
    "stddev": 2446.8228076939236,
    "max": 35471.44523466174,
    "percentiles": {
      "p10": 32329.238532925032,
      "p25": 32940.764195692354,
      "p50": 33292.501257549644,
      "p75": 33601.23701426791,
      "p90": 33934.97338357007,
      "p95": 34220.42073651743,
      "p99": 34556.21562344499
    }
  },
  "details": {
    "DNSDialup": {
      "average": 0.00072817994,
      "fastest": 0.000071838,
      "slowest": 0.001543829
    },
    "DNSLookup": {
      "average": 0.0000066096400000000005,
      "fastest": 0.000003036,
      "slowest": 0.000027592
    }
  },
  "statusCodeDistribution": {
    "200": 329090
  },
  "errorDistribution": {}
}