{
  "summary": {
    "successRate": 1,
    "total": 10.000203683,
    "slowest": 0.02691344,
    "fastest": 0.000445201,
    "average": 0.0029282670669214463,
    "requestsPerSec": 17059.952517769132,
    "totalData": 2217839,
    "sizePerRequest": 13,
    "sizePerSec": 221779.3827309987
  },
  "responseTimeHistogram": {
    "0.000445201": 1,
    "0.0030920249000000004": 137664,
    "0.005738848800000001": 30242,
    "0.0083856727": 1682,
    "0.0110324966": 265,
    "0.013679320500000001": 397,
    "0.0163261444": 269,
    "0.0189729683": 32,
    "0.0216197922": 1,
    "0.024266616100000003": 7,
    "0.026913440000000004": 43
  },
  "latencyPercentiles": {
    "p10": 0.002329404,
    "p25": 0.002658505,
    "p50": 0.002749504,
    "p75": 0.002966305,
    "p90": 0.003603007,
    "p95": 0.003936207,
    "p99": 0.00663061
  },
  "rps": {
    "mean": 17150.666306555533,
    "stddev": 3735.637531579931,
    "max": 80775.44426501117,
    "percentiles": {
      "p10": 15346.49940210064,
      "p25": 16710.664746242193,
      "p50": 18143.6954617802,
      "p75": 18662.94274555273,
      "p90": 18990.68706971255,
      "p95": 19307.110808911075,
      "p99": 20260.864590683235
    }
  },
  "details": {
    "DNSDialup": {
      "average": 0.00162222442,
      "fastest": 0.0000743,
      "slowest": 0.003302805
    },
    "DNSLookup": {
      "average": 0.00000532802,
      "fastest": 0.0000032,
      "slowest": 0.0000532
    }
  },
  "statusCodeDistribution": {
    "200": 170603
  },
  "errorDistribution": {}
}