{
  "summary": {
    "successRate": 0.8940820416564117,
    "total": 10.000733313,
    "slowest": 0.033642171,
    "fastest": 0.000732207,
    "average": 0.001406461241725838,
    "requestsPerSec": 36971.18885465874,
    "totalData": 4297501,
    "sizePerRequest": 13,
    "sizePerSec": 429718.5881772948
  },
  "responseTimeHistogram": {
    "0.000732207": 1,
    "0.0040232034000000005": 330264,
    "0.007314199800000001": 206,
    "0.010605196200000002": 56,
    "0.013896192600000001": 0,
    "0.017187189": 0,
    "0.0204781854": 0,
    "0.0237691818": 0,
    "0.0270601782": 0,
    "0.0303511746": 33,
    "0.033642171": 17
  },
  "latencyPercentiles": {
    "p10": 0.0010714,
    "p25": 0.001235819,
    "p50": 0.001386958,
    "p75": 0.001555594,
    "p90": 0.001666534,
    "p95": 0.001785189,
    "p99": 0.002060417
  },
  "rps": {
    "mean": 35561.77029930624,
    "stddev": 4936.881995166782,
    "max": 47367.750949014626,
    "percentiles": {
      "p10": 31128.41410735579,
      "p25": 33216.65150740136,
      "p50": 34463.47245863585,
      "p75": 38639.42380410639,
      "p90": 42326.92415645522,
      "p95": 43906.902165023006,
      "p99": 45865.45964566723
    }
  },
  "details": {
    "DNSDialup": {
      "average": 0.0010018225600000002,
      "fastest": 0.0001074,
      "slowest": 0.001696819
    },
    "DNSLookup": {
      "average": 0.00000788074,
      "fastest": 0.000004168,
      "slowest": 0.000025878
    }
  },
  "statusCodeDistribution": {
    "200": 330577
  },
  "errorDistribution": {
    "Connection refused (os error 111)": 39162
  }
}