{
  "summary": {
    "successRate": 1,
    "total": 10.000812678,
    "slowest": 0.01176078,
    "fastest": 0.000268891,
    "average": 0.0012301177723855676,
    "requestsPerSec": 40592.101169240595,
    "totalData": 5277402,
    "sizePerRequest": 13,
    "sizePerSec": 527697.3152001278
  },
  "responseTimeHistogram": {
    "0.000268891": 1,
    "0.0014180799000000001": 384371,
    "0.0025672688": 20586,
    "0.0037164577": 566,
    "0.004865646600000001": 172,
    "0.006014835500000001": 80,
    "0.007164024400000001": 70,
    "0.0083132133": 72,
    "0.009462402200000001": 22,
    "0.010611591100000001": 11,
    "0.011760780000000002": 3
  },
  "latencyPercentiles": {
    "p10": 0.001063496,
    "p25": 0.001103942,
    "p50": 0.001247953,
    "p75": 0.001301627,
    "p90": 0.001371482,
    "p95": 0.001421805,
    "p99": 0.001577916
  },
  "rps": {
    "mean": 40561.477043176164,
    "stddev": 3294.598724284497,
    "max": 44528.69874634195,
    "percentiles": {
      "p10": 39798.01433485798,
      "p25": 40704.33501167857,
      "p50": 41089.94356442594,
      "p75": 41466.12990284089,
      "p90": 41973.93026368641,
      "p95": 42161.18219954983,
      "p99": 42612.67046956919
    }
  },
  "details": {
    "DNSDialup": {
      "average": 0.0006469861999999997,
      "fastest": 0.000079946,
      "slowest": 0.000865056
    },
    "DNSLookup": {
      "average": 0.00000866216,
      "fastest": 0.000003349,
      "slowest": 0.000091355
    }
  },
  "statusCodeDistribution": {
    "200": 405954
  },
  "errorDistribution": {}
}