{
  "summary": {
    "successRate": 1,
    "total": 10.0004571,
    "slowest": 0.012910978,
    "fastest": 0.000807679,
    "average": 0.001447971477776629,
    "requestsPerSec": 34484.62370785031,
    "totalData": 4483206,
    "sizePerRequest": 13,
    "sizePerSec": 448300.10820205405
  },
  "responseTimeHistogram": {
    "0.000807679": 1,
    "0.0020180089": 342316,
    "0.0032283387999999997": 2080,
    "0.0044386687": 339,
    "0.0056489986": 68,
    "0.006859328499999999": 8,
    "0.008069658399999999": 14,
    "0.0092799883": 11,
    "0.0104903182": 16,
    "0.011700648099999999": 6,
    "0.012910977999999998": 3
  },
  "latencyPercentiles": {
    "p10": 0.001270724,
    "p25": 0.00132343,
    "p50": 0.001463042,
    "p75": 0.001537522,
    "p90": 0.00159657,
    "p95": 0.001631406,
    "p99": 0.001869104
  },
  "rps": {
    "mean": 34476.0532252003,
    "stddev": 2277.6051646695355,
    "max": 39129.754265143594,
    "percentiles": {
      "p10": 34027.67470783955,
      "p25": 34383.602832886354,
      "p50": 34729.91287395866,
      "p75": 35202.640198015186,
      "p90": 35487.28219425625,
      "p95": 35647.06480951157,
      "p99": 36112.25649985739
    }
  },
  "details": {
    "DNSDialup": {
      "average": 0.0010578582599999997,
      "fastest": 0.000121787,
      "slowest": 0.001410636
    },
    "DNSLookup": {
      "average": 0.000011665439999999998,
      "fastest": 0.000004479,
      "slowest": 0.00011277
    }
  },
  "statusCodeDistribution": {
    "200": 344862
  },
  "errorDistribution": {}
}