{
  "summary": {
    "successRate": 1,
    "total": 10.000674466,
    "slowest": 0.012650991,
    "fastest": 0.000673561,
    "average": 0.0015153026304498538,
    "requestsPerSec": 32952.97743371222,
    "totalData": 4284176,
    "sizePerRequest": 13,
    "sizePerSec": 428388.7066382589
  },
  "responseTimeHistogram": {
    "0.000673561": 1,
    "0.001871304": 325039,
    "0.003069047": 3695,
    "0.0042667899999999995": 561,
    "0.005464533000000001": 173,
    "0.006662276": 27,
    "0.007860019": 20,
    "0.009057762": 11,
    "0.010255505": 20,
    "0.011453248": 2,
    "0.012650991": 3
  },
  "latencyPercentiles": {
    "p10": 0.0013253,
    "p25": 0.001379678,
    "p50": 0.001528542,
    "p75": 0.001605981,
    "p90": 0.001671006,
    "p95": 0.001711632,
    "p99": 0.002082912
  },
  "rps": {
    "mean": 32943.08717185887,
    "stddev": 2386.091100591117,
    "max": 35789.538266835494,
    "percentiles": {
      "p10": 32193.41240543538,
      "p25": 33003.39274877459,
      "p50": 33353.76335565807,
      "p75": 33699.88751279271,
      "p90": 34108.06841121479,
      "p95": 34260.069908730686,
      "p99": 34562.561124294065
    }
  },
  "details": {
    "DNSDialup": {
      "average": 0.00084589126,
      "fastest": 0.000092734,
      "slowest": 0.00173171
    },
    "DNSLookup": {
      "average": 0.000009691499999999997,
      "fastest": 0.000003406,
      "slowest": 0.000145574
    }
  },
  "statusCodeDistribution": {
    "200": 329552
  },
  "errorDistribution": {}
}