{
  "summary": {
    "successRate": 1,
    "total": 10.000602783,
    "slowest": 0.012154023,
    "fastest": 0.000650363,
    "average": 0.0011551927724040927,
    "requestsPerSec": 43232.79400067339,
    "totalData": 5620602,
    "sizePerRequest": 13,
    "sizePerSec": 562026.3220087541
  },
  "responseTimeHistogram": {
    "0.000650363": 1,
    "0.001800729": 429861,
    "0.0029510950000000004": 1757,
    "0.004101461000000001": 474,
    "0.005251827000000001": 97,
    "0.0064021930000000005": 61,
    "0.007552559000000001": 29,
    "0.008702925": 46,
    "0.009853291": 11,
    "0.011003657": 11,
    "0.012154023": 6
  },
  "latencyPercentiles": {
    "p10": 0.000996662,
    "p25": 0.001032785,
    "p50": 0.001175896,
    "p75": 0.001221252,
    "p90": 0.001292873,
    "p95": 0.001343909,
    "p99": 0.001460584
  },
  "rps": {
    "mean": 43211.81771161912,
    "stddev": 3474.000368252264,
    "max": 45495.25537175797,
    "percentiles": {
      "p10": 42300.73180266011,
      "p25": 43246.56499792616,
      "p50": 43794.83344359584,
      "p75": 44288.892013719444,
      "p90": 44619.47640144872,
      "p95": 44813.47796498169,
      "p99": 45182.43540370659
    }
  },
  "details": {
    "DNSDialup": {
      "average": 0.00060602684,
      "fastest": 0.000087808,
      "slowest": 0.00118862
    },
    "DNSLookup": {
      "average": 0.00000518628,
      "fastest": 0.000002807,
      "slowest": 0.000028693
    }
  },
  "statusCodeDistribution": {
    "200": 432354
  },
  "errorDistribution": {}
}