{
  "summary": {
    "successRate": 1,
    "total": 10.000574424,
    "slowest": 0.012609615,
    "fastest": 0.000585762,
    "average": 0.0014717327637467138,
    "requestsPerSec": 33929.85098792761,
    "totalData": 4411134,
    "sizePerRequest": 13,
    "sizePerSec": 441088.06284305896
  },
  "responseTimeHistogram": {
    "0.000585762": 1,
    "0.0017881473": 334202,
    "0.0029905326": 4209,
    "0.0041929179": 706,
    "0.0053953032": 137,
    "0.0065976885": 13,
    "0.0078000738": 11,
    "0.009002459099999999": 11,
    "0.0102048444": 11,
    "0.0114072297": 11,
    "0.012609615": 6
  },
  "latencyPercentiles": {
    "p10": 0.001285719,
    "p25": 0.00133999,
    "p50": 0.001484109,
    "p75": 0.001561595,
    "p90": 0.00162421,
    "p95": 0.001662671,
    "p99": 0.002027984
  },
  "rps": {
    "mean": 33925.36489471947,
    "stddev": 2442.1514988735926,
    "max": 39711.90960168953,
    "percentiles": {
      "p10": 33247.46755047206,
      "p25": 33910.3087338534,
      "p50": 34348.19663405865,
      "p75": 34647.929283272555,
      "p90": 34980.44875177746,
      "p95": 35204.19238556451,
      "p99": 35611.7840712449
    }
  },
  "details": {
    "DNSDialup": {
      "average": 0.0006615833200000002,
      "fastest": 0.000082203,
      "slowest": 0.00135518
    },
    "DNSLookup": {
      "average": 0.000006588680000000001,
      "fastest": 0.000003266,
      "slowest": 0.000031318
    }
  },
  "statusCodeDistribution": {
    "200": 339318
  },
  "errorDistribution": {}
}