{
  "summary": {
    "successRate": 1,
    "total": 10.000707144,
    "slowest": 0.011007947,
    "fastest": 0.000157817,
    "average": 0.0014040626738284249,
    "requestsPerSec": 35570.78463330713,
    "totalData": 4624529,
    "sizePerRequest": 13,
    "sizePerSec": 462420.20023299265
  },
  "responseTimeHistogram": {
    "0.000157817": 1,
    "0.00124283": 55562,
    "0.0023278430000000004": 298449,
    "0.0034128560000000006": 1230,
    "0.004497869000000001": 352,
    "0.005582882000000001": 77,
    "0.006667895000000001": 23,
    "0.007752908000000001": 0,
    "0.008837921": 22,
    "0.009922934": 11,
    "0.011007947": 6
  },
  "latencyPercentiles": {
    "p10": 0.001224704,
    "p25": 0.001273538,
    "p50": 0.001421581,
    "p75": 0.001488592,
    "p90": 0.001557585,
    "p95": 0.001590955,
    "p99": 0.001925619
  },
  "rps": {
    "mean": 35557.43769346411,
    "stddev": 2482.1535519317044,
    "max": 38651.99989786987,
    "percentiles": {
      "p10": 34974.01550902168,
      "p25": 35488.07786044282,
      "p50": 35872.69554873988,
      "p75": 36327.32541417645,
      "p90": 36660.644666295026,
      "p95": 36853.20205834715,
      "p99": 37224.158478852216
    }
  },
  "details": {
    "DNSDialup": {
      "average": 0.00056536956,
      "fastest": 0.000120661,
      "slowest": 0.000901547
    },
    "DNSLookup": {
      "average": 0.00000466706,
      "fastest": 0.000001733,
      "slowest": 0.000030707
    }
  },
  "statusCodeDistribution": {
    "200": 355733
  },
  "errorDistribution": {}
}