{
  "summary": {
    "successRate": 1,
    "total": 10.000339061,
    "slowest": 0.009029275,
    "fastest": 0.000628003,
    "average": 0.0014040576853046362,
    "requestsPerSec": 35562.39421790541,
    "totalData": 4623268,
    "sizePerRequest": 13,
    "sizePerSec": 462311.1248327703
  },
  "responseTimeHistogram": {
    "0.000628003": 1,
    "0.0014681301999999999": 233665,
    "0.0023082574": 120421,
    "0.0031483846": 1004,
    "0.0039885117999999995": 410,
    "0.004828639": 52,
    "0.0056687662": 17,
    "0.0065088934": 22,
    "0.0073490206": 17,
    "0.0081891478": 15,
    "0.009029275": 12
  },
  "latencyPercentiles": {
    "p10": 0.001238651,
    "p25": 0.001285859,
    "p50": 0.001423524,
    "p75": 0.001489355,
    "p90": 0.001537159,
    "p95": 0.001570634,
    "p99": 0.001832321
  },
  "rps": {
    "mean": 35558.810356646216,
    "stddev": 2276.8548900380943,
    "max": 37687.05096105763,
    "percentiles": {
      "p10": 35301.04844113841,
      "p25": 35478.06949191749,
      "p50": 35817.26392121085,
      "p75": 36292.32768162258,
      "p90": 36551.23175126749,
      "p95": 36724.79153339915,
      "p99": 37123.2762942376
    }
  },
  "details": {
    "DNSDialup": {
      "average": 0.0009959534600000003,
      "fastest": 0.000096019,
      "slowest": 0.001840346
    },
    "DNSLookup": {
      "average": 0.000010829080000000001,
      "fastest": 0.000004779,
      "slowest": 0.000040114
    }
  },
  "statusCodeDistribution": {
    "200": 355636
  },
  "errorDistribution": {}
}