{
  "summary": {
    "successRate": 1,
    "total": 10.000634709,
    "slowest": 0.012325084,
    "fastest": 0.000536469,
    "average": 0.0014821974893188675,
    "requestsPerSec": 33688.161782052346,
    "totalData": 4379739,
    "sizePerRequest": 13,
    "sizePerSec": 437946.10316668055
  },
  "responseTimeHistogram": {
    "0.000536469": 1,
    "0.0017153304999999999": 321262,
    "0.002894192": 14579,
    "0.0040730535": 834,
    "0.005251915": 137,
    "0.0064307765": 37,
    "0.007609638": 16,
    "0.0087884995": 1,
    "0.009967361": 20,
    "0.011146222499999999": 11,
    "0.012325083999999998": 5
  },
  "latencyPercentiles": {
    "p10": 0.001286436,
    "p25": 0.001344314,
    "p50": 0.001491348,
    "p75": 0.00157246,
    "p90": 0.001648812,
    "p95": 0.001707647,
    "p99": 0.002028649
  },
  "rps": {
    "mean": 33684.85400721073,
    "stddev": 2710.2442867923874,
    "max": 46116.01147918632,
    "percentiles": {
      "p10": 32205.307434664555,
      "p25": 33425.03844384102,
      "p50": 34236.37957693885,
      "p75": 34602.89424289748,
      "p90": 35086.459312210376,
      "p95": 35324.42651704238,
      "p99": 37313.11556012167
    }
  },
  "details": {
    "DNSDialup": {
      "average": 0.0008405307399999999,
      "fastest": 0.000078156,
      "slowest": 0.001810414
    },
    "DNSLookup": {
      "average": 0.000007688740000000003,
      "fastest": 0.000003596,
      "slowest": 0.000025107
    }
  },
  "statusCodeDistribution": {
    "200": 336903
  },
  "errorDistribution": {}
}