{
  "summary": {
    "successRate": 1,
    "total": 10.00063136,
    "slowest": 0.008718415,
    "fastest": 0.000261091,
    "average": 0.0011931074345158045,
    "requestsPerSec": 41847.15793783644,
    "totalData": 5440474,
    "sizePerRequest": 13,
    "sizePerSec": 544013.0531918737
  },
  "responseTimeHistogram": {
    "0.000261091": 1,
    "0.0011068234": 115441,
    "0.0019525558": 301955,
    "0.0027982882": 832,
    "0.0036440206": 124,
    "0.004489753": 69,
    "0.005335485399999999": 22,
    "0.0061812177999999995": 15,
    "0.0070269502": 11,
    "0.0078726826": 11,
    "0.008718415": 17
  },
  "latencyPercentiles": {
    "p10": 0.001051071,
    "p25": 0.001098783,
    "p50": 0.001201897,
    "p75": 0.0012635,
    "p90": 0.001317882,
    "p95": 0.001358354,
    "p99": 0.001511348
  },
  "rps": {
    "mean": 41844.958068750435,
    "stddev": 2466.531363854029,
    "max": 46767.14043534525,
    "percentiles": {
      "p10": 40834.889891777726,
      "p25": 41725.38989975809,
      "p50": 42160.21689313346,
      "p75": 42705.18868042249,
      "p90": 43143.278121023606,
      "p95": 43533.14613746922,
      "p99": 44501.59978193606
    }
  },
  "details": {
    "DNSDialup": {
      "average": 0.0006166168000000001,
      "fastest": 0.000138237,
      "slowest": 0.000845058
    },
    "DNSLookup": {
      "average": 0.000007888680000000002,
      "fastest": 0.000003076,
      "slowest": 0.000038973
    }
  },
  "statusCodeDistribution": {
    "200": 418498
  },
  "errorDistribution": {}
}