{
  "summary": {
    "successRate": 1,
    "total": 10.000362254,
    "slowest": 0.008357804,
    "fastest": 0.00041318,
    "average": 0.00123195532616351,
    "requestsPerSec": 40524.83197175189,
    "totalData": 5268419,
    "sizePerRequest": 13,
    "sizePerSec": 526822.8156327745
  },
  "responseTimeHistogram": {
    "0.00041318": 1,
    "0.0012076424": 159645,
    "0.0020021048": 244291,
    "0.0027965672": 1162,
    "0.0035910295999999997": 73,
    "0.0043854919999999995": 41,
    "0.0051799544": 2,
    "0.005974416799999999": 13,
    "0.006768879199999999": 8,
    "0.0075633416": 18,
    "0.008357804": 9
  },
  "latencyPercentiles": {
    "p10": 0.00113355,
    "p25": 0.001179959,
    "p50": 0.001226329,
    "p75": 0.00127564,
    "p90": 0.001337843,
    "p95": 0.001386652,
    "p99": 0.001556304
  },
  "rps": {
    "mean": 40523.06551759822,
    "stddev": 2509.9819311510496,
    "max": 55044.55801826752,
    "percentiles": {
      "p10": 39034.20176758871,
      "p25": 40139.13025328129,
      "p50": 40695.05949859968,
      "p75": 41431.090496618286,
      "p90": 42434.68122692612,
      "p95": 42945.56954384195,
      "p99": 44069.89525819103
    }
  },
  "details": {
    "DNSDialup": {
      "average": 0.00118950372,
      "fastest": 0.000087112,
      "slowest": 0.002038413
    },
    "DNSLookup": {
      "average": 0.000008951040000000002,
      "fastest": 0.000003957,
      "slowest": 0.000062336
    }
  },
  "statusCodeDistribution": {
    "200": 405263
  },
  "errorDistribution": {}
}