{
  "summary": {
    "successRate": 1,
    "total": 10.000536271,
    "slowest": 0.008537756,
    "fastest": 0.000206415,
    "average": 0.001161505603850568,
    "requestsPerSec": 43004.69378298603,
    "totalData": 5590910,
    "sizePerRequest": 13,
    "sizePerSec": 559061.0191788184
  },
  "responseTimeHistogram": {
    "0.000206415": 1,
    "0.0010395491": 80179,
    "0.0018726832": 347562,
    "0.0027058173000000002": 2092,
    "0.0035389514000000004": 95,
    "0.0043720855": 84,
    "0.0052052196": 14,
    "0.0060383537000000004": 11,
    "0.0068714878": 4,
    "0.0077046219": 11,
    "0.008537756": 17
  },
  "latencyPercentiles": {
    "p10": 0.001013557,
    "p25": 0.001058954,
    "p50": 0.001165921,
    "p75": 0.001220643,
    "p90": 0.001297165,
    "p95": 0.001348702,
    "p99": 0.00169296
  },
  "rps": {
    "mean": 43005.874825567094,
    "stddev": 3060.042704946891,
    "max": 47414.7440097485,
    "percentiles": {
      "p10": 41167.40649991931,
      "p25": 43131.27406357281,
      "p50": 43741.14831148375,
      "p75": 44211.51710020034,
      "p90": 44541.23181829458,
      "p95": 44858.181060837866,
      "p99": 45432.76156436405
    }
  },
  "details": {
    "DNSDialup": {
      "average": 0.00070007644,
      "fastest": 0.000096343,
      "slowest": 0.001152663
    },
    "DNSLookup": {
      "average": 0.000004140339999999998,
      "fastest": 0.000001692,
      "slowest": 0.000024136
    }
  },
  "statusCodeDistribution": {
    "200": 430070
  },
  "errorDistribution": {}
}