{
  "summary": {
    "successRate": 1,
    "total": 10.000370538,
    "slowest": 0.009684105,
    "fastest": 0.000340697,
    "average": 0.001231179389555163,
    "requestsPerSec": 40546.79758707157,
    "totalData": 5271279,
    "sizePerRequest": 13,
    "sizePerSec": 527108.3686319303
  },
  "responseTimeHistogram": {
    "0.000340697": 1,
    "0.0012750378000000002": 257589,
    "0.0022093786000000003": 147189,
    "0.0031437194000000007": 575,
    "0.004078060200000001": 63,
    "0.0050124010000000005": 15,
    "0.005946741800000001": 11,
    "0.006881082600000001": 15,
    "0.0078154234": 10,
    "0.008749764200000001": 12,
    "0.009684105": 3
  },
  "latencyPercentiles": {
    "p10": 0.001079983,
    "p25": 0.001131149,
    "p50": 0.001239091,
    "p75": 0.001303689,
    "p90": 0.001367241,
    "p95": 0.001420427,
    "p99": 0.001589876
  },
  "rps": {
    "mean": 40546.056162145534,
    "stddev": 2374.579287849393,
    "max": 44488.08770785937,
    "percentiles": {
      "p10": 38795.479554735386,
      "p25": 40113.522268357636,
      "p50": 40975.76966154131,
      "p75": 41510.736923386365,
      "p90": 42119.8836685095,
      "p95": 42501.500008083975,
      "p99": 43632.75510926274
    }
  },
  "details": {
    "DNSDialup": {
      "average": 0.0008379082200000002,
      "fastest": 0.000092641,
      "slowest": 0.001742456
    },
    "DNSLookup": {
      "average": 0.00001189256,
      "fastest": 0.000004548,
      "slowest": 0.000195834
    }
  },
  "statusCodeDistribution": {
    "200": 405483
  },
  "errorDistribution": {}
}