{
  "summary": {
    "successRate": 1,
    "total": 10.000115422,
    "slowest": 0.008443129,
    "fastest": 0.000451925,
    "average": 0.0012040438036401006,
    "requestsPerSec": 41460.1214589861,
    "totalData": 5389878,
    "sizePerRequest": 13,
    "sizePerSec": 538981.5789668192
  },
  "responseTimeHistogram": {
    "0.000451925": 1,
    "0.0012510454": 253154,
    "0.0020501658": 160687,
    "0.0028492862": 607,
    "0.0036484066": 90,
    "0.004447527": 17,
    "0.005246647399999999": 6,
    "0.0060457678": 10,
    "0.0068448881999999996": 16,
    "0.007644008599999999": 6,
    "0.008443129": 12
  },
  "latencyPercentiles": {
    "p10": 0.001058148,
    "p25": 0.001114307,
    "p50": 0.001210459,
    "p75": 0.001287838,
    "p90": 0.001337167,
    "p95": 0.001371607,
    "p99": 0.00149856
  },
  "rps": {
    "mean": 41459.59041343274,
    "stddev": 2223.6722281470707,
    "max": 46594.81181898892,
    "percentiles": {
      "p10": 40393.51907536335,
      "p25": 40953.08262284588,
      "p50": 41643.18341517926,
      "p75": 42262.51248412071,
      "p90": 43032.295737951856,
      "p95": 43381.626137956955,
      "p99": 44546.91475069974
    }
  },
  "details": {
    "DNSDialup": {
      "average": 0.00102995428,
      "fastest": 0.000106999,
      "slowest": 0.001624576
    },
    "DNSLookup": {
      "average": 0.00000974842,
      "fastest": 0.000004488,
      "slowest": 0.000045686
    }
  },
  "statusCodeDistribution": {
    "200": 414606
  },
  "errorDistribution": {}
}