{
  "summary": {
    "successRate": 1,
    "total": 10.000696779,
    "slowest": 0.008021619,
    "fastest": 0.000492129,
    "average": 0.0012010906043487023,
    "requestsPerSec": 41563.50394232866,
    "totalData": 5403632,
    "sizePerRequest": 13,
    "sizePerSec": 540325.5512502725
  },
  "responseTimeHistogram": {
    "0.000492129": 1,
    "0.0012450780000000002": 262280,
    "0.0019980270000000003": 152369,
    "0.002750976": 743,
    "0.003503925": 132,
    "0.004256874000000001": 50,
    "0.005009823": 23,
    "0.005762772": 12,
    "0.006515721": 26,
    "0.0072686700000000005": 11,
    "0.008021619": 17
  },
  "latencyPercentiles": {
    "p10": 0.001058014,
    "p25": 0.001105626,
    "p50": 0.001210171,
    "p75": 0.001272711,
    "p90": 0.001325658,
    "p95": 0.001365819,
    "p99": 0.001520908
  },
  "rps": {
    "mean": 41560.81943603223,
    "stddev": 2340.6160795561163,
    "max": 47124.716176030284,
    "percentiles": {
      "p10": 40149.967752968565,
      "p25": 41293.79234579479,
      "p50": 42002.510906081574,
      "p75": 42386.21405626303,
      "p90": 42914.698284167294,
      "p95": 43130.20577822222,
      "p99": 43962.673186896376
    }
  },
  "details": {
    "DNSDialup": {
      "average": 0.0005289679999999999,
      "fastest": 0.00007001,
      "slowest": 0.000761571
    },
    "DNSLookup": {
      "average": 0.0000066218,
      "fastest": 0.000003597,
      "slowest": 0.000028924
    }
  },
  "statusCodeDistribution": {
    "200": 415664
  },
  "errorDistribution": {}
}