{
  "summary": {
    "successRate": 1,
    "total": 10.000591045,
    "slowest": 0.009530975,
    "fastest": 0.000406244,
    "average": 0.001223251951556699,
    "requestsPerSec": 40812.28781013512,
    "totalData": 5305911,
    "sizePerRequest": 13,
    "sizePerSec": 530559.7415317566
  },
  "responseTimeHistogram": {
    "0.000406244": 1,
    "0.0013187171": 337503,
    "0.0022311902": 69538,
    "0.0031436633": 878,
    "0.0040561364": 165,
    "0.0049686095": 12,
    "0.0058810826": 9,
    "0.0067935557": 13,
    "0.0077060288000000005": 9,
    "0.0086185019": 9,
    "0.009530975": 10
  },
  "latencyPercentiles": {
    "p10": 0.001075146,
    "p25": 0.001124995,
    "p50": 0.001229693,
    "p75": 0.001295715,
    "p90": 0.001352747,
    "p95": 0.00139581,
    "p99": 0.001563399
  },
  "rps": {
    "mean": 40812.15947053168,
    "stddev": 2579.000182879622,
    "max": 44722.191151247214,
    "percentiles": {
      "p10": 39904.38948284387,
      "p25": 40625.75672976616,
      "p50": 41085.89516171674,
      "p75": 41722.463775672855,
      "p90": 42235.38771782596,
      "p95": 42712.407954510265,
      "p99": 43473.19406373435
    }
  },
  "details": {
    "DNSDialup": {
      "average": 0.0007170702200000001,
      "fastest": 0.000086352,
      "slowest": 0.001494824
    },
    "DNSLookup": {
      "average": 0.0000074384,
      "fastest": 0.000003115,
      "slowest": 0.000049603
    }
  },
  "statusCodeDistribution": {
    "200": 408147
  },
  "errorDistribution": {}
}