{
  "summary": {
    "successRate": 1,
    "total": 10.000737367,
    "slowest": 0.009699265,
    "fastest": 0.000440232,
    "average": 0.0012259455691040018,
    "requestsPerSec": 40723.99714683959,
    "totalData": 5294510,
    "sizePerRequest": 13,
    "sizePerSec": 529411.9629089147
  },
  "responseTimeHistogram": {
    "0.000440232": 1,
    "0.0013661353": 372607,
    "0.0022920386": 34030,
    "0.0032179418999999996": 480,
    "0.004143845199999999": 90,
    "0.0050697484999999995": 12,
    "0.005995651799999999": 10,
    "0.006921555099999999": 12,
    "0.0078474584": 11,
    "0.0087733617": 11,
    "0.009699265": 6
  },
  "latencyPercentiles": {
    "p10": 0.001077129,
    "p25": 0.001128058,
    "p50": 0.001233361,
    "p75": 0.001300269,
    "p90": 0.001356601,
    "p95": 0.001397255,
    "p99": 0.001554097
  },
  "rps": {
    "mean": 40724.80301047761,
    "stddev": 2352.2763151747367,
    "max": 44218.27354051377,
    "percentiles": {
      "p10": 39789.18746369763,
      "p25": 40556.70638686928,
      "p50": 41026.17036223279,
      "p75": 41517.01981158163,
      "p90": 42016.29269492063,
      "p95": 42308.360375513555,
      "p99": 43202.36316926228
    }
  },
  "details": {
    "DNSDialup": {
      "average": 0.0006900656,
      "fastest": 0.000081953,
      "slowest": 0.001379743
    },
    "DNSLookup": {
      "average": 0.000006492340000000001,
      "fastest": 0.000003256,
      "slowest": 0.000024806
    }
  },
  "statusCodeDistribution": {
    "200": 407270
  },
  "errorDistribution": {}
}