{
  "summary": {
    "successRate": 1,
    "total": 10.000501585,
    "slowest": 0.009733102,
    "fastest": 0.000270664,
    "average": 0.0011318350617387182,
    "requestsPerSec": 44119.187047756466,
    "totalData": 5735782,
    "sizePerRequest": 13,
    "sizePerSec": 573549.431620834
  },
  "responseTimeHistogram": {
    "0.000270664": 1,
    "0.0012169078": 364500,
    "0.0021631516": 75808,
    "0.0031093953999999997": 720,
    "0.0040556392": 121,
    "0.005001883": 13,
    "0.0059481268": 10,
    "0.0068943706000000006": 13,
    "0.0078406144": 5,
    "0.0087868582": 16,
    "0.009733102": 7
  },
  "latencyPercentiles": {
    "p10": 0.000987119,
    "p25": 0.001032665,
    "p50": 0.001139603,
    "p75": 0.001193207,
    "p90": 0.001264962,
    "p95": 0.00132052,
    "p99": 0.001472328
  },
  "rps": {
    "mean": 44118.742138287664,
    "stddev": 2812.5968254890886,
    "max": 47230.062997014626,
    "percentiles": {
      "p10": 42667.70571922401,
      "p25": 43653.86045639254,
      "p50": 44652.87413805948,
      "p75": 45294.6219315114,
      "p90": 45606.52574655534,
      "p95": 45804.93586354789,
      "p99": 46462.022153371705
    }
  },
  "details": {
    "DNSDialup": {
      "average": 0.00091059564,
      "fastest": 0.000078271,
      "slowest": 0.001839439
    },
    "DNSLookup": {
      "average": 0.000005552999999999998,
      "fastest": 0.000001863,
      "slowest": 0.000031657
    }
  },
  "statusCodeDistribution": {
    "200": 441214
  },
  "errorDistribution": {}
}