{
  "summary": {
    "successRate": 1,
    "total": 10.000679669,
    "slowest": 0.007959208,
    "fastest": 0.000276025,
    "average": 0.0011991111231159203,
    "requestsPerSec": 41635.17018655145,
    "totalData": 5412940,
    "sizePerRequest": 13,
    "sizePerSec": 541257.2124251688
  },
  "responseTimeHistogram": {
    "0.000276025": 1,
    "0.0010443433": 30125,
    "0.0018126616000000001": 384233,
    "0.0025809799": 1695,
    "0.0033492982": 182,
    "0.0041176165": 71,
    "0.0048859348": 23,
    "0.0056542531": 14,
    "0.0064225714": 8,
    "0.0071908897000000005": 11,
    "0.007959208": 17
  },
  "latencyPercentiles": {
    "p10": 0.001057431,
    "p25": 0.001104578,
    "p50": 0.001208512,
    "p75": 0.001271858,
    "p90": 0.001323994,
    "p95": 0.001362792,
    "p99": 0.001521544
  },
  "rps": {
    "mean": 41637.51558429253,
    "stddev": 2468.203727753848,
    "max": 56821.738356252965,
    "percentiles": {
      "p10": 40775.48136158768,
      "p25": 41274.84780901524,
      "p50": 41974.964243457194,
      "p75": 42435.84167735711,
      "p90": 43046.25470931556,
      "p95": 43335.33376237496,
      "p99": 44147.074025033195
    }
  },
  "details": {
    "DNSDialup": {
      "average": 0.0006463736600000001,
      "fastest": 0.000074666,
      "slowest": 0.000901079
    },
    "DNSLookup": {
      "average": 0.000005565740000000001,
      "fastest": 0.000002996,
      "slowest": 0.000027331
    }
  },
  "statusCodeDistribution": {
    "200": 416380
  },
  "errorDistribution": {}
}