{
  "summary": {
    "successRate": 0.9982360201410456,
    "total": 10.000798372,
    "slowest": 0.013584189,
    "fastest": 0.000245699,
    "average": 0.0009086084048566845,
    "requestsPerSec": 54928.21468513854,
    "totalData": 7128641,
    "sizePerRequest": 13,
    "sizePerSec": 712807.1914696932
  },
  "responseTimeHistogram": {
    "0.000245699": 1,
    "0.001579548": 530720,
    "0.002913397": 16969,
    "0.0042472460000000005": 457,
    "0.005581095": 98,
    "0.006914944": 76,
    "0.008248793": 24,
    "0.009582642": 0,
    "0.010916491": 0,
    "0.01225034": 10,
    "0.013584189": 2
  },
  "latencyPercentiles": {
    "p10": 0.000757895,
    "p25": 0.000829595,
    "p50": 0.000864695,
    "p75": 0.000893494,
    "p90": 0.001049093,
    "p95": 0.001122793,
    "p99": 0.002084789
  },
  "rps": {
    "mean": 54935.296555736015,
    "stddev": 8253.429554500768,
    "max": 59198.23603375442,
    "percentiles": {
      "p10": 48334.14323878089,
      "p25": 56781.42801879964,
      "p50": 57702.68317476536,
      "p75": 58183.21794668382,
      "p90": 58500.55414145678,
      "p95": 58690.171579617585,
      "p99": 58942.42848418943
    }
  },
  "details": {
    "DNSDialup": {
      "average": 0.0013124532600000001,
      "fastest": 0.0000564,
      "slowest": 0.004170766
    },
    "DNSLookup": {
      "average": 0.0000031919599999999994,
      "fastest": 0.000003,
      "slowest": 0.000005
    }
  },
  "statusCodeDistribution": {
    "200": 548357
  },
  "errorDistribution": {
    "Connection refused (os error 111)": 969
  }
}