{
  "summary": {
    "successRate": 1,
    "total": 10.000692944,
    "slowest": 0.007921391,
    "fastest": 0.000248853,
    "average": 0.0011909529074722216,
    "requestsPerSec": 41922.89497814622,
    "totalData": 5450354,
    "sizePerRequest": 13,
    "sizePerSec": 544997.6347159009
  },
  "responseTimeHistogram": {
    "0.000248853": 1,
    "0.0010161068": 16379,
    "0.0017833605999999999": 400930,
    "0.0025506143999999994": 1595,
    "0.0033178681999999995": 254,
    "0.004085122": 43,
    "0.004852375799999999": 9,
    "0.0056196295999999995": 16,
    "0.0063868834": 6,
    "0.0071541372": 11,
    "0.007921391": 14
  },
  "latencyPercentiles": {
    "p10": 0.00105166,
    "p25": 0.001097057,
    "p50": 0.001201577,
    "p75": 0.001262007,
    "p90": 0.001311796,
    "p95": 0.001349344,
    "p99": 0.001499212
  },
  "rps": {
    "mean": 41919.94430937088,
    "stddev": 2348.619219503915,
    "max": 45604.262058543645,
    "percentiles": {
      "p10": 40938.783643355986,
      "p25": 41843.05231653121,
      "p50": 42216.388401979064,
      "p75": 42668.22679725929,
      "p90": 43194.98720663208,
      "p95": 43543.90108287403,
      "p99": 44432.34674843454
    }
  },
  "details": {
    "DNSDialup": {
      "average": 0.0007763713400000001,
      "fastest": 0.000095412,
      "slowest": 0.001147581
    },
    "DNSLookup": {
      "average": 0.00000598928,
      "fastest": 0.000003176,
      "slowest": 0.000025207
    }
  },
  "statusCodeDistribution": {
    "200": 419258
  },
  "errorDistribution": {}
}