{
  "summary": {
    "successRate": 1,
    "total": 10.000593571,
    "slowest": 0.00831096,
    "fastest": 0.00053619,
    "average": 0.001258135136287496,
    "requestsPerSec": 39684.344452397905,
    "totalData": 5159271,
    "sizePerRequest": 13,
    "sizePerSec": 515896.4778811728
  },
  "responseTimeHistogram": {
    "0.00053619": 1,
    "0.001313667": 275490,
    "0.0020911439999999996": 120494,
    "0.002868621": 632,
    "0.0036460979999999995": 133,
    "0.004423575": 59,
    "0.005201051999999999": 9,
    "0.005978528999999999": 11,
    "0.006756005999999999": 10,
    "0.007533483": 11,
    "0.00831096": 17
  },
  "latencyPercentiles": {
    "p10": 0.001101688,
    "p25": 0.001154149,
    "p50": 0.001264197,
    "p75": 0.001328995,
    "p90": 0.001401783,
    "p95": 0.001468538,
    "p99": 0.001615713
  },
  "rps": {
    "mean": 39685.20677658204,
    "stddev": 2406.1480236319694,
    "max": 47862.25912505398,
    "percentiles": {
      "p10": 37668.83225718357,
      "p25": 39301.96509825428,
      "p50": 40184.752443659614,
      "p75": 40829.71586720902,
      "p90": 41178.73991234556,
      "p95": 41582.95025296488,
      "p99": 42620.18439662963
    }
  },
  "details": {
    "DNSDialup": {
      "average": 0.0007727342000000001,
      "fastest": 0.000135266,
      "slowest": 0.001191385
    },
    "DNSLookup": {
      "average": 0.000008110300000000003,
      "fastest": 0.000003967,
      "slowest": 0.000047949
    }
  },
  "statusCodeDistribution": {
    "200": 396867
  },
  "errorDistribution": {}
}