{
  "summary": {
    "successRate": 1,
    "total": 10.000605084,
    "slowest": 0.00860297,
    "fastest": 0.000465368,
    "average": 0.0012361939768640035,
    "requestsPerSec": 40380.55663712678,
    "totalData": 5249790,
    "sizePerRequest": 13,
    "sizePerSec": 524947.2362826482
  },
  "responseTimeHistogram": {
    "0.000465368": 1,
    "0.0012791281999999999": 248834,
    "0.0020928884": 153878,
    "0.0029066485999999997": 850,
    "0.0037204087999999995": 164,
    "0.004534168999999999": 51,
    "0.0053479292": 3,
    "0.006161689399999999": 11,
    "0.006975449599999999": 14,
    "0.0077892097999999995": 0,
    "0.00860297": 24
  },
  "latencyPercentiles": {
    "p10": 0.001087511,
    "p25": 0.001137172,
    "p50": 0.001244359,
    "p75": 0.00131233,
    "p90": 0.001367724,
    "p95": 0.001411126,
    "p99": 0.001591692
  },
  "rps": {
    "mean": 40379.220323369125,
    "stddev": 2440.589951257059,
    "max": 51336.20816099079,
    "percentiles": {
      "p10": 39125.07134571901,
      "p25": 40037.53118173152,
      "p50": 40774.87898777671,
      "p75": 41190.48996390924,
      "p90": 41814.52999766386,
      "p95": 42197.05317182075,
      "p99": 43147.51609068245
    }
  },
  "details": {
    "DNSDialup": {
      "average": 0.00091536652,
      "fastest": 0.000099326,
      "slowest": 0.001955021
    },
    "DNSLookup": {
      "average": 0.00000721894,
      "fastest": 0.000003276,
      "slowest": 0.000031018
    }
  },
  "statusCodeDistribution": {
    "200": 403830
  },
  "errorDistribution": {}
}