{
  "summary": {
    "successRate": 1,
    "total": 10.000134734,
    "slowest": 0.009087956,
    "fastest": 0.000508992,
    "average": 0.0012307323660285883,
    "requestsPerSec": 40567.0534238624,
    "totalData": 5273788,
    "sizePerRequest": 13,
    "sizePerSec": 527371.6945102112
  },
  "responseTimeHistogram": {
    "0.000508992": 1,
    "0.0013668883999999998": 386062,
    "0.0022247848": 19111,
    "0.0030826811999999995": 341,
    "0.0039405776": 98,
    "0.004798474": 13,
    "0.005656370399999999": 7,
    "0.0065142668": 15,
    "0.007372163199999999": 11,
    "0.008230059599999999": 2,
    "0.009087956": 15
  },
  "latencyPercentiles": {
    "p10": 0.001137828,
    "p25": 0.001182521,
    "p50": 0.001227356,
    "p75": 0.001273213,
    "p90": 0.001322866,
    "p95": 0.001364735,
    "p99": 0.001537266
  },
  "rps": {
    "mean": 40565.10868659945,
    "stddev": 2354.1771530153587,
    "max": 45198.71832943931,
    "percentiles": {
      "p10": 39203.29307662015,
      "p25": 40148.503406964795,
      "p50": 40758.29171402196,
      "p75": 41445.977733249194,
      "p90": 42303.55349849384,
      "p95": 42845.240289220965,
      "p99": 43849.11100432719
    }
  },
  "details": {
    "DNSDialup": {
      "average": 0.00120641244,
      "fastest": 0.000108971,
      "slowest": 0.002469127
    },
    "DNSLookup": {
      "average": 0.000007930380000000001,
      "fastest": 0.000003907,
      "slowest": 0.000033813
    }
  },
  "statusCodeDistribution": {
    "200": 405676
  },
  "errorDistribution": {}
}