{
  "summary": {
    "successRate": 1,
    "total": 10.000645609,
    "slowest": 0.008279973,
    "fastest": 0.000272881,
    "average": 0.00124630601985683,
    "requestsPerSec": 40074.31276630093,
    "totalData": 5209997,
    "sizePerRequest": 13,
    "sizePerSec": 520966.0659619121
  },
  "responseTimeHistogram": {
    "0.000272881": 1,
    "0.0010735902": 22439,
    "0.0018742994": 375980,
    "0.0026750085999999998": 1959,
    "0.0034757178": 247,
    "0.004276427": 76,
    "0.0050771361999999995": 17,
    "0.0058778454": 11,
    "0.0066785546": 11,
    "0.0074792638": 11,
    "0.008279973": 17
  },
  "latencyPercentiles": {
    "p10": 0.001098698,
    "p25": 0.001148532,
    "p50": 0.00125672,
    "p75": 0.001323068,
    "p90": 0.001375284,
    "p95": 0.00141245,
    "p99": 0.001585712
  },
  "rps": {
    "mean": 40071.86779326388,
    "stddev": 2351.662972185519,
    "max": 54985.10043995109,
    "percentiles": {
      "p10": 39448.36369388818,
      "p25": 39854.975953831614,
      "p50": 40264.89896415311,
      "p75": 40785.48229233551,
      "p90": 41146.90060212991,
      "p95": 41508.288592158686,
      "p99": 42160.71442440087
    }
  },
  "details": {
    "DNSDialup": {
      "average": 0.0006836762800000001,
      "fastest": 0.000106448,
      "slowest": 0.001115652
    },
    "DNSLookup": {
      "average": 0.000012163439999999997,
      "fastest": 0.000002615,
      "slowest": 0.000358669
    }
  },
  "statusCodeDistribution": {
    "200": 400769
  },
  "errorDistribution": {}
}