{
  "summary": {
    "successRate": 0.1577566910874497,
    "total": 10.00056884,
    "slowest": 0.010308437,
    "fastest": 0.000218305,
    "average": 0.0013349202128176082,
    "requestsPerSec": 59549.71257414993,
    "totalData": 1221337,
    "sizePerRequest": 13,
    "sizePerSec": 122126.75294178566
  },
  "responseTimeHistogram": {
    "0.000218305": 1,
    "0.0012273182": 64655,
    "0.0022363314": 22343,
    "0.0032453446": 6259,
    "0.0042543578000000006": 539,
    "0.005263371000000001": 86,
    "0.006272384200000001": 6,
    "0.0072813974": 21,
    "0.0082904106": 22,
    "0.009299423800000001": 10,
    "0.010308437000000002": 7
  },
  "latencyPercentiles": {
    "p10": 0.000855218,
    "p25": 0.000915819,
    "p50": 0.00095862,
    "p75": 0.002061244,
    "p90": 0.002185447,
    "p95": 0.002364155,
    "p99": 0.003143273
  },
  "rps": {
    "mean": 37236.5350380371,
    "stddev": 15862.575722658972,
    "max": 55048.007577969816,
    "percentiles": {
      "p10": 20367.97879471599,
      "p25": 23317.021133966133,
      "p50": 24258.021716715357,
      "p75": 53650.356224345574,
      "p90": 54236.80509594006,
      "p95": 54495.57119852031,
      "p99": 54968.17322671683
    }
  },
  "details": {
    "DNSDialup": {
      "average": 0.0015862064599999994,
      "fastest": 0.000053201,
      "slowest": 0.002115349
    },
    "DNSLookup": {
      "average": 0.000004334180000000001,
      "fastest": 0.000003501,
      "slowest": 0.000018201
    }
  },
  "statusCodeDistribution": {
    "200": 93949
  },
  "errorDistribution": {
    "Connection refused (os error 111)": 501582
  }
}