{
  "summary": {
    "successRate": 1,
    "total": 10.000441565,
    "slowest": 0.015635322,
    "fastest": 0.000263098,
    "average": 0.002358756166548561,
    "requestsPerSec": 21168.865257001282,
    "totalData": 2752074,
    "sizePerRequest": 13,
    "sizePerSec": 275195.24834101665
  },
  "responseTimeHistogram": {
    "0.000263098": 1,
    "0.0018003204000000001": 5265,
    "0.0033375428": 196541,
    "0.004874765200000001": 6922,
    "0.0064119876": 1927,
    "0.00794921": 625,
    "0.009486432400000001": 258,
    "0.011023654800000001": 126,
    "0.0125608772": 16,
    "0.0140980996": 4,
    "0.015635322": 13
  },
  "latencyPercentiles": {
    "p10": 0.001929952,
    "p25": 0.002055781,
    "p50": 0.002228529,
    "p75": 0.002446272,
    "p90": 0.002750469,
    "p95": 0.003267763,
    "p99": 0.005427284
  },
  "rps": {
    "mean": 21135.46718944418,
    "stddev": 3374.5574470823353,
    "max": 25923.431828306922,
    "percentiles": {
      "p10": 16858.301577423877,
      "p25": 20313.841851837868,
      "p50": 22067.44694484124,
      "p75": 23182.94589926879,
      "p90": 24129.071227814857,
      "p95": 24550.448050791936,
      "p99": 25335.251468893664
    }
  },
  "details": {
    "DNSDialup": {
      "average": 0.00200226314,
      "fastest": 0.000111198,
      "slowest": 0.003262563
    },
    "DNSLookup": {
      "average": 0.000010963879999999999,
      "fastest": 0.0000054,
      "slowest": 0.000059499
    }
  },
  "statusCodeDistribution": {
    "200": 211698
  },
  "errorDistribution": {}
}