{
  "summary": {
    "successRate": 1,
    "total": 10.000073572,
    "slowest": 0.008033263,
    "fastest": 0.000319954,
    "average": 0.001196222484635177,
    "requestsPerSec": 41734.59295025275,
    "totalData": 5425537,
    "sizePerRequest": 13,
    "sizePerSec": 542549.7083532857
  },
  "responseTimeHistogram": {
    "0.000319954": 1,
    "0.0010912849": 95070,
    "0.0018626158": 320603,
    "0.0026339467": 1409,
    "0.0034052776": 122,
    "0.004176608500000001": 60,
    "0.0049479394": 35,
    "0.0057192703": 14,
    "0.0064906012": 7,
    "0.007261932100000001": 11,
    "0.008033263": 17
  },
  "latencyPercentiles": {
    "p10": 0.001045371,
    "p25": 0.00109847,
    "p50": 0.001203706,
    "p75": 0.001266164,
    "p90": 0.0013393,
    "p95": 0.001396976,
    "p99": 0.001541336
  },
  "rps": {
    "mean": 41732.94507581742,
    "stddev": 2556.2326735003317,
    "max": 54872.844790847295,
    "percentiles": {
      "p10": 39977.75673685327,
      "p25": 41155.98360475054,
      "p50": 42063.426414259375,
      "p75": 42829.30809552964,
      "p90": 43412.1727130746,
      "p95": 44089.086407998264,
      "p99": 44990.45044682618
    }
  },
  "details": {
    "DNSDialup": {
      "average": 0.00072793134,
      "fastest": 0.00009613,
      "slowest": 0.001094599
    },
    "DNSLookup": {
      "average": 0.000008753200000000003,
      "fastest": 0.000004268,
      "slowest": 0.000037901
    }
  },
  "statusCodeDistribution": {
    "200": 417349
  },
  "errorDistribution": {}
}