{
  "summary": {
    "successRate": 1,
    "total": 10.000062083,
    "slowest": 0.009630368,
    "fastest": 0.000423658,
    "average": 0.0012688357562397174,
    "requestsPerSec": 39344.55573719462,
    "totalData": 5114824,
    "sizePerRequest": 13,
    "sizePerSec": 511479.22458353004
  },
  "responseTimeHistogram": {
    "0.000423658": 1,
    "0.001344329": 329259,
    "0.002265": 63647,
    "0.0031856709999999997": 424,
    "0.004106342": 47,
    "0.005027013": 20,
    "0.005947684": 10,
    "0.0068683550000000005": 11,
    "0.007789026": 13,
    "0.008709697": 10,
    "0.009630368": 6
  },
  "latencyPercentiles": {
    "p10": 0.001158386,
    "p25": 0.001217509,
    "p50": 0.001267062,
    "p75": 0.001317573,
    "p90": 0.001377939,
    "p95": 0.001426836,
    "p99": 0.001615704
  },
  "rps": {
    "mean": 39347.109674723986,
    "stddev": 2335.814506172776,
    "max": 50133.611086907615,
    "percentiles": {
      "p10": 38220.10759860879,
      "p25": 38844.29414861599,
      "p50": 39496.4226368379,
      "p75": 40246.40030575241,
      "p90": 41016.48452513298,
      "p95": 41489.61584232154,
      "p99": 42522.73338571562
    }
  },
  "details": {
    "DNSDialup": {
      "average": 0.00128629848,
      "fastest": 0.000166672,
      "slowest": 0.002800541
    },
    "DNSLookup": {
      "average": 0.000007324879999999999,
      "fastest": 0.000004237,
      "slowest": 0.000044933
    }
  },
  "statusCodeDistribution": {
    "200": 393448
  },
  "errorDistribution": {}
}