{
  "summary": {
    "successRate": 1,
    "total": 10.000349712,
    "slowest": 0.008588117,
    "fastest": 0.00027539,
    "average": 0.0012216076642712107,
    "requestsPerSec": 40868.17079102563,
    "totalData": 5313048,
    "sizePerRequest": 13,
    "sizePerSec": 531286.2202833332
  },
  "responseTimeHistogram": {
    "0.00027539": 1,
    "0.0011066626999999998": 27888,
    "0.0019379353999999997": 379708,
    "0.0027692080999999996": 963,
    "0.0036004807999999995": 71,
    "0.0044317535": 14,
    "0.0052630262": 5,
    "0.0060942989": 11,
    "0.0069255715999999995": 12,
    "0.007756844299999999": 18,
    "0.008588117": 5
  },
  "latencyPercentiles": {
    "p10": 0.001131094,
    "p25": 0.001175292,
    "p50": 0.001219674,
    "p75": 0.001264778,
    "p90": 0.001311427,
    "p95": 0.001352404,
    "p99": 0.001513261
  },
  "rps": {
    "mean": 40868.596794325014,
    "stddev": 2320.815112552635,
    "max": 55610.24340683473,
    "percentiles": {
      "p10": 39487.786991594694,
      "p25": 40322.58064516101,
      "p50": 41027.045028083725,
      "p75": 41626.43623896572,
      "p90": 42548.4882572174,
      "p95": 43302.65761039975,
      "p99": 44494.61716487029
    }
  },
  "details": {
    "DNSDialup": {
      "average": 0.00112849192,
      "fastest": 0.000094317,
      "slowest": 0.001924705
    },
    "DNSLookup": {
      "average": 0.00001106116,
      "fastest": 0.000003868,
      "slowest": 0.000196011
    }
  },
  "statusCodeDistribution": {
    "200": 408696
  },
  "errorDistribution": {}
}