{
  "summary": {
    "successRate": 1,
    "total": 10.000587176,
    "slowest": 0.008186116,
    "fastest": 0.000325587,
    "average": 0.0011860758310206284,
    "requestsPerSec": 42090.82852756685,
    "totalData": 5472129,
    "sizePerRequest": 13,
    "sizePerSec": 547180.7708583691
  },
  "responseTimeHistogram": {
    "0.000325587": 1,
    "0.0011116399": 130663,
    "0.0018976928": 288865,
    "0.0026837456999999998": 1195,
    "0.0034697986": 117,
    "0.0042558514999999995": 38,
    "0.0050419044": 7,
    "0.0058279573000000005": 10,
    "0.006614010199999999": 11,
    "0.0074000631": 9,
    "0.008186116": 17
  },
  "latencyPercentiles": {
    "p10": 0.001044946,
    "p25": 0.001092925,
    "p50": 0.001194227,
    "p75": 0.001258149,
    "p90": 0.001311586,
    "p95": 0.001352509,
    "p99": 0.001512414
  },
  "rps": {
    "mean": 42090.38474311367,
    "stddev": 2395.134136711811,
    "max": 50050.40576364647,
    "percentiles": {
      "p10": 40901.97147502516,
      "p25": 41941.992322713246,
      "p50": 42362.44111595249,
      "p75": 43003.82303986846,
      "p90": 43459.37429847326,
      "p95": 43973.01622965568,
      "p99": 44845.52717919221
    }
  },
  "details": {
    "DNSDialup": {
      "average": 0.0006966237800000001,
      "fastest": 0.000076232,
      "slowest": 0.00155714
    },
    "DNSLookup": {
      "average": 0.00000657396,
      "fastest": 0.000003386,
      "slowest": 0.000036868
    }
  },
  "statusCodeDistribution": {
    "200": 420933
  },
  "errorDistribution": {}
}