{
  "summary": {
    "successRate": 1,
    "total": 10.000215071,
    "slowest": 0.008501826,
    "fastest": 0.000430876,
    "average": 0.001249364120312284,
    "requestsPerSec": 39960.14057326068,
    "totalData": 5194930,
    "sizePerRequest": 13,
    "sizePerSec": 519481.8274523888
  },
  "responseTimeHistogram": {
    "0.000430876": 1,
    "0.001237971": 209188,
    "0.0020450660000000003": 189696,
    "0.0028521610000000006": 591,
    "0.0036592560000000005": 60,
    "0.004466351": 26,
    "0.005273446000000001": 1,
    "0.006080541000000001": 20,
    "0.006887636000000001": 3,
    "0.007694731000000001": 10,
    "0.008501826": 14
  },
  "latencyPercentiles": {
    "p10": 0.001154358,
    "p25": 0.001189695,
    "p50": 0.001233857,
    "p75": 0.001285804,
    "p90": 0.001357488,
    "p95": 0.001419486,
    "p99": 0.001561749
  },
  "rps": {
    "mean": 39958.93862477625,
    "stddev": 2210.1701640185565,
    "max": 44403.619758696135,
    "percentiles": {
      "p10": 38356.59357918662,
      "p25": 39447.01722184232,
      "p50": 40318.87326457536,
      "p75": 40968.39263466944,
      "p90": 41382.943834324906,
      "p95": 41678.640804628696,
      "p99": 42926.33960198017
    }
  },
  "details": {
    "DNSDialup": {
      "average": 0.00121698436,
      "fastest": 0.000088463,
      "slowest": 0.002665624
    },
    "DNSLookup": {
      "average": 0.000025064540000000003,
      "fastest": 0.000003978,
      "slowest": 0.000920683
    }
  },
  "statusCodeDistribution": {
    "200": 399610
  },
  "errorDistribution": {}
}