{
  "summary": {
    "successRate": 1,
    "total": 10.000737682,
    "slowest": 0.00732614,
    "fastest": 0.00031266,
    "average": 0.0008570375628575333,
    "requestsPerSec": 58240.103732379845,
    "totalData": 7571772,
    "sizePerRequest": 13,
    "sizePerSec": 757121.348520938
  },
  "responseTimeHistogram": {
    "0.00031266": 1,
    "0.0010140079999999998": 569064,
    "0.001715356": 12090,
    "0.0024167039999999996": 1062,
    "0.0031180519999999996": 149,
    "0.0038193999999999997": 22,
    "0.004520748": 17,
    "0.005222096": 13,
    "0.005923444": 6,
    "0.006624792": 7,
    "0.00732614": 13
  },
  "latencyPercentiles": {
    "p10": 0.000749818,
    "p25": 0.000782872,
    "p50": 0.000867809,
    "p75": 0.000906777,
    "p90": 0.000946155,
    "p95": 0.000986296,
    "p99": 0.001053881
  },
  "rps": {
    "mean": 58236.02971168987,
    "stddev": 3472.6740090901253,
    "max": 61235.015827173775,
    "percentiles": {
      "p10": 57456.099070386656,
      "p25": 58224.88072417866,
      "p50": 58683.44444734156,
      "p75": 59236.46596844869,
      "p90": 59660.579513139935,
      "p95": 59912.26698606519,
      "p99": 60457.01701274369
    }
  },
  "details": {
    "DNSDialup": {
      "average": 0.0005142029000000002,
      "fastest": 0.000065903,
      "slowest": 0.000965072
    },
    "DNSLookup": {
      "average": 0.000008795260000000001,
      "fastest": 0.000003055,
      "slowest": 0.000176973
    }
  },
  "statusCodeDistribution": {
    "200": 582444
  },
  "errorDistribution": {}
}