{
  "summary": {
    "successRate": 0.9851036517607388,
    "total": 10.000632856,
    "slowest": 0.014533678,
    "fastest": 0.000182932,
    "average": 0.0012002514105734618,
    "requestsPerSec": 41752.55766433668,
    "totalData": 5347316,
    "sizePerRequest": 13,
    "sizePerSec": 534697.7613313555
  },
  "responseTimeHistogram": {
    "0.000182932": 1,
    "0.0016180066": 407758,
    "0.0030530811999999997": 3444,
    "0.0044881558": 79,
    "0.0059232304": 0,
    "0.007358305": 0,
    "0.0087933796": 0,
    "0.0102284542": 0,
    "0.0116635288": 0,
    "0.013098603399999999": 22,
    "0.014533678": 28
  },
  "latencyPercentiles": {
    "p10": 0.001027438,
    "p25": 0.001103721,
    "p50": 0.001215062,
    "p75": 0.001290901,
    "p90": 0.001361659,
    "p95": 0.001423765,
    "p99": 0.001592512
  },
  "rps": {
    "mean": 41606.00242723658,
    "stddev": 3542.005861130087,
    "max": 55473.3485357168,
    "percentiles": {
      "p10": 38900.606849466065,
      "p25": 40610.839032937445,
      "p50": 41391.64164108182,
      "p75": 42262.170645746795,
      "p90": 45100.3121142054,
      "p95": 47631.553719122734,
      "p99": 52106.48204636658
    }
  },
  "details": {
    "DNSDialup": {
      "average": 0.0010836116599999997,
      "fastest": 0.000064761,
      "slowest": 0.001676852
    },
    "DNSLookup": {
      "average": 0.00000776858,
      "fastest": 0.000004128,
      "slowest": 0.000025268
    }
  },
  "statusCodeDistribution": {
    "200": 411332
  },
  "errorDistribution": {
    "Connection refused (os error 111)": 6220
  }
}