{
  "summary": {
    "successRate": 1,
    "total": 10.000726825,
    "slowest": 0.010642344,
    "fastest": 0.000165501,
    "average": 0.0013764951737023797,
    "requestsPerSec": 36295.66194055101,
    "totalData": 4718779,
    "sizePerRequest": 13,
    "sizePerSec": 471843.6052271631
  },
  "responseTimeHistogram": {
    "0.000165501": 1,
    "0.0012131853": 66357,
    "0.0022608696": 291323,
    "0.0033085539000000004": 2234,
    "0.0043562382": 2793,
    "0.0054039225": 158,
    "0.006451606800000001": 61,
    "0.0074992911": 18,
    "0.0085469754": 6,
    "0.0095946597": 21,
    "0.010642344": 11
  },
  "latencyPercentiles": {
    "p10": 0.001179205,
    "p25": 0.001237505,
    "p50": 0.001361905,
    "p75": 0.001416906,
    "p90": 0.001534206,
    "p95": 0.001565507,
    "p99": 0.003176313
  },
  "rps": {
    "mean": 36288.388315367505,
    "stddev": 4419.882302897685,
    "max": 38770.12263000054,
    "percentiles": {
      "p10": 36035.70686849632,
      "p25": 36619.62812067289,
      "p50": 37210.63479942727,
      "p75": 37639.36324608436,
      "p90": 37984.54600249146,
      "p95": 38216.65481817051,
      "p99": 38522.31705523612
    }
  },
  "details": {
    "DNSDialup": {
      "average": 0.0033657737799999993,
      "fastest": 0.000075,
      "slowest": 0.004347718
    },
    "DNSLookup": {
      "average": 0.000004754020000000002,
      "fastest": 0.000003,
      "slowest": 0.000044001
    }
  },
  "statusCodeDistribution": {
    "200": 362983
  },
  "errorDistribution": {}
}