{
  "summary": {
    "successRate": 1,
    "total": 10.000657039,
    "slowest": 0.007949531,
    "fastest": 0.00032815,
    "average": 0.0012294177189826792,
    "requestsPerSec": 40613.33154572545,
    "totalData": 5280080,
    "sizePerRequest": 13,
    "sizePerSec": 527973.3100944309
  },
  "responseTimeHistogram": {
    "0.00032815": 1,
    "0.0010902880999999998": 48277,
    "0.0018524261999999998": 355618,
    "0.0026145643": 1964,
    "0.0033767024": 178,
    "0.004138840499999999": 66,
    "0.0049009786": 11,
    "0.005663116699999999": 14,
    "0.0064252547999999994": 5,
    "0.0071873929": 11,
    "0.007949531": 15
  },
  "latencyPercentiles": {
    "p10": 0.001082282,
    "p25": 0.001133789,
    "p50": 0.001237074,
    "p75": 0.001306042,
    "p90": 0.001359694,
    "p95": 0.001398096,
    "p99": 0.001608424
  },
  "rps": {
    "mean": 40610.38672217658,
    "stddev": 2180.9814988948738,
    "max": 44427.162767315654,
    "percentiles": {
      "p10": 39887.324352237985,
      "p25": 40400.35148305555,
      "p50": 40906.500042855965,
      "p75": 41232.553100675614,
      "p90": 41704.24392811829,
      "p95": 42014.1798862248,
      "p99": 42773.30371492514
    }
  },
  "details": {
    "DNSDialup": {
      "average": 0.00078581898,
      "fastest": 0.000095229,
      "slowest": 0.001124923
    },
    "DNSLookup": {
      "average": 0.000006371959999999998,
      "fastest": 0.000003006,
      "slowest": 0.000032871
    }
  },
  "statusCodeDistribution": {
    "200": 406160
  },
  "errorDistribution": {}
}