{
  "summary": {
    "successRate": 1,
    "total": 10.000638269,
    "slowest": 0.008718592,
    "fastest": 0.000436247,
    "average": 0.001225514378242916,
    "requestsPerSec": 40736.29992825811,
    "totalData": 5296057,
    "sizePerRequest": 13,
    "sizePerSec": 529571.8990673554
  },
  "responseTimeHistogram": {
    "0.000436247": 1,
    "0.0012644815": 247512,
    "0.002092716": 158985,
    "0.0029209505": 703,
    "0.003749185": 120,
    "0.0045774195": 18,
    "0.005405654": 3,
    "0.0062338885": 7,
    "0.007062123": 15,
    "0.0078903575": 10,
    "0.008718592": 15
  },
  "latencyPercentiles": {
    "p10": 0.001072045,
    "p25": 0.001126628,
    "p50": 0.001232306,
    "p75": 0.001300716,
    "p90": 0.001367521,
    "p95": 0.001427811,
    "p99": 0.001603637
  },
  "rps": {
    "mean": 40736.69480631555,
    "stddev": 2637.583227688829,
    "max": 51622.98142865532,
    "percentiles": {
      "p10": 38410.320853213445,
      "p25": 40155.02272409223,
      "p50": 41106.926517122556,
      "p75": 41926.639414351266,
      "p90": 42735.41483827357,
      "p95": 43312.62202498309,
      "p99": 44900.75882282404
    }
  },
  "details": {
    "DNSDialup": {
      "average": 0.0008534787799999999,
      "fastest": 0.000137534,
      "slowest": 0.001228725
    },
    "DNSLookup": {
      "average": 0.000008349100000000001,
      "fastest": 0.000004258,
      "slowest": 0.000050525
    }
  },
  "statusCodeDistribution": {
    "200": 407389
  },
  "errorDistribution": {}
}