{
  "summary": {
    "successRate": 1,
    "total": 10.000586636,
    "slowest": 0.008642154,
    "fastest": 0.000490758,
    "average": 0.0012353465729818128,
    "requestsPerSec": 40411.12933767299,
    "totalData": 5253755,
    "sizePerRequest": 13,
    "sizePerSec": 525344.6813897488
  },
  "responseTimeHistogram": {
    "0.000490758": 1,
    "0.0013058976": 291343,
    "0.0021210372": 111984,
    "0.0029361768000000007": 563,
    "0.0037513164000000008": 143,
    "0.004566456000000001": 42,
    "0.005381595600000001": 16,
    "0.006196735200000001": 0,
    "0.0070118748000000015": 21,
    "0.007827014400000002": 0,
    "0.008642154000000003": 22
  },
  "latencyPercentiles": {
    "p10": 0.001080618,
    "p25": 0.001137167,
    "p50": 0.001242236,
    "p75": 0.001313968,
    "p90": 0.001378168,
    "p95": 0.001433183,
    "p99": 0.001592138
  },
  "rps": {
    "mean": 40398.80725055559,
    "stddev": 2581.884934394302,
    "max": 49769.904863920005,
    "percentiles": {
      "p10": 38428.67163190896,
      "p25": 39907.19526730741,
      "p50": 40830.35499134676,
      "p75": 41420.56945479073,
      "p90": 42260.29063352127,
      "p95": 42873.34772328872,
      "p99": 43971.917943370005
    }
  },
  "details": {
    "DNSDialup": {
      "average": 0.0008003798399999998,
      "fastest": 0.000095328,
      "slowest": 0.00188746
    },
    "DNSLookup": {
      "average": 0.000009887319999999996,
      "fastest": 0.000003957,
      "slowest": 0.000070692
    }
  },
  "statusCodeDistribution": {
    "200": 404135
  },
  "errorDistribution": {}
}