{
  "summary": {
    "successRate": 1,
    "total": 10.000210791,
    "slowest": 0.009233785,
    "fastest": 0.000530467,
    "average": 0.0011907415365443265,
    "requestsPerSec": 41927.61620358528,
    "totalData": 5450705,
    "sizePerRequest": 13,
    "sizePerSec": 545059.0106466087
  },
  "responseTimeHistogram": {
    "0.000530467": 1,
    "0.0014007987999999998": 406767,
    "0.0022711306": 12007,
    "0.0031414623999999995": 393,
    "0.0040117942": 54,
    "0.004882126": 12,
    "0.005752457799999999": 5,
    "0.0066227896": 18,
    "0.007493121399999999": 10,
    "0.008363453199999999": 15,
    "0.009233785": 3
  },
  "latencyPercentiles": {
    "p10": 0.001045202,
    "p25": 0.001097921,
    "p50": 0.001198679,
    "p75": 0.001267274,
    "p90": 0.001321208,
    "p95": 0.001363491,
    "p99": 0.001544158
  },
  "rps": {
    "mean": 41926.3183009692,
    "stddev": 2573.7661525400044,
    "max": 46621.13806436439,
    "percentiles": {
      "p10": 40411.35154864995,
      "p25": 41602.917296809836,
      "p50": 42189.421012774,
      "p75": 42978.26341768221,
      "p90": 43765.3504212481,
      "p95": 44281.5643267704,
      "p99": 45190.96221285827
    }
  },
  "details": {
    "DNSDialup": {
      "average": 0.00097411642,
      "fastest": 0.000512752,
      "slowest": 0.001633996
    },
    "DNSLookup": {
      "average": 0.000008357899999999998,
      "fastest": 0.000003877,
      "slowest": 0.00004854
    }
  },
  "statusCodeDistribution": {
    "200": 419285
  },
  "errorDistribution": {}
}