{
  "summary": {
    "successRate": 1,
    "total": 10.000149394,
    "slowest": 0.007778463,
    "fastest": 0.000408752,
    "average": 0.0011785796817786044,
    "requestsPerSec": 42358.8671839396,
    "totalData": 5506735,
    "sizePerRequest": 13,
    "sizePerSec": 550665.2733912148
  },
  "responseTimeHistogram": {
    "0.000408752": 1,
    "0.0011457231": 173813,
    "0.0018826942000000001": 248519,
    "0.0026196653000000003": 1029,
    "0.0033566364000000002": 165,
    "0.0040936075": 18,
    "0.0048305786000000005": 0,
    "0.0055675497000000004": 21,
    "0.0063045208": 12,
    "0.0070414919": 11,
    "0.007778463": 6
  },
  "latencyPercentiles": {
    "p10": 0.001033496,
    "p25": 0.001087871,
    "p50": 0.00118662,
    "p75": 0.001255315,
    "p90": 0.001311849,
    "p95": 0.001355937,
    "p99": 0.001505066
  },
  "rps": {
    "mean": 42358.11792629961,
    "stddev": 2413.047443559389,
    "max": 48163.2142186617,
    "percentiles": {
      "p10": 40521.41962241482,
      "p25": 41939.717976465625,
      "p50": 42632.74923115283,
      "p75": 43372.274593428396,
      "p90": 44235.76334791242,
      "p95": 44815.88258801762,
      "p99": 45904.41052833335
    }
  },
  "details": {
    "DNSDialup": {
      "average": 0.0007441517999999999,
      "fastest": 0.00007829,
      "slowest": 0.001123382
    },
    "DNSLookup": {
      "average": 0.00000921882,
      "fastest": 0.000004218,
      "slowest": 0.00004255
    }
  },
  "statusCodeDistribution": {
    "200": 423595
  },
  "errorDistribution": {}
}