{
  "summary": {
    "successRate": 1,
    "total": 10.000607975,
    "slowest": 0.00871896,
    "fastest": 0.000369337,
    "average": 0.0012389221691509091,
    "requestsPerSec": 40298.249967147625,
    "totalData": 5239091,
    "sizePerRequest": 13,
    "sizePerSec": 523877.2495729191
  },
  "responseTimeHistogram": {
    "0.000369337": 1,
    "0.0012042993": 166470,
    "0.0020392616": 235340,
    "0.0028742238999999994": 984,
    "0.0037091861999999994": 149,
    "0.004544148499999999": 13,
    "0.005379110799999999": 7,
    "0.006214073099999999": 14,
    "0.007049035399999999": 9,
    "0.0078839977": 8,
    "0.00871896": 12
  },
  "latencyPercentiles": {
    "p10": 0.001084241,
    "p25": 0.001140185,
    "p50": 0.001246322,
    "p75": 0.001316841,
    "p90": 0.00138024,
    "p95": 0.00143445,
    "p99": 0.001606872
  },
  "rps": {
    "mean": 40299.001488908936,
    "stddev": 2526.309717268043,
    "max": 47812.383407302565,
    "percentiles": {
      "p10": 38374.68481158122,
      "p25": 39925.58031931093,
      "p50": 40744.63982739443,
      "p75": 41254.40139863492,
      "p90": 42043.938933693214,
      "p95": 42574.65039199794,
      "p99": 44319.52230435745
    }
  },
  "details": {
    "DNSDialup": {
      "average": 0.0008655221400000001,
      "fastest": 0.00015568,
      "slowest": 0.001342763
    },
    "DNSLookup": {
      "average": 0.000007930199999999999,
      "fastest": 0.000003847,
      "slowest": 0.000045826
    }
  },
  "statusCodeDistribution": {
    "200": 403007
  },
  "errorDistribution": {}
}