{
  "summary": {
    "successRate": 1,
    "total": 10.000279587,
    "slowest": 0.008375059,
    "fastest": 0.000323452,
    "average": 0.0011935808518953137,
    "requestsPerSec": 41825.33061812885,
    "totalData": 5437445,
    "sizePerRequest": 13,
    "sizePerSec": 543729.2980356751
  },
  "responseTimeHistogram": {
    "0.000323452": 1,
    "0.0011286127": 140344,
    "0.0019337734000000003": 276694,
    "0.0027389341000000006": 1081,
    "0.0035440948000000005": 63,
    "0.0043492555": 32,
    "0.005154416200000001": 7,
    "0.005959576900000001": 13,
    "0.006764737600000001": 8,
    "0.007569898300000001": 11,
    "0.008375059": 11
  },
  "latencyPercentiles": {
    "p10": 0.001047767,
    "p25": 0.001100599,
    "p50": 0.001202248,
    "p75": 0.001269292,
    "p90": 0.001325524,
    "p95": 0.001372034,
    "p99": 0.001539736
  },
  "rps": {
    "mean": 41823.6895005091,
    "stddev": 2411.655781243913,
    "max": 46933.23731786513,
    "percentiles": {
      "p10": 40282.26884386223,
      "p25": 41405.87963490824,
      "p50": 42068.8875013536,
      "p75": 42819.83843114453,
      "p90": 43512.192116230064,
      "p95": 44092.422126018,
      "p99": 45157.99018998407
    }
  },
  "details": {
    "DNSDialup": {
      "average": 0.00107438424,
      "fastest": 0.000097435,
      "slowest": 0.002271999
    },
    "DNSLookup": {
      "average": 0.000026323779999999995,
      "fastest": 0.000004177,
      "slowest": 0.000868704
    }
  },
  "statusCodeDistribution": {
    "200": 418265
  },
  "errorDistribution": {}
}