{
  "summary": {
    "successRate": 1,
    "total": 10.000314641,
    "slowest": 0.008115227,
    "fastest": 0.000412339,
    "average": 0.0012100429789052556,
    "requestsPerSec": 41255.401935907954,
    "totalData": 5363371,
    "sizePerRequest": 13,
    "sizePerSec": 536320.2251668033
  },
  "responseTimeHistogram": {
    "0.000412339": 1,
    "0.0011826278": 169624,
    "0.0019529165999999998": 241526,
    "0.0027232053999999995": 1211,
    "0.0034934941999999994": 148,
    "0.004263782999999999": 8,
    "0.0050340718": 4,
    "0.0058043606": 15,
    "0.006574649399999999": 14,
    "0.007344938199999999": 13,
    "0.008115227": 3
  },
  "latencyPercentiles": {
    "p10": 0.001057902,
    "p25": 0.001110744,
    "p50": 0.001216161,
    "p75": 0.001280741,
    "p90": 0.00134966,
    "p95": 0.001405974,
    "p99": 0.001558639
  },
  "rps": {
    "mean": 41254.20739872139,
    "stddev": 2432.4090080478945,
    "max": 47203.90376284656,
    "percentiles": {
      "p10": 39427.46122674471,
      "p25": 40809.21880252634,
      "p50": 41818.79336573815,
      "p75": 42302.070625927205,
      "p90": 42892.26359490893,
      "p95": 43218.35940085448,
      "p99": 44501.34839085809
    }
  },
  "details": {
    "DNSDialup": {
      "average": 0.0009438112999999999,
      "fastest": 0.000100478,
      "slowest": 0.00209344
    },
    "DNSLookup": {
      "average": 0.00004877588,
      "fastest": 0.000004088,
      "slowest": 0.001977571
    }
  },
  "statusCodeDistribution": {
    "200": 412567
  },
  "errorDistribution": {}
}