{
  "summary": {
    "successRate": 0.8824663125161959,
    "total": 10.000160024,
    "slowest": 0.009774454,
    "fastest": 0.000391492,
    "average": 0.0012002240280512366,
    "requestsPerSec": 43220.10837453775,
    "totalData": 4958317,
    "sizePerRequest": 13,
    "sizePerSec": 495823.7656297729
  },
  "responseTimeHistogram": {
    "0.000391492": 1,
    "0.0013297882": 342833,
    "0.0022680844": 38186,
    "0.0032063806": 298,
    "0.0041446768": 23,
    "0.005082973": 18,
    "0.0060212692": 0,
    "0.0069595654": 11,
    "0.0078978616": 22,
    "0.008836157800000001": 15,
    "0.009774454": 2
  },
  "latencyPercentiles": {
    "p10": 0.001054529,
    "p25": 0.001105814,
    "p50": 0.001209455,
    "p75": 0.001274159,
    "p90": 0.001330584,
    "p95": 0.001376408,
    "p99": 0.001528254
  },
  "rps": {
    "mean": 41577.38079438136,
    "stddev": 2497.7641115649053,
    "max": 46692.63531818766,
    "percentiles": {
      "p10": 40109.05611844619,
      "p25": 41223.4229282467,
      "p50": 41935.13597568252,
      "p75": 42400.96472290466,
      "p90": 43108.03939813546,
      "p95": 43521.336715755955,
      "p99": 44823.4830227528
    }
  },
  "details": {
    "DNSDialup": {
      "average": 0.0007981977800000003,
      "fastest": 0.000131775,
      "slowest": 0.001977191
    },
    "DNSLookup": {
      "average": 0.00003283046,
      "fastest": 0.000004919,
      "slowest": 0.001201866
    }
  },
  "statusCodeDistribution": {
    "200": 381409
  },
  "errorDistribution": {
    "Connection refused (os error 111)": 50799
  }
}