{
  "summary": {
    "successRate": 1,
    "total": 10.000239895,
    "slowest": 0.008060447,
    "fastest": 0.000474158,
    "average": 0.001313207746591532,
    "requestsPerSec": 38022.28786432528,
    "totalData": 4943016,
    "sizePerRequest": 13,
    "sizePerSec": 494289.7422362286
  },
  "responseTimeHistogram": {
    "0.000474158": 1,
    "0.0012327869": 103290,
    "0.0019914158": 266240,
    "0.0027500447000000003": 8600,
    "0.0035086736": 329,
    "0.0042673024999999995": 75,
    "0.0050259314": 922,
    "0.0057845603": 575,
    "0.0065431892": 50,
    "0.0073018180999999995": 26,
    "0.008060447": 124
  },
  "latencyPercentiles": {
    "p10": 0.000943413,
    "p25": 0.00120582,
    "p50": 0.001330002,
    "p75": 0.00139852,
    "p90": 0.001477958,
    "p95": 0.00162893,
    "p99": 0.002254506
  },
  "rps": {
    "mean": 38023.10704813147,
    "stddev": 3878.663493936662,
    "max": 44648.59512224935,
    "percentiles": {
      "p10": 35229.452731630496,
      "p25": 37203.43015626084,
      "p50": 38822.66467163519,
      "p75": 40130.59231832749,
      "p90": 40975.29748777385,
      "p95": 41415.35267123366,
      "p99": 42413.06205883414
    }
  },
  "details": {
    "DNSDialup": {
      "average": 0.00113876082,
      "fastest": 0.000120124,
      "slowest": 0.002306052
    },
    "DNSLookup": {
      "average": 0.000012947319999999997,
      "fastest": 0.000004218,
      "slowest": 0.000199622
    }
  },
  "statusCodeDistribution": {
    "200": 380232
  },
  "errorDistribution": {}
}