{
  "summary": {
    "successRate": 1,
    "total": 10.001458298,
    "slowest": 0.027492306,
    "fastest": 0.0003928,
    "average": 0.0015594751802774003,
    "requestsPerSec": 32021.530306639692,
    "totalData": 4163406,
    "sizePerRequest": 13,
    "sizePerSec": 416279.893986316
  },
  "responseTimeHistogram": {
    "0.0003928": 1,
    "0.0031027506000000002": 315507,
    "0.005812701200000001": 3869,
    "0.008522651800000001": 852,
    "0.011232602400000001": 2,
    "0.013942553000000002": 9,
    "0.0166525036": 3,
    "0.0193624542": 4,
    "0.0220724048": 3,
    "0.0247823554": 1,
    "0.027492306": 11
  },
  "latencyPercentiles": {
    "p10": 0.0012682,
    "p25": 0.001327099,
    "p50": 0.0014363,
    "p75": 0.001697601,
    "p90": 0.001753201,
    "p95": 0.0018164,
    "p99": 0.003218498
  },
  "rps": {
    "mean": 32010.531902389706,
    "stddev": 3618.7817390452533,
    "max": 35216.206438004905,
    "percentiles": {
      "p10": 28133.403707615504,
      "p25": 32417.521670465063,
      "p50": 33414.17819942249,
      "p75": 33622.305844632625,
      "p90": 34018.85074690856,
      "p95": 34405.65993344517,
      "p99": 34888.260320959766
    }
  },
  "details": {
    "DNSDialup": {
      "average": 0.00126338692,
      "fastest": 0.0000664,
      "slowest": 0.0014745
    },
    "DNSLookup": {
      "average": 0.000003914000000000002,
      "fastest": 0.0000029,
      "slowest": 0.0000372
    }
  },
  "statusCodeDistribution": {
    "200": 320262
  },
  "errorDistribution": {}
}