{
  "summary": {
    "successRate": 1,
    "total": 10.001936831,
    "slowest": 0.009772263,
    "fastest": 0.000188704,
    "average": 0.001698805703305103,
    "requestsPerSec": 29391.507361740503,
    "totalData": 3821636,
    "sizePerRequest": 13,
    "sizePerSec": 382089.59570262657
  },
  "responseTimeHistogram": {
    "0.000188704": 1,
    "0.0011470599": 1193,
    "0.0021054158": 277641,
    "0.0030637717": 5952,
    "0.0040221276": 7802,
    "0.0049804835": 410,
    "0.0059388394": 230,
    "0.0068971953": 332,
    "0.0078555512": 286,
    "0.008813907099999999": 77,
    "0.009772263": 48
  },
  "latencyPercentiles": {
    "p10": 0.001355923,
    "p25": 0.001430324,
    "p50": 0.001674428,
    "p75": 0.00181403,
    "p90": 0.001887932,
    "p95": 0.002138836,
    "p99": 0.003816664
  },
  "rps": {
    "mean": 29395.109841691352,
    "stddev": 3551.9994830114265,
    "max": 33839.10682806042,
    "percentiles": {
      "p10": 24556.807262240283,
      "p25": 29503.201097319885,
      "p50": 30817.21141257262,
      "p75": 31289.458988947055,
      "p90": 31890.125678153967,
      "p95": 32142.142833032653,
      "p99": 32483.23946562589
    }
  },
  "details": {
    "DNSDialup": {
      "average": 0.001622691,
      "fastest": 0.000096101,
      "slowest": 0.001796529
    },
    "DNSLookup": {
      "average": 0.000004762,
      "fastest": 0.0000037,
      "slowest": 0.0000438
    }
  },
  "statusCodeDistribution": {
    "200": 293972
  },
  "errorDistribution": {}
}