{
  "summary": {
    "successRate": 1,
    "total": 10.000760337,
    "slowest": 0.010452762,
    "fastest": 0.000307199,
    "average": 0.001677410958338268,
    "requestsPerSec": 29780.435683287385,
    "totalData": 3871751,
    "sizePerRequest": 13,
    "sizePerSec": 387145.663882736
  },
  "responseTimeHistogram": {
    "0.000307199": 1,
    "0.0013217553": 26688,
    "0.0023363116000000004": 252242,
    "0.0033508679000000003": 15028,
    "0.004365424200000001": 1083,
    "0.005379980500000001": 534,
    "0.0063945368": 476,
    "0.007409093100000001": 419,
    "0.0084236494": 733,
    "0.0094382057": 562,
    "0.010452762": 61
  },
  "latencyPercentiles": {
    "p10": 0.001353295,
    "p25": 0.001522494,
    "p50": 0.001584595,
    "p75": 0.001672394,
    "p90": 0.001867493,
    "p95": 0.002518791,
    "p99": 0.004025286
  },
  "rps": {
    "mean": 29769.53431987465,
    "stddev": 5065.924241881865,
    "max": 38740.52344534101,
    "percentiles": {
      "p10": 25911.8876542811,
      "p25": 29045.99724122987,
      "p50": 31717.817153392003,
      "p75": 32383.137608348487,
      "p90": 32868.51424939638,
      "p95": 33264.31988893586,
      "p99": 34676.009434397645
    }
  },
  "details": {
    "DNSDialup": {
      "average": 0.0012862175399999999,
      "fastest": 0.0000748,
      "slowest": 0.002740591
    },
    "DNSLookup": {
      "average": 0.000004734,
      "fastest": 0.0000031,
      "slowest": 0.0000462
    }
  },
  "statusCodeDistribution": {
    "200": 297827
  },
  "errorDistribution": {}
}