{
  "summary": {
    "successRate": 1,
    "total": 10.001509753,
    "slowest": 0.017701191,
    "fastest": 0.000354204,
    "average": 0.002172964744760893,
    "requestsPerSec": 22982.4302207027,
    "totalData": 2988167,
    "sizePerRequest": 13,
    "sizePerSec": 298771.5928691351
  },
  "responseTimeHistogram": {
    "0.000354204": 1,
    "0.0020889027": 163263,
    "0.0038236014": 56944,
    "0.0055583001": 6714,
    "0.0072929988000000005": 1260,
    "0.009027697500000001": 384,
    "0.0107623962": 339,
    "0.0124970949": 537,
    "0.0142317936": 264,
    "0.0159664923": 61,
    "0.017701191": 92
  },
  "latencyPercentiles": {
    "p10": 0.001609717,
    "p25": 0.00184012,
    "p50": 0.001948721,
    "p75": 0.002136623,
    "p90": 0.003035733,
    "p95": 0.003727341,
    "p99": 0.006314769
  },
  "rps": {
    "mean": 23054.046628450018,
    "stddev": 5555.701829750233,
    "max": 30820.20653580325,
    "percentiles": {
      "p10": 15716.332412643224,
      "p25": 21826.338632733896,
      "p50": 25227.390054214095,
      "p75": 26580.978416992457,
      "p90": 27265.04629296219,
      "p95": 27724.269936799803,
      "p99": 28697.30711390183
    }
  },
  "details": {
    "DNSDialup": {
      "average": 0.0008910856799999999,
      "fastest": 0.000065701,
      "slowest": 0.001097211
    },
    "DNSLookup": {
      "average": 0.000007676079999999998,
      "fastest": 0.000003101,
      "slowest": 0.000104501
    }
  },
  "statusCodeDistribution": {
    "200": 229859
  },
  "errorDistribution": {}
}