{
  "summary": {
    "successRate": 1,
    "total": 10.000898878,
    "slowest": 0.011092129,
    "fastest": 0.00014853,
    "average": 0.0012809194780242614,
    "requestsPerSec": 38987.19552676593,
    "totalData": 5068791,
    "sizePerRequest": 13,
    "sizePerSec": 506833.5418479571
  },
  "responseTimeHistogram": {
    "0.00014853": 1,
    "0.0012428899": 154469,
    "0.0023372498": 233263,
    "0.0034316096999999998": 822,
    "0.0045259696": 50,
    "0.005620329499999999": 344,
    "0.0067146893999999995": 901,
    "0.0078090493": 7,
    "0.008903409199999998": 0,
    "0.009997769099999998": 0,
    "0.011092128999999997": 50
  },
  "latencyPercentiles": {
    "p10": 0.000948378,
    "p25": 0.001136548,
    "p50": 0.001287426,
    "p75": 0.001373179,
    "p90": 0.001465027,
    "p95": 0.001666399,
    "p99": 0.002179366
  },
  "rps": {
    "mean": 38996.78090289924,
    "stddev": 3939.541887494636,
    "max": 44845.29374668467,
    "percentiles": {
      "p10": 36404.86056035658,
      "p25": 37929.717934001725,
      "p50": 39903.95309466251,
      "p75": 41062.43543307854,
      "p90": 41959.2949477565,
      "p95": 42688.73543711424,
      "p99": 43694.949649119735
    }
  },
  "details": {
    "DNSDialup": {
      "average": 0.00076066144,
      "fastest": 0.000067627,
      "slowest": 0.001706582
    },
    "DNSLookup": {
      "average": 0.0000071689399999999995,
      "fastest": 0.000003256,
      "slowest": 0.000036538
    }
  },
  "statusCodeDistribution": {
    "200": 389907
  },
  "errorDistribution": {}
}