{
  "summary": {
    "successRate": 1,
    "total": 10.000378044,
    "slowest": 0.010593965,
    "fastest": 0.000395599,
    "average": 0.0011502790841652801,
    "requestsPerSec": 43401.05924899573,
    "totalData": 5642351,
    "sizePerRequest": 13,
    "sizePerSec": 564213.7702369444
  },
  "responseTimeHistogram": {
    "0.000395599": 1,
    "0.0014154356": 412328,
    "0.0024352722": 20693,
    "0.0034551088000000004": 205,
    "0.0044749454": 90,
    "0.005494782": 660,
    "0.006514618600000001": 0,
    "0.007534455200000001": 0,
    "0.0085542918": 0,
    "0.009574128400000001": 33,
    "0.010593965": 17
  },
  "latencyPercentiles": {
    "p10": 0.000846773,
    "p25": 0.001063872,
    "p50": 0.001170307,
    "p75": 0.001227207,
    "p90": 0.001294058,
    "p95": 0.001415336,
    "p99": 0.001916763
  },
  "rps": {
    "mean": 43366.2500894399,
    "stddev": 3606.610768535063,
    "max": 48442.51675773288,
    "percentiles": {
      "p10": 40704.69246902943,
      "p25": 42143.188339406166,
      "p50": 44102.83015879549,
      "p75": 45259.39390261838,
      "p90": 46182.82494682916,
      "p95": 46706.2964993383,
      "p99": 47478.5674092227
    }
  },
  "details": {
    "DNSDialup": {
      "average": 0.0011056092199999998,
      "fastest": 0.000121067,
      "slowest": 0.002337923
    },
    "DNSLookup": {
      "average": 0.00005476218,
      "fastest": 0.000003798,
      "slowest": 0.002234667
    }
  },
  "statusCodeDistribution": {
    "200": 434027
  },
  "errorDistribution": {}
}