{
  "summary": {
    "successRate": 1,
    "total": 10.0009111,
    "slowest": 0.010793673,
    "fastest": 0.000469995,
    "average": 0.0012521914654626493,
    "requestsPerSec": 39867.66765679979,
    "totalData": 5183269,
    "sizePerRequest": 13,
    "sizePerSec": 518279.6795383973
  },
  "responseTimeHistogram": {
    "0.000469995": 1,
    "0.0015023628": 374170,
    "0.0025347306": 23053,
    "0.0035670984": 118,
    "0.0045994662": 21,
    "0.005631834": 205,
    "0.0066642018": 1065,
    "0.0076965696000000005": 30,
    "0.008728937400000001": 0,
    "0.0097613052": 0,
    "0.010793673": 50
  },
  "latencyPercentiles": {
    "p10": 0.000925091,
    "p25": 0.001127981,
    "p50": 0.001270891,
    "p75": 0.001337893,
    "p90": 0.001411058,
    "p95": 0.001563301,
    "p99": 0.002002358
  },
  "rps": {
    "mean": 39877.02534941243,
    "stddev": 4146.294870713805,
    "max": 50314.100868903806,
    "percentiles": {
      "p10": 37356.049015943434,
      "p25": 38836.29251535576,
      "p50": 40622.9479032687,
      "p75": 41914.95525603396,
      "p90": 43118.08372431376,
      "p95": 43739.54817767304,
      "p99": 45405.766532349306
    }
  },
  "details": {
    "DNSDialup": {
      "average": 0.0007746400799999998,
      "fastest": 0.000088425,
      "slowest": 0.001692606
    },
    "DNSLookup": {
      "average": 0.000010194960000000002,
      "fastest": 0.000003297,
      "slowest": 0.000076272
    }
  },
  "statusCodeDistribution": {
    "200": 398713
  },
  "errorDistribution": {}
}