{
  "summary": {
    "successRate": 1,
    "total": 10.001567671,
    "slowest": 0.009533399,
    "fastest": 0.0004066,
    "average": 0.0014509119363531674,
    "requestsPerSec": 34426.80300992986,
    "totalData": 4476186,
    "sizePerRequest": 13,
    "sizePerSec": 447548.4391290882
  },
  "responseTimeHistogram": {
    "0.0004066": 1,
    "0.0013192799": 135644,
    "0.0022319597999999998": 196015,
    "0.0031446397": 10352,
    "0.0040573195999999995": 907,
    "0.0049699995": 321,
    "0.0058826794": 219,
    "0.0067953593": 357,
    "0.0077080392": 444,
    "0.0086207191": 13,
    "0.009533399": 49
  },
  "latencyPercentiles": {
    "p10": 0.0011492,
    "p25": 0.0012146,
    "p50": 0.0014651,
    "p75": 0.001523701,
    "p90": 0.001579001,
    "p95": 0.001801199,
    "p99": 0.003047701
  },
  "rps": {
    "mean": 34431.87207672196,
    "stddev": 4276.028409784716,
    "max": 39541.98434194755,
    "percentiles": {
      "p10": 30602.745066232583,
      "p25": 34047.07314185194,
      "p50": 36012.59360398335,
      "p75": 36617.56910966275,
      "p90": 37167.85834192718,
      "p95": 37396.228035620596,
      "p99": 37705.2134495209
    }
  },
  "details": {
    "DNSDialup": {
      "average": 0.001228794,
      "fastest": 0.0000628,
      "slowest": 0.0013934
    },
    "DNSLookup": {
      "average": 0.000004099999999999997,
      "fastest": 0.0000029,
      "slowest": 0.0000304
    }
  },
  "statusCodeDistribution": {
    "200": 344322
  },
  "errorDistribution": {}
}