{
  "summary": {
    "successRate": 1,
    "total": 10.000621644,
    "slowest": 0.010999656,
    "fastest": 0.000186275,
    "average": 0.0012827405550279863,
    "requestsPerSec": 38918.680643569,
    "totalData": 5059743,
    "sizePerRequest": 13,
    "sizePerSec": 505942.84836639697
  },
  "responseTimeHistogram": {
    "0.000186275": 1,
    "0.0012676131000000002": 151953,
    "0.0023489512000000002": 235516,
    "0.0034302893000000005": 374,
    "0.0045116274": 67,
    "0.0055929655": 253,
    "0.0066743036000000006": 897,
    "0.0077556417": 73,
    "0.0088369798": 27,
    "0.009918317900000001": 0,
    "0.010999656": 50
  },
  "latencyPercentiles": {
    "p10": 0.000940121,
    "p25": 0.001174168,
    "p50": 0.001301157,
    "p75": 0.001363893,
    "p90": 0.001428473,
    "p95": 0.001604726,
    "p99": 0.002117012
  },
  "rps": {
    "mean": 38936.55202923017,
    "stddev": 3923.5687756047278,
    "max": 47308.48714259491,
    "percentiles": {
      "p10": 36615.34933501,
      "p25": 38122.05742242546,
      "p50": 39936.66985025512,
      "p75": 40853.993126340865,
      "p90": 41519.55986465262,
      "p95": 42121.267027717025,
      "p99": 43326.61993703757
    }
  },
  "details": {
    "DNSDialup": {
      "average": 0.0007363239800000002,
      "fastest": 0.000078056,
      "slowest": 0.001302056
    },
    "DNSLookup": {
      "average": 0.000006651020000000002,
      "fastest": 0.000003586,
      "slowest": 0.000031048
    }
  },
  "statusCodeDistribution": {
    "200": 389211
  },
  "errorDistribution": {}
}