{
  "summary": {
    "successRate": 1,
    "total": 10.000564579,
    "slowest": 0.011098813,
    "fastest": 0.000226184,
    "average": 0.0013196065365666512,
    "requestsPerSec": 37824.66449887419,
    "totalData": 4917484,
    "sizePerRequest": 13,
    "sizePerSec": 491720.63848536444
  },
  "responseTimeHistogram": {
    "0.000226184": 1,
    "0.0013134468999999999": 162533,
    "0.0024007098": 214040,
    "0.0034879726999999996": 349,
    "0.0045752356": 45,
    "0.0056624985": 318,
    "0.006749761399999999": 856,
    "0.0078370243": 76,
    "0.0089242872": 0,
    "0.0100115501": 0,
    "0.011098813": 50
  },
  "latencyPercentiles": {
    "p10": 0.000975904,
    "p25": 0.001190006,
    "p50": 0.001337975,
    "p75": 0.001411305,
    "p90": 0.001484332,
    "p95": 0.001661725,
    "p99": 0.002124872
  },
  "rps": {
    "mean": 37831.236803712614,
    "stddev": 3824.1156711952935,
    "max": 44443.200932661464,
    "percentiles": {
      "p10": 35308.312181969006,
      "p25": 37113.51303009236,
      "p50": 38503.89034590185,
      "p75": 39708.87493354768,
      "p90": 40641.148151633286,
      "p95": 41417.75066514359,
      "p99": 42382.47775798751
    }
  },
  "details": {
    "DNSDialup": {
      "average": 0.0007979047800000002,
      "fastest": 0.000103987,
      "slowest": 0.001102179
    },
    "DNSLookup": {
      "average": 0.0000070231799999999985,
      "fastest": 0.000003827,
      "slowest": 0.000031659
    }
  },
  "statusCodeDistribution": {
    "200": 378268
  },
  "errorDistribution": {}
}