{
  "summary": {
    "successRate": 1,
    "total": 10.000655509,
    "slowest": 0.010968853,
    "fastest": 0.000253252,
    "average": 0.0012598832392072012,
    "requestsPerSec": 39623.302656849875,
    "totalData": 5151367,
    "sizePerRequest": 13,
    "sizePerSec": 515102.93453904835
  },
  "responseTimeHistogram": {
    "0.000253252": 1,
    "0.0013248121000000001": 272358,
    "0.0023963722": 122226,
    "0.0034679323": 282,
    "0.0045394924": 42,
    "0.005611052500000001": 686,
    "0.0066826126": 610,
    "0.0077541727": 4,
    "0.008825732800000001": 0,
    "0.009897292900000002": 0,
    "0.010968853000000002": 50
  },
  "latencyPercentiles": {
    "p10": 0.000932705,
    "p25": 0.001132292,
    "p50": 0.001273196,
    "p75": 0.001343382,
    "p90": 0.001420907,
    "p95": 0.001595231,
    "p99": 0.002074707
  },
  "rps": {
    "mean": 39640.67576032792,
    "stddev": 3957.0750138462836,
    "max": 47805.554322475014,
    "percentiles": {
      "p10": 37039.71923685681,
      "p25": 38614.453389903596,
      "p50": 40460.859354087814,
      "p75": 41616.55172691352,
      "p90": 42652.62539543383,
      "p95": 43527.80124830794,
      "p99": 44453.51758982545
    }
  },
  "details": {
    "DNSDialup": {
      "average": 0.0008085181599999999,
      "fastest": 0.000073156,
      "slowest": 0.001732692
    },
    "DNSLookup": {
      "average": 0.000007757740000000001,
      "fastest": 0.000003607,
      "slowest": 0.000030527
    }
  },
  "statusCodeDistribution": {
    "200": 396259
  },
  "errorDistribution": {}
}