{
  "summary": {
    "successRate": 1,
    "total": 10.000754691,
    "slowest": 0.007601872,
    "fastest": 0.000079858,
    "average": 0.00068620289654357,
    "requestsPerSec": 72725.6114635559,
    "totalData": 9455043,
    "sizePerRequest": 13,
    "sizePerSec": 945432.9490262268
  },
  "responseTimeHistogram": {
    "0.000079858": 1,
    "0.0008320594": 683513,
    "0.0015842608": 41009,
    "0.0023364621999999997": 396,
    "0.0030886636": 42,
    "0.003840865": 0,
    "0.0045930664": 395,
    "0.0053452678": 1855,
    "0.0060974692": 3,
    "0.006849670600000001": 47,
    "0.007601872000000001": 50
  },
  "latencyPercentiles": {
    "p10": 0.000475047,
    "p25": 0.000620234,
    "p50": 0.000686494,
    "p75": 0.000718928,
    "p90": 0.000758976,
    "p95": 0.000926743,
    "p99": 0.001310699
  },
  "rps": {
    "mean": 72767.00960842342,
    "stddev": 8078.534629805404,
    "max": 88245.33738486745,
    "percentiles": {
      "p10": 69611.20740439194,
      "p25": 72210.33329869215,
      "p50": 74061.38810036106,
      "p75": 77150.86852339705,
      "p90": 78479.27635283154,
      "p95": 79187.06138028864,
      "p99": 80363.5643587655
    }
  },
  "details": {
    "DNSDialup": {
      "average": 0.0024686875999999996,
      "fastest": 0.002002851,
      "slowest": 0.002650958
    },
    "DNSLookup": {
      "average": 0.0000037816599999999995,
      "fastest": 0.000001344,
      "slowest": 0.000031389
    }
  },
  "statusCodeDistribution": {
    "200": 727311
  },
  "errorDistribution": {}
}