{
  "summary": {
    "successRate": 1,
    "total": 10.000700377,
    "slowest": 0.011747429,
    "fastest": 0.000215085,
    "average": 0.0012456298564248478,
    "requestsPerSec": 40087.69235022949,
    "totalData": 5211765,
    "sizePerRequest": 13,
    "sizePerSec": 521140.0005529833
  },
  "responseTimeHistogram": {
    "0.000215085": 1,
    "0.0013683194000000001": 330433,
    "0.0025215538": 68791,
    "0.0036747882": 254,
    "0.004828022600000001": 47,
    "0.005981257": 1213,
    "0.007134491400000001": 68,
    "0.008287725800000001": 48,
    "0.009440960200000001": 0,
    "0.0105941946": 0,
    "0.011747429": 50
  },
  "latencyPercentiles": {
    "p10": 0.000925104,
    "p25": 0.00110644,
    "p50": 0.001250275,
    "p75": 0.001336344,
    "p90": 0.001425112,
    "p95": 0.001612692,
    "p99": 0.002081949
  },
  "rps": {
    "mean": 40100.404784315884,
    "stddev": 4067.3983906215276,
    "max": 47554.80215400348,
    "percentiles": {
      "p10": 37476.26795291126,
      "p25": 39107.559491250744,
      "p50": 40885.59442777118,
      "p75": 42209.902443112354,
      "p90": 43322.962424172576,
      "p95": 44010.65938170173,
      "p99": 44972.5542217265
    }
  },
  "details": {
    "DNSDialup": {
      "average": 0.0005964296200000001,
      "fastest": 0.000070252,
      "slowest": 0.001114637
    },
    "DNSLookup": {
      "average": 0.0000068765799999999964,
      "fastest": 0.000002615,
      "slowest": 0.000039655
    }
  },
  "statusCodeDistribution": {
    "200": 400905
  },
  "errorDistribution": {}
}