{
  "summary": {
    "successRate": 1,
    "total": 10.000788453,
    "slowest": 0.010752891,
    "fastest": 0.000205595,
    "average": 0.0012700555717229506,
    "requestsPerSec": 39305.800922334536,
    "totalData": 5110157,
    "sizePerRequest": 13,
    "sizePerSec": 510975.411990349
  },
  "responseTimeHistogram": {
    "0.000205595": 1,
    "0.0012603246000000002": 160185,
    "0.0023150542": 231117,
    "0.0033697838": 342,
    "0.004424513400000001": 69,
    "0.005479243000000001": 183,
    "0.006533972600000001": 1092,
    "0.007588702200000001": 49,
    "0.0086434318": 1,
    "0.0096981614": 0,
    "0.010752891": 50
  },
  "latencyPercentiles": {
    "p10": 0.000928981,
    "p25": 0.001163036,
    "p50": 0.001287098,
    "p75": 0.001350181,
    "p90": 0.001415834,
    "p95": 0.001585242,
    "p99": 0.002089049
  },
  "rps": {
    "mean": 39308.25253536541,
    "stddev": 3919.566827581098,
    "max": 47925.99985492393,
    "percentiles": {
      "p10": 36747.474061739515,
      "p25": 38426.35265070582,
      "p50": 40279.7484903805,
      "p75": 41228.134078695104,
      "p90": 42105.1157715641,
      "p95": 42560.23502885834,
      "p99": 43606.2881470417
    }
  },
  "details": {
    "DNSDialup": {
      "average": 0.00067777926,
      "fastest": 0.000074981,
      "slowest": 0.001167095
    },
    "DNSLookup": {
      "average": 0.000007680919999999998,
      "fastest": 0.000003436,
      "slowest": 0.00003203
    }
  },
  "statusCodeDistribution": {
    "200": 393089
  },
  "errorDistribution": {}
}