{
  "summary": {
    "successRate": 1,
    "total": 10.000573177,
    "slowest": 0.018108208,
    "fastest": 0.000439598,
    "average": 0.0026494823583606843,
    "requestsPerSec": 18843.619927046107,
    "totalData": 2449811,
    "sizePerRequest": 13,
    "sizePerSec": 244967.0590515994
  },
  "responseTimeHistogram": {
    "0.000439598": 1,
    "0.002206459": 44451,
    "0.003973320000000001": 133853,
    "0.005740181000000001": 7566,
    "0.007507042000000001": 1036,
    "0.009273903": 365,
    "0.011040764000000002": 711,
    "0.012807625000000001": 296,
    "0.014574486000000001": 120,
    "0.016341347000000003": 47,
    "0.018108208": 1
  },
  "latencyPercentiles": {
    "p10": 0.00181009,
    "p25": 0.002221589,
    "p50": 0.002443287,
    "p75": 0.002931385,
    "p90": 0.003405382,
    "p95": 0.004048879,
    "p99": 0.006550667
  },
  "rps": {
    "mean": 18881.169592249662,
    "stddev": 4066.2475431758676,
    "max": 45582.28742437283,
    "percentiles": {
      "p10": 14608.108961284384,
      "p25": 17207.140963499613,
      "p50": 19281.66169360414,
      "p75": 21831.109330797808,
      "p90": 22819.641128018447,
      "p95": 23301.16759111507,
      "p99": 24509.180773007236
    }
  },
  "details": {
    "DNSDialup": {
      "average": 0.0028019298400000004,
      "fastest": 0.0001178,
      "slowest": 0.005402672
    },
    "DNSLookup": {
      "average": 0.00001024398,
      "fastest": 0.0000069,
      "slowest": 0.0000743
    }
  },
  "statusCodeDistribution": {
    "200": 188447
  },
  "errorDistribution": {}
}