{
  "summary": {
    "successRate": 1,
    "total": 10.000487155,
    "slowest": 0.01120662,
    "fastest": 0.000412925,
    "average": 0.0012360854394091864,
    "requestsPerSec": 40384.53264729982,
    "totalData": 5250245,
    "sizePerRequest": 13,
    "sizePerSec": 524998.9244148977
  },
  "responseTimeHistogram": {
    "0.000412925": 1,
    "0.0014922945": 381967,
    "0.0025716640000000004": 20358,
    "0.0036510335000000007": 188,
    "0.004730403": 2,
    "0.0058097725": 1205,
    "0.006889142000000001": 94,
    "0.0079685115": 0,
    "0.009047881": 0,
    "0.0101272505": 0,
    "0.01120662": 50
  },
  "latencyPercentiles": {
    "p10": 0.000916132,
    "p25": 0.001131573,
    "p50": 0.001251931,
    "p75": 0.001315189,
    "p90": 0.001386663,
    "p95": 0.001522531,
    "p99": 0.001982643
  },
  "rps": {
    "mean": 40395.3008701903,
    "stddev": 3872.405864861879,
    "max": 47960.838323413,
    "percentiles": {
      "p10": 37902.971592973816,
      "p25": 39569.316683210025,
      "p50": 41209.19377113061,
      "p75": 42323.11688644738,
      "p90": 43258.24330401438,
      "p95": 43762.44240022911,
      "p99": 44906.28688015788
    }
  },
  "details": {
    "DNSDialup": {
      "average": 0.0009702699599999998,
      "fastest": 0.000113592,
      "slowest": 0.001442461
    },
    "DNSLookup": {
      "average": 0.000012326840000000001,
      "fastest": 0.000004939,
      "slowest": 0.000141765
    }
  },
  "statusCodeDistribution": {
    "200": 403865
  },
  "errorDistribution": {}
}