{
  "summary": {
    "successRate": 1,
    "total": 10.000333448,
    "slowest": 0.011387797,
    "fastest": 0.000364421,
    "average": 0.0011947792894544357,
    "requestsPerSec": 41788.60656727174,
    "totalData": 5432700,
    "sizePerRequest": 13,
    "sizePerSec": 543251.8853745325
  },
  "responseTimeHistogram": {
    "0.000364421": 1,
    "0.0014667585999999999": 392838,
    "0.0025690962": 23296,
    "0.0036714338": 256,
    "0.0047737714": 150,
    "0.005876108999999999": 1176,
    "0.0069784465999999995": 91,
    "0.0080807842": 42,
    "0.0091831218": 0,
    "0.010285459399999999": 24,
    "0.011387796999999998": 26
  },
  "latencyPercentiles": {
    "p10": 0.000875999,
    "p25": 0.001075229,
    "p50": 0.001204478,
    "p75": 0.001273719,
    "p90": 0.001357797,
    "p95": 0.00152539,
    "p99": 0.002002691
  },
  "rps": {
    "mean": 41799.14035788198,
    "stddev": 4196.544420360816,
    "max": 49179.744221079294,
    "percentiles": {
      "p10": 38949.2636022756,
      "p25": 40713.810124391406,
      "p50": 42776.437586505526,
      "p75": 43976.8275176722,
      "p90": 45016.32071301239,
      "p95": 45697.680192807056,
      "p99": 46862.29259707687
    }
  },
  "details": {
    "DNSDialup": {
      "average": 0.0013862885399999999,
      "fastest": 0.000103393,
      "slowest": 0.002913276
    },
    "DNSLookup": {
      "average": 0.00000959234,
      "fastest": 0.000004569,
      "slowest": 0.000051416
    }
  },
  "statusCodeDistribution": {
    "200": 417900
  },
  "errorDistribution": {}
}