{
  "summary": {
    "successRate": 1,
    "total": 10.000578939,
    "slowest": 0.011233611,
    "fastest": 0.000390601,
    "average": 0.0016955210458119564,
    "requestsPerSec": 29464.394191309126,
    "totalData": 3830593,
    "sizePerRequest": 13,
    "sizePerSec": 383037.1244870186
  },
  "responseTimeHistogram": {
    "0.000390601": 1,
    "0.0014749019999999997": 44917,
    "0.0025592029999999995": 233919,
    "0.0036435039999999992": 13213,
    "0.004727804999999999": 976,
    "0.005812105999999998": 106,
    "0.0068964069999999985": 98,
    "0.007980708": 457,
    "0.009065008999999999": 700,
    "0.010149309999999998": 216,
    "0.011233610999999998": 58
  },
  "latencyPercentiles": {
    "p10": 0.001341201,
    "p25": 0.001540602,
    "p50": 0.001611602,
    "p75": 0.001721501,
    "p90": 0.001946002,
    "p95": 0.002592103,
    "p99": 0.003432004
  },
  "rps": {
    "mean": 29478.23283355828,
    "stddev": 4982.805382716785,
    "max": 35642.714146457874,
    "percentiles": {
      "p10": 26031.413408130727,
      "p25": 28718.34815263452,
      "p50": 31208.70410757576,
      "p75": 32154.30862727051,
      "p90": 32704.688344495553,
      "p95": 33105.13194261814,
      "p99": 34431.83951349791
    }
  },
  "details": {
    "DNSDialup": {
      "average": 0.0016106056400000005,
      "fastest": 0.0000773,
      "slowest": 0.003055703
    },
    "DNSLookup": {
      "average": 0.000004726000000000002,
      "fastest": 0.0000031,
      "slowest": 0.0000363
    }
  },
  "statusCodeDistribution": {
    "200": 294661
  },
  "errorDistribution": {}
}