{
  "summary": {
    "successRate": 1,
    "total": 10.000646473,
    "slowest": 0.010571836,
    "fastest": 0.000334929,
    "average": 0.0012595715573650774,
    "requestsPerSec": 39633.03783111342,
    "totalData": 5152628,
    "sizePerRequest": 13,
    "sizePerSec": 515229.4918044745
  },
  "responseTimeHistogram": {
    "0.000334929": 1,
    "0.0013586197": 310649,
    "0.0023823104": 84032,
    "0.0034060011": 252,
    "0.004429691800000001": 60,
    "0.0054533825": 279,
    "0.006477073200000001": 987,
    "0.007500763900000001": 46,
    "0.0085244546": 0,
    "0.0095481453": 0,
    "0.010571836": 50
  },
  "latencyPercentiles": {
    "p10": 0.000933612,
    "p25": 0.001131347,
    "p50": 0.001273442,
    "p75": 0.001346858,
    "p90": 0.001423712,
    "p95": 0.001583512,
    "p99": 0.002054076
  },
  "rps": {
    "mean": 39637.28129172639,
    "stddev": 4023.5180799134455,
    "max": 49147.872432482625,
    "percentiles": {
      "p10": 36925.54139698629,
      "p25": 38645.516689555065,
      "p50": 40447.22618128908,
      "p75": 41712.258336684084,
      "p90": 42838.0241136944,
      "p95": 43480.501410700745,
      "p99": 44850.45086000249
    }
  },
  "details": {
    "DNSDialup": {
      "average": 0.0009337878600000001,
      "fastest": 0.000125616,
      "slowest": 0.001325827
    },
    "DNSLookup": {
      "average": 0.00001763846,
      "fastest": 0.000003446,
      "slowest": 0.00049061
    }
  },
  "statusCodeDistribution": {
    "200": 396356
  },
  "errorDistribution": {}
}