{
  "summary": {
    "successRate": 1,
    "total": 10.001021225,
    "slowest": 0.009228218,
    "fastest": 0.00032697,
    "average": 0.0010089215910120814,
    "requestsPerSec": 49479.04707601498,
    "totalData": 6432933,
    "sizePerRequest": 13,
    "sizePerSec": 643227.6119881948
  },
  "responseTimeHistogram": {
    "0.00032697": 1,
    "0.0012170948": 469211,
    "0.0021072196": 23756,
    "0.0029973444": 162,
    "0.0038874692000000002": 61,
    "0.0047775940000000005": 0,
    "0.0056677188": 307,
    "0.0065578436": 1252,
    "0.0074479684": 41,
    "0.008338093199999999": 0,
    "0.009228218": 50
  },
  "latencyPercentiles": {
    "p10": 0.000677988,
    "p25": 0.000951895,
    "p50": 0.001026353,
    "p75": 0.001065176,
    "p90": 0.001112027,
    "p95": 0.001235395,
    "p99": 0.001851091
  },
  "rps": {
    "mean": 49484.357007531995,
    "stddev": 5430.063144070781,
    "max": 56010.99123714136,
    "percentiles": {
      "p10": 46505.37602146779,
      "p25": 48003.51688923743,
      "p50": 51193.22798748792,
      "p75": 52448.04352731974,
      "p90": 53202.472270884624,
      "p95": 53859.00843260499,
      "p99": 54844.00147912167
    }
  },
  "details": {
    "DNSDialup": {
      "average": 0.00044432489999999994,
      "fastest": 0.000065931,
      "slowest": 0.000872239
    },
    "DNSLookup": {
      "average": 0.00000520166,
      "fastest": 0.000003046,
      "slowest": 0.000029745
    }
  },
  "statusCodeDistribution": {
    "200": 494841
  },
  "errorDistribution": {}
}