{
  "summary": {
    "successRate": 1,
    "total": 10.001030068,
    "slowest": 0.010487147,
    "fastest": 0.000430687,
    "average": 0.001187174472845402,
    "requestsPerSec": 42052.96825830921,
    "totalData": 5467449,
    "sizePerRequest": 13,
    "sizePerSec": 546688.5873580197
  },
  "responseTimeHistogram": {
    "0.000430687": 1,
    "0.0014363330000000001": 395400,
    "0.002441979": 23529,
    "0.003447625": 179,
    "0.004453271": 29,
    "0.005458917": 1119,
    "0.006464563": 266,
    "0.007470209": 0,
    "0.008475855000000001": 0,
    "0.009481501000000002": 0,
    "0.010487147": 50
  },
  "latencyPercentiles": {
    "p10": 0.000870084,
    "p25": 0.001076729,
    "p50": 0.001201514,
    "p75": 0.001264983,
    "p90": 0.001337733,
    "p95": 0.001501463,
    "p99": 0.001954282
  },
  "rps": {
    "mean": 42044.012911891936,
    "stddev": 4190.732748910515,
    "max": 48768.53230168462,
    "percentiles": {
      "p10": 39421.311160813006,
      "p25": 41116.16687681574,
      "p50": 43044.85368706058,
      "p75": 44124.10787823097,
      "p90": 45080.39868324097,
      "p95": 45758.292699122045,
      "p99": 47000.36443359633
    }
  },
  "details": {
    "DNSDialup": {
      "average": 0.0009659306400000004,
      "fastest": 0.000091361,
      "slowest": 0.002010639
    },
    "DNSLookup": {
      "average": 0.000010104020000000003,
      "fastest": 0.000004789,
      "slowest": 0.000033503
    }
  },
  "statusCodeDistribution": {
    "200": 420573
  },
  "errorDistribution": {}
}