{
  "summary": {
    "successRate": 1,
    "total": 10.000383878,
    "slowest": 0.010996752,
    "fastest": 0.00045329,
    "average": 0.0012370664631609879,
    "requestsPerSec": 40357.85075089695,
    "totalData": 5246722,
    "sizePerRequest": 13,
    "sizePerSec": 524652.0597616603
  },
  "responseTimeHistogram": {
    "0.00045329": 1,
    "0.0015076362": 382430,
    "0.0025619823999999997": 19524,
    "0.0036163285999999996": 287,
    "0.0046706748": 0,
    "0.005725021": 1200,
    "0.0067793672": 102,
    "0.0078337134": 0,
    "0.0088880596": 0,
    "0.0099424058": 0,
    "0.010996752": 50
  },
  "latencyPercentiles": {
    "p10": 0.000912813,
    "p25": 0.001134697,
    "p50": 0.001254899,
    "p75": 0.001317652,
    "p90": 0.001385785,
    "p95": 0.001528346,
    "p99": 0.001987178
  },
  "rps": {
    "mean": 40374.67779912115,
    "stddev": 3870.9521361800676,
    "max": 47447.27646626871,
    "percentiles": {
      "p10": 37807.512352708996,
      "p25": 39573.51968487026,
      "p50": 41023.46131752752,
      "p75": 42374.12930180033,
      "p90": 43326.35108673123,
      "p95": 43879.946925767166,
      "p99": 45029.33440009868
    }
  },
  "details": {
    "DNSDialup": {
      "average": 0.0008867996200000001,
      "fastest": 0.000097071,
      "slowest": 0.001853054
    },
    "DNSLookup": {
      "average": 0.000012664939999999996,
      "fastest": 0.000003938,
      "slowest": 0.000193531
    }
  },
  "statusCodeDistribution": {
    "200": 403594
  },
  "errorDistribution": {}
}