{
  "summary": {
    "successRate": 1,
    "total": 10.000821767,
    "slowest": 0.017620646,
    "fastest": 0.000314003,
    "average": 0.002772122869867175,
    "requestsPerSec": 18010.119987772803,
    "totalData": 2341508,
    "sizePerRequest": 13,
    "sizePerSec": 234131.55984104643
  },
  "responseTimeHistogram": {
    "0.000314003": 1,
    "0.0020446672999999997": 13904,
    "0.0037753316": 152738,
    "0.0055059958999999995": 10798,
    "0.0072366602": 1206,
    "0.0089673245": 452,
    "0.010697988799999999": 164,
    "0.0124286531": 642,
    "0.0141593174": 109,
    "0.0158899817": 13,
    "0.017620646": 89
  },
  "latencyPercentiles": {
    "p10": 0.002165318,
    "p25": 0.00243452,
    "p50": 0.002616221,
    "p75": 0.002885124,
    "p90": 0.003444529,
    "p95": 0.004105534,
    "p99": 0.006332953
  },
  "rps": {
    "mean": 18128.477661721037,
    "stddev": 4562.45293096194,
    "max": 110192.83746559777,
    "percentiles": {
      "p10": 14200.988014476257,
      "p25": 16982.765121686032,
      "p50": 19205.410164043493,
      "p75": 20065.85211346504,
      "p90": 20754.290167294785,
      "p95": 21489.86995425804,
      "p99": 23189.650931587006
    }
  },
  "details": {
    "DNSDialup": {
      "average": 0.0024296100599999998,
      "fastest": 0.000086501,
      "slowest": 0.004227034
    },
    "DNSLookup": {
      "average": 0.00000862404,
      "fastest": 0.000006101,
      "slowest": 0.0000451
    }
  },
  "statusCodeDistribution": {
    "200": 180116
  },
  "errorDistribution": {}
}