{
  "summary": {
    "successRate": 1,
    "total": 10.000602292,
    "slowest": 0.010912891,
    "fastest": 0.000439409,
    "average": 0.0012332628477585343,
    "requestsPerSec": 40479.96192427727,
    "totalData": 5262712,
    "sizePerRequest": 13,
    "sizePerSec": 526239.5050156045
  },
  "responseTimeHistogram": {
    "0.000439409": 1,
    "0.0014867571999999999": 379210,
    "0.0025341053999999997": 24098,
    "0.0035814535999999994": 141,
    "0.0046288017999999995": 24,
    "0.00567615": 1198,
    "0.006723498199999999": 102,
    "0.007770846399999999": 0,
    "0.008818194599999999": 0,
    "0.009865542799999998": 0,
    "0.010912891": 50
  },
  "latencyPercentiles": {
    "p10": 0.000915762,
    "p25": 0.001094957,
    "p50": 0.001248024,
    "p75": 0.00132613,
    "p90": 0.001407302,
    "p95": 0.001567563,
    "p99": 0.001988165
  },
  "rps": {
    "mean": 40487.702669007966,
    "stddev": 3977.9876789444997,
    "max": 47202.70888276679,
    "percentiles": {
      "p10": 37615.944932744096,
      "p25": 39341.24199897356,
      "p50": 41115.12625494907,
      "p75": 42703.98428173349,
      "p90": 43784.123937050004,
      "p95": 44460.27930690163,
      "p99": 45865.13693110173
    }
  },
  "details": {
    "DNSDialup": {
      "average": 0.0008629336199999999,
      "fastest": 0.000152886,
      "slowest": 0.001331336
    },
    "DNSLookup": {
      "average": 0.000008723160000000004,
      "fastest": 0.000004368,
      "slowest": 0.000074489
    }
  },
  "statusCodeDistribution": {
    "200": 404824
  },
  "errorDistribution": {}
}