{
  "summary": {
    "successRate": 1,
    "total": 10.001409147,
    "slowest": 0.010901895,
    "fastest": 0.000402024,
    "average": 0.0012199560208080661,
    "requestsPerSec": 40911.03503377153,
    "totalData": 5319184,
    "sizePerRequest": 13,
    "sizePerSec": 531843.4554390298
  },
  "responseTimeHistogram": {
    "0.000402024": 1,
    "0.0014520110999999998": 385285,
    "0.0025019981999999997": 22444,
    "0.0035519852999999994": 69,
    "0.0046019723999999994": 19,
    "0.0056519594999999995": 1084,
    "0.006701946599999999": 171,
    "0.007751933699999999": 45,
    "0.0088019208": 0,
    "0.0098519079": 0,
    "0.010901895": 50
  },
  "latencyPercentiles": {
    "p10": 0.000900418,
    "p25": 0.001117373,
    "p50": 0.001237478,
    "p75": 0.001301731,
    "p90": 0.001370759,
    "p95": 0.001511995,
    "p99": 0.001931642
  },
  "rps": {
    "mean": 40934.63150328907,
    "stddev": 3958.382828599368,
    "max": 46777.505730241355,
    "percentiles": {
      "p10": 38716.787599103554,
      "p25": 40201.636206594165,
      "p50": 41625.75801906478,
      "p75": 42933.92803421117,
      "p90": 43771.222410867,
      "p95": 44517.53545721338,
      "p99": 45594.28898963354
    }
  },
  "details": {
    "DNSDialup": {
      "average": 0.00108845874,
      "fastest": 0.000161343,
      "slowest": 0.001715461
    },
    "DNSLookup": {
      "average": 0.000010405560000000001,
      "fastest": 0.000004729,
      "slowest": 0.000061706
    }
  },
  "statusCodeDistribution": {
    "200": 409168
  },
  "errorDistribution": {}
}