{
  "summary": {
    "successRate": 1,
    "total": 10.000805929,
    "slowest": 0.011044691,
    "fastest": 0.000438343,
    "average": 0.001241347897623445,
    "requestsPerSec": 40214.958959834046,
    "totalData": 5228366,
    "sizePerRequest": 13,
    "sizePerSec": 522794.4664778426
  },
  "responseTimeHistogram": {
    "0.000438343": 1,
    "0.0014989778000000001": 380243,
    "0.0025596126": 20238,
    "0.0036202474": 347,
    "0.0046808822": 3,
    "0.005741517": 951,
    "0.0068021518000000005": 345,
    "0.007862786600000001": 4,
    "0.008923421400000001": 0,
    "0.0099840562": 0,
    "0.011044691": 50
  },
  "latencyPercentiles": {
    "p10": 0.000912317,
    "p25": 0.001142359,
    "p50": 0.001255459,
    "p75": 0.001318903,
    "p90": 0.00139028,
    "p95": 0.001535147,
    "p99": 0.002051399
  },
  "rps": {
    "mean": 40225.16825565075,
    "stddev": 3931.2615783131373,
    "max": 47699.79778363236,
    "percentiles": {
      "p10": 37824.26025980095,
      "p25": 39241.603948505835,
      "p50": 41045.474280957074,
      "p75": 42149.5465913077,
      "p90": 43111.98225012094,
      "p95": 43851.06315535458,
      "p99": 44685.237089745584
    }
  },
  "details": {
    "DNSDialup": {
      "average": 0.0010837961,
      "fastest": 0.000155216,
      "slowest": 0.002405358
    },
    "DNSLookup": {
      "average": 0.00001138976,
      "fastest": 0.000004538,
      "slowest": 0.000060572
    }
  },
  "statusCodeDistribution": {
    "200": 402182
  },
  "errorDistribution": {}
}