{
  "summary": {
    "successRate": 1,
    "total": 10.000691271,
    "slowest": 0.012987027,
    "fastest": 0.000233103,
    "average": 0.001675052559917466,
    "requestsPerSec": 29811.439221659777,
    "totalData": 3875755,
    "sizePerRequest": 13,
    "sizePerSec": 387548.7098815771
  },
  "responseTimeHistogram": {
    "0.000233103": 1,
    "0.0015084953999999998": 73881,
    "0.0027838878": 212556,
    "0.004059280199999999": 9882,
    "0.0053346726": 786,
    "0.006610065": 271,
    "0.007885457399999999": 108,
    "0.009160849799999999": 11,
    "0.0104362422": 245,
    "0.0117116346": 365,
    "0.012987027": 29
  },
  "latencyPercentiles": {
    "p10": 0.001287913,
    "p25": 0.001515914,
    "p50": 0.001630916,
    "p75": 0.001679516,
    "p90": 0.001743717,
    "p95": 0.002400623,
    "p99": 0.003696736
  },
  "rps": {
    "mean": 29832.576341389435,
    "stddev": 4904.339840114346,
    "max": 33912.93352295818,
    "percentiles": {
      "p10": 25306.54053565548,
      "p25": 29167.36712540781,
      "p50": 31803.82281950351,
      "p75": 32171.930094106723,
      "p90": 32821.775350907126,
      "p95": 33118.730133263445,
      "p99": 33549.914417313244
    }
  },
  "details": {
    "DNSDialup": {
      "average": 0.0007485059600000002,
      "fastest": 0.000059601,
      "slowest": 0.00093901
    },
    "DNSLookup": {
      "average": 0.000005770100000000002,
      "fastest": 0.0000035,
      "slowest": 0.000078401
    }
  },
  "statusCodeDistribution": {
    "200": 298135
  },
  "errorDistribution": {}
}