{
  "summary": {
    "successRate": 1,
    "total": 10.000765338,
    "slowest": 0.010789007,
    "fastest": 0.000216695,
    "average": 0.001255464122881362,
    "requestsPerSec": 39762.95678981764,
    "totalData": 5169580,
    "sizePerRequest": 13,
    "sizePerSec": 516918.43826762924
  },
  "responseTimeHistogram": {
    "0.000216695": 1,
    "0.0012739262000000002": 200644,
    "0.0023311574": 195308,
    "0.0033883886": 276,
    "0.004445619800000001": 52,
    "0.0055028510000000004": 195,
    "0.006560082200000001": 1051,
    "0.0076173134000000016": 49,
    "0.0086745446": 34,
    "0.0097317758": 0,
    "0.010789007": 50
  },
  "latencyPercentiles": {
    "p10": 0.000922794,
    "p25": 0.001123072,
    "p50": 0.001272553,
    "p75": 0.001344335,
    "p90": 0.001417344,
    "p95": 0.001574141,
    "p99": 0.002062695
  },
  "rps": {
    "mean": 39772.04125467125,
    "stddev": 4042.783544450036,
    "max": 46832.445518255605,
    "percentiles": {
      "p10": 37242.15066612589,
      "p25": 38729.302066574404,
      "p50": 40620.38054982507,
      "p75": 41746.54322103658,
      "p90": 42807.33940355503,
      "p95": 43463.8266294053,
      "p99": 44757.20508309508
    }
  },
  "details": {
    "DNSDialup": {
      "average": 0.0008130954200000001,
      "fastest": 0.000116379,
      "slowest": 0.001140554
    },
    "DNSLookup": {
      "average": 0.00000645688,
      "fastest": 0.000003257,
      "slowest": 0.000027372
    }
  },
  "statusCodeDistribution": {
    "200": 397660
  },
  "errorDistribution": {}
}