{
  "summary": {
    "successRate": 1,
    "total": 10.000773617,
    "slowest": 0.01166281,
    "fastest": 0.000150925,
    "average": 0.0012497771899929284,
    "requestsPerSec": 39952.60919823299,
    "totalData": 5194241,
    "sizePerRequest": 13,
    "sizePerSec": 519383.91957702884
  },
  "responseTimeHistogram": {
    "0.000150925": 1,
    "0.0013021134999999999": 254480,
    "0.002453302": 143365,
    "0.0036044905000000003": 311,
    "0.004755679": 33,
    "0.005906867499999999": 1170,
    "0.007058056": 147,
    "0.008209244499999999": 0,
    "0.009360433": 0,
    "0.0105116215": 0,
    "0.01166281": 50
  },
  "latencyPercentiles": {
    "p10": 0.000933828,
    "p25": 0.001110176,
    "p50": 0.001255457,
    "p75": 0.001341139,
    "p90": 0.001433474,
    "p95": 0.001626162,
    "p99": 0.002039146
  },
  "rps": {
    "mean": 39966.04793482164,
    "stddev": 3955.869945464484,
    "max": 45415.31388091668,
    "percentiles": {
      "p10": 37426.434290540106,
      "p25": 39010.88793882456,
      "p50": 40809.24737545558,
      "p75": 42007.55295802274,
      "p90": 43148.74513738127,
      "p95": 43566.22938190799,
      "p99": 44313.790451589106
    }
  },
  "details": {
    "DNSDialup": {
      "average": 0.00053252502,
      "fastest": 0.000086312,
      "slowest": 0.000891638
    },
    "DNSLookup": {
      "average": 0.000006144520000000002,
      "fastest": 0.000003306,
      "slowest": 0.0000318
    }
  },
  "statusCodeDistribution": {
    "200": 399557
  },
  "errorDistribution": {}
}