{
  "summary": {
    "successRate": 1,
    "total": 10.001963384,
    "slowest": 0.015550597,
    "fastest": 0.000419405,
    "average": 0.0023424994621571936,
    "requestsPerSec": 21306.31675185905,
    "totalData": 2770365,
    "sizePerRequest": 13,
    "sizePerSec": 276982.1177741676
  },
  "responseTimeHistogram": {
    "0.000419405": 1,
    "0.0019325241999999998": 49483,
    "0.0034456433999999997": 149052,
    "0.0049587626000000004": 10872,
    "0.0064718818": 2033,
    "0.007985000999999999": 678,
    "0.0094981202": 622,
    "0.0110112394": 206,
    "0.012524358599999999": 107,
    "0.014037477799999998": 11,
    "0.015550596999999998": 40
  },
  "latencyPercentiles": {
    "p10": 0.001707722,
    "p25": 0.001970825,
    "p50": 0.00221183,
    "p75": 0.00236383,
    "p90": 0.002939637,
    "p95": 0.003950051,
    "p99": 0.005891274
  },
  "rps": {
    "mean": 21291.896065908622,
    "stddev": 3932.9547874527916,
    "max": 27610.779370077664,
    "percentiles": {
      "p10": 16808.079332474437,
      "p25": 19600.73110727028,
      "p50": 22802.218655874978,
      "p75": 23842.13620731837,
      "p90": 24519.06111811201,
      "p95": 24963.124555964314,
      "p99": 25522.25709560745
    }
  },
  "details": {
    "DNSDialup": {
      "average": 0.0021316370800000006,
      "fastest": 0.000078901,
      "slowest": 0.004446756
    },
    "DNSLookup": {
      "average": 0.000007924060000000002,
      "fastest": 0.0000054,
      "slowest": 0.0000366
    }
  },
  "statusCodeDistribution": {
    "200": 213105
  },
  "errorDistribution": {}
}