{
  "summary": {
    "successRate": 1,
    "total": 10.000249133,
    "slowest": 0.013141661,
    "fastest": 0.000196503,
    "average": 0.0019419239383313433,
    "requestsPerSec": 25719.0592533611,
    "totalData": 3343561,
    "sizePerRequest": 13,
    "sizePerSec": 334347.77029369434
  },
  "responseTimeHistogram": {
    "0.000196503": 1,
    "0.0014910188": 22001,
    "0.0027855346000000003": 218028,
    "0.0040800504": 14019,
    "0.0053745662": 1477,
    "0.006669082": 221,
    "0.007963597800000001": 109,
    "0.009258113600000001": 388,
    "0.010552629400000001": 760,
    "0.0118471452": 146,
    "0.013141661": 47
  },
  "latencyPercentiles": {
    "p10": 0.001539119,
    "p25": 0.001736121,
    "p50": 0.001816623,
    "p75": 0.001931724,
    "p90": 0.002192327,
    "p95": 0.003250641,
    "p99": 0.004382953
  },
  "rps": {
    "mean": 25714.428564821195,
    "stddev": 4749.6190951472145,
    "max": 32007.943925061714,
    "percentiles": {
      "p10": 21894.629216025147,
      "p25": 24069.05043414652,
      "p50": 27586.29728367896,
      "p75": 28337.48390011108,
      "p90": 28930.892406912037,
      "p95": 29266.06814884932,
      "p99": 30054.045171471847
    }
  },
  "details": {
    "DNSDialup": {
      "average": 0.0017166190000000006,
      "fastest": 0.000085301,
      "slowest": 0.002200827
    },
    "DNSLookup": {
      "average": 0.000004998039999999999,
      "fastest": 0.0000035,
      "slowest": 0.000033501
    }
  },
  "statusCodeDistribution": {
    "200": 257197
  },
  "errorDistribution": {}
}