{
  "summary": {
    "successRate": 1,
    "total": 10.000180925,
    "slowest": 0.008677815,
    "fastest": 0.000991142,
    "average": 0.0017101033863217766,
    "requestsPerSec": 29202.07166151846,
    "totalData": 3796338,
    "sizePerRequest": 13,
    "sizePerSec": 379626.93159974
  },
  "responseTimeHistogram": {
    "0.000991142": 1,
    "0.0017598092999999999": 212428,
    "0.0025284766": 76085,
    "0.0032971439": 1745,
    "0.0040658112": 208,
    "0.004834478499999999": 153,
    "0.005603145800000001": 1145,
    "0.0063718131": 134,
    "0.0071404803999999995": 97,
    "0.0079091477": 0,
    "0.008677815": 30
  },
  "latencyPercentiles": {
    "p10": 0.001427953,
    "p25": 0.001584606,
    "p50": 0.001664633,
    "p75": 0.001774917,
    "p90": 0.001953933,
    "p95": 0.002161544,
    "p99": 0.002643188
  },
  "rps": {
    "mean": 29198.631086466252,
    "stddev": 2769.454673367609,
    "max": 33127.641735322206,
    "percentiles": {
      "p10": 27383.50319310094,
      "p25": 28825.04484610827,
      "p50": 29849.578709221034,
      "p75": 30610.983220779584,
      "p90": 31259.079295685155,
      "p95": 31622.77155779896,
      "p99": 32219.276924684214
    }
  },
  "details": {
    "DNSDialup": {
      "average": 0.0012811067200000001,
      "fastest": 0.000107339,
      "slowest": 0.002843053
    },
    "DNSLookup": {
      "average": 0.000011557579999999996,
      "fastest": 0.000004018,
      "slowest": 0.000187792
    }
  },
  "statusCodeDistribution": {
    "200": 292026
  },
  "errorDistribution": {}
}