{
  "summary": {
    "successRate": 1,
    "total": 10.000413293,
    "slowest": 0.016291758,
    "fastest": 0.000288835,
    "average": 0.002231924679366467,
    "requestsPerSec": 22374.77526620059,
    "totalData": 2908841,
    "sizePerRequest": 13,
    "sizePerSec": 290872.0784606077
  },
  "responseTimeHistogram": {
    "0.000288835": 1,
    "0.0018891272999999997": 37123,
    "0.0034894195999999995": 173930,
    "0.005089711899999999": 10350,
    "0.0066900041999999995": 808,
    "0.008290296499999999": 332,
    "0.009890588799999997": 98,
    "0.011490881099999998": 444,
    "0.013091173399999998": 528,
    "0.014691465699999998": 93,
    "0.016291758": 50
  },
  "latencyPercentiles": {
    "p10": 0.001711425,
    "p25": 0.001980776,
    "p50": 0.00209903,
    "p75": 0.002262955,
    "p90": 0.002603819,
    "p95": 0.00356776,
    "p99": 0.005256298
  },
  "rps": {
    "mean": 22391.110470485015,
    "stddev": 4531.60919129641,
    "max": 34295.76249873627,
    "percentiles": {
      "p10": 19112.73070826322,
      "p25": 20965.202641656026,
      "p50": 24011.948345498407,
      "p75": 24748.64256385751,
      "p90": 25380.422894015428,
      "p95": 25891.71157830298,
      "p99": 26813.50094568744
    }
  },
  "details": {
    "DNSDialup": {
      "average": 0.0020493471,
      "fastest": 0.000087817,
      "slowest": 0.004697091
    },
    "DNSLookup": {
      "average": 0.000008773659999999998,
      "fastest": 0.000004101,
      "slowest": 0.00005421
    }
  },
  "statusCodeDistribution": {
    "200": 223757
  },
  "errorDistribution": {}
}