{
  "summary": {
    "successRate": 1,
    "total": 10.000566533,
    "slowest": 0.018442265,
    "fastest": 0.000283903,
    "average": 0.0019127513171895755,
    "requestsPerSec": 26101.521262685448,
    "totalData": 3393390,
    "sizePerRequest": 13,
    "sizePerSec": 339319.7764149108
  },
  "responseTimeHistogram": {
    "0.000283903": 1,
    "0.0020997392": 232284,
    "0.0039155754": 25630,
    "0.0057314116": 1135,
    "0.0075472478": 546,
    "0.009363084": 351,
    "0.0111789202": 1003,
    "0.0129947564": 45,
    "0.0148105926": 19,
    "0.0166264288": 11,
    "0.018442265": 5
  },
  "latencyPercentiles": {
    "p10": 0.001499614,
    "p25": 0.001708716,
    "p50": 0.001789116,
    "p75": 0.001906817,
    "p90": 0.002138619,
    "p95": 0.003233329,
    "p99": 0.00447014
  },
  "rps": {
    "mean": 26119.543085033507,
    "stddev": 5214.172824583324,
    "max": 31894.72546564287,
    "percentiles": {
      "p10": 22549.821630911043,
      "p25": 24606.424737499998,
      "p50": 28159.629443586895,
      "p75": 28886.377890981013,
      "p90": 29459.006674802153,
      "p95": 29848.98516956189,
      "p99": 30905.244742760086
    }
  },
  "details": {
    "DNSDialup": {
      "average": 0.006443445599999998,
      "fastest": 0.000411303,
      "slowest": 0.010527194
    },
    "DNSLookup": {
      "average": 0.000010040080000000001,
      "fastest": 0.0000081,
      "slowest": 0.0000319
    }
  },
  "statusCodeDistribution": {
    "200": 261030
  },
  "errorDistribution": {}
}