{
  "summary": {
    "successRate": 1,
    "total": 10.000702295,
    "slowest": 0.011481636,
    "fastest": 0.000163111,
    "average": 0.001227023404125591,
    "requestsPerSec": 40694.14207074944,
    "totalData": 5290610,
    "sizePerRequest": 13,
    "sizePerSec": 529023.8469197428
  },
  "responseTimeHistogram": {
    "0.000163111": 1,
    "0.0012949635": 297424,
    "0.002426816": 107750,
    "0.0035586685000000002": 385,
    "0.004690521": 41,
    "0.005822373499999999": 662,
    "0.006954226": 657,
    "0.0080860785": 0,
    "0.009217931": 0,
    "0.010349783500000001": 0,
    "0.011481636": 50
  },
  "latencyPercentiles": {
    "p10": 0.000891729,
    "p25": 0.001101289,
    "p50": 0.001236389,
    "p75": 0.001300464,
    "p90": 0.00138905,
    "p95": 0.001637193,
    "p99": 0.002062803
  },
  "rps": {
    "mean": 40712.8592696099,
    "stddev": 4249.018971916275,
    "max": 48792.779251273576,
    "percentiles": {
      "p10": 38292.226828315775,
      "p25": 39889.972696177225,
      "p50": 41592.50589235529,
      "p75": 42920.39764881747,
      "p90": 43836.37542432422,
      "p95": 44309.29495471675,
      "p99": 45320.19883832544
    }
  },
  "details": {
    "DNSDialup": {
      "average": 0.0006247248999999998,
      "fastest": 0.000098772,
      "slowest": 0.000853623
    },
    "DNSLookup": {
      "average": 0.000004393139999999999,
      "fastest": 0.000001813,
      "slowest": 0.000033129
    }
  },
  "statusCodeDistribution": {
    "200": 406970
  },
  "errorDistribution": {}
}