{
  "summary": {
    "successRate": 1,
    "total": 10.000616631,
    "slowest": 0.01160458,
    "fastest": 0.000409203,
    "average": 0.0012351326279651232,
    "requestsPerSec": 40417.9077065153,
    "totalData": 5254652,
    "sizePerRequest": 13,
    "sizePerSec": 525432.8001846989
  },
  "responseTimeHistogram": {
    "0.000409203": 1,
    "0.0015287407": 380580,
    "0.0026482783999999997": 22152,
    "0.0037678160999999994": 121,
    "0.0048873538": 38,
    "0.0060068915": 1179,
    "0.007126429199999999": 83,
    "0.0082459669": 0,
    "0.0093655046": 0,
    "0.010485042299999999": 0,
    "0.01160458": 50
  },
  "latencyPercentiles": {
    "p10": 0.000914956,
    "p25": 0.001102536,
    "p50": 0.001250466,
    "p75": 0.001326984,
    "p90": 0.001412951,
    "p95": 0.001574213,
    "p99": 0.001957323
  },
  "rps": {
    "mean": 40430.25383354016,
    "stddev": 4010.283616637801,
    "max": 48436.42419099069,
    "percentiles": {
      "p10": 37682.626695555016,
      "p25": 39586.452189813856,
      "p50": 41071.5589772035,
      "p75": 42514.84137974022,
      "p90": 43768.48893147985,
      "p95": 44489.88712582753,
      "p99": 45788.03389126726
    }
  },
  "details": {
    "DNSDialup": {
      "average": 0.0008918197800000004,
      "fastest": 0.000145276,
      "slowest": 0.001353554
    },
    "DNSLookup": {
      "average": 0.000008102359999999996,
      "fastest": 0.000003928,
      "slowest": 0.000051275
    }
  },
  "statusCodeDistribution": {
    "200": 404204
  },
  "errorDistribution": {}
}