{
  "summary": {
    "successRate": 1,
    "total": 10.000783732,
    "slowest": 0.016140801,
    "fastest": 0.000263305,
    "average": 0.0019428982704453577,
    "requestsPerSec": 25706.685284812836,
    "totalData": 3342131,
    "sizePerRequest": 13,
    "sizePerSec": 334186.90870256687
  },
  "responseTimeHistogram": {
    "0.000263305": 1,
    "0.0018510546": 129300,
    "0.0034388042000000002": 124582,
    "0.0050265538": 1322,
    "0.0066143034": 521,
    "0.008202053": 105,
    "0.0097898026": 822,
    "0.0113775522": 339,
    "0.0129653018": 45,
    "0.014553051400000001": 0,
    "0.016140801": 50
  },
  "latencyPercentiles": {
    "p10": 0.001548729,
    "p25": 0.001775833,
    "p50": 0.001850234,
    "p75": 0.001965736,
    "p90": 0.00219174,
    "p95": 0.002936454,
    "p99": 0.003678768
  },
  "rps": {
    "mean": 25695.318187157405,
    "stddev": 4219.295601374686,
    "max": 31096.75850961229,
    "percentiles": {
      "p10": 23300.964659936522,
      "p25": 24622.440892630148,
      "p50": 27108.441568704693,
      "p75": 27760.003247020497,
      "p90": 28244.846608756747,
      "p95": 28643.01258646167,
      "p99": 29927.075953666947
    }
  },
  "details": {
    "DNSDialup": {
      "average": 0.00134566698,
      "fastest": 0.000069101,
      "slowest": 0.00157663
    },
    "DNSLookup": {
      "average": 0.0000059301400000000005,
      "fastest": 0.0000035,
      "slowest": 0.000062201
    }
  },
  "statusCodeDistribution": {
    "200": 257087
  },
  "errorDistribution": {}
}