{
  "summary": {
    "successRate": 1,
    "total": 10.000676618,
    "slowest": 0.010684917,
    "fastest": 0.000238502,
    "average": 0.001254852415330358,
    "requestsPerSec": 39783.70816269504,
    "totalData": 5172232,
    "sizePerRequest": 13,
    "sizePerSec": 517188.2061150355
  },
  "responseTimeHistogram": {
    "0.000238502": 1,
    "0.0012831435": 214792,
    "0.0023277849999999998": 181430,
    "0.0033724264999999997": 283,
    "0.004417068": 0,
    "0.0054617095": 477,
    "0.006506351": 831,
    "0.007550992499999999": 0,
    "0.008595634": 0,
    "0.0096402755": 0,
    "0.010684917": 50
  },
  "latencyPercentiles": {
    "p10": 0.000927601,
    "p25": 0.001130704,
    "p50": 0.001271948,
    "p75": 0.001341446,
    "p90": 0.001416626,
    "p95": 0.001590891,
    "p99": 0.002022019
  },
  "rps": {
    "mean": 39792.44846866065,
    "stddev": 3902.610801274747,
    "max": 48482.27927615969,
    "percentiles": {
      "p10": 37049.69104563259,
      "p25": 38768.12334634489,
      "p50": 40602.586384752554,
      "p75": 41747.342060679155,
      "p90": 42980.455113927965,
      "p95": 43567.54891289492,
      "p99": 44844.86728972448
    }
  },
  "details": {
    "DNSDialup": {
      "average": 0.0007397705200000001,
      "fastest": 0.000085939,
      "slowest": 0.001245649
    },
    "DNSLookup": {
      "average": 0.000006810020000000001,
      "fastest": 0.000003156,
      "slowest": 0.000028713
    }
  },
  "statusCodeDistribution": {
    "200": 397864
  },
  "errorDistribution": {}
}