{
  "summary": {
    "successRate": 1,
    "total": 10.000986591,
    "slowest": 0.010919411,
    "fastest": 0.000451153,
    "average": 0.0011713200514309582,
    "requestsPerSec": 42623.79477476893,
    "totalData": 5541640,
    "sizePerRequest": 13,
    "sizePerSec": 554109.3320719962
  },
  "responseTimeHistogram": {
    "0.000451153": 1,
    "0.0014979788000000001": 406408,
    "0.0025448046000000005": 18942,
    "0.0035916304000000007": 114,
    "0.004638456200000001": 121,
    "0.005685282000000001": 644,
    "0.006732107800000001": 0,
    "0.007778933600000002": 0,
    "0.0088257594": 0,
    "0.0098725852": 0,
    "0.010919411": 50
  },
  "latencyPercentiles": {
    "p10": 0.000866307,
    "p25": 0.001074318,
    "p50": 0.001191278,
    "p75": 0.001251008,
    "p90": 0.001318434,
    "p95": 0.001463205,
    "p99": 0.00193698
  },
  "rps": {
    "mean": 42631.68419547835,
    "stddev": 3459.2442757174485,
    "max": 51182.916324445665,
    "percentiles": {
      "p10": 39936.298101344124,
      "p25": 41427.63223069732,
      "p50": 43318.25375623064,
      "p75": 44388.46109623792,
      "p90": 45413.75128389006,
      "p95": 46201.26129443199,
      "p99": 47289.3175904209
    }
  },
  "details": {
    "DNSDialup": {
      "average": 0.0009184338399999999,
      "fastest": 0.000132107,
      "slowest": 0.001659001
    },
    "DNSLookup": {
      "average": 0.00000952688,
      "fastest": 0.000004438,
      "slowest": 0.00004317
    }
  },
  "statusCodeDistribution": {
    "200": 426280
  },
  "errorDistribution": {}
}