{
  "summary": {
    "successRate": 1,
    "total": 10.001817189,
    "slowest": 0.01025033,
    "fastest": 0.000453106,
    "average": 0.0016125988861608476,
    "requestsPerSec": 30960.87382406565,
    "totalData": 4025645,
    "sizePerRequest": 13,
    "sizePerSec": 402491.35971285345
  },
  "responseTimeHistogram": {
    "0.000453106": 1,
    "0.0014328284": 126687,
    "0.0024125508": 167669,
    "0.0033922732000000004": 7920,
    "0.0043719956": 5950,
    "0.005351718": 288,
    "0.006331440400000001": 223,
    "0.007311162800000001": 167,
    "0.0082908852": 559,
    "0.009270607600000001": 127,
    "0.01025033": 74
  },
  "latencyPercentiles": {
    "p10": 0.001270716,
    "p25": 0.001332416,
    "p50": 0.001587721,
    "p75": 0.001671722,
    "p90": 0.001741723,
    "p95": 0.002406231,
    "p99": 0.003677747
  },
  "rps": {
    "mean": 30939.933997449018,
    "stddev": 4922.519162591222,
    "max": 36557.60496397696,
    "percentiles": {
      "p10": 26146.394274347724,
      "p25": 29916.59394156844,
      "p50": 33066.7054649359,
      "p75": 33552.22549997125,
      "p90": 33901.975062474114,
      "p95": 34206.403438724126,
      "p99": 34596.64991166246
    }
  },
  "details": {
    "DNSDialup": {
      "average": 0.00147072274,
      "fastest": 0.000069601,
      "slowest": 0.002942638
    },
    "DNSLookup": {
      "average": 0.000004892060000000001,
      "fastest": 0.0000033,
      "slowest": 0.000036901
    }
  },
  "statusCodeDistribution": {
    "200": 309665
  },
  "errorDistribution": {}
}