{
  "summary": {
    "successRate": 1,
    "total": 10.000935498,
    "slowest": 0.010623174,
    "fastest": 0.000110033,
    "average": 0.0012425354680564006,
    "requestsPerSec": 40176.44150193278,
    "totalData": 5223426,
    "sizePerRequest": 13,
    "sizePerSec": 522293.7395251261
  },
  "responseTimeHistogram": {
    "0.000110033": 1,
    "0.0011613471": 116342,
    "0.0022126612": 283554,
    "0.0032639753000000002": 491,
    "0.0043152894": 47,
    "0.0053666035": 118,
    "0.006417917600000001": 1118,
    "0.0074692317000000005": 81,
    "0.008520545800000001": 0,
    "0.009571859900000002": 0,
    "0.010623174": 50
  },
  "latencyPercentiles": {
    "p10": 0.000909398,
    "p25": 0.001118837,
    "p50": 0.001257977,
    "p75": 0.001325474,
    "p90": 0.001396355,
    "p95": 0.001574971,
    "p99": 0.002050892
  },
  "rps": {
    "mean": 40177.4266709636,
    "stddev": 4197.630998671071,
    "max": 47062.979679406446,
    "percentiles": {
      "p10": 37409.15248645143,
      "p25": 39328.18850984103,
      "p50": 40999.59675209377,
      "p75": 42309.316511493475,
      "p90": 43425.434457898664,
      "p95": 43952.56282937759,
      "p99": 45296.200492430355
    }
  },
  "details": {
    "DNSDialup": {
      "average": 0.0007987314999999999,
      "fastest": 0.000103711,
      "slowest": 0.001128207
    },
    "DNSLookup": {
      "average": 0.000007511159999999999,
      "fastest": 0.000003396,
      "slowest": 0.000036639
    }
  },
  "statusCodeDistribution": {
    "200": 401802
  },
  "errorDistribution": {}
}