{
  "summary": {
    "successRate": 1,
    "total": 10.001594985,
    "slowest": 0.030830369,
    "fastest": 0.000254803,
    "average": 0.0017075202429485232,
    "requestsPerSec": 29241.036098603825,
    "totalData": 3801941,
    "sizePerRequest": 13,
    "sizePerSec": 380133.46928184974
  },
  "responseTimeHistogram": {
    "0.000254803": 1,
    "0.0033123595999999997": 284478,
    "0.006369916199999999": 7616,
    "0.009427472799999998": 333,
    "0.012485029399999998": 4,
    "0.015542585999999999": 4,
    "0.018600142599999998": 4,
    "0.021657699199999998": 4,
    "0.0247152558": 1,
    "0.0277728124": 4,
    "0.030830369": 8
  },
  "latencyPercentiles": {
    "p10": 0.001384914,
    "p25": 0.001445022,
    "p50": 0.001572316,
    "p75": 0.001847019,
    "p90": 0.00190522,
    "p95": 0.001971421,
    "p99": 0.00387664
  },
  "rps": {
    "mean": 29212.69306206904,
    "stddev": 3336.937429818125,
    "max": 33110.524071093554,
    "percentiles": {
      "p10": 24311.829553579028,
      "p25": 29808.34738106021,
      "p50": 30611.31700389537,
      "p75": 30882.693409726453,
      "p90": 31129.867894179588,
      "p95": 31417.11604482125,
      "p99": 31765.9418528617
    }
  },
  "details": {
    "DNSDialup": {
      "average": 0.0014618042199999995,
      "fastest": 0.000072701,
      "slowest": 0.003212948
    },
    "DNSLookup": {
      "average": 0.000005152079999999999,
      "fastest": 0.0000033,
      "slowest": 0.0000377
    }
  },
  "statusCodeDistribution": {
    "200": 292457
  },
  "errorDistribution": {}
}