{
  "summary": {
    "successRate": 1,
    "total": 10.00084266,
    "slowest": 0.009002326,
    "fastest": 0.00025294,
    "average": 0.001740314313018123,
    "requestsPerSec": 28695.281963370075,
    "totalData": 3730701,
    "sizePerRequest": 13,
    "sizePerSec": 373038.66552381095
  },
  "responseTimeHistogram": {
    "0.00025294": 1,
    "0.0011278786": 130,
    "0.0020028172": 258953,
    "0.0028777558000000003": 25589,
    "0.0037526944": 747,
    "0.004627633": 62,
    "0.005502571600000001": 399,
    "0.0063775102": 965,
    "0.0072524488": 62,
    "0.0081273874": 39,
    "0.009002326": 30
  },
  "latencyPercentiles": {
    "p10": 0.0014464,
    "p25": 0.001602521,
    "p50": 0.001685932,
    "p75": 0.001796102,
    "p90": 0.001991354,
    "p95": 0.002294665,
    "p99": 0.002692275
  },
  "rps": {
    "mean": 28696.682258368717,
    "stddev": 3010.798057585425,
    "max": 35937.11025950573,
    "percentiles": {
      "p10": 26722.091152754492,
      "p25": 28259.26645155041,
      "p50": 29502.357238343797,
      "p75": 30238.163586262166,
      "p90": 30899.86779784072,
      "p95": 31176.45800749259,
      "p99": 32180.477048670335
    }
  },
  "details": {
    "DNSDialup": {
      "average": 0.0015000631199999996,
      "fastest": 0.000068057,
      "slowest": 0.003172068
    },
    "DNSLookup": {
      "average": 0.00003458049999999999,
      "fastest": 0.000003136,
      "slowest": 0.001334464
    }
  },
  "statusCodeDistribution": {
    "200": 286977
  },
  "errorDistribution": {}
}