{
  "summary": {
    "successRate": 1,
    "total": 10.00042908,
    "slowest": 0.013022366,
    "fastest": 0.000406112,
    "average": 0.0018495476295112376,
    "requestsPerSec": 26998.0415680324,
    "totalData": 3509896,
    "sizePerRequest": 13,
    "sizePerSec": 350974.5403844212
  },
  "responseTimeHistogram": {
    "0.000406112": 1,
    "0.0016677374": 72006,
    "0.0029293628000000003": 186628,
    "0.004190988200000001": 7928,
    "0.0054526136000000005": 2012,
    "0.006714239": 596,
    "0.007975864400000001": 132,
    "0.0092374898": 79,
    "0.0104991152": 0,
    "0.011760740600000002": 72,
    "0.013022366": 538
  },
  "latencyPercentiles": {
    "p10": 0.00141534,
    "p25": 0.001621546,
    "p50": 0.001801151,
    "p75": 0.001862952,
    "p90": 0.001926654,
    "p95": 0.002544172,
    "p99": 0.004253619
  },
  "rps": {
    "mean": 27052.689332313446,
    "stddev": 4788.809921486849,
    "max": 37173.63968721647,
    "percentiles": {
      "p10": 21922.18525147448,
      "p25": 27575.087968226824,
      "p50": 28761.687131805014,
      "p75": 29465.560103464664,
      "p90": 29979.747918088833,
      "p95": 30212.74675786055,
      "p99": 31082.81109365778
    }
  },
  "details": {
    "DNSDialup": {
      "average": 0.0016444743599999998,
      "fastest": 0.000080003,
      "slowest": 0.003807307
    },
    "DNSLookup": {
      "average": 0.000006974220000000001,
      "fastest": 0.0000041,
      "slowest": 0.000073602
    }
  },
  "statusCodeDistribution": {
    "200": 269992
  },
  "errorDistribution": {}
}