{
  "summary": {
    "successRate": 1,
    "total": 10.000382797,
    "slowest": 0.009156731,
    "fastest": 0.000865671,
    "average": 0.001681353215103601,
    "requestsPerSec": 29701.763025421915,
    "totalData": 3861377,
    "sizePerRequest": 13,
    "sizePerSec": 386122.9193304849
  },
  "responseTimeHistogram": {
    "0.000865671": 1,
    "0.001694777": 195756,
    "0.0025238829999999998": 97741,
    "0.003352989": 1824,
    "0.004182094999999999": 139,
    "0.005011201": 324,
    "0.0058403069999999994": 939,
    "0.006669413": 218,
    "0.0074985189999999995": 57,
    "0.008327624999999998": 0,
    "0.009156731": 30
  },
  "latencyPercentiles": {
    "p10": 0.001402355,
    "p25": 0.001552046,
    "p50": 0.001637618,
    "p75": 0.001746112,
    "p90": 0.001897291,
    "p95": 0.002146567,
    "p99": 0.00258449
  },
  "rps": {
    "mean": 29698.775025803083,
    "stddev": 2918.5550938833503,
    "max": 35126.81383694488,
    "percentiles": {
      "p10": 27926.619653854592,
      "p25": 29262.42967904534,
      "p50": 30328.581138639132,
      "p75": 31200.483607496415,
      "p90": 31826.989688862006,
      "p95": 32191.985379022357,
      "p99": 32789.04666364845
    }
  },
  "details": {
    "DNSDialup": {
      "average": 0.0016304999,
      "fastest": 0.000063488,
      "slowest": 0.003337144
    },
    "DNSLookup": {
      "average": 0.00004092645999999999,
      "fastest": 0.000003116,
      "slowest": 0.001683769
    }
  },
  "statusCodeDistribution": {
    "200": 297029
  },
  "errorDistribution": {}
}