{
  "summary": {
    "successRate": 1,
    "total": 10.000642011,
    "slowest": 0.003643269,
    "fastest": 0.000045152,
    "average": 0.0007909273113884085,
    "requestsPerSec": 63070.55080126095,
    "totalData": 8199698,
    "sizePerRequest": 13,
    "sizePerSec": 819917.1604163924
  },
  "responseTimeHistogram": {
    "0.000045152": 1,
    "0.0004049637": 42824,
    "0.0007647754": 279994,
    "0.0011245870999999998": 236568,
    "0.0014843988": 49738,
    "0.0018442105": 16344,
    "0.0022040222": 4489,
    "0.0025638339": 679,
    "0.0029236456": 88,
    "0.0032834573": 20,
    "0.003643269": 1
  },
  "latencyPercentiles": {
    "p10": 0.000438071,
    "p25": 0.000546825,
    "p50": 0.000752533,
    "p75": 0.000974736,
    "p90": 0.001170594,
    "p95": 0.001387601,
    "p99": 0.001801476
  },
  "rps": {
    "mean": 63062.01734798625,
    "stddev": 8942.612992881912,
    "max": 95680.22364072777,
    "percentiles": {
      "p10": 52209.449910434276,
      "p25": 55806.54052654978,
      "p50": 62154.54060938305,
      "p75": 69139.02206405308,
      "p90": 75105.45265586197,
      "p95": 79950.16073084046,
      "p99": 87011.75528814016
    }
  },
  "details": {
    "DNSDialup": {
      "average": 0.0007253553,
      "fastest": 0.000074269,
      "slowest": 0.001237086
    },
    "DNSLookup": {
      "average": 0.00000708058,
      "fastest": 0.000003597,
      "slowest": 0.000031188
    }
  },
  "statusCodeDistribution": {
    "200": 630746
  },
  "errorDistribution": {}
}