{
  "summary": {
    "successRate": 1,
    "total": 10.000692753,
    "slowest": 0.003723638,
    "fastest": 0.000038853,
    "average": 0.0007080219979123522,
    "requestsPerSec": 70456.6190965751,
    "totalData": 9159995,
    "sizePerRequest": 13,
    "sizePerSec": 915936.0482554764
  },
  "responseTimeHistogram": {
    "0.000038853": 1,
    "0.0004073315": 94885,
    "0.00077581": 331158,
    "0.0011442885": 233040,
    "0.001512767": 33214,
    "0.0018812454999999999": 10570,
    "0.0022497240000000003": 1591,
    "0.0026182025": 112,
    "0.002986681": 18,
    "0.0033551595": 11,
    "0.003723638": 15
  },
  "latencyPercentiles": {
    "p10": 0.000387497,
    "p25": 0.000468377,
    "p50": 0.000681929,
    "p75": 0.000890709,
    "p90": 0.00102465,
    "p95": 0.001221848,
    "p99": 0.001650502
  },
  "rps": {
    "mean": 70446.53119372806,
    "stddev": 11384.325016712903,
    "max": 102669.43533911313,
    "percentiles": {
      "p10": 56017.34513459143,
      "p25": 61220.22427643224,
      "p50": 69321.42264035757,
      "p75": 78427.34761610732,
      "p90": 86710.21446326362,
      "p95": 90318.1813402854,
      "p99": 95304.37694327449
    }
  },
  "details": {
    "DNSDialup": {
      "average": 0.0006150505199999999,
      "fastest": 0.000110852,
      "slowest": 0.000920026
    },
    "DNSLookup": {
      "average": 0.00000687224,
      "fastest": 0.000003878,
      "slowest": 0.00003174
    }
  },
  "statusCodeDistribution": {
    "200": 704615
  },
  "errorDistribution": {}
}