{
  "summary": {
    "successRate": 1,
    "total": 10.000681958,
    "slowest": 0.003317733,
    "fastest": 0.000040576,
    "average": 0.0007334172771660663,
    "requestsPerSec": 68027.86078561144,
    "totalData": 8844225,
    "sizePerRequest": 13,
    "sizePerSec": 884362.1902129487
  },
  "responseTimeHistogram": {
    "0.000040576": 1,
    "0.0003682917": 33091,
    "0.0006960073999999999": 329846,
    "0.0010237231": 231571,
    "0.0013514388": 60919,
    "0.0016791545": 17541,
    "0.0020068702": 6111,
    "0.0023345859": 991,
    "0.0026623016": 202,
    "0.0029900173": 43,
    "0.003317733": 9
  },
  "latencyPercentiles": {
    "p10": 0.000435051,
    "p25": 0.000530752,
    "p50": 0.000671596,
    "p75": 0.000908385,
    "p90": 0.001072862,
    "p95": 0.001264123,
    "p99": 0.001701557
  },
  "rps": {
    "mean": 68024.3603082308,
    "stddev": 8665.620707198512,
    "max": 90634.7946976834,
    "percentiles": {
      "p10": 56601.086740866056,
      "p25": 61741.604369620654,
      "p50": 67967.30802513595,
      "p75": 74227.16807897975,
      "p90": 79697.52680707611,
      "p95": 82483.56507430298,
      "p99": 86119.24932453923
    }
  },
  "details": {
    "DNSDialup": {
      "average": 0.0005999029599999999,
      "fastest": 0.000077226,
      "slowest": 0.000990506
    },
    "DNSLookup": {
      "average": 0.0000061083000000000005,
      "fastest": 0.000003226,
      "slowest": 0.000024516
    }
  },
  "statusCodeDistribution": {
    "200": 680325
  },
  "errorDistribution": {}
}