{
  "summary": {
    "successRate": 1,
    "total": 10.000395686,
    "slowest": 0.009345265,
    "fastest": 0.00003793,
    "average": 0.0006521693475617537,
    "requestsPerSec": 76517.47231074513,
    "totalData": 9947665,
    "sizePerRequest": 13,
    "sizePerSec": 994727.1400396867
  },
  "responseTimeHistogram": {
    "0.00003793": 1,
    "0.0009686635": 677771,
    "0.001899397": 86678,
    "0.0028301304999999994": 714,
    "0.0037608639999999996": 24,
    "0.0046915975": 11,
    "0.0056223309999999995": 1,
    "0.0065530645": 2,
    "0.007483798": 0,
    "0.0084145315": 2,
    "0.009345265": 1
  },
  "latencyPercentiles": {
    "p10": 0.000414437,
    "p25": 0.000509056,
    "p50": 0.000578126,
    "p75": 0.000752048,
    "p90": 0.001012083,
    "p95": 0.001150511,
    "p99": 0.001525204
  },
  "rps": {
    "mean": 76514.26521049342,
    "stddev": 11828.852689253705,
    "max": 99116.60551773166,
    "percentiles": {
      "p10": 58626.73965595776,
      "p25": 68283.86118550356,
      "p50": 76519.30582086048,
      "p75": 83917.13411317591,
      "p90": 92857.68624975538,
      "p95": 94806.05289997208,
      "p99": 97750.01868456024
    }
  },
  "details": {
    "DNSDialup": {
      "average": 0.0011762542399999997,
      "fastest": 0.000090529,
      "slowest": 0.002094501
    },
    "DNSLookup": {
      "average": 0.000010675899999999999,
      "fastest": 0.000003968,
      "slowest": 0.000059641
    }
  },
  "statusCodeDistribution": {
    "200": 765205
  },
  "errorDistribution": {}
}