{
  "summary": {
    "successRate": 1,
    "total": 10.000337726,
    "slowest": 0.003354906,
    "fastest": 0.000033482,
    "average": 0.0006702218082717391,
    "requestsPerSec": 74426.78641391316,
    "totalData": 9675809,
    "sizePerRequest": 13,
    "sizePerSec": 967548.2233808711
  },
  "responseTimeHistogram": {
    "0.000033482": 1,
    "0.00036562439999999997": 53362,
    "0.0006977668": 411340,
    "0.0010299092": 215936,
    "0.0013620516": 46658,
    "0.001694194": 13260,
    "0.0020263364": 3587,
    "0.0023584788": 113,
    "0.0026906212": 12,
    "0.0030227635999999997": 22,
    "0.003354906": 2
  },
  "latencyPercentiles": {
    "p10": 0.000394719,
    "p25": 0.000487913,
    "p50": 0.000608568,
    "p75": 0.000827227,
    "p90": 0.000994367,
    "p95": 0.001146382,
    "p99": 0.001563405
  },
  "rps": {
    "mean": 74431.44703159801,
    "stddev": 13341.800050392416,
    "max": 99904.81541210412,
    "percentiles": {
      "p10": 57129.541686005614,
      "p25": 61496.56145939172,
      "p50": 75467.22188597672,
      "p75": 86662.535685739,
      "p90": 92502.98784651015,
      "p95": 94439.12481520484,
      "p99": 97665.39674966376
    }
  },
  "details": {
    "DNSDialup": {
      "average": 0.0009013019400000001,
      "fastest": 0.000099072,
      "slowest": 0.001532528
    },
    "DNSLookup": {
      "average": 0.000011030799999999996,
      "fastest": 0.000004128,
      "slowest": 0.000066604
    }
  },
  "statusCodeDistribution": {
    "200": 744293
  },
  "errorDistribution": {}
}