{
  "summary": {
    "successRate": 1,
    "total": 10.0006753,
    "slowest": 0.00320762,
    "fastest": 0.000030056,
    "average": 0.0007291158633891682,
    "requestsPerSec": 68405.78055763895,
    "totalData": 8893352,
    "sizePerRequest": 13,
    "sizePerSec": 889275.1472493063
  },
  "responseTimeHistogram": {
    "0.000030056": 1,
    "0.0003478124": 27894,
    "0.0006655688": 284952,
    "0.0009833252": 266342,
    "0.0013010816000000001": 76846,
    "0.001618838": 18633,
    "0.0019365944000000002": 7841,
    "0.0022543508000000003": 1408,
    "0.0025721072": 147,
    "0.0028898636": 19,
    "0.00320762": 21
  },
  "latencyPercentiles": {
    "p10": 0.000397374,
    "p25": 0.000485559,
    "p50": 0.00070853,
    "p75": 0.000912824,
    "p90": 0.001048396,
    "p95": 0.001243217,
    "p99": 0.001696248
  },
  "rps": {
    "mean": 68408.38987637773,
    "stddev": 10964.868767337648,
    "max": 98841.85952751219,
    "percentiles": {
      "p10": 55212.83698459809,
      "p25": 59557.09374617138,
      "p50": 67212.5002829707,
      "p75": 75467.0538704476,
      "p90": 83963.93013640615,
      "p95": 88328.99841017865,
      "p99": 95781.82466585106
    }
  },
  "details": {
    "DNSDialup": {
      "average": 0.0006093517,
      "fastest": 0.000059311,
      "slowest": 0.001047265
    },
    "DNSLookup": {
      "average": 0.00000678858,
      "fastest": 0.000003557,
      "slowest": 0.000035536
    }
  },
  "statusCodeDistribution": {
    "200": 684104
  },
  "errorDistribution": {}
}