{
  "summary": {
    "successRate": 1,
    "total": 10.000342026,
    "slowest": 0.004268783,
    "fastest": 0.00003643,
    "average": 0.0006692077593850791,
    "requestsPerSec": 74543.95040308194,
    "totalData": 9691045,
    "sizePerRequest": 13,
    "sizePerSec": 969071.3552400653
  },
  "responseTimeHistogram": {
    "0.00003643": 1,
    "0.00045966530000000005": 153541,
    "0.0008829006": 455157,
    "0.0013061359000000002": 116239,
    "0.0017293712000000002": 18186,
    "0.0021526065000000002": 2182,
    "0.0025758418000000004": 50,
    "0.0029990771": 37,
    "0.0034223124000000004": 52,
    "0.0038455477000000006": 14,
    "0.004268783": 6
  },
  "latencyPercentiles": {
    "p10": 0.000389335,
    "p25": 0.000482933,
    "p50": 0.000615521,
    "p75": 0.000823174,
    "p90": 0.00099436,
    "p95": 0.001149719,
    "p99": 0.001546873
  },
  "rps": {
    "mean": 74530.59403117321,
    "stddev": 13445.590861800336,
    "max": 100143.29120223838,
    "percentiles": {
      "p10": 57951.223086086604,
      "p25": 61944.12337413779,
      "p50": 74053.08510980343,
      "p75": 87215.25394791488,
      "p90": 93199.92315516477,
      "p95": 95046.92466670928,
      "p99": 97830.85246905625
    }
  },
  "details": {
    "DNSDialup": {
      "average": 0.0008008055400000001,
      "fastest": 0.000125124,
      "slowest": 0.001323465
    },
    "DNSLookup": {
      "average": 0.0000104568,
      "fastest": 0.000004278,
      "slowest": 0.000057427
    }
  },
  "statusCodeDistribution": {
    "200": 745465
  },
  "errorDistribution": {}
}