{
  "summary": {
    "successRate": 1,
    "total": 10.00024863,
    "slowest": 0.007908323,
    "fastest": 0.000036725,
    "average": 0.0006364022732998565,
    "requestsPerSec": 78402.0506898137,
    "totalData": 10192520,
    "sizePerRequest": 13,
    "sizePerSec": 1019226.6589675781
  },
  "responseTimeHistogram": {
    "0.000036725": 1,
    "0.0008238848": 631038,
    "0.0016110446": 147978,
    "0.0023982044": 4980,
    "0.0031853642": 30,
    "0.003972524": 10,
    "0.004759683799999999": 2,
    "0.005546843599999999": 0,
    "0.0063340034": 0,
    "0.0071211632": 0,
    "0.007908323": 1
  },
  "latencyPercentiles": {
    "p10": 0.000379035,
    "p25": 0.00046806,
    "p50": 0.00057863,
    "p75": 0.00075501,
    "p90": 0.000956538,
    "p95": 0.001136138,
    "p99": 0.001524948
  },
  "rps": {
    "mean": 78399.79106157232,
    "stddev": 13126.781104248246,
    "max": 101127.1845919345,
    "percentiles": {
      "p10": 59229.37777137487,
      "p25": 67359.04515683827,
      "p50": 80365.83662455312,
      "p75": 90080.23446483778,
      "p90": 94344.72095487388,
      "p95": 96315.34957421638,
      "p99": 98713.36578972683
    }
  },
  "details": {
    "DNSDialup": {
      "average": 0.0009470335399999999,
      "fastest": 0.000116209,
      "slowest": 0.001791847
    },
    "DNSLookup": {
      "average": 0.00001625098,
      "fastest": 0.000004488,
      "slowest": 0.000251595
    }
  },
  "statusCodeDistribution": {
    "200": 784040
  },
  "errorDistribution": {}
}