{
  "summary": {
    "successRate": 1,
    "total": 10.000753917,
    "slowest": 0.003117341,
    "fastest": 0.000042173,
    "average": 0.0006934810884645632,
    "requestsPerSec": 71925.0774461387,
    "totalData": 9350965,
    "sizePerRequest": 13,
    "sizePerSec": 935026.0067998031
  },
  "responseTimeHistogram": {
    "0.000042173": 1,
    "0.00034968980000000003": 46581,
    "0.0006572066": 309593,
    "0.0009647234": 266366,
    "0.0012722402": 65282,
    "0.0015797570000000002": 21316,
    "0.0018872738000000001": 8464,
    "0.0021947906": 1378,
    "0.0025023074": 224,
    "0.0028098242000000003": 84,
    "0.0031173410000000005": 16
  },
  "latencyPercentiles": {
    "p10": 0.000375561,
    "p25": 0.000460803,
    "p50": 0.000661498,
    "p75": 0.000863176,
    "p90": 0.001018578,
    "p95": 0.001233464,
    "p99": 0.001658646
  },
  "rps": {
    "mean": 71905.35169098324,
    "stddev": 10948.579268989173,
    "max": 102634.35887017679,
    "percentiles": {
      "p10": 57640.72317091204,
      "p25": 62874.65321170245,
      "p50": 71316.82363869635,
      "p75": 79591.54263483798,
      "p90": 86950.60714664117,
      "p95": 90248.0935216275,
      "p99": 96206.98193270233
    }
  },
  "details": {
    "DNSDialup": {
      "average": 0.0007538771200000003,
      "fastest": 0.000078494,
      "slowest": 0.001503279
    },
    "DNSLookup": {
      "average": 0.000018829399999999996,
      "fastest": 0.000003687,
      "slowest": 0.00059558
    }
  },
  "statusCodeDistribution": {
    "200": 719305
  },
  "errorDistribution": {}
}