{
  "summary": {
    "successRate": 1,
    "total": 10.000703948,
    "slowest": 0.003655742,
    "fastest": 0.000041054,
    "average": 0.0007010249234285771,
    "requestsPerSec": 71150.79135427278,
    "totalData": 9250254,
    "sizePerRequest": 13,
    "sizePerSec": 924960.2876055461
  },
  "responseTimeHistogram": {
    "0.000041054": 1,
    "0.0004025228": 60351,
    "0.0007639916": 422571,
    "0.0011254604": 174949,
    "0.0014869292": 41644,
    "0.001848398": 9842,
    "0.0022098668": 1914,
    "0.0025713356": 154,
    "0.0029328044": 84,
    "0.0032942732": 32,
    "0.003655742": 16
  },
  "latencyPercentiles": {
    "p10": 0.000415181,
    "p25": 0.000529723,
    "p50": 0.000632648,
    "p75": 0.000839631,
    "p90": 0.001043146,
    "p95": 0.001218013,
    "p99": 0.001622077
  },
  "rps": {
    "mean": 71144.72811384739,
    "stddev": 9329.772999066408,
    "max": 96698.8552397166,
    "percentiles": {
      "p10": 58413.08773786059,
      "p25": 64019.327434955354,
      "p50": 72248.52128520777,
      "p75": 76705.25495084727,
      "p90": 83314.75774732405,
      "p95": 87477.66266891778,
      "p99": 93632.33124397782
    }
  },
  "details": {
    "DNSDialup": {
      "average": 0.0007123609199999997,
      "fastest": 0.000067987,
      "slowest": 0.001533765
    },
    "DNSLookup": {
      "average": 0.0000067181999999999995,
      "fastest": 0.000003216,
      "slowest": 0.00003191
    }
  },
  "statusCodeDistribution": {
    "200": 711558
  },
  "errorDistribution": {}
}