{
  "summary": {
    "successRate": 1,
    "total": 10.000182178,
    "slowest": 0.004173567,
    "fastest": 0.0000322,
    "average": 0.0006549073838699782,
    "requestsPerSec": 76179.61217506132,
    "totalData": 9903530,
    "sizePerRequest": 13,
    "sizePerSec": 990334.9582757972
  },
  "responseTimeHistogram": {
    "0.0000322": 1,
    "0.0004463367000000001": 149684,
    "0.0008604734000000002": 464319,
    "0.0012746101000000003": 126084,
    "0.0016887468000000004": 18651,
    "0.0021028835000000004": 2931,
    "0.0025170202000000005": 109,
    "0.0029311569000000006": 18,
    "0.0033452936000000007": 12,
    "0.0037594303000000008": 0,
    "0.004173567": 1
  },
  "latencyPercentiles": {
    "p10": 0.000384977,
    "p25": 0.000473131,
    "p50": 0.000597231,
    "p75": 0.000803743,
    "p90": 0.000975737,
    "p95": 0.001139722,
    "p99": 0.00153289
  },
  "rps": {
    "mean": 76178.28907310449,
    "stddev": 13396.724555613768,
    "max": 100731.16622283353,
    "percentiles": {
      "p10": 58289.347115169505,
      "p25": 63214.286428726016,
      "p50": 76800.2089125892,
      "p75": 88404.35833486624,
      "p90": 93828.62711412804,
      "p95": 95540.4148022842,
      "p99": 98046.13934788496
    }
  },
  "details": {
    "DNSDialup": {
      "average": 0.0008481043,
      "fastest": 0.000112985,
      "slowest": 0.001494022
    },
    "DNSLookup": {
      "average": 0.00001164254,
      "fastest": 0.000003837,
      "slowest": 0.000154789
    }
  },
  "statusCodeDistribution": {
    "200": 761810
  },
  "errorDistribution": {}
}