{
  "summary": {
    "successRate": 1,
    "total": 10.000713644,
    "slowest": 0.003068706,
    "fastest": 0.000059381,
    "average": 0.000729376673687942,
    "requestsPerSec": 68382.71990822339,
    "totalData": 8890388,
    "sizePerRequest": 13,
    "sizePerSec": 888975.358806904
  },
  "responseTimeHistogram": {
    "0.000059381": 1,
    "0.0003603135": 43817,
    "0.000661246": 262372,
    "0.0009621785": 259089,
    "0.0012631110000000001": 81706,
    "0.0015640435000000002": 24023,
    "0.0018649760000000002": 9959,
    "0.0021659085": 2319,
    "0.002466841": 425,
    "0.0027677735": 128,
    "0.003068706": 37
  },
  "latencyPercentiles": {
    "p10": 0.000390173,
    "p25": 0.000486268,
    "p50": 0.000707656,
    "p75": 0.00090337,
    "p90": 0.001061368,
    "p95": 0.001285294,
    "p99": 0.001719381
  },
  "rps": {
    "mean": 68380.81198909009,
    "stddev": 10832.762722588428,
    "max": 97967.83850092163,
    "percentiles": {
      "p10": 55218.763335775555,
      "p25": 59012.1151872479,
      "p50": 67018.42336457894,
      "p75": 76557.21023120452,
      "p90": 83456.62152422135,
      "p95": 87382.77941245592,
      "p99": 93624.02392454138
    }
  },
  "details": {
    "DNSDialup": {
      "average": 0.00081361734,
      "fastest": 0.000116917,
      "slowest": 0.00171195
    },
    "DNSLookup": {
      "average": 0.0000070486600000000005,
      "fastest": 0.000003336,
      "slowest": 0.000030006
    }
  },
  "statusCodeDistribution": {
    "200": 683876
  },
  "errorDistribution": {}
}