{
  "summary": {
    "successRate": 1,
    "total": 10.000726568,
    "slowest": 0.003636714,
    "fastest": 0.000043671,
    "average": 0.0007491916270837045,
    "requestsPerSec": 66594.56145226747,
    "totalData": 8657922,
    "sizePerRequest": 13,
    "sizePerSec": 865729.2988794772
  },
  "responseTimeHistogram": {
    "0.000043671": 1,
    "0.0004029753": 58402,
    "0.0007622796": 326366,
    "0.0011215838999999999": 211833,
    "0.0014808882": 50511,
    "0.0018401925": 15047,
    "0.0021994968": 3181,
    "0.0025588011": 497,
    "0.0029181054": 117,
    "0.0032774097": 21,
    "0.003636714": 18
  },
  "latencyPercentiles": {
    "p10": 0.000415353,
    "p25": 0.000519626,
    "p50": 0.000691924,
    "p75": 0.000931397,
    "p90": 0.001136855,
    "p95": 0.001346896,
    "p99": 0.00171424
  },
  "rps": {
    "mean": 66626.11531698922,
    "stddev": 9612.72891617551,
    "max": 102344.2213218366,
    "percentiles": {
      "p10": 55232.270240772224,
      "p25": 58988.37347184566,
      "p50": 65612.49261859122,
      "p75": 72877.7167971871,
      "p90": 80197.93292595205,
      "p95": 84428.69731420871,
      "p99": 90617.80570639581
    }
  },
  "details": {
    "DNSDialup": {
      "average": 0.00071110852,
      "fastest": 0.000141827,
      "slowest": 0.00103246
    },
    "DNSLookup": {
      "average": 0.000010179079999999999,
      "fastest": 0.000003126,
      "slowest": 0.000190301
    }
  },
  "statusCodeDistribution": {
    "200": 665994
  },
  "errorDistribution": {}
}