{
  "summary": {
    "successRate": 1,
    "total": 10.000698508,
    "slowest": 0.002949168,
    "fastest": 0.000027487,
    "average": 0.000493244640575954,
    "requestsPerSec": 101099.13814432132,
    "totalData": 13143806,
    "sizePerRequest": 13,
    "sizePerSec": 1314288.795876177
  },
  "responseTimeHistogram": {
    "0.000027487": 1,
    "0.00031965509999999994": 134006,
    "0.0006118231999999999": 684185,
    "0.0009039912999999998": 161318,
    "0.0011961594": 28168,
    "0.0014883275": 2514,
    "0.0017804955999999998": 624,
    "0.0020726637": 193,
    "0.0023648318": 49,
    "0.0026569998999999996": 2,
    "0.002949168": 2
  },
  "latencyPercentiles": {
    "p10": 0.000296701,
    "p25": 0.00037954,
    "p50": 0.000472832,
    "p75": 0.0005796,
    "p90": 0.000695216,
    "p95": 0.000824208,
    "p99": 0.001060497
  },
  "rps": {
    "mean": 101102.59842418972,
    "stddev": 9736.72667534886,
    "max": 141629.13311267958,
    "percentiles": {
      "p10": 90328.98657178432,
      "p25": 94957.54427182893,
      "p50": 99602.4103783204,
      "p75": 106579.58297460568,
      "p90": 113959.52105785157,
      "p95": 119183.44032657724,
      "p99": 130758.65833413036
    }
  },
  "details": {
    "DNSDialup": {
      "average": 0.0005777786799999999,
      "fastest": 0.000069029,
      "slowest": 0.001120782
    },
    "DNSLookup": {
      "average": 0.000005213799999999999,
      "fastest": 0.000003106,
      "slowest": 0.000031265
    }
  },
  "statusCodeDistribution": {
    "200": 1011062
  },
  "errorDistribution": {}
}