{
  "summary": {
    "successRate": 1,
    "total": 10.000682427,
    "slowest": 0.004709869,
    "fastest": 0.00004149,
    "average": 0.0007244253388193978,
    "requestsPerSec": 68933.4957921267,
    "totalData": 8961966,
    "sizePerRequest": 13,
    "sizePerSec": 896135.4452976473
  },
  "responseTimeHistogram": {
    "0.00004149": 1,
    "0.0005083279": 157218,
    "0.0009751658000000001": 408557,
    "0.0014420037": 105593,
    "0.0019088416": 14872,
    "0.0023756795": 2786,
    "0.0028425174000000003": 212,
    "0.0033093553": 49,
    "0.0037761932000000002": 86,
    "0.0042430311": 7,
    "0.004709869": 1
  },
  "latencyPercentiles": {
    "p10": 0.000431671,
    "p25": 0.000519945,
    "p50": 0.000653498,
    "p75": 0.000892755,
    "p90": 0.001076813,
    "p95": 0.001266691,
    "p99": 0.001698365
  },
  "rps": {
    "mean": 68917.38812726135,
    "stddev": 8470.278250064563,
    "max": 94283.85275820528,
    "percentiles": {
      "p10": 57884.98673752792,
      "p25": 63104.86996032673,
      "p50": 69107.56036710434,
      "p75": 74831.96684094411,
      "p90": 79448.9882461501,
      "p95": 81938.98656980615,
      "p99": 87409.57134806454
    }
  },
  "details": {
    "DNSDialup": {
      "average": 0.00051817876,
      "fastest": 0.000065534,
      "slowest": 0.00092855
    },
    "DNSLookup": {
      "average": 0.000006703719999999998,
      "fastest": 0.000003045,
      "slowest": 0.000036869
    }
  },
  "statusCodeDistribution": {
    "200": 689382
  },
  "errorDistribution": {}
}