{
  "summary": {
    "successRate": 1,
    "total": 10.000865155,
    "slowest": 0.004947382,
    "fastest": 0.000044588,
    "average": 0.000699952992036414,
    "requestsPerSec": 71268.13420173548,
    "totalData": 9265659,
    "sizePerRequest": 13,
    "sizePerSec": 926485.7446225611
  },
  "responseTimeHistogram": {
    "0.000044588": 1,
    "0.0005348674000000001": 249653,
    "0.0010251468": 393991,
    "0.0015154262000000001": 55992,
    "0.0020057056": 12111,
    "0.002495985": 886,
    "0.0029862644000000003": 95,
    "0.0034765438000000006": 12,
    "0.0039668232000000005": 1,
    "0.0044571026": 0,
    "0.004947382": 1
  },
  "latencyPercentiles": {
    "p10": 0.00038221,
    "p25": 0.000467169,
    "p50": 0.000672762,
    "p75": 0.000867371,
    "p90": 0.001017644,
    "p95": 0.001241681,
    "p99": 0.00165817
  },
  "rps": {
    "mean": 71275.32825818124,
    "stddev": 11130.927589293997,
    "max": 102085.2820446244,
    "percentiles": {
      "p10": 57532.62675262904,
      "p25": 62199.164127365206,
      "p50": 70315.69040541752,
      "p75": 79267.8850167286,
      "p90": 87088.8705125438,
      "p95": 91542.65887904051,
      "p99": 96744.37711821005
    }
  },
  "details": {
    "DNSDialup": {
      "average": 0.0006883834999999999,
      "fastest": 0.000071287,
      "slowest": 0.001658708
    },
    "DNSLookup": {
      "average": 0.00000669942,
      "fastest": 0.000003577,
      "slowest": 0.000025198
    }
  },
  "statusCodeDistribution": {
    "200": 712743
  },
  "errorDistribution": {}
}