{
  "summary": {
    "successRate": 1,
    "total": 10.000614784,
    "slowest": 0.003337261,
    "fastest": 0.000040545,
    "average": 0.0006592232682784437,
    "requestsPerSec": 75671.94780972377,
    "totalData": 9837958,
    "sizePerRequest": 13,
    "sizePerSec": 983735.3215264091
  },
  "responseTimeHistogram": {
    "0.000040545": 1,
    "0.0003702166": 48786,
    "0.0006998882": 488850,
    "0.0010295598": 147502,
    "0.0013592314": 56271,
    "0.0016889029999999998": 11295,
    "0.0020185746": 3351,
    "0.0023482462": 518,
    "0.0026779178": 110,
    "0.0030075894": 62,
    "0.003337261": 20
  },
  "latencyPercentiles": {
    "p10": 0.000409154,
    "p25": 0.000508884,
    "p50": 0.00059287,
    "p75": 0.000749847,
    "p90": 0.00101743,
    "p95": 0.00116078,
    "p99": 0.001551987
  },
  "rps": {
    "mean": 75665.52340803396,
    "stddev": 10702.725586508828,
    "max": 97905.58061809819,
    "percentiles": {
      "p10": 58935.42018753332,
      "p25": 70353.58951340166,
      "p50": 76159.86717720321,
      "p75": 82649.34737069954,
      "p90": 89691.46735841018,
      "p95": 92081.07743878484,
      "p99": 95630.3064670625
    }
  },
  "details": {
    "DNSDialup": {
      "average": 0.0006063661400000001,
      "fastest": 0.000074448,
      "slowest": 0.001116488
    },
    "DNSLookup": {
      "average": 0.00000843786,
      "fastest": 0.000004228,
      "slowest": 0.000050675
    }
  },
  "statusCodeDistribution": {
    "200": 756766
  },
  "errorDistribution": {}
}