{
  "summary": {
    "successRate": 1,
    "total": 10.000295476,
    "slowest": 0.00505759,
    "fastest": 0.00003611,
    "average": 0.0006394670698278111,
    "requestsPerSec": 78035.39424138512,
    "totalData": 10144901,
    "sizePerRequest": 13,
    "sizePerSec": 1014460.1251380065
  },
  "responseTimeHistogram": {
    "0.00003611": 1,
    "0.000538258": 317579,
    "0.001040406": 397089,
    "0.001542554": 59650,
    "0.002044702": 5810,
    "0.00254685": 166,
    "0.003048998": 28,
    "0.003551146": 4,
    "0.004053294": 0,
    "0.004555442": 34,
    "0.00505759": 16
  },
  "latencyPercentiles": {
    "p10": 0.000407317,
    "p25": 0.000496005,
    "p50": 0.000561374,
    "p75": 0.000747117,
    "p90": 0.000997829,
    "p95": 0.001120969,
    "p99": 0.001483486
  },
  "rps": {
    "mean": 78033.30305462731,
    "stddev": 11299.816046539125,
    "max": 100487.88219333692,
    "percentiles": {
      "p10": 60638.04858140075,
      "p25": 69826.16386359846,
      "p50": 79466.27487324551,
      "p75": 84764.30219964814,
      "p90": 92603.7411911431,
      "p95": 95085.12019960002,
      "p99": 98466.60281013514
    }
  },
  "details": {
    "DNSDialup": {
      "average": 0.0007452187599999999,
      "fastest": 0.000077324,
      "slowest": 0.001274938
    },
    "DNSLookup": {
      "average": 0.000007447479999999999,
      "fastest": 0.000004217,
      "slowest": 0.000049272
    }
  },
  "statusCodeDistribution": {
    "200": 780377
  },
  "errorDistribution": {}
}