{
  "summary": {
    "successRate": 1,
    "total": 10.001121061,
    "slowest": 0.003403107,
    "fastest": 0.000039194,
    "average": 0.0006882059023099997,
    "requestsPerSec": 72485.47393621037,
    "totalData": 9424168,
    "sizePerRequest": 13,
    "sizePerSec": 942311.1611707348
  },
  "responseTimeHistogram": {
    "0.000039194": 1,
    "0.00037558529999999994": 80653,
    "0.0007119765999999999": 339287,
    "0.0010483678999999998": 240198,
    "0.0013847591999999998": 44438,
    "0.0017211504999999998": 15289,
    "0.0020575418": 4406,
    "0.0023939331": 478,
    "0.0027303244": 100,
    "0.0030667156999999996": 59,
    "0.003403107": 27
  },
  "latencyPercentiles": {
    "p10": 0.000367198,
    "p25": 0.000466419,
    "p50": 0.000650149,
    "p75": 0.000854647,
    "p90": 0.001022583,
    "p95": 0.00122698,
    "p99": 0.001651939
  },
  "rps": {
    "mean": 72491.35138820387,
    "stddev": 11570.693581031213,
    "max": 101153.68438986094,
    "percentiles": {
      "p10": 57686.16004864681,
      "p25": 63018.533750777315,
      "p50": 72287.42684030914,
      "p75": 81012.58318685368,
      "p90": 88387.69126239126,
      "p95": 91923.23819461757,
      "p99": 97037.11017872638
    }
  },
  "details": {
    "DNSDialup": {
      "average": 0.00071577314,
      "fastest": 0.000093197,
      "slowest": 0.001266441
    },
    "DNSLookup": {
      "average": 0.0000071083800000000016,
      "fastest": 0.000003527,
      "slowest": 0.00003162
    }
  },
  "statusCodeDistribution": {
    "200": 724936
  },
  "errorDistribution": {}
}