{
  "summary": {
    "successRate": 1,
    "total": 10.000818732,
    "slowest": 0.003228723,
    "fastest": 0.000051158,
    "average": 0.0006991134292016037,
    "requestsPerSec": 71333.35970957382,
    "totalData": 9274096,
    "sizePerRequest": 13,
    "sizePerSec": 927333.6762244597
  },
  "responseTimeHistogram": {
    "0.000051158": 1,
    "0.00036891450000000003": 42796,
    "0.0006866710000000001": 383068,
    "0.0010044275000000002": 204518,
    "0.0013221840000000001": 60448,
    "0.0016399405": 16111,
    "0.0019576970000000004": 5389,
    "0.0022754535000000004": 863,
    "0.0025932100000000003": 129,
    "0.0029109665000000002": 57,
    "0.003228723": 12
  },
  "latencyPercentiles": {
    "p10": 0.000410916,
    "p25": 0.000531812,
    "p50": 0.000630239,
    "p75": 0.000841086,
    "p90": 0.00104097,
    "p95": 0.001215073,
    "p99": 0.001617786
  },
  "rps": {
    "mean": 71327.31182814739,
    "stddev": 9332.524916943841,
    "max": 101775.18562701759,
    "percentiles": {
      "p10": 58117.72009285645,
      "p25": 64334.35454532549,
      "p50": 72558.50405210351,
      "p75": 76651.83963914975,
      "p90": 82623.12621302693,
      "p95": 88038.13812143262,
      "p99": 93811.7861243483
    }
  },
  "details": {
    "DNSDialup": {
      "average": 0.00052553904,
      "fastest": 0.000107392,
      "slowest": 0.000881395
    },
    "DNSLookup": {
      "average": 0.00000645566,
      "fastest": 0.000003025,
      "slowest": 0.000030687
    }
  },
  "statusCodeDistribution": {
    "200": 713392
  },
  "errorDistribution": {}
}