{
  "summary": {
    "successRate": 1,
    "total": 10.000281512,
    "slowest": 0.00432983,
    "fastest": 0.000038482,
    "average": 0.0006485344941266073,
    "requestsPerSec": 76937.83410764446,
    "totalData": 10002200,
    "sizePerRequest": 13,
    "sizePerSec": 1000191.843399378
  },
  "responseTimeHistogram": {
    "0.000038482": 1,
    "0.00046761679999999996": 137968,
    "0.0008967515999999999": 515007,
    "0.0013258864": 100171,
    "0.0017550212": 14375,
    "0.0021841559999999996": 1511,
    "0.0026132907999999997": 206,
    "0.0030424255999999994": 25,
    "0.0034715603999999995": 78,
    "0.0039006951999999997": 7,
    "0.00432983": 51
  },
  "latencyPercentiles": {
    "p10": 0.000411655,
    "p25": 0.000501597,
    "p50": 0.000571334,
    "p75": 0.000757879,
    "p90": 0.00100554,
    "p95": 0.001121876,
    "p99": 0.001538179
  },
  "rps": {
    "mean": 76941.64393137669,
    "stddev": 11231.983502252788,
    "max": 99865.3626031949,
    "percentiles": {
      "p10": 60008.15510827837,
      "p25": 68541.12467480486,
      "p50": 78730.67347039233,
      "p75": 83762.21019350417,
      "p90": 91514.94707301997,
      "p95": 94213.98135483294,
      "p99": 97276.45929700708
    }
  },
  "details": {
    "DNSDialup": {
      "average": 0.0009009917600000003,
      "fastest": 0.000096817,
      "slowest": 0.001336883
    },
    "DNSLookup": {
      "average": 0.000011152440000000001,
      "fastest": 0.000004679,
      "slowest": 0.000059121
    }
  },
  "statusCodeDistribution": {
    "200": 769400
  },
  "errorDistribution": {}
}