{
  "summary": {
    "successRate": 1,
    "total": 10.000539846,
    "slowest": 0.003461462,
    "fastest": 0.000040806,
    "average": 0.0006325746760013391,
    "requestsPerSec": 78852.2431931921,
    "totalData": 10251345,
    "sizePerRequest": 13,
    "sizePerSec": 1025079.1615114975
  },
  "responseTimeHistogram": {
    "0.000040806": 1,
    "0.0003828716": 87229,
    "0.0007249372": 485944,
    "0.0010670028": 168115,
    "0.0014090684": 35111,
    "0.0017511340000000001": 9714,
    "0.0020931996": 2115,
    "0.0024352652": 254,
    "0.0027773308": 50,
    "0.0031193964": 17,
    "0.0034614620000000002": 15
  },
  "latencyPercentiles": {
    "p10": 0.000373865,
    "p25": 0.00046271,
    "p50": 0.000576257,
    "p75": 0.000750824,
    "p90": 0.000964149,
    "p95": 0.001108087,
    "p99": 0.001513741
  },
  "rps": {
    "mean": 78834.36873972673,
    "stddev": 11456.66050317129,
    "max": 99160.05132708722,
    "percentiles": {
      "p10": 61011.4635212757,
      "p25": 71328.14608644469,
      "p50": 80905.71031699146,
      "p75": 87288.85817354267,
      "p90": 92426.88709281028,
      "p95": 94606.43323745878,
      "p99": 97700.01954000327
    }
  },
  "details": {
    "DNSDialup": {
      "average": 0.00055654728,
      "fastest": 0.000073717,
      "slowest": 0.000788785
    },
    "DNSLookup": {
      "average": 0.00000808462,
      "fastest": 0.000003927,
      "slowest": 0.000056555
    }
  },
  "statusCodeDistribution": {
    "200": 788565
  },
  "errorDistribution": {}
}