{
  "summary": {
    "successRate": 1,
    "total": 10.000699554,
    "slowest": 0.004614934,
    "fastest": 0.000042369,
    "average": 0.0007375922922719263,
    "requestsPerSec": 67639.4682539425,
    "totalData": 8793746,
    "sizePerRequest": 13,
    "sizePerSec": 879313.0873012525
  },
  "responseTimeHistogram": {
    "0.000042369": 1,
    "0.0004996255": 133895,
    "0.0009568820000000002": 402929,
    "0.0014141385000000003": 118099,
    "0.0018713950000000003": 18036,
    "0.0023286515000000003": 3123,
    "0.0027859080000000006": 343,
    "0.0032431645000000004": 13,
    "0.0037004210000000006": 2,
    "0.0041576775": 0,
    "0.004614934000000001": 1
  },
  "latencyPercentiles": {
    "p10": 0.0004345,
    "p25": 0.000528596,
    "p50": 0.000671501,
    "p75": 0.000913775,
    "p90": 0.001092367,
    "p95": 0.001281589,
    "p99": 0.001716073
  },
  "rps": {
    "mean": 67648.79158827465,
    "stddev": 8629.617115193629,
    "max": 92757.50037447986,
    "percentiles": {
      "p10": 56054.05292323416,
      "p25": 61432.84391498009,
      "p50": 67762.45370651959,
      "p75": 73728.44759487416,
      "p90": 78624.1612047418,
      "p95": 82530.11523905015,
      "p99": 86456.58589592791
    }
  },
  "details": {
    "DNSDialup": {
      "average": 0.00056010774,
      "fastest": 0.000122624,
      "slowest": 0.000743507
    },
    "DNSLookup": {
      "average": 0.00000575126,
      "fastest": 0.000002244,
      "slowest": 0.000031839
    }
  },
  "statusCodeDistribution": {
    "200": 676442
  },
  "errorDistribution": {}
}