{
  "summary": {
    "successRate": 1,
    "total": 10.000299996,
    "slowest": 0.003959156,
    "fastest": 0.000037242,
    "average": 0.0006576149977736123,
    "requestsPerSec": 75861.72417861932,
    "totalData": 9862320,
    "sizePerRequest": 13,
    "sizePerSec": 986202.4143220512
  },
  "responseTimeHistogram": {
    "0.000037242": 1,
    "0.00042943340000000003": 120325,
    "0.0008216248000000001": 461960,
    "0.0012138162000000002": 149171,
    "0.0016060076000000002": 22057,
    "0.001998199": 4915,
    "0.0023903904": 174,
    "0.0027825818": 15,
    "0.0031747732": 5,
    "0.0035669646000000004": 12,
    "0.003959156": 5
  },
  "latencyPercentiles": {
    "p10": 0.000387705,
    "p25": 0.000477776,
    "p50": 0.000604785,
    "p75": 0.000803886,
    "p90": 0.000973747,
    "p95": 0.001134329,
    "p99": 0.001532385
  },
  "rps": {
    "mean": 75854.22904814694,
    "stddev": 13540.514736968518,
    "max": 100422.37955623062,
    "percentiles": {
      "p10": 58607.09145806622,
      "p25": 62838.67238221328,
      "p50": 75717.35441763257,
      "p75": 88351.45708199787,
      "p90": 94266.44708050732,
      "p95": 96277.88881204795,
      "p99": 98864.1936528177
    }
  },
  "details": {
    "DNSDialup": {
      "average": 0.00104698782,
      "fastest": 0.000090679,
      "slowest": 0.001636017
    },
    "DNSLookup": {
      "average": 0.000011240540000000001,
      "fastest": 0.000004328,
      "slowest": 0.000054061
    }
  },
  "statusCodeDistribution": {
    "200": 758640
  },
  "errorDistribution": {}
}