{
  "summary": {
    "successRate": 1,
    "total": 10.000708324,
    "slowest": 0.003054601,
    "fastest": 0.000038943,
    "average": 0.0007438866623895689,
    "requestsPerSec": 67049.75070523816,
    "totalData": 8717085,
    "sizePerRequest": 13,
    "sizePerSec": 871646.7591680959
  },
  "responseTimeHistogram": {
    "0.000038943": 1,
    "0.0003405088": 16442,
    "0.0006420746000000001": 268494,
    "0.0009436404000000001": 231230,
    "0.0012452062": 117125,
    "0.001546772": 24053,
    "0.0018483378": 9597,
    "0.0021499036": 3172,
    "0.0024514694": 379,
    "0.0027530352": 46,
    "0.003054601": 6
  },
  "latencyPercentiles": {
    "p10": 0.000409427,
    "p25": 0.000491081,
    "p50": 0.000725921,
    "p75": 0.000930171,
    "p90": 0.001064171,
    "p95": 0.001278036,
    "p99": 0.001724119
  },
  "rps": {
    "mean": 67046.41566517083,
    "stddev": 10660.976039652804,
    "max": 96395.64544457317,
    "percentiles": {
      "p10": 53547.44839402531,
      "p25": 58840.594125887095,
      "p50": 66057.07250384167,
      "p75": 74277.3003865121,
      "p90": 82019.64370466619,
      "p95": 86538.11483127096,
      "p99": 93001.76703357314
    }
  },
  "details": {
    "DNSDialup": {
      "average": 0.0007198831999999999,
      "fastest": 0.000073849,
      "slowest": 0.001367414
    },
    "DNSLookup": {
      "average": 0.00000668526,
      "fastest": 0.000003507,
      "slowest": 0.000032281
    }
  },
  "statusCodeDistribution": {
    "200": 670545
  },
  "errorDistribution": {}
}