{
  "summary": {
    "successRate": 1,
    "total": 10.00067768,
    "slowest": 0.003281464,
    "fastest": 0.000039009,
    "average": 0.0006774544050314411,
    "requestsPerSec": 73667.80768000914,
    "totalData": 9577464,
    "sizePerRequest": 13,
    "sizePerSec": 957681.4998401188
  },
  "responseTimeHistogram": {
    "0.000039009": 1,
    "0.0003632545": 45536,
    "0.0006875": 370450,
    "0.0010117454999999998": 265346,
    "0.001335991": 41838,
    "0.0016602365": 11301,
    "0.0019844819999999997": 1807,
    "0.0023087274999999997": 313,
    "0.002632973": 104,
    "0.0029572185": 25,
    "0.003281464": 7
  },
  "latencyPercentiles": {
    "p10": 0.000413744,
    "p25": 0.000527125,
    "p50": 0.000652756,
    "p75": 0.000793437,
    "p90": 0.000946449,
    "p95": 0.001111247,
    "p99": 0.001458382
  },
  "rps": {
    "mean": 73675.74551420668,
    "stddev": 6813.534433871096,
    "max": 91539.4809781461,
    "percentiles": {
      "p10": 64651.320217990324,
      "p25": 69191.5013182018,
      "p50": 73646.21185949838,
      "p75": 78429.5757930318,
      "p90": 82636.5418788128,
      "p95": 84987.0779410981,
      "p99": 88579.43804003175
    }
  },
  "details": {
    "DNSDialup": {
      "average": 0.0004496135400000001,
      "fastest": 0.000070797,
      "slowest": 0.000744194
    },
    "DNSLookup": {
      "average": 0.000004677,
      "fastest": 0.000001942,
      "slowest": 0.000031087
    }
  },
  "statusCodeDistribution": {
    "200": 736728
  },
  "errorDistribution": {}
}