{
  "summary": {
    "successRate": 1,
    "total": 10.000158136,
    "slowest": 0.003418864,
    "fastest": 0.000040191,
    "average": 0.0006803690426531024,
    "requestsPerSec": 73315.94061104156,
    "totalData": 9531223,
    "sizePerRequest": 13,
    "sizePerSec": 953107.2279435402
  },
  "responseTimeHistogram": {
    "0.000040191": 1,
    "0.0003780583": 61892,
    "0.0007159256": 394654,
    "0.0010537928999999999": 217159,
    "0.0013916602": 42780,
    "0.0017295275": 13161,
    "0.0020673948": 3338,
    "0.0024052621": 173,
    "0.0027431294": 8,
    "0.0030809967": 2,
    "0.003418864": 3
  },
  "latencyPercentiles": {
    "p10": 0.000393659,
    "p25": 0.000487671,
    "p50": 0.000623275,
    "p75": 0.000844344,
    "p90": 0.001008243,
    "p95": 0.0011641,
    "p99": 0.00160251
  },
  "rps": {
    "mean": 73319.30236170707,
    "stddev": 13864.42314345948,
    "max": 99048.60886128515,
    "percentiles": {
      "p10": 55935.27278301543,
      "p25": 59886.7579462357,
      "p50": 72997.93402829261,
      "p75": 86569.96584639042,
      "p90": 92058.3587887781,
      "p95": 93826.51567373445,
      "p99": 96816.08515481035
    }
  },
  "details": {
    "DNSDialup": {
      "average": 0.0010797204800000002,
      "fastest": 0.000134673,
      "slowest": 0.001966871
    },
    "DNSLookup": {
      "average": 0.000010202240000000001,
      "fastest": 0.000004589,
      "slowest": 0.000033863
    }
  },
  "statusCodeDistribution": {
    "200": 733171
  },
  "errorDistribution": {}
}