{
  "summary": {
    "successRate": 1,
    "total": 10.000346332,
    "slowest": 0.003882239,
    "fastest": 0.000036254,
    "average": 0.0006812727271799894,
    "requestsPerSec": 73222.66406483091,
    "totalData": 9519276,
    "sizePerRequest": 13,
    "sizePerSec": 951894.6328428019
  },
  "responseTimeHistogram": {
    "0.000036254": 1,
    "0.0004208525": 95952,
    "0.000805451": 429902,
    "0.0011900495": 170242,
    "0.001574648": 28824,
    "0.0019592465": 6760,
    "0.0023438449999999998": 476,
    "0.0027284435": 58,
    "0.003113042": 12,
    "0.0034976405": 13,
    "0.003882239": 12
  },
  "latencyPercentiles": {
    "p10": 0.000395932,
    "p25": 0.000488706,
    "p50": 0.000626174,
    "p75": 0.000834795,
    "p90": 0.001018826,
    "p95": 0.001187036,
    "p99": 0.001574908
  },
  "rps": {
    "mean": 73230.41339142963,
    "stddev": 12404.157222199763,
    "max": 99204.3947546877,
    "percentiles": {
      "p10": 57433.04122861972,
      "p25": 61813.611357217414,
      "p50": 72651.56808302192,
      "p75": 84216.06842585554,
      "p90": 90917.4743385702,
      "p95": 93169.23405783245,
      "p99": 95927.14588875094
    }
  },
  "details": {
    "DNSDialup": {
      "average": 0.0010922119800000003,
      "fastest": 0.000087851,
      "slowest": 0.002063372
    },
    "DNSLookup": {
      "average": 0.000011965080000000004,
      "fastest": 0.000003987,
      "slowest": 0.000224279
    }
  },
  "statusCodeDistribution": {
    "200": 732252
  },
  "errorDistribution": {}
}