{
  "summary": {
    "successRate": 1,
    "total": 10.000880042,
    "slowest": 0.016073204,
    "fastest": 0.000408795,
    "average": 0.002116791354969632,
    "requestsPerSec": 23600.223081247914,
    "totalData": 3068299,
    "sizePerRequest": 13,
    "sizePerSec": 306802.90005622286
  },
  "responseTimeHistogram": {
    "0.000408795": 1,
    "0.0019752359": 94255,
    "0.0035416768": 136828,
    "0.0051081176999999995": 2868,
    "0.0066745586": 641,
    "0.0082409995": 154,
    "0.009807440399999999": 383,
    "0.0113738813": 682,
    "0.0129403222": 105,
    "0.0145067631": 66,
    "0.016073204": 40
  },
  "latencyPercentiles": {
    "p10": 0.00167068,
    "p25": 0.001931776,
    "p50": 0.002005976,
    "p75": 0.002135974,
    "p90": 0.00246647,
    "p95": 0.002983863,
    "p99": 0.004809141
  },
  "rps": {
    "mean": 23587.72428346779,
    "stddev": 4317.46336675517,
    "max": 29373.364534820917,
    "percentiles": {
      "p10": 21520.707224491358,
      "p25": 23052.948487618083,
      "p50": 24914.25344439375,
      "p75": 25657.50565427043,
      "p90": 26322.55941385371,
      "p95": 26801.957118016537,
      "p99": 28159.365240616546
    }
  },
  "details": {
    "DNSDialup": {
      "average": 0.0014504703799999993,
      "fastest": 0.000068299,
      "slowest": 0.002954964
    },
    "DNSLookup": {
      "average": 0.00000488992,
      "fastest": 0.0000031,
      "slowest": 0.000048499
    }
  },
  "statusCodeDistribution": {
    "200": 236023
  },
  "errorDistribution": {}
}