{
  "summary": {
    "successRate": 1,
    "total": 10.000634158,
    "slowest": 0.010846498,
    "fastest": 0.000993601,
    "average": 0.001627744795316999,
    "requestsPerSec": 30679.154456876793,
    "totalData": 3988543,
    "sizePerRequest": 13,
    "sizePerSec": 398829.0079393983
  },
  "responseTimeHistogram": {
    "0.000993601": 1,
    "0.0019788907": 301473,
    "0.0029641803999999996": 2649,
    "0.0039494701": 1839,
    "0.0049347598": 462,
    "0.0059200495": 106,
    "0.006905339199999999": 181,
    "0.007890628899999998": 25,
    "0.0088759186": 46,
    "0.009861208299999999": 10,
    "0.010846498": 19
  },
  "latencyPercentiles": {
    "p10": 0.001517431,
    "p25": 0.001550109,
    "p50": 0.001590754,
    "p75": 0.001639059,
    "p90": 0.001708851,
    "p95": 0.001764319,
    "p99": 0.002802522
  },
  "rps": {
    "mean": 30664.00855465074,
    "stddev": 3074.6933286901076,
    "max": 32880.59311748673,
    "percentiles": {
      "p10": 30241.38674903093,
      "p25": 30925.968535779444,
      "p50": 31257.7356593781,
      "p75": 31559.19576615607,
      "p90": 31922.64592501949,
      "p95": 32123.018310922926,
      "p99": 32457.820096173607
    }
  },
  "details": {
    "DNSDialup": {
      "average": 0.00077900426,
      "fastest": 0.000165952,
      "slowest": 0.001110558
    },
    "DNSLookup": {
      "average": 0.000009088980000000001,
      "fastest": 0.000004008,
      "slowest": 0.0000536
    }
  },
  "statusCodeDistribution": {
    "200": 306811
  },
  "errorDistribution": {}
}