{
  "summary": {
    "successRate": 1,
    "total": 10.0014515,
    "slowest": 0.020230395,
    "fastest": 0.000488099,
    "average": 0.00178838469425632,
    "requestsPerSec": 27932.74556198168,
    "totalData": 3631784,
    "sizePerRequest": 13,
    "sizePerSec": 363125.6923057618
  },
  "responseTimeHistogram": {
    "0.000488099": 1,
    "0.0024623286000000004": 262758,
    "0.0044365582": 14475,
    "0.0064107878000000005": 1228,
    "0.008385017400000002": 213,
    "0.010359247000000002": 643,
    "0.012333476600000002": 0,
    "0.014307706200000003": 11,
    "0.0162819358": 37,
    "0.018256165400000003": 1,
    "0.020230395": 1
  },
  "latencyPercentiles": {
    "p10": 0.001355499,
    "p25": 0.0016323,
    "p50": 0.0017596,
    "p75": 0.0018033,
    "p90": 0.0018542,
    "p95": 0.0028872,
    "p99": 0.003936999
  },
  "rps": {
    "mean": 27932.071265712686,
    "stddev": 4677.010965303407,
    "max": 31645.89493280691,
    "percentiles": {
      "p10": 24567.98346199818,
      "p25": 27208.02128610987,
      "p50": 29895.983332275668,
      "p75": 30125.72024725096,
      "p90": 30321.98193643428,
      "p95": 30661.592725983992,
      "p99": 31195.745021529936
    }
  },
  "details": {
    "DNSDialup": {
      "average": 0.000752586,
      "fastest": 0.0000391,
      "slowest": 0.0011155
    },
    "DNSLookup": {
      "average": 0.000004504,
      "fastest": 0.000003,
      "slowest": 0.0000336
    }
  },
  "statusCodeDistribution": {
    "200": 279368
  },
  "errorDistribution": {}
}