{
  "summary": {
    "successRate": 1,
    "total": 10.000400236,
    "slowest": 0.01037513,
    "fastest": 0.00035768,
    "average": 0.0015698982324369322,
    "requestsPerSec": 31806.92697227763,
    "totalData": 4135066,
    "sizePerRequest": 13,
    "sizePerSec": 413490.05063960917
  },
  "responseTimeHistogram": {
    "0.00035768": 1,
    "0.001359425": 632,
    "0.00236117": 314014,
    "0.003362915": 2471,
    "0.00436466": 584,
    "0.005366405": 162,
    "0.00636815": 100,
    "0.0073698950000000004": 78,
    "0.00837164": 17,
    "0.009373385000000001": 11,
    "0.01037513": 12
  },
  "latencyPercentiles": {
    "p10": 0.001465197,
    "p25": 0.001498118,
    "p50": 0.001539416,
    "p75": 0.001586563,
    "p90": 0.00165413,
    "p95": 0.001714874,
    "p99": 0.002433266
  },
  "rps": {
    "mean": 31799.9846669172,
    "stddev": 2790.0136609536657,
    "max": 36333.19355146366,
    "percentiles": {
      "p10": 31206.73129194017,
      "p25": 32028.4989583736,
      "p50": 32323.532703534926,
      "p75": 32649.48096987979,
      "p90": 33098.782096808114,
      "p95": 33218.71526213779,
      "p99": 33493.078690919705
    }
  },
  "details": {
    "DNSDialup": {
      "average": 0.00106674588,
      "fastest": 0.000140954,
      "slowest": 0.001853614
    },
    "DNSLookup": {
      "average": 0.000018624099999999997,
      "fastest": 0.000004619,
      "slowest": 0.000200725
    }
  },
  "statusCodeDistribution": {
    "200": 318082
  },
  "errorDistribution": {}
}