{
  "summary": {
    "successRate": 1,
    "total": 10.000687833,
    "slowest": 0.011790618,
    "fastest": 0.000451417,
    "average": 0.0015182296273032136,
    "requestsPerSec": 32897.137226341016,
    "totalData": 4276922,
    "sizePerRequest": 13,
    "sizePerSec": 427662.78394243325
  },
  "responseTimeHistogram": {
    "0.000451417": 1,
    "0.0015853370999999998": 284313,
    "0.0027192571999999997": 42334,
    "0.0038531773": 1500,
    "0.0049870973999999995": 404,
    "0.006121017499999999": 126,
    "0.0072549376": 182,
    "0.0083888577": 91,
    "0.0095227778": 20,
    "0.0106566979": 10,
    "0.011790618": 13
  },
  "latencyPercentiles": {
    "p10": 0.001413118,
    "p25": 0.001437894,
    "p50": 0.001479686,
    "p75": 0.001528518,
    "p90": 0.001625963,
    "p95": 0.001694103,
    "p99": 0.002360117
  },
  "rps": {
    "mean": 32885.76750308835,
    "stddev": 3185.5524761491924,
    "max": 35201.90562338776,
    "percentiles": {
      "p10": 32327.25187332902,
      "p25": 33112.12897284121,
      "p50": 33425.16246230022,
      "p75": 33836.82943200504,
      "p90": 34225.97701322971,
      "p95": 34392.12525530994,
      "p99": 34749.61898093805
    }
  },
  "details": {
    "DNSDialup": {
      "average": 0.0005730329999999997,
      "fastest": 0.000077865,
      "slowest": 0.001296004
    },
    "DNSLookup": {
      "average": 0.000005002559999999999,
      "fastest": 0.000002654,
      "slowest": 0.00002739
    }
  },
  "statusCodeDistribution": {
    "200": 328994
  },
  "errorDistribution": {}
}