{
  "summary": {
    "successRate": 1,
    "total": 10.000296815,
    "slowest": 0.011331107,
    "fastest": 0.000582142,
    "average": 0.001529679325029969,
    "requestsPerSec": 32640.331186009902,
    "totalData": 4243369,
    "sizePerRequest": 13,
    "sizePerSec": 424324.30541812873
  },
  "responseTimeHistogram": {
    "0.000582142": 1,
    "0.0016570384999999997": 295959,
    "0.0027319349999999996": 27790,
    "0.0038068314999999994": 1909,
    "0.004881727999999999": 401,
    "0.0059566244999999995": 72,
    "0.007031520999999999": 122,
    "0.0081064175": 70,
    "0.009181314": 62,
    "0.0102562105": 10,
    "0.011331107": 17
  },
  "latencyPercentiles": {
    "p10": 0.001413389,
    "p25": 0.001448128,
    "p50": 0.001490418,
    "p75": 0.001539958,
    "p90": 0.001645931,
    "p95": 0.001725854,
    "p99": 0.002557072
  },
  "rps": {
    "mean": 32610.687188385156,
    "stddev": 3321.9741901421703,
    "max": 35202.098085623285,
    "percentiles": {
      "p10": 32172.945669445864,
      "p25": 32711.30829927698,
      "p50": 33240.76284528732,
      "p75": 33610.21078203634,
      "p90": 34085.4351431871,
      "p95": 34269.239708693014,
      "p99": 34593.603099747095
    }
  },
  "details": {
    "DNSDialup": {
      "average": 0.0012091622400000003,
      "fastest": 0.00010682,
      "slowest": 0.0020569
    },
    "DNSLookup": {
      "average": 0.000020253760000000003,
      "fastest": 0.000004469,
      "slowest": 0.00054982
    }
  },
  "statusCodeDistribution": {
    "200": 326413
  },
  "errorDistribution": {}
}