{
  "summary": {
    "successRate": 1,
    "total": 10.00086593,
    "slowest": 0.016899235,
    "fastest": 0.000415513,
    "average": 0.002348327571781794,
    "requestsPerSec": 21270.258144536492,
    "totalData": 2765373,
    "sizePerRequest": 13,
    "sizePerSec": 276513.35587897437
  },
  "responseTimeHistogram": {
    "0.000415513": 1,
    "0.0020638852": 37791,
    "0.0037122574": 168801,
    "0.005360629600000001": 4092,
    "0.0070090018": 618,
    "0.008657373999999999": 211,
    "0.0103057462": 226,
    "0.0119541184": 707,
    "0.0136024906": 122,
    "0.015250862799999999": 140,
    "0.016899235": 12
  },
  "latencyPercentiles": {
    "p10": 0.001846158,
    "p25": 0.002121567,
    "p50": 0.00220877,
    "p75": 0.002366852,
    "p90": 0.00277456,
    "p95": 0.003459475,
    "p99": 0.005262666
  },
  "rps": {
    "mean": 21282.5597246412,
    "stddev": 3997.8809011855915,
    "max": 27021.6825708084,
    "percentiles": {
      "p10": 18936.139622469735,
      "p25": 20389.299695520072,
      "p50": 22579.183584031063,
      "p75": 23228.53393108204,
      "p90": 23883.31187019846,
      "p95": 24309.196168912113,
      "p99": 25862.352903518993
    }
  },
  "details": {
    "DNSDialup": {
      "average": 0.00180741324,
      "fastest": 0.000087803,
      "slowest": 0.003488911
    },
    "DNSLookup": {
      "average": 0.00000656024,
      "fastest": 0.0000038,
      "slowest": 0.000055401
    }
  },
  "statusCodeDistribution": {
    "200": 212721
  },
  "errorDistribution": {}
}