{
  "summary": {
    "successRate": 1,
    "total": 10.000619587,
    "slowest": 0.011779092,
    "fastest": 0.000848879,
    "average": 0.001619826788020409,
    "requestsPerSec": 30828.889882060466,
    "totalData": 4008004,
    "sizePerRequest": 13,
    "sizePerSec": 400775.56846678606
  },
  "responseTimeHistogram": {
    "0.000848879": 1,
    "0.0019419003": 302266,
    "0.0030349215999999997": 3331,
    "0.0041279429": 1801,
    "0.0052209642": 512,
    "0.0063139855": 212,
    "0.007407006799999999": 96,
    "0.0085000281": 15,
    "0.0095930494": 56,
    "0.0106860707": 5,
    "0.011779092": 13
  },
  "latencyPercentiles": {
    "p10": 0.001501706,
    "p25": 0.001534958,
    "p50": 0.001577912,
    "p75": 0.001630266,
    "p90": 0.001709788,
    "p95": 0.001777826,
    "p99": 0.002881248
  },
  "rps": {
    "mean": 30809.406274875848,
    "stddev": 3295.0760864437607,
    "max": 35714.67873296279,
    "percentiles": {
      "p10": 30106.673967200564,
      "p25": 31007.49761292279,
      "p50": 31467.06565552521,
      "p75": 32016.41488616627,
      "p90": 32312.409298057533,
      "p95": 32497.355781557435,
      "p99": 32892.62248654236
    }
  },
  "details": {
    "DNSDialup": {
      "average": 0.0007009631,
      "fastest": 0.000086169,
      "slowest": 0.00117239
    },
    "DNSLookup": {
      "average": 0.000008316520000000004,
      "fastest": 0.000003857,
      "slowest": 0.000045394
    }
  },
  "statusCodeDistribution": {
    "200": 308308
  },
  "errorDistribution": {}
}