{
  "summary": {
    "successRate": 1,
    "total": 10.000221898,
    "slowest": 0.011804399,
    "fastest": 0.000913553,
    "average": 0.0015803544227641156,
    "requestsPerSec": 31597.298862257707,
    "totalData": 4107740,
    "sizePerRequest": 13,
    "sizePerSec": 410764.8852093502
  },
  "responseTimeHistogram": {
    "0.000913553": 1,
    "0.0020026376": 311172,
    "0.0030917222000000004": 2970,
    "0.004180806800000001": 1211,
    "0.005269891400000001": 189,
    "0.0063589760000000006": 263,
    "0.007448060600000001": 49,
    "0.0085371452": 96,
    "0.0096262298": 10,
    "0.0107153144": 10,
    "0.011804399": 9
  },
  "latencyPercentiles": {
    "p10": 0.001474052,
    "p25": 0.001505838,
    "p50": 0.001545748,
    "p75": 0.001591428,
    "p90": 0.001659725,
    "p95": 0.001713845,
    "p99": 0.002635983
  },
  "rps": {
    "mean": 31593.21922582646,
    "stddev": 3105.109497461508,
    "max": 34670.2175916885,
    "percentiles": {
      "p10": 31197.614215117796,
      "p25": 31810.602473806593,
      "p50": 32207.655638968023,
      "p75": 32498.209831583816,
      "p90": 32799.45347659449,
      "p95": 33012.17205944117,
      "p99": 33305.62603102694
    }
  },
  "details": {
    "DNSDialup": {
      "average": 0.0006119994799999999,
      "fastest": 0.000085486,
      "slowest": 0.001021362
    },
    "DNSLookup": {
      "average": 0.000007511,
      "fastest": 0.000003867,
      "slowest": 0.000033463
    }
  },
  "statusCodeDistribution": {
    "200": 315980
  },
  "errorDistribution": {}
}