{
  "summary": {
    "successRate": 1,
    "total": 10.000378433,
    "slowest": 0.010889152,
    "fastest": 0.000809368,
    "average": 0.0015083003594622267,
    "requestsPerSec": 33105.14719198327,
    "totalData": 4303832,
    "sizePerRequest": 13,
    "sizePerSec": 430366.91349578253
  },
  "responseTimeHistogram": {
    "0.000809368": 1,
    "0.0018173464": 326622,
    "0.0028253248": 2562,
    "0.0038333032": 1401,
    "0.0048412816000000004": 315,
    "0.00584926": 86,
    "0.0068572384": 30,
    "0.0078652168": 7,
    "0.0088731952": 14,
    "0.0098811736": 10,
    "0.010889152": 16
  },
  "latencyPercentiles": {
    "p10": 0.001407734,
    "p25": 0.001441417,
    "p50": 0.001484579,
    "p75": 0.001533047,
    "p90": 0.001589088,
    "p95": 0.001625747,
    "p99": 0.002334614
  },
  "rps": {
    "mean": 33100.51424535239,
    "stddev": 2747.541459367353,
    "max": 37230.70850038284,
    "percentiles": {
      "p10": 32800.306617667375,
      "p25": 33204.75102806847,
      "p50": 33503.85781693733,
      "p75": 33915.04132082697,
      "p90": 34183.5911682947,
      "p95": 34308.2961710749,
      "p99": 34600.017167329046
    }
  },
  "details": {
    "DNSDialup": {
      "average": 0.00120275332,
      "fastest": 0.000084922,
      "slowest": 0.002922407
    },
    "DNSLookup": {
      "average": 0.000028209560000000006,
      "fastest": 0.000003156,
      "slowest": 0.000983648
    }
  },
  "statusCodeDistribution": {
    "200": 331064
  },
  "errorDistribution": {}
}