{
  "summary": {
    "successRate": 1,
    "total": 10.000460107,
    "slowest": 0.011832039,
    "fastest": 0.000696434,
    "average": 0.0015630676532748043,
    "requestsPerSec": 31948.33003497126,
    "totalData": 4153474,
    "sizePerRequest": 13,
    "sizePerSec": 415328.2904546264
  },
  "responseTimeHistogram": {
    "0.000696434": 1,
    "0.0018099945000000003": 313495,
    "0.0029235550000000004": 3492,
    "0.004037115500000001": 1244,
    "0.005150676000000001": 758,
    "0.006264236500000001": 304,
    "0.007377797000000001": 110,
    "0.008491357500000001": 60,
    "0.009604918": 10,
    "0.0107184785": 10,
    "0.011832039": 14
  },
  "latencyPercentiles": {
    "p10": 0.001455763,
    "p25": 0.001486447,
    "p50": 0.001525033,
    "p75": 0.001571749,
    "p90": 0.001636667,
    "p95": 0.001689791,
    "p99": 0.002672773
  },
  "rps": {
    "mean": 31929.25658336797,
    "stddev": 3427.0362631417306,
    "max": 34457.291559302015,
    "percentiles": {
      "p10": 31522.671105059395,
      "p25": 32183.811402059833,
      "p50": 32519.06140524944,
      "p75": 33022.45628323246,
      "p90": 33268.278726476834,
      "p95": 33459.19936142861,
      "p99": 33782.730790848065
    }
  },
  "details": {
    "DNSDialup": {
      "average": 0.0007101208,
      "fastest": 0.000088206,
      "slowest": 0.001620992
    },
    "DNSLookup": {
      "average": 0.000006538000000000001,
      "fastest": 0.000003317,
      "slowest": 0.00003714
    }
  },
  "statusCodeDistribution": {
    "200": 319498
  },
  "errorDistribution": {}
}