{
  "summary": {
    "successRate": 1,
    "total": 10.000687097,
    "slowest": 0.01201813,
    "fastest": 0.000596167,
    "average": 0.001607476715184704,
    "requestsPerSec": 31065.36550805555,
    "totalData": 4038775,
    "sizePerRequest": 13,
    "sizePerSec": 403849.7516047222
  },
  "responseTimeHistogram": {
    "0.000596167": 1,
    "0.0017383632999999998": 287234,
    "0.0028805595999999998": 20516,
    "0.0040227559": 2015,
    "0.0051649522": 450,
    "0.0063071485": 119,
    "0.0074493447999999995": 223,
    "0.008591541099999999": 65,
    "0.0097337374": 27,
    "0.0108759337": 15,
    "0.01201813": 10
  },
  "latencyPercentiles": {
    "p10": 0.001491104,
    "p25": 0.001522641,
    "p50": 0.001563392,
    "p75": 0.001613761,
    "p90": 0.001709889,
    "p95": 0.001773538,
    "p99": 0.002797111
  },
  "rps": {
    "mean": 31053.360487641898,
    "stddev": 3311.0816938631892,
    "max": 33394.51262180599,
    "percentiles": {
      "p10": 30586.268417139174,
      "p25": 31250.633203352976,
      "p50": 31639.790200155116,
      "p75": 32162.35233836808,
      "p90": 32436.60795574062,
      "p95": 32677.31579541896,
      "p99": 33048.091582871
    }
  },
  "details": {
    "DNSDialup": {
      "average": 0.0008193908,
      "fastest": 0.000103722,
      "slowest": 0.001217499
    },
    "DNSLookup": {
      "average": 0.000006552760000000002,
      "fastest": 0.000003537,
      "slowest": 0.000031519
    }
  },
  "statusCodeDistribution": {
    "200": 310675
  },
  "errorDistribution": {}
}