{
  "summary": {
    "successRate": 1,
    "total": 10.002152396,
    "slowest": 0.025897818,
    "fastest": 0.000512901,
    "average": 0.0034343756162967757,
    "requestsPerSec": 14543.269712444402,
    "totalData": 1891032,
    "sizePerRequest": 13,
    "sizePerSec": 189062.50626177722
  },
  "responseTimeHistogram": {
    "0.000512901": 1,
    "0.0030513927000000002": 34597,
    "0.0055898844": 104499,
    "0.008128376100000001": 5071,
    "0.0106668678": 706,
    "0.0132053595": 342,
    "0.015743851200000002": 166,
    "0.0182823429": 33,
    "0.0208208346": 37,
    "0.0233593263": 0,
    "0.025897818": 12
  },
  "latencyPercentiles": {
    "p10": 0.002500301,
    "p25": 0.003078902,
    "p50": 0.003307402,
    "p75": 0.003519502,
    "p90": 0.004060002,
    "p95": 0.005380804,
    "p99": 0.008003306
  },
  "rps": {
    "mean": 14536.629207834652,
    "stddev": 2762.126601580894,
    "max": 19545.44344009019,
    "percentiles": {
      "p10": 11007.037900033172,
      "p25": 14108.0535823876,
      "p50": 15325.57978782147,
      "p75": 16209.390099684604,
      "p90": 16671.875364697444,
      "p95": 17038.66755214185,
      "p99": 17732.29252249586
    }
  },
  "details": {
    "DNSDialup": {
      "average": 0.0020839953799999997,
      "fastest": 0.0000939,
      "slowest": 0.004349803
    },
    "DNSLookup": {
      "average": 0.00000763002,
      "fastest": 0.0000061,
      "slowest": 0.0000358
    }
  },
  "statusCodeDistribution": {
    "200": 145464
  },
  "errorDistribution": {}
}