{
  "summary": {
    "successRate": 1,
    "total": 10.00153103,
    "slowest": 0.023695105,
    "fastest": 0.000644806,
    "average": 0.00445338165489452,
    "requestsPerSec": 11216.882661613858,
    "totalData": 1458418,
    "sizePerRequest": 13,
    "sizePerSec": 145819.47460098015
  },
  "responseTimeHistogram": {
    "0.000644806": 1,
    "0.0029498359": 8301,
    "0.0052548658": 84688,
    "0.0075598957": 15305,
    "0.0098649256": 2472,
    "0.0121699555": 607,
    "0.0144749854": 350,
    "0.016780015300000003": 287,
    "0.0190850452": 83,
    "0.0213900751": 62,
    "0.023695105": 30
  },
  "latencyPercentiles": {
    "p10": 0.003362927,
    "p25": 0.003826633,
    "p50": 0.004201534,
    "p75": 0.004779041,
    "p90": 0.005896649,
    "p95": 0.006952357,
    "p99": 0.01035139
  },
  "rps": {
    "mean": 11261.928638720105,
    "stddev": 2607.531477769566,
    "max": 17225.9398642437,
    "percentiles": {
      "p10": 7585.49285682884,
      "p25": 10178.759372092267,
      "p50": 12108.250561932917,
      "p75": 12933.92542522491,
      "p90": 13541.434117382227,
      "p95": 13954.602284406466,
      "p99": 15297.874085034111
    }
  },
  "details": {
    "DNSDialup": {
      "average": 0.00242209698,
      "fastest": 0.000097101,
      "slowest": 0.004502839
    },
    "DNSLookup": {
      "average": 0.00001138812,
      "fastest": 0.0000061,
      "slowest": 0.000137701
    }
  },
  "statusCodeDistribution": {
    "200": 112186
  },
  "errorDistribution": {}
}