{
  "summary": {
    "successRate": 1,
    "total": 10.000755647,
    "slowest": 0.013871468,
    "fastest": 0.000574014,
    "average": 0.0015096007575921633,
    "requestsPerSec": 33084.29999479618,
    "totalData": 4301284,
    "sizePerRequest": 13,
    "sizePerSec": 430095.8999323504
  },
  "responseTimeHistogram": {
    "0.000574014": 1,
    "0.0019037593999999998": 325708,
    "0.0032335047999999997": 3908,
    "0.0045632502": 790,
    "0.0058929956": 185,
    "0.007222741": 179,
    "0.008552486399999998": 21,
    "0.009882231799999999": 29,
    "0.011211977199999999": 36,
    "0.0125417226": 9,
    "0.013871468": 2
  },
  "latencyPercentiles": {
    "p10": 0.001405175,
    "p25": 0.001430343,
    "p50": 0.001472456,
    "p75": 0.00152203,
    "p90": 0.00161458,
    "p95": 0.001679959,
    "p99": 0.002353312
  },
  "rps": {
    "mean": 33047.55489216705,
    "stddev": 3242.0398555463225,
    "max": 35481.31522423894,
    "percentiles": {
      "p10": 32502.296998270762,
      "p25": 33226.07687225376,
      "p50": 33560.48304520438,
      "p75": 34107.52739085277,
      "p90": 34405.96920083509,
      "p95": 34593.017724953344,
      "p99": 35057.67390318783
    }
  },
  "details": {
    "DNSDialup": {
      "average": 0.00068916344,
      "fastest": 0.000096545,
      "slowest": 0.001113085
    },
    "DNSLookup": {
      "average": 0.0000048069000000000005,
      "fastest": 0.000002554,
      "slowest": 0.000030556
    }
  },
  "statusCodeDistribution": {
    "200": 330868
  },
  "errorDistribution": {}
}