{
  "summary": {
    "successRate": 1,
    "total": 10.000742282,
    "slowest": 0.014966831,
    "fastest": 0.000479492,
    "average": 0.0020244381127726588,
    "requestsPerSec": 24679.66807266237,
    "totalData": 3208595,
    "sizePerRequest": 13,
    "sizePerSec": 320835.6849446108
  },
  "responseTimeHistogram": {
    "0.000479492": 1,
    "0.0019282259": 67552,
    "0.0033769598": 174749,
    "0.0048256937": 3365,
    "0.0062744276": 411,
    "0.007723161500000001": 72,
    "0.0091718954": 15,
    "0.0106206293": 69,
    "0.0120693632": 349,
    "0.013518097100000001": 164,
    "0.014966831000000002": 68
  },
  "latencyPercentiles": {
    "p10": 0.001541872,
    "p25": 0.00165127,
    "p50": 0.002041064,
    "p75": 0.002086862,
    "p90": 0.002141861,
    "p95": 0.002814249,
    "p99": 0.003639334
  },
  "rps": {
    "mean": 24690.42118323478,
    "stddev": 3729.4064199045124,
    "max": 29132.61535797912,
    "percentiles": {
      "p10": 22426.310794720073,
      "p25": 24558.39741320885,
      "p50": 26018.22316350383,
      "p75": 26205.175511966667,
      "p90": 26358.31039363174,
      "p95": 26518.615658637536,
      "p99": 27646.708038661953
    }
  },
  "details": {
    "DNSDialup": {
      "average": 0.00152688454,
      "fastest": 0.000064199,
      "slowest": 0.00164147
    },
    "DNSLookup": {
      "average": 0.000004227959999999999,
      "fastest": 0.000003,
      "slowest": 0.000042399
    }
  },
  "statusCodeDistribution": {
    "200": 246815
  },
  "errorDistribution": {}
}