{
  "summary": {
    "successRate": 1,
    "total": 10.000370177,
    "slowest": 0.012020764,
    "fastest": 0.000456489,
    "average": 0.0015414210388887668,
    "requestsPerSec": 32391.20095224051,
    "totalData": 4211012,
    "sizePerRequest": 13,
    "sizePerSec": 421085.6123791266
  },
  "responseTimeHistogram": {
    "0.000456489": 1,
    "0.0016129165": 285365,
    "0.002769344": 34986,
    "0.0039257714999999995": 2734,
    "0.005082199": 541,
    "0.0062386264999999995": 113,
    "0.007395054": 89,
    "0.0085514815": 58,
    "0.009707909": 12,
    "0.010864336499999998": 10,
    "0.012020764": 15
  },
  "latencyPercentiles": {
    "p10": 0.001417442,
    "p25": 0.001451959,
    "p50": 0.001495207,
    "p75": 0.001546763,
    "p90": 0.001632355,
    "p95": 0.001719257,
    "p99": 0.002860095
  },
  "rps": {
    "mean": 32381.056179325635,
    "stddev": 3504.573375946709,
    "max": 34907.48660966047,
    "percentiles": {
      "p10": 31262.09830598746,
      "p25": 32534.958813242563,
      "p50": 33256.16224089255,
      "p75": 33666.05954203315,
      "p90": 34130.83037908061,
      "p95": 34267.011984080105,
      "p99": 34561.489630788776
    }
  },
  "details": {
    "DNSDialup": {
      "average": 0.0009799486800000001,
      "fastest": 0.000086942,
      "slowest": 0.002101666
    },
    "DNSLookup": {
      "average": 0.000009866859999999998,
      "fastest": 0.000005009,
      "slowest": 0.000049733
    }
  },
  "statusCodeDistribution": {
    "200": 323924
  },
  "errorDistribution": {}
}