{
  "summary": {
    "successRate": 1,
    "total": 10.000762972,
    "slowest": 0.009577083,
    "fastest": 0.000618576,
    "average": 0.0012117616231625645,
    "requestsPerSec": 41215.95533801238,
    "totalData": 5358483,
    "sizePerRequest": 13,
    "sizePerSec": 535807.419394161
  },
  "responseTimeHistogram": {
    "0.000618576": 1,
    "0.0015144267000000002": 406124,
    "0.0024102774000000003": 3599,
    "0.0033061281000000007": 1462,
    "0.004201978800000001": 498,
    "0.0050978295000000005": 127,
    "0.005993680200000001": 83,
    "0.006889530900000001": 162,
    "0.007785381600000001": 65,
    "0.008681232300000001": 64,
    "0.009577083": 6
  },
  "latencyPercentiles": {
    "p10": 0.001125841,
    "p25": 0.001149643,
    "p50": 0.001179562,
    "p75": 0.001212065,
    "p90": 0.001300469,
    "p95": 0.001368376,
    "p99": 0.001804293
  },
  "rps": {
    "mean": 41212.75095584671,
    "stddev": 4136.304895448875,
    "max": 44258.73474863163,
    "percentiles": {
      "p10": 40746.998423294564,
      "p25": 41333.19055201251,
      "p50": 42006.10768805669,
      "p75": 42462.54879022669,
      "p90": 43014.92187640046,
      "p95": 43278.083324401196,
      "p99": 43559.94567770965
    }
  },
  "details": {
    "DNSDialup": {
      "average": 0.00049448594,
      "fastest": 0.000063313,
      "slowest": 0.001052629
    },
    "DNSLookup": {
      "average": 0.000005646459999999999,
      "fastest": 0.000003131,
      "slowest": 0.000040798
    }
  },
  "statusCodeDistribution": {
    "200": 412191
  },
  "errorDistribution": {}
}