{
  "summary": {
    "successRate": 1,
    "total": 10.00038128,
    "slowest": 0.01287716,
    "fastest": 0.000991233,
    "average": 0.0015956122418546463,
    "requestsPerSec": 31295.70675729276,
    "totalData": 4068597,
    "sizePerRequest": 13,
    "sizePerSec": 406844.1878448059
  },
  "responseTimeHistogram": {
    "0.000991233": 1,
    "0.0021798257": 308440,
    "0.0033684184": 2980,
    "0.0045570111": 980,
    "0.0057456038000000004": 265,
    "0.006934196500000001": 207,
    "0.0081227892": 13,
    "0.0093113819": 13,
    "0.0104999746": 14,
    "0.0116885673": 11,
    "0.01287716": 45
  },
  "latencyPercentiles": {
    "p10": 0.001483074,
    "p25": 0.00151566,
    "p50": 0.001556897,
    "p75": 0.001606286,
    "p90": 0.001683461,
    "p95": 0.001742519,
    "p99": 0.002757776
  },
  "rps": {
    "mean": 31285.12519571548,
    "stddev": 3220.119284749431,
    "max": 33331.33478783408,
    "percentiles": {
      "p10": 31012.885854072185,
      "p25": 31374.234098085788,
      "p50": 31981.562323764763,
      "p75": 32331.700616129725,
      "p90": 32635.51924626721,
      "p95": 32900.671173689734,
      "p99": 33155.857118209824
    }
  },
  "details": {
    "DNSDialup": {
      "average": 0.0010736936,
      "fastest": 0.000100928,
      "slowest": 0.001494814
    },
    "DNSLookup": {
      "average": 0.0000136467,
      "fastest": 0.000004107,
      "slowest": 0.000073798
    }
  },
  "statusCodeDistribution": {
    "200": 312969
  },
  "errorDistribution": {}
}