{
  "summary": {
    "successRate": 1,
    "total": 10.000349053,
    "slowest": 0.010298459,
    "fastest": 0.000856901,
    "average": 0.0015571445520957549,
    "requestsPerSec": 32068.680633081894,
    "totalData": 4169074,
    "sizePerRequest": 13,
    "sizePerSec": 416892.8482300647
  },
  "responseTimeHistogram": {
    "0.000856901": 1,
    "0.0018010568": 314398,
    "0.0027452125999999997": 3859,
    "0.0036893684000000003": 1629,
    "0.0046335242": 454,
    "0.00557768": 175,
    "0.0065218358": 123,
    "0.0074659916": 10,
    "0.0084101474": 20,
    "0.0093543032": 9,
    "0.010298459": 20
  },
  "latencyPercentiles": {
    "p10": 0.001455636,
    "p25": 0.001488485,
    "p50": 0.001528874,
    "p75": 0.001573526,
    "p90": 0.001631886,
    "p95": 0.001687816,
    "p99": 0.002416032
  },
  "rps": {
    "mean": 32059.026096010242,
    "stddev": 2852.558625581344,
    "max": 35859.92911353481,
    "percentiles": {
      "p10": 31439.61076560339,
      "p25": 32197.557774996367,
      "p50": 32528.89216201878,
      "p75": 33008.38302566495,
      "p90": 33270.81530741206,
      "p95": 33427.71056822685,
      "p99": 33823.91350684893
    }
  },
  "details": {
    "DNSDialup": {
      "average": 0.0008308415199999998,
      "fastest": 0.000117256,
      "slowest": 0.001790128
    },
    "DNSLookup": {
      "average": 0.000011003999999999997,
      "fastest": 0.000004769,
      "slowest": 0.000048861
    }
  },
  "statusCodeDistribution": {
    "200": 320698
  },
  "errorDistribution": {}
}