{
  "summary": {
    "successRate": 1,
    "total": 10.000322339,
    "slowest": 0.01296182,
    "fastest": 0.000517297,
    "average": 0.0015003594995718417,
    "requestsPerSec": 33280.82722914318,
    "totalData": 4326647,
    "sizePerRequest": 13,
    "sizePerSec": 432650.7539788613
  },
  "responseTimeHistogram": {
    "0.000517297": 1,
    "0.0017617493": 327805,
    "0.0030062016": 3115,
    "0.004250653900000001": 1591,
    "0.0054951062000000005": 203,
    "0.006739558500000001": 54,
    "0.007984010800000002": 9,
    "0.0092284631": 14,
    "0.010472915400000001": 10,
    "0.011717367700000002": 10,
    "0.012961820000000002": 7
  },
  "latencyPercentiles": {
    "p10": 0.001396586,
    "p25": 0.001431365,
    "p50": 0.001475026,
    "p75": 0.001524485,
    "p90": 0.001579842,
    "p95": 0.001617663,
    "p99": 0.002365254
  },
  "rps": {
    "mean": 33270.77782468947,
    "stddev": 2943.8640363380305,
    "max": 35217.183563768514,
    "percentiles": {
      "p10": 32989.01637783235,
      "p25": 33314.46180786972,
      "p50": 33757.24553698162,
      "p75": 34177.593611925935,
      "p90": 34421.041633518296,
      "p95": 34611.68144248729,
      "p99": 34981.673824842794
    }
  },
  "details": {
    "DNSDialup": {
      "average": 0.0009961275600000002,
      "fastest": 0.000113753,
      "slowest": 0.002084769
    },
    "DNSLookup": {
      "average": 0.00000941174,
      "fastest": 0.000004478,
      "slowest": 0.000046377
    }
  },
  "statusCodeDistribution": {
    "200": 332819
  },
  "errorDistribution": {}
}