{
  "summary": {
    "successRate": 1,
    "total": 10.000294237,
    "slowest": 0.023186396,
    "fastest": 0.00314963,
    "average": 0.003634521367989917,
    "requestsPerSec": 13745.895544893256,
    "totalData": 1787019,
    "sizePerRequest": 13,
    "sizePerSec": 178696.64208361233
  },
  "responseTimeHistogram": {
    "0.00314963": 1,
    "0.0051533066": 134454,
    "0.0071569832": 1511,
    "0.0091606598": 854,
    "0.0111643364": 528,
    "0.013168013000000001": 45,
    "0.0151716896": 34,
    "0.0171753662": 10,
    "0.0191790428": 10,
    "0.0211827194": 10,
    "0.023186396": 6
  },
  "latencyPercentiles": {
    "p10": 0.003366626,
    "p25": 0.003420229,
    "p50": 0.003488484,
    "p75": 0.003626471,
    "p90": 0.00383579,
    "p95": 0.003980722,
    "p99": 0.007318478
  },
  "rps": {
    "mean": 13726.881448078671,
    "stddev": 1815.350581472723,
    "max": 15486.63529358465,
    "percentiles": {
      "p10": 13135.75025790145,
      "p25": 13703.50072791906,
      "p50": 14211.662821396405,
      "p75": 14478.338234250507,
      "p90": 14708.876807152392,
      "p95": 14895.192108612708,
      "p99": 15201.748629600283
    }
  },
  "details": {
    "DNSDialup": {
      "average": 0.00114751572,
      "fastest": 0.000102157,
      "slowest": 0.00260153
    },
    "DNSLookup": {
      "average": 0.000024416980000000002,
      "fastest": 0.000003947,
      "slowest": 0.000857379
    }
  },
  "statusCodeDistribution": {
    "200": 137463
  },
  "errorDistribution": {}
}