{
  "summary": {
    "successRate": 1,
    "total": 10.000637973,
    "slowest": 0.011365513,
    "fastest": 0.000938909,
    "average": 0.0016012969696357416,
    "requestsPerSec": 31186.01041673764,
    "totalData": 4054440,
    "sizePerRequest": 13,
    "sizePerSec": 405418.13541758934
  },
  "responseTimeHistogram": {
    "0.000938909": 1,
    "0.0019815694": 307086,
    "0.0030242298": 2422,
    "0.0040668902": 1540,
    "0.0051095506": 464,
    "0.006152211": 109,
    "0.0071948714": 163,
    "0.008237531800000001": 10,
    "0.0092801922": 15,
    "0.0103228526": 25,
    "0.011365513": 45
  },
  "latencyPercentiles": {
    "p10": 0.001491819,
    "p25": 0.001523112,
    "p50": 0.001563139,
    "p75": 0.001612235,
    "p90": 0.00168772,
    "p95": 0.001744961,
    "p99": 0.002731941
  },
  "rps": {
    "mean": 31172.896211581497,
    "stddev": 3148.6075183029398,
    "max": 33310.6335034508,
    "percentiles": {
      "p10": 30909.325343456247,
      "p25": 31317.811342709378,
      "p50": 31710.21703192598,
      "p75": 32183.24172340151,
      "p90": 32467.413505385655,
      "p95": 32626.41102953865,
      "p99": 32998.62629426692
    }
  },
  "details": {
    "DNSDialup": {
      "average": 0.0007215719799999998,
      "fastest": 0.000074679,
      "slowest": 0.001487061
    },
    "DNSLookup": {
      "average": 0.000007316180000000001,
      "fastest": 0.000003256,
      "slowest": 0.000034193
    }
  },
  "statusCodeDistribution": {
    "200": 311880
  },
  "errorDistribution": {}
}