{
  "summary": {
    "successRate": 1,
    "total": 10.00112369,
    "slowest": 0.01793338,
    "fastest": 0.000269615,
    "average": 0.0018014315348087897,
    "requestsPerSec": 27735.583380231146,
    "totalData": 3606031,
    "sizePerRequest": 13,
    "sizePerSec": 360562.5839430049
  },
  "responseTimeHistogram": {
    "0.000269615": 1,
    "0.0020359914999999998": 258076,
    "0.0038023679999999995": 17504,
    "0.005568744499999999": 913,
    "0.007335120999999999": 98,
    "0.0091014975": 34,
    "0.010867874": 21,
    "0.0126342505": 691,
    "0.014400627": 47,
    "0.0161670035": 1,
    "0.01793338": 1
  },
  "latencyPercentiles": {
    "p10": 0.001371675,
    "p25": 0.001582286,
    "p50": 0.001787697,
    "p75": 0.0018311,
    "p90": 0.001889303,
    "p95": 0.002527238,
    "p99": 0.003467489
  },
  "rps": {
    "mean": 27753.228736292374,
    "stddev": 4526.766715379206,
    "max": 31312.67954430327,
    "percentiles": {
      "p10": 24402.81608497619,
      "p25": 27123.261662619214,
      "p50": 29509.015004080695,
      "p75": 29763.790433447477,
      "p90": 30020.446468151462,
      "p95": 30218.29415528084,
      "p99": 30706.029552258828
    }
  },
  "details": {
    "DNSDialup": {
      "average": 0.0012125542200000002,
      "fastest": 0.000060903,
      "slowest": 0.001343473
    },
    "DNSLookup": {
      "average": 0.000004418240000000001,
      "fastest": 0.000003,
      "slowest": 0.000035802
    }
  },
  "statusCodeDistribution": {
    "200": 277387
  },
  "errorDistribution": {}
}