{
  "summary": {
    "successRate": 1,
    "total": 10.000846304,
    "slowest": 0.01949467,
    "fastest": 0.000471531,
    "average": 0.0027446615314672086,
    "requestsPerSec": 18199.959730128056,
    "totalData": 2366195,
    "sizePerRequest": 13,
    "sizePerSec": 236599.47649166474
  },
  "responseTimeHistogram": {
    "0.000471531": 1,
    "0.0023738449": 29771,
    "0.0042761588": 146603,
    "0.006178472699999999": 3954,
    "0.008080786599999999": 548,
    "0.0099831005": 149,
    "0.011885414399999999": 95,
    "0.0137877283": 748,
    "0.015690042199999997": 11,
    "0.017592356099999998": 112,
    "0.01949467": 23
  },
  "latencyPercentiles": {
    "p10": 0.002106136,
    "p25": 0.00248706,
    "p50": 0.002617368,
    "p75": 0.002825182,
    "p90": 0.003270613,
    "p95": 0.004010058,
    "p99": 0.006074591
  },
  "rps": {
    "mean": 18198.739921222852,
    "stddev": 3602.556393044523,
    "max": 23971.39982138743,
    "percentiles": {
      "p10": 15811.46172860712,
      "p25": 17306.1494929913,
      "p50": 19338.778945469163,
      "p75": 19966.768451546042,
      "p90": 20505.03808785842,
      "p95": 21263.70818407712,
      "p99": 23048.592903621447
    }
  },
  "details": {
    "DNSDialup": {
      "average": 0.0019734364799999997,
      "fastest": 0.000102207,
      "slowest": 0.004084566
    },
    "DNSLookup": {
      "average": 0.000007428379999999999,
      "fastest": 0.0000051,
      "slowest": 0.000060304
    }
  },
  "statusCodeDistribution": {
    "200": 182015
  },
  "errorDistribution": {}
}