{
  "summary": {
    "successRate": 1,
    "total": 10.001831159,
    "slowest": 0.016927315,
    "fastest": 0.000419301,
    "average": 0.0018116112862609259,
    "requestsPerSec": 27565.952235846977,
    "totalData": 3584230,
    "sizePerRequest": 13,
    "sizePerSec": 358357.3790660107
  },
  "responseTimeHistogram": {
    "0.000419301": 1,
    "0.0020701024": 248371,
    "0.0037209037999999996": 23891,
    "0.0053717052": 1854,
    "0.0070225066": 500,
    "0.008673308": 597,
    "0.0103241094": 396,
    "0.011974910799999999": 0,
    "0.013625712199999999": 1,
    "0.0152765136": 63,
    "0.016927315": 36
  },
  "latencyPercentiles": {
    "p10": 0.001387501,
    "p25": 0.001461402,
    "p50": 0.001761902,
    "p75": 0.001898002,
    "p90": 0.002061002,
    "p95": 0.003019003,
    "p99": 0.004134903
  },
  "rps": {
    "mean": 27552.397818329846,
    "stddev": 5205.274784569334,
    "max": 37085.57995063899,
    "percentiles": {
      "p10": 19525.75501024403,
      "p25": 26144.16850760932,
      "p50": 29982.988491444296,
      "p75": 30433.474460513182,
      "p90": 30818.928177701193,
      "p95": 31097.75685539567,
      "p99": 31518.565523728008
    }
  },
  "details": {
    "DNSDialup": {
      "average": 0.0012177951000000003,
      "fastest": 0.0000604,
      "slowest": 0.001362001
    },
    "DNSLookup": {
      "average": 0.0000040880000000000005,
      "fastest": 0.0000028,
      "slowest": 0.0000353
    }
  },
  "statusCodeDistribution": {
    "200": 275710
  },
  "errorDistribution": {}
}