{
  "summary": {
    "successRate": 1,
    "total": 10.000126859,
    "slowest": 0.015703195,
    "fastest": 0.000783466,
    "average": 0.0016030057201520404,
    "requestsPerSec": 31150.804824005085,
    "totalData": 4049656,
    "sizePerRequest": 13,
    "sizePerSec": 404960.4627120661
  },
  "responseTimeHistogram": {
    "0.000783466": 1,
    "0.0022754389": 307105,
    "0.0037674118": 3423,
    "0.0052593846999999996": 618,
    "0.0067513576": 227,
    "0.0082433305": 46,
    "0.009735303399999999": 17,
    "0.0112272763": 15,
    "0.0127192492": 5,
    "0.014211222099999999": 5,
    "0.015703195": 50
  },
  "latencyPercentiles": {
    "p10": 0.001489242,
    "p25": 0.001522755,
    "p50": 0.001564944,
    "p75": 0.001614509,
    "p90": 0.001686771,
    "p95": 0.0017431,
    "p99": 0.002764838
  },
  "rps": {
    "mean": 31127.09928051952,
    "stddev": 3294.898371620601,
    "max": 33374.06863270691,
    "percentiles": {
      "p10": 30571.578459510572,
      "p25": 31302.738718748133,
      "p50": 31786.037319217838,
      "p75": 32215.709950687444,
      "p90": 32469.654064246588,
      "p95": 32648.28391437454,
      "p99": 33023.34218305273
    }
  },
  "details": {
    "DNSDialup": {
      "average": 0.0010574473400000004,
      "fastest": 0.000150253,
      "slowest": 0.00206962
    },
    "DNSLookup": {
      "average": 0.00000914812,
      "fastest": 0.000004498,
      "slowest": 0.000029224
    }
  },
  "statusCodeDistribution": {
    "200": 311512
  },
  "errorDistribution": {}
}