{
  "summary": {
    "successRate": 1,
    "total": 10.000749033,
    "slowest": 0.011045577,
    "fastest": 0.000610207,
    "average": 0.0016380448197184179,
    "requestsPerSec": 30483.916654045686,
    "totalData": 3963206,
    "sizePerRequest": 13,
    "sizePerSec": 396290.91650259396
  },
  "responseTimeHistogram": {
    "0.000610207": 1,
    "0.0016537440000000002": 234518,
    "0.002697281": 67003,
    "0.003740818000000001": 1979,
    "0.0047843550000000006": 785,
    "0.005827892000000001": 190,
    "0.006871429000000001": 212,
    "0.007914966": 85,
    "0.008958503000000001": 61,
    "0.010002040000000002": 14,
    "0.011045577000000003": 14
  },
  "latencyPercentiles": {
    "p10": 0.001517457,
    "p25": 0.00155136,
    "p50": 0.00159395,
    "p75": 0.001647291,
    "p90": 0.00174615,
    "p95": 0.001818079,
    "p99": 0.002756775
  },
  "rps": {
    "mean": 30468.90861624578,
    "stddev": 3200.8439751503643,
    "max": 33260.958830795185,
    "percentiles": {
      "p10": 30040.491578598547,
      "p25": 30457.353714852805,
      "p50": 31139.029659775217,
      "p75": 31548.171564655953,
      "p90": 31998.356548357522,
      "p95": 32209.698017973806,
      "p99": 32526.106291634656
    }
  },
  "details": {
    "DNSDialup": {
      "average": 0.0007752537000000001,
      "fastest": 0.000085612,
      "slowest": 0.001120578
    },
    "DNSLookup": {
      "average": 0.000007903139999999997,
      "fastest": 0.000003116,
      "slowest": 0.000030046
    }
  },
  "statusCodeDistribution": {
    "200": 304862
  },
  "errorDistribution": {}
}