{
  "summary": {
    "successRate": 1,
    "total": 10.000778768,
    "slowest": 0.010112353,
    "fastest": 0.000141147,
    "average": 0.001532344577536835,
    "requestsPerSec": 32601.961063598643,
    "totalData": 4238585,
    "sizePerRequest": 13,
    "sizePerSec": 423825.49382678233
  },
  "responseTimeHistogram": {
    "0.000141147": 1,
    "0.0011382675999999999": 278,
    "0.0021353882": 321420,
    "0.0031325088": 2864,
    "0.0041296294": 806,
    "0.00512675": 319,
    "0.0061238706": 88,
    "0.0071209912": 176,
    "0.0081181118": 26,
    "0.0091152324": 54,
    "0.010112353": 13
  },
  "latencyPercentiles": {
    "p10": 0.001424274,
    "p25": 0.001450694,
    "p50": 0.001492637,
    "p75": 0.001541149,
    "p90": 0.00165109,
    "p95": 0.001725772,
    "p99": 0.002381281
  },
  "rps": {
    "mean": 32594.272014536622,
    "stddev": 3063.1544962626376,
    "max": 35123.76473922113,
    "percentiles": {
      "p10": 32034.072202388747,
      "p25": 32704.55574461525,
      "p50": 33213.93042414155,
      "p75": 33519.785884061646,
      "p90": 34008.92053985335,
      "p95": 34141.27338539536,
      "p99": 34441.77602523236
    }
  },
  "details": {
    "DNSDialup": {
      "average": 0.0008761199999999999,
      "fastest": 0.000100856,
      "slowest": 0.001331315
    },
    "DNSLookup": {
      "average": 0.0000048894999999999995,
      "fastest": 0.000002513,
      "slowest": 0.000036585
    }
  },
  "statusCodeDistribution": {
    "200": 326045
  },
  "errorDistribution": {}
}