{
  "summary": {
    "successRate": 1,
    "total": 10.000784193,
    "slowest": 0.010858868,
    "fastest": 0.00059554,
    "average": 0.0016198658310238858,
    "requestsPerSec": 30827.38253824052,
    "totalData": 4007874,
    "sizePerRequest": 13,
    "sizePerSec": 400755.97299712675
  },
  "responseTimeHistogram": {
    "0.00059554": 1,
    "0.0016218728000000002": 227266,
    "0.0026482056": 77066,
    "0.0036745384000000003": 2395,
    "0.004700871200000001": 938,
    "0.0057272040000000005": 233,
    "0.006753536800000001": 135,
    "0.007779869600000001": 169,
    "0.008806202400000001": 57,
    "0.0098325352": 23,
    "0.010858868": 15
  },
  "latencyPercentiles": {
    "p10": 0.001494512,
    "p25": 0.001528149,
    "p50": 0.00157117,
    "p75": 0.001626005,
    "p90": 0.00173686,
    "p95": 0.001811064,
    "p99": 0.002907258
  },
  "rps": {
    "mean": 30817.58060273579,
    "stddev": 3368.9355563228805,
    "max": 33383.994475099644,
    "percentiles": {
      "p10": 30177.58300495091,
      "p25": 31097.350254974666,
      "p50": 31460.196609991173,
      "p75": 32022.138241799883,
      "p90": 32357.351752613507,
      "p95": 32571.227676749277,
      "p99": 33036.33434457512
    }
  },
  "details": {
    "DNSDialup": {
      "average": 0.0007143834,
      "fastest": 0.000075561,
      "slowest": 0.001165618
    },
    "DNSLookup": {
      "average": 0.00000953266,
      "fastest": 0.000004008,
      "slowest": 0.00003209
    }
  },
  "statusCodeDistribution": {
    "200": 308298
  },
  "errorDistribution": {}
}