{
  "summary": {
    "successRate": 1,
    "total": 10.000715506,
    "slowest": 0.011260791,
    "fastest": 0.000653456,
    "average": 0.0016081990105214303,
    "requestsPerSec": 31048.678448427807,
    "totalData": 4036617,
    "sizePerRequest": 13,
    "sizePerSec": 403632.81982956146
  },
  "responseTimeHistogram": {
    "0.000653456": 1,
    "0.0017141894999999998": 285616,
    "0.0027749229999999995": 21841,
    "0.0038356564999999995": 1908,
    "0.00489639": 588,
    "0.0059571235": 184,
    "0.007017856999999999": 252,
    "0.008078590499999998": 62,
    "0.009139323999999999": 36,
    "0.010200057499999998": 7,
    "0.011260791": 14
  },
  "latencyPercentiles": {
    "p10": 0.00149659,
    "p25": 0.001528323,
    "p50": 0.001568441,
    "p75": 0.001615613,
    "p90": 0.001692977,
    "p95": 0.001753702,
    "p99": 0.002749912
  },
  "rps": {
    "mean": 31033.515742392377,
    "stddev": 3266.5313893369866,
    "max": 33476.07640848096,
    "percentiles": {
      "p10": 30584.163642401192,
      "p25": 31221.887711588017,
      "p50": 31567.096576578286,
      "p75": 32101.924314128104,
      "p90": 32425.44130619035,
      "p95": 32622.708667503328,
      "p99": 32995.39959886077
    }
  },
  "details": {
    "DNSDialup": {
      "average": 0.0008029291999999999,
      "fastest": 0.000116658,
      "slowest": 0.001255887
    },
    "DNSLookup": {
      "average": 0.00000651936,
      "fastest": 0.000003306,
      "slowest": 0.000029315
    }
  },
  "statusCodeDistribution": {
    "200": 310509
  },
  "errorDistribution": {}
}