{
  "summary": {
    "successRate": 1,
    "total": 10.000632546,
    "slowest": 0.011030373,
    "fastest": 0.001226168,
    "average": 0.0016382909908177995,
    "requestsPerSec": 30481.07193198737,
    "totalData": 3962790,
    "sizePerRequest": 13,
    "sizePerSec": 396253.9351158358
  },
  "responseTimeHistogram": {
    "0.001226168": 1,
    "0.0022065885": 300611,
    "0.003187009": 1990,
    "0.0041674295": 1523,
    "0.00514785": 296,
    "0.0061282705": 65,
    "0.007108691": 194,
    "0.008089111500000001": 31,
    "0.009069532": 78,
    "0.0100499525": 22,
    "0.011030373": 19
  },
  "latencyPercentiles": {
    "p10": 0.00152592,
    "p25": 0.001558649,
    "p50": 0.001599933,
    "p75": 0.001649407,
    "p90": 0.001723966,
    "p95": 0.001780536,
    "p99": 0.002806647
  },
  "rps": {
    "mean": 30470.457268586168,
    "stddev": 3104.592090369501,
    "max": 32610.324612780405,
    "percentiles": {
      "p10": 30131.57186099553,
      "p25": 30543.518405022925,
      "p50": 31134.80871614393,
      "p75": 31426.822793252195,
      "p90": 31741.20961243899,
      "p95": 31965.362773800214,
      "p99": 32273.354299207953
    }
  },
  "details": {
    "DNSDialup": {
      "average": 0.0005470737799999998,
      "fastest": 0.000076343,
      "slowest": 0.000785779
    },
    "DNSLookup": {
      "average": 0.000008098399999999997,
      "fastest": 0.000004248,
      "slowest": 0.000047378
    }
  },
  "statusCodeDistribution": {
    "200": 304830
  },
  "errorDistribution": {}
}