{
  "summary": {
    "successRate": 1,
    "total": 10.000911565,
    "slowest": 0.014097722,
    "fastest": 0.001044005,
    "average": 0.0019119238745406645,
    "requestsPerSec": 26120.81891757034,
    "totalData": 3396016,
    "sizePerRequest": 13,
    "sizePerSec": 339570.6459284145
  },
  "responseTimeHistogram": {
    "0.001044005": 1,
    "0.0023493767": 245969,
    "0.0036547483999999995": 11755,
    "0.004960120099999999": 1453,
    "0.006265491799999999": 1336,
    "0.0075708634999999995": 562,
    "0.008876235199999999": 18,
    "0.0101816069": 107,
    "0.0114869786": 1,
    "0.0127923503": 0,
    "0.014097722": 30
  },
  "latencyPercentiles": {
    "p10": 0.001566772,
    "p25": 0.001746599,
    "p50": 0.001841586,
    "p75": 0.001968042,
    "p90": 0.002160696,
    "p95": 0.002396926,
    "p99": 0.004192407
  },
  "rps": {
    "mean": 26083.68537003497,
    "stddev": 3661.441911047999,
    "max": 31002.58251512307,
    "percentiles": {
      "p10": 24153.06670285284,
      "p25": 26113.641766458553,
      "p50": 26956.37976024758,
      "p75": 27708.617380005082,
      "p90": 28390.495822265028,
      "p95": 28855.137902989798,
      "p99": 29766.74776451754
    }
  },
  "details": {
    "DNSDialup": {
      "average": 0.0008246394200000001,
      "fastest": 0.000080839,
      "slowest": 0.002470577
    },
    "DNSLookup": {
      "average": 0.000013367759999999998,
      "fastest": 0.000004078,
      "slowest": 0.000114194
    }
  },
  "statusCodeDistribution": {
    "200": 261232
  },
  "errorDistribution": {}
}