{
  "summary": {
    "successRate": 1,
    "total": 10.000599366,
    "slowest": 0.006663123,
    "fastest": 0.000244485,
    "average": 0.001071923730520491,
    "requestsPerSec": 46566.60895578566,
    "totalData": 6054022,
    "sizePerRequest": 13,
    "sizePerSec": 605365.9164252136
  },
  "responseTimeHistogram": {
    "0.000244485": 1,
    "0.0008863488": 38753,
    "0.0015282126": 424919,
    "0.0021700764": 1700,
    "0.0028119402": 197,
    "0.0034538039999999996": 63,
    "0.004095667799999999": 20,
    "0.0047375316": 3,
    "0.0053793954": 11,
    "0.006021259199999999": 0,
    "0.006663122999999999": 27
  },
  "latencyPercentiles": {
    "p10": 0.000919682,
    "p25": 0.001036539,
    "p50": 0.001088144,
    "p75": 0.001135139,
    "p90": 0.001181167,
    "p95": 0.001218481,
    "p99": 0.001377871
  },
  "rps": {
    "mean": 46564.24474277455,
    "stddev": 3259.4731524071412,
    "max": 67000.740919869,
    "percentiles": {
      "p10": 44242.57168726215,
      "p25": 45315.66109247433,
      "p50": 46316.314159748144,
      "p75": 48003.17343154957,
      "p90": 49518.24252054647,
      "p95": 50850.565802632314,
      "p99": 54884.71455691921
    }
  },
  "details": {
    "DNSDialup": {
      "average": 0.0008832143600000001,
      "fastest": 0.000168403,
      "slowest": 0.001203536
    },
    "DNSLookup": {
      "average": 0.00000967726,
      "fastest": 0.000003958,
      "slowest": 0.000052518
    }
  },
  "statusCodeDistribution": {
    "200": 465694
  },
  "errorDistribution": {}
}