{
  "summary": {
    "successRate": 1,
    "total": 10.00014804,
    "slowest": 0.006443529,
    "fastest": 0.000312929,
    "average": 0.0010800188054033394,
    "requestsPerSec": 46218.51578109238,
    "totalData": 6008496,
    "sizePerRequest": 13,
    "sizePerSec": 600840.7051542009
  },
  "responseTimeHistogram": {
    "0.000312929": 1,
    "0.000925989": 43137,
    "0.001539049": 417360,
    "0.002152109": 1415,
    "0.002765169": 176,
    "0.003378229": 47,
    "0.003991289": 8,
    "0.004604349": 11,
    "0.005217409": 3,
    "0.0058304690000000004": 29,
    "0.006443529": 5
  },
  "latencyPercentiles": {
    "p10": 0.000942268,
    "p25": 0.001046044,
    "p50": 0.001095936,
    "p75": 0.001143343,
    "p90": 0.001192706,
    "p95": 0.001232433,
    "p99": 0.00137172
  },
  "rps": {
    "mean": 46216.831817807935,
    "stddev": 3278.835326058268,
    "max": 66227.54099845639,
    "percentiles": {
      "p10": 43602.58127280899,
      "p25": 44635.31546159044,
      "p50": 45700.55754680453,
      "p75": 47666.771613676174,
      "p90": 50039.22074121433,
      "p95": 51469.82911716374,
      "p99": 54522.47929749354
    }
  },
  "details": {
    "DNSDialup": {
      "average": 0.00126375586,
      "fastest": 0.000082974,
      "slowest": 0.002543773
    },
    "DNSLookup": {
      "average": 0.000023643819999999993,
      "fastest": 0.000003717,
      "slowest": 0.000804288
    }
  },
  "statusCodeDistribution": {
    "200": 462192
  },
  "errorDistribution": {}
}