{
  "summary": {
    "successRate": 1,
    "total": 10.000639036,
    "slowest": 0.005965858,
    "fastest": 0.000363646,
    "average": 0.0010847777271172816,
    "requestsPerSec": 46018.659242007256,
    "totalData": 5982808,
    "sizePerRequest": 13,
    "sizePerSec": 598242.5701460943
  },
  "responseTimeHistogram": {
    "0.000363646": 1,
    "0.0009238672": 15809,
    "0.0014840884": 442463,
    "0.0020443096": 1720,
    "0.0026045308": 68,
    "0.0031647520000000003": 65,
    "0.0037249732": 40,
    "0.004285194400000001": 11,
    "0.0048454156": 0,
    "0.0054056368": 9,
    "0.005965858000000001": 30
  },
  "latencyPercentiles": {
    "p10": 0.001001697,
    "p25": 0.00104217,
    "p50": 0.001083339,
    "p75": 0.00112583,
    "p90": 0.001170794,
    "p95": 0.001205687,
    "p99": 0.00133097
  },
  "rps": {
    "mean": 46016.475629370056,
    "stddev": 2319.4045081096365,
    "max": 53277.1879899594,
    "percentiles": {
      "p10": 44575.53324107667,
      "p25": 45373.729800242974,
      "p50": 46151.78146888549,
      "p75": 46903.13312929291,
      "p90": 47805.52631884216,
      "p95": 48624.979592167816,
      "p99": 50419.849229433145
    }
  },
  "details": {
    "DNSDialup": {
      "average": 0.0005672189599999999,
      "fastest": 0.000129735,
      "slowest": 0.000756146
    },
    "DNSLookup": {
      "average": 0.000006277020000000001,
      "fastest": 0.000003216,
      "slowest": 0.000034814
    }
  },
  "statusCodeDistribution": {
    "200": 460216
  },
  "errorDistribution": {}
}