{
  "summary": {
    "successRate": 1,
    "total": 10.000623503,
    "slowest": 0.005911505,
    "fastest": 0.000284636,
    "average": 0.0011078361023996483,
    "requestsPerSec": 45057.89062700204,
    "totalData": 5857891,
    "sizePerRequest": 13,
    "sizePerSec": 585752.5781510265
  },
  "responseTimeHistogram": {
    "0.000284636": 1,
    "0.0008473228999999999": 7601,
    "0.0014100097999999999": 439076,
    "0.0019726966999999997": 3615,
    "0.0025353835999999998": 176,
    "0.0030980705": 45,
    "0.0036607573999999994": 26,
    "0.0042234443": 20,
    "0.0047861312": 15,
    "0.0053488181": 10,
    "0.005911504999999999": 22
  },
  "latencyPercentiles": {
    "p10": 0.001018882,
    "p25": 0.001064474,
    "p50": 0.001107647,
    "p75": 0.00115184,
    "p90": 0.001198652,
    "p95": 0.001238077,
    "p99": 0.001378863
  },
  "rps": {
    "mean": 45057.92002463689,
    "stddev": 2382.228038188882,
    "max": 58911.08117436612,
    "percentiles": {
      "p10": 43709.021542048285,
      "p25": 44414.789924073135,
      "p50": 45146.60402306613,
      "p75": 45952.919311022815,
      "p90": 46937.291678239926,
      "p95": 47584.32756121239,
      "p99": 49960.137016925386
    }
  },
  "details": {
    "DNSDialup": {
      "average": 0.0008010101799999998,
      "fastest": 0.000077419,
      "slowest": 0.001658741
    },
    "DNSLookup": {
      "average": 0.0000073012,
      "fastest": 0.000002996,
      "slowest": 0.000027431
    }
  },
  "statusCodeDistribution": {
    "200": 450607
  },
  "errorDistribution": {}
}