{
  "summary": {
    "successRate": 1,
    "total": 10.000633591,
    "slowest": 0.006771094,
    "fastest": 0.000408163,
    "average": 0.0011392725030878758,
    "requestsPerSec": 43813.624008215105,
    "totalData": 5696132,
    "sizePerRequest": 13,
    "sizePerSec": 569577.1121067964
  },
  "responseTimeHistogram": {
    "0.000408163": 1,
    "0.0010444561": 31968,
    "0.0016807492000000001": 404756,
    "0.0023170423": 1142,
    "0.0029533354": 98,
    "0.0035896285000000003": 85,
    "0.0042259216": 56,
    "0.004862214700000001": 19,
    "0.0054985078": 19,
    "0.006134800900000001": 18,
    "0.006771094": 2
  },
  "latencyPercentiles": {
    "p10": 0.001057482,
    "p25": 0.001094404,
    "p50": 0.001136475,
    "p75": 0.001179683,
    "p90": 0.001223057,
    "p95": 0.001255743,
    "p99": 0.001397558
  },
  "rps": {
    "mean": 43809.17193627431,
    "stddev": 2237.8370760655034,
    "max": 50405.35399811435,
    "percentiles": {
      "p10": 42841.91212022187,
      "p25": 43353.264072293736,
      "p50": 44007.373903767904,
      "p75": 44496.18586784719,
      "p90": 45268.01972644104,
      "p95": 45950.32479571627,
      "p99": 47483.41887027057
    }
  },
  "details": {
    "DNSDialup": {
      "average": 0.0006998085599999998,
      "fastest": 0.000100638,
      "slowest": 0.001414613
    },
    "DNSLookup": {
      "average": 0.00000675136,
      "fastest": 0.000003105,
      "slowest": 0.000033763
    }
  },
  "statusCodeDistribution": {
    "200": 438164
  },
  "errorDistribution": {}
}