{
  "summary": {
    "successRate": 1,
    "total": 10.00057001,
    "slowest": 0.006282188,
    "fastest": 0.000310781,
    "average": 0.0011145420348742138,
    "requestsPerSec": 44784.1472588221,
    "totalData": 5822271,
    "sizePerRequest": 13,
    "sizePerSec": 582193.9143646873
  },
  "responseTimeHistogram": {
    "0.000310781": 1,
    "0.0009079216999999999": 15505,
    "0.0015050623999999999": 430278,
    "0.0021022031": 1792,
    "0.0026993437999999997": 146,
    "0.0032964845": 70,
    "0.0038936251999999996": 31,
    "0.004490765899999999": 3,
    "0.005087906599999999": 3,
    "0.005685047299999999": 12,
    "0.006282187999999999": 26
  },
  "latencyPercentiles": {
    "p10": 0.001024213,
    "p25": 0.001069523,
    "p50": 0.001114361,
    "p75": 0.001160958,
    "p90": 0.001216622,
    "p95": 0.001262668,
    "p99": 0.001406646
  },
  "rps": {
    "mean": 44782.9788002947,
    "stddev": 2665.484502349506,
    "max": 67725.51220044539,
    "percentiles": {
      "p10": 43229.262068453834,
      "p25": 44030.861230633345,
      "p50": 44641.62831840665,
      "p75": 45458.29116676232,
      "p90": 46617.78934841423,
      "p95": 48306.178360212325,
      "p99": 51941.62601908617
    }
  },
  "details": {
    "DNSDialup": {
      "average": 0.0008447623599999997,
      "fastest": 0.000166138,
      "slowest": 0.001142033
    },
    "DNSLookup": {
      "average": 0.00000865444,
      "fastest": 0.000003857,
      "slowest": 0.000047398
    }
  },
  "statusCodeDistribution": {
    "200": 447867
  },
  "errorDistribution": {}
}