{
  "summary": {
    "successRate": 1,
    "total": 10.000530388,
    "slowest": 0.005792483,
    "fastest": 0.00027889,
    "average": 0.001069859671375595,
    "requestsPerSec": 46660.52518173699,
    "totalData": 6066190,
    "sizePerRequest": 13,
    "sizePerSec": 606586.8273625809
  },
  "responseTimeHistogram": {
    "0.00027889": 1,
    "0.0008302493": 11398,
    "0.0013816085999999999": 451934,
    "0.0019329678999999997": 2920,
    "0.0024843272": 128,
    "0.0030356865": 131,
    "0.0035870457999999995": 50,
    "0.0041384051": 14,
    "0.0046897644": 30,
    "0.0052411237": 0,
    "0.005792483": 24
  },
  "latencyPercentiles": {
    "p10": 0.000976492,
    "p25": 0.001029668,
    "p50": 0.001072936,
    "p75": 0.0011165,
    "p90": 0.001160177,
    "p95": 0.001194152,
    "p99": 0.001322767
  },
  "rps": {
    "mean": 46660.43779407496,
    "stddev": 2598.17208006334,
    "max": 65039.1080156521,
    "percentiles": {
      "p10": 45129.64392811227,
      "p25": 45940.44137053769,
      "p50": 46607.63899203049,
      "p75": 47611.031475993346,
      "p90": 48660.28035530534,
      "p95": 49555.92882126598,
      "p99": 51565.15408881473
    }
  },
  "details": {
    "DNSDialup": {
      "average": 0.0007492027800000001,
      "fastest": 0.000069259,
      "slowest": 0.001674934
    },
    "DNSLookup": {
      "average": 0.000006589879999999999,
      "fastest": 0.000003617,
      "slowest": 0.000025969
    }
  },
  "statusCodeDistribution": {
    "200": 466630
  },
  "errorDistribution": {}
}