{
  "summary": {
    "successRate": 1,
    "total": 10.000309868,
    "slowest": 0.006062745,
    "fastest": 0.000317524,
    "average": 0.0010964344596791915,
    "requestsPerSec": 45529.6891806273,
    "totalData": 5919043,
    "sizePerRequest": 13,
    "sizePerSec": 591885.9593481548
  },
  "responseTimeHistogram": {
    "0.000317524": 1,
    "0.0008920461": 18943,
    "0.0014665682": 434293,
    "0.0020410903": 1763,
    "0.0026156124": 160,
    "0.0031901345": 70,
    "0.0037646565999999997": 28,
    "0.0043391787": 22,
    "0.0049137008": 4,
    "0.005488222899999999": 12,
    "0.006062745": 15
  },
  "latencyPercentiles": {
    "p10": 0.001008253,
    "p25": 0.001056095,
    "p50": 0.001100596,
    "p75": 0.001145838,
    "p90": 0.00119549,
    "p95": 0.001235949,
    "p99": 0.001361628
  },
  "rps": {
    "mean": 45527.50986702592,
    "stddev": 2603.5204602655117,
    "max": 57600.4551938576,
    "percentiles": {
      "p10": 43832.764991829805,
      "p25": 44568.89520596793,
      "p50": 45267.367177497115,
      "p75": 46230.76194900132,
      "p90": 48141.083600741644,
      "p95": 49658.8308168682,
      "p99": 52701.1488850389
    }
  },
  "details": {
    "DNSDialup": {
      "average": 0.00108658796,
      "fastest": 0.000087291,
      "slowest": 0.002022128
    },
    "DNSLookup": {
      "average": 0.000023102380000000003,
      "fastest": 0.000003987,
      "slowest": 0.000706729
    }
  },
  "statusCodeDistribution": {
    "200": 455311
  },
  "errorDistribution": {}
}