{
  "summary": {
    "successRate": 1,
    "total": 10.000792211,
    "slowest": 0.008062137,
    "fastest": 0.000191101,
    "average": 0.0008518537919193898,
    "requestsPerSec": 58609.65687851146,
    "totalData": 7619859,
    "sizePerRequest": 13,
    "sizePerSec": 761925.539420649
  },
  "responseTimeHistogram": {
    "0.000191101": 1,
    "0.0009782045999999999": 533668,
    "0.0017653081999999998": 40229,
    "0.0025524117999999995": 11451,
    "0.0033395153999999996": 654,
    "0.004126619": 38,
    "0.004913722599999999": 63,
    "0.005700826199999999": 13,
    "0.006487929799999999": 24,
    "0.0072750333999999995": 0,
    "0.008062137": 2
  },
  "latencyPercentiles": {
    "p10": 0.000723705,
    "p25": 0.000741803,
    "p50": 0.000761804,
    "p75": 0.000794605,
    "p90": 0.000925105,
    "p95": 0.001664108,
    "p99": 0.001840109
  },
  "rps": {
    "mean": 58600.59459591762,
    "stddev": 12486.256563303885,
    "max": 66512.91015586085,
    "percentiles": {
      "p10": 30479.504386784265,
      "p25": 62796.26344175965,
      "p50": 64481.595010326375,
      "p75": 64973.114245463534,
      "p90": 65443.54613559926,
      "p95": 65748.35133758136,
      "p99": 66097.43422779467
    }
  },
  "details": {
    "DNSDialup": {
      "average": 0.0012487333399999999,
      "fastest": 0.0000668,
      "slowest": 0.002085812
    },
    "DNSLookup": {
      "average": 0.00001756412,
      "fastest": 0.000003,
      "slowest": 0.000453303
    }
  },
  "statusCodeDistribution": {
    "200": 586143
  },
  "errorDistribution": {}
}