{
  "summary": {
    "successRate": 1,
    "total": 10.000496255,
    "slowest": 0.012151773,
    "fastest": 0.000159497,
    "average": 0.0013987699859272073,
    "requestsPerSec": 35463.94008424135,
    "totalData": 4610541,
    "sizePerRequest": 13,
    "sizePerSec": 461031.22109513753
  },
  "responseTimeHistogram": {
    "0.000159497": 1,
    "0.0013587246": 253888,
    "0.0025579522": 77375,
    "0.0037571798": 20449,
    "0.0049564074": 1467,
    "0.006155635": 769,
    "0.0073548625999999995": 557,
    "0.0085540902": 137,
    "0.0097533178": 12,
    "0.0109525454": 0,
    "0.012151773": 2
  },
  "latencyPercentiles": {
    "p10": 0.00104538,
    "p25": 0.001132379,
    "p50": 0.001241478,
    "p75": 0.001385674,
    "p90": 0.001769767,
    "p95": 0.00284975,
    "p99": 0.003599633
  },
  "rps": {
    "mean": 35454.02047031349,
    "stddev": 8415.064754674797,
    "max": 46806.04601245884,
    "percentiles": {
      "p10": 18502.665741398912,
      "p25": 33456.156610982835,
      "p50": 38778.62754521446,
      "p75": 41043.452703378876,
      "p90": 42467.46806651815,
      "p95": 43125.77196132772,
      "p99": 44114.58570508523
    }
  },
  "details": {
    "DNSDialup": {
      "average": 0.00197631114,
      "fastest": 0.000098299,
      "slowest": 0.003512838
    },
    "DNSLookup": {
      "average": 0.00001295178,
      "fastest": 0.0000055,
      "slowest": 0.000109498
    }
  },
  "statusCodeDistribution": {
    "200": 354657
  },
  "errorDistribution": {}
}