{
  "summary": {
    "successRate": 1,
    "total": 10.000088282,
    "slowest": 0.006787341,
    "fastest": 0.000177103,
    "average": 0.0008291489044093945,
    "requestsPerSec": 60114.16930009059,
    "totalData": 7814911,
    "sizePerRequest": 13,
    "sizePerSec": 781484.2009011776
  },
  "responseTimeHistogram": {
    "0.000177103": 1,
    "0.0008381268": 470983,
    "0.0014991506": 120119,
    "0.0021601744": 7602,
    "0.0028211982": 1361,
    "0.003482222": 684,
    "0.0041432458": 215,
    "0.004804269599999999": 78,
    "0.0054652934": 71,
    "0.0061263172": 23,
    "0.006787341": 10
  },
  "latencyPercentiles": {
    "p10": 0.000714115,
    "p25": 0.000765616,
    "p50": 0.000801117,
    "p75": 0.000832317,
    "p90": 0.000893819,
    "p95": 0.001026722,
    "p99": 0.001932641
  },
  "rps": {
    "mean": 60102.271403556966,
    "stddev": 7686.445168621633,
    "max": 64639.371841386645,
    "percentiles": {
      "p10": 58722.843185999336,
      "p25": 61283.68832161005,
      "p50": 62065.50999491032,
      "p75": 62637.51987440478,
      "p90": 63305.65714176982,
      "p95": 63689.10105237234,
      "p99": 64133.926847302464
    }
  },
  "details": {
    "DNSDialup": {
      "average": 0.00145862858,
      "fastest": 0.000081902,
      "slowest": 0.002346349
    },
    "DNSLookup": {
      "average": 0.000012838280000000006,
      "fastest": 0.0000035,
      "slowest": 0.000242405
    }
  },
  "statusCodeDistribution": {
    "200": 601147
  },
  "errorDistribution": {}
}