{
  "summary": {
    "successRate": 1,
    "total": 10.00039651,
    "slowest": 0.005857847,
    "fastest": 0.000263571,
    "average": 0.0010771875689907498,
    "requestsPerSec": 46339.862578108914,
    "totalData": 6024421,
    "sizePerRequest": 13,
    "sizePerSec": 602418.2135154159
  },
  "responseTimeHistogram": {
    "0.000263571": 1,
    "0.0008229986": 7868,
    "0.0013824262": 452717,
    "0.0019418538": 2395,
    "0.0025012814000000003": 324,
    "0.003060709": 41,
    "0.0036201365999999997": 23,
    "0.0041795642": 0,
    "0.0047389918": 20,
    "0.0052984194": 27,
    "0.005857847": 1
  },
  "latencyPercentiles": {
    "p10": 0.000990618,
    "p25": 0.001031264,
    "p50": 0.001074986,
    "p75": 0.001121031,
    "p90": 0.001173268,
    "p95": 0.001215628,
    "p99": 0.001333378
  },
  "rps": {
    "mean": 46340.95234640278,
    "stddev": 2589.3466962512825,
    "max": 65592.69559741968,
    "percentiles": {
      "p10": 44612.73134816099,
      "p25": 45556.25339351622,
      "p50": 46317.79529695371,
      "p75": 47098.88410718336,
      "p90": 47842.01964585683,
      "p95": 49111.88998856961,
      "p99": 53985.32080927478
    }
  },
  "details": {
    "DNSDialup": {
      "average": 0.0011344301599999999,
      "fastest": 0.00037535,
      "slowest": 0.001415642
    },
    "DNSLookup": {
      "average": 0.000010112540000000003,
      "fastest": 0.00000488,
      "slowest": 0.000065332
    }
  },
  "statusCodeDistribution": {
    "200": 463417
  },
  "errorDistribution": {}
}