{
  "summary": {
    "successRate": 1,
    "total": 10.000662701,
    "slowest": 0.005623747,
    "fastest": 0.000240873,
    "average": 0.0010737823062574312,
    "requestsPerSec": 46492.11896262714,
    "totalData": 6044376,
    "sizePerRequest": 13,
    "sizePerSec": 604397.5465141528
  },
  "responseTimeHistogram": {
    "0.000240873": 1,
    "0.0007791604": 5603,
    "0.0013174478": 454796,
    "0.0018557352000000001": 4255,
    "0.0023940226": 110,
    "0.0029323100000000005": 107,
    "0.0034705974000000003": 31,
    "0.0040088848": 6,
    "0.0045471722000000004": 5,
    "0.005085459600000001": 7,
    "0.005623747000000001": 31
  },
  "latencyPercentiles": {
    "p10": 0.000991295,
    "p25": 0.001033059,
    "p50": 0.001074546,
    "p75": 0.001116673,
    "p90": 0.001159857,
    "p95": 0.001194035,
    "p99": 0.001314764
  },
  "rps": {
    "mean": 46492.41338853673,
    "stddev": 2404.7083773406575,
    "max": 55932.88853846064,
    "percentiles": {
      "p10": 44971.81346216197,
      "p25": 45770.92204370759,
      "p50": 46446.4278492779,
      "p75": 47354.44804360669,
      "p90": 48486.53954188114,
      "p95": 49422.986631078194,
      "p99": 51651.63705306246
    }
  },
  "details": {
    "DNSDialup": {
      "average": 0.0007890168400000001,
      "fastest": 0.000113583,
      "slowest": 0.001146867
    },
    "DNSLookup": {
      "average": 0.0000074678399999999985,
      "fastest": 0.000003316,
      "slowest": 0.000030998
    }
  },
  "statusCodeDistribution": {
    "200": 464952
  },
  "errorDistribution": {}
}