{
  "summary": {
    "successRate": 1,
    "total": 10.000669832,
    "slowest": 0.013787353,
    "fastest": 0.000193416,
    "average": 0.0014615943690659747,
    "requestsPerSec": 34158.811933468496,
    "totalData": 4440943,
    "sizePerRequest": 13,
    "sizePerSec": 444064.5551350905
  },
  "responseTimeHistogram": {
    "0.000193416": 1,
    "0.0015528097": 306875,
    "0.0029122034": 22399,
    "0.0042715971": 8267,
    "0.0056309908": 3102,
    "0.0069903845": 113,
    "0.0083497782": 106,
    "0.0097091719": 115,
    "0.0110685656": 99,
    "0.0124279593": 420,
    "0.013787353": 114
  },
  "latencyPercentiles": {
    "p10": 0.001111593,
    "p25": 0.001263506,
    "p50": 0.001355514,
    "p75": 0.001408718,
    "p90": 0.00156233,
    "p95": 0.002349897,
    "p99": 0.004339363
  },
  "rps": {
    "mean": 34191.8029893437,
    "stddev": 7336.505818719213,
    "max": 40613.66649877671,
    "percentiles": {
      "p10": 25840.99674133054,
      "p25": 31779.684603834794,
      "p50": 37758.24768897485,
      "p75": 38455.62606309946,
      "p90": 38942.1889081551,
      "p95": 39167.37542185571,
      "p99": 39746.64899340094
    }
  },
  "details": {
    "DNSDialup": {
      "average": 0.0015940592,
      "fastest": 0.000083607,
      "slowest": 0.003214368
    },
    "DNSLookup": {
      "average": 0.00000607248,
      "fastest": 0.000003901,
      "slowest": 0.000050904
    }
  },
  "statusCodeDistribution": {
    "200": 341611
  },
  "errorDistribution": {}
}