{
  "summary": {
    "successRate": 1,
    "total": 10.000301424,
    "slowest": 0.006006952,
    "fastest": 0.00030507,
    "average": 0.0011110677664908646,
    "requestsPerSec": 44930.94567346313,
    "totalData": 5841199,
    "sizePerRequest": 13,
    "sizePerSec": 584102.2937550207
  },
  "responseTimeHistogram": {
    "0.00030507": 1,
    "0.0008752581999999999": 10731,
    "0.0014454463999999999": 435741,
    "0.0020156346": 2473,
    "0.0025858228": 226,
    "0.0031560110000000002": 99,
    "0.0037261992": 6,
    "0.0042963874": 12,
    "0.0048665756": 9,
    "0.0054367638": 11,
    "0.006006952": 14
  },
  "latencyPercentiles": {
    "p10": 0.001026229,
    "p25": 0.001067275,
    "p50": 0.001109993,
    "p75": 0.001155001,
    "p90": 0.001206035,
    "p95": 0.001248754,
    "p99": 0.001385931
  },
  "rps": {
    "mean": 44929.55031373559,
    "stddev": 2436.2708890040835,
    "max": 54768.9400105963,
    "percentiles": {
      "p10": 43340.27315257632,
      "p25": 44181.830322691596,
      "p50": 44924.00540417666,
      "p75": 45612.36258142951,
      "p90": 47090.96800254092,
      "p95": 48440.88895436458,
      "p99": 51218.63185192657
    }
  },
  "details": {
    "DNSDialup": {
      "average": 0.0011641846600000004,
      "fastest": 0.000088495,
      "slowest": 0.002065012
    },
    "DNSLookup": {
      "average": 0.00001193674,
      "fastest": 0.000004248,
      "slowest": 0.000201128
    }
  },
  "statusCodeDistribution": {
    "200": 449323
  },
  "errorDistribution": {}
}