{
  "summary": {
    "successRate": 1,
    "total": 10.000245508,
    "slowest": 0.008597134,
    "fastest": 0.000092203,
    "average": 0.0007792061597148933,
    "requestsPerSec": 63989.329010781315,
    "totalData": 8318817,
    "sizePerRequest": 13,
    "sizePerSec": 831861.2771401571
  },
  "responseTimeHistogram": {
    "0.000092203": 1,
    "0.0009426960999999998": 594156,
    "0.0017931891999999996": 23975,
    "0.0026436822999999993": 20564,
    "0.0034941753999999992": 674,
    "0.004344668499999999": 97,
    "0.005195161599999999": 254,
    "0.006045654699999999": 111,
    "0.006896147799999999": 43,
    "0.007746640899999998": 33,
    "0.008597134": 1
  },
  "latencyPercentiles": {
    "p10": 0.000627714,
    "p25": 0.000673018,
    "p50": 0.000704719,
    "p75": 0.000742017,
    "p90": 0.000853519,
    "p95": 0.001628336,
    "p99": 0.002009555
  },
  "rps": {
    "mean": 63980.39632607792,
    "stddev": 14667.322369152991,
    "max": 73141.38742581233,
    "percentiles": {
      "p10": 30226.684116738277,
      "p25": 67952.82652734505,
      "p50": 70329.73541213293,
      "p75": 71182.42632218277,
      "p90": 71761.91618128122,
      "p95": 72100.53354394909,
      "p99": 72615.6694999474
    }
  },
  "details": {
    "DNSDialup": {
      "average": 0.0013187998399999997,
      "fastest": 0.000068102,
      "slowest": 0.00221506
    },
    "DNSLookup": {
      "average": 0.000009560240000000001,
      "fastest": 0.000003,
      "slowest": 0.000083902
    }
  },
  "statusCodeDistribution": {
    "200": 639909
  },
  "errorDistribution": {}
}