{
  "summary": {
    "successRate": 1,
    "total": 10.000370488,
    "slowest": 0.006182874,
    "fastest": 0.000434805,
    "average": 0.0010750807778014476,
    "requestsPerSec": 46428.379884239344,
    "totalData": 6035913,
    "sizePerRequest": 13,
    "sizePerSec": 603568.9384951115
  },
  "responseTimeHistogram": {
    "0.000434805": 1,
    "0.0010096119": 70502,
    "0.0015844188": 392700,
    "0.0021592256999999997": 866,
    "0.0027340325999999997": 130,
    "0.0033088395": 31,
    "0.0038836463999999994": 23,
    "0.0044584533": 11,
    "0.0050332601999999995": 12,
    "0.005608067099999999": 13,
    "0.006182874": 12
  },
  "latencyPercentiles": {
    "p10": 0.000980312,
    "p25": 0.001037052,
    "p50": 0.001082403,
    "p75": 0.001127698,
    "p90": 0.00117651,
    "p95": 0.001217686,
    "p99": 0.001347228
  },
  "rps": {
    "mean": 46427.82704694971,
    "stddev": 2868.686101898111,
    "max": 59894.83961010417,
    "percentiles": {
      "p10": 44411.420567612106,
      "p25": 45249.596775816615,
      "p50": 46114.09549507038,
      "p75": 47224.202403732634,
      "p90": 49901.48207401719,
      "p95": 51274.82669968597,
      "p99": 54047.13450600108
    }
  },
  "details": {
    "DNSDialup": {
      "average": 0.0011848241199999999,
      "fastest": 0.000098614,
      "slowest": 0.002558235
    },
    "DNSLookup": {
      "average": 0.000027646319999999995,
      "fastest": 0.000003888,
      "slowest": 0.000967992
    }
  },
  "statusCodeDistribution": {
    "200": 464301
  },
  "errorDistribution": {}
}