{
  "summary": {
    "successRate": 1,
    "total": 10.000675229,
    "slowest": 0.005847249,
    "fastest": 0.000273969,
    "average": 0.0011212521678198185,
    "requestsPerSec": 44527.49337451762,
    "totalData": 5788965,
    "sizePerRequest": 13,
    "sizePerSec": 578857.413868729
  },
  "responseTimeHistogram": {
    "0.000273969": 1,
    "0.0008312969999999999": 7010,
    "0.0013886249999999999": 434194,
    "0.0019459529999999998": 3732,
    "0.0025032809999999996": 150,
    "0.0030606089999999997": 66,
    "0.003617937": 81,
    "0.004175264999999999": 28,
    "0.004732592999999999": 10,
    "0.0052899209999999995": 10,
    "0.005847249": 23
  },
  "latencyPercentiles": {
    "p10": 0.001034139,
    "p25": 0.001080877,
    "p50": 0.001123598,
    "p75": 0.001167575,
    "p90": 0.001211259,
    "p95": 0.001244545,
    "p99": 0.001371053
  },
  "rps": {
    "mean": 44524.947028511386,
    "stddev": 2283.8885986499913,
    "max": 54033.852208407945,
    "percentiles": {
      "p10": 43200.10721663774,
      "p25": 43904.69780266847,
      "p50": 44441.01906059325,
      "p75": 45269.71162189779,
      "p90": 46517.36027885567,
      "p95": 47330.16577038404,
      "p99": 49098.295190239434
    }
  },
  "details": {
    "DNSDialup": {
      "average": 0.0007376361600000001,
      "fastest": 0.000065946,
      "slowest": 0.001622981
    },
    "DNSLookup": {
      "average": 0.00000723184,
      "fastest": 0.000003146,
      "slowest": 0.000042009
    }
  },
  "statusCodeDistribution": {
    "200": 445305
  },
  "errorDistribution": {}
}