{
  "summary": {
    "successRate": 1,
    "total": 10.000679982,
    "slowest": 0.00657307,
    "fastest": 0.000191749,
    "average": 0.0010073079521430567,
    "requestsPerSec": 49565.229653600974,
    "totalData": 6443918,
    "sizePerRequest": 13,
    "sizePerSec": 644347.9854968126
  },
  "responseTimeHistogram": {
    "0.000191749": 1,
    "0.0008298811": 16603,
    "0.0014680132": 477207,
    "0.0021061453000000003": 1594,
    "0.0027442774000000004": 145,
    "0.0033824095000000005": 66,
    "0.0040205416": 31,
    "0.0046586737": 3,
    "0.0052968058": 12,
    "0.0059349379": 22,
    "0.00657307": 2
  },
  "latencyPercentiles": {
    "p10": 0.000932101,
    "p25": 0.000966417,
    "p50": 0.001006292,
    "p75": 0.001048329,
    "p90": 0.001093305,
    "p95": 0.001132488,
    "p99": 0.001265665
  },
  "rps": {
    "mean": 49558.478911579194,
    "stddev": 2862.8101079443204,
    "max": 67664.56846268727,
    "percentiles": {
      "p10": 47508.26268171129,
      "p25": 48916.69037475627,
      "p50": 49565.47265129036,
      "p75": 50343.11982607039,
      "p90": 51413.31679505284,
      "p95": 53051.16055488304,
      "p99": 56766.01319674683
    }
  },
  "details": {
    "DNSDialup": {
      "average": 0.0006725134200000001,
      "fastest": 0.000082171,
      "slowest": 0.001383679
    },
    "DNSLookup": {
      "average": 0.00000478592,
      "fastest": 0.000002574,
      "slowest": 0.000026269
    }
  },
  "statusCodeDistribution": {
    "200": 495686
  },
  "errorDistribution": {}
}