{
  "summary": {
    "successRate": 1,
    "total": 10.000661193,
    "slowest": 0.005924034,
    "fastest": 0.000231663,
    "average": 0.0010941518012393058,
    "requestsPerSec": 45620.18362539282,
    "totalData": 5931016,
    "sizePerRequest": 13,
    "sizePerSec": 593062.3871301067
  },
  "responseTimeHistogram": {
    "0.000231663": 1,
    "0.0008009001": 6599,
    "0.0013701372": 444896,
    "0.0019393743": 4315,
    "0.0025086114": 134,
    "0.0030778485": 133,
    "0.0036470856": 65,
    "0.0042163227000000005": 39,
    "0.0047855598": 8,
    "0.0053547969": 10,
    "0.005924034": 32
  },
  "latencyPercentiles": {
    "p10": 0.000995155,
    "p25": 0.00105044,
    "p50": 0.001096054,
    "p75": 0.001141454,
    "p90": 0.001188682,
    "p95": 0.001226448,
    "p99": 0.001377855
  },
  "rps": {
    "mean": 45620.95985748118,
    "stddev": 2637.5209570381053,
    "max": 58535.703321008616,
    "percentiles": {
      "p10": 43640.17223321291,
      "p25": 44926.75837728986,
      "p50": 45827.62489228525,
      "p75": 46757.74349548274,
      "p90": 47958.9888439186,
      "p95": 48534.87499280795,
      "p99": 50166.650179972945
    }
  },
  "details": {
    "DNSDialup": {
      "average": 0.0007345846799999999,
      "fastest": 0.000072494,
      "slowest": 0.001528007
    },
    "DNSLookup": {
      "average": 0.000007076640000000001,
      "fastest": 0.000003387,
      "slowest": 0.000030027
    }
  },
  "statusCodeDistribution": {
    "200": 456232
  },
  "errorDistribution": {}
}