{
  "summary": {
    "successRate": 1,
    "total": 10.000716632,
    "slowest": 0.006319043,
    "fastest": 0.000337235,
    "average": 0.0010821839503403125,
    "requestsPerSec": 46126.69441347291,
    "totalData": 5996900,
    "sizePerRequest": 13,
    "sizePerSec": 599647.0273751478
  },
  "responseTimeHistogram": {
    "0.000337235": 1,
    "0.0009354158": 24148,
    "0.0015335966": 435519,
    "0.0021317773999999998": 1431,
    "0.0027299582": 51,
    "0.003328139": 82,
    "0.0039263198": 28,
    "0.0045245006": 4,
    "0.0051226814": 11,
    "0.005720862199999999": 11,
    "0.006319043": 14
  },
  "latencyPercentiles": {
    "p10": 0.000992099,
    "p25": 0.001040997,
    "p50": 0.001084464,
    "p75": 0.001127674,
    "p90": 0.001171075,
    "p95": 0.001204097,
    "p99": 0.001330997
  },
  "rps": {
    "mean": 46124.64655268466,
    "stddev": 2285.2750918515203,
    "max": 52541.94949247483,
    "percentiles": {
      "p10": 44602.38477424996,
      "p25": 45347.59332479623,
      "p50": 46217.2723310998,
      "p75": 47064.81766689117,
      "p90": 48126.33473036444,
      "p95": 48910.46194780848,
      "p99": 50648.212033034266
    }
  },
  "details": {
    "DNSDialup": {
      "average": 0.0007889035,
      "fastest": 0.000088625,
      "slowest": 0.001266462
    },
    "DNSLookup": {
      "average": 0.000007147739999999999,
      "fastest": 0.000003717,
      "slowest": 0.000036618
    }
  },
  "statusCodeDistribution": {
    "200": 461300
  },
  "errorDistribution": {}
}