{
  "summary": {
    "successRate": 1,
    "total": 10.000765215,
    "slowest": 0.006246497,
    "fastest": 0.000222927,
    "average": 0.0011074168501884036,
    "requestsPerSec": 45079.850422225914,
    "totalData": 5860829,
    "sizePerRequest": 13,
    "sizePerSec": 586038.055488937
  },
  "responseTimeHistogram": {
    "0.000222927": 1,
    "0.0008252839999999999": 4781,
    "0.001427641": 443014,
    "0.002029998": 2769,
    "0.002632355": 116,
    "0.003234712": 54,
    "0.003837069": 45,
    "0.004439426000000001": 7,
    "0.005041783": 9,
    "0.00564414": 14,
    "0.006246497": 23
  },
  "latencyPercentiles": {
    "p10": 0.001021286,
    "p25": 0.001062435,
    "p50": 0.001104657,
    "p75": 0.001148843,
    "p90": 0.00119946,
    "p95": 0.001241652,
    "p99": 0.001364074
  },
  "rps": {
    "mean": 45080.37324619732,
    "stddev": 2232.475213322462,
    "max": 52406.07386395715,
    "percentiles": {
      "p10": 43714.12884759586,
      "p25": 44411.78446148566,
      "p50": 45212.5623405878,
      "p75": 45961.41364090702,
      "p90": 46806.62781849869,
      "p95": 47584.17164121658,
      "p99": 48781.99984857181
    }
  },
  "details": {
    "DNSDialup": {
      "average": 0.0008300095200000001,
      "fastest": 0.000079047,
      "slowest": 0.001643015
    },
    "DNSLookup": {
      "average": 0.00000877758,
      "fastest": 0.000003767,
      "slowest": 0.000037721
    }
  },
  "statusCodeDistribution": {
    "200": 450833
  },
  "errorDistribution": {}
}