{
  "summary": {
    "successRate": 1,
    "total": 10.000639623,
    "slowest": 0.006261156,
    "fastest": 0.000376056,
    "average": 0.0010148973803055412,
    "requestsPerSec": 49209.652437447905,
    "totalData": 6397664,
    "sizePerRequest": 13,
    "sizePerSec": 639725.4816868227
  },
  "responseTimeHistogram": {
    "0.000376056": 1,
    "0.000964566": 98006,
    "0.0015530760000000002": 392844,
    "0.0021415860000000004": 1077,
    "0.0027300960000000004": 84,
    "0.0033186060000000004": 66,
    "0.003907116": 12,
    "0.004495626": 0,
    "0.005084136": 16,
    "0.005672646000000001": 12,
    "0.006261156": 10
  },
  "latencyPercentiles": {
    "p10": 0.000943935,
    "p25": 0.000972413,
    "p50": 0.001009873,
    "p75": 0.001050953,
    "p90": 0.001094809,
    "p95": 0.001137061,
    "p99": 0.001267213
  },
  "rps": {
    "mean": 49205.02373901645,
    "stddev": 2518.85095901991,
    "max": 62748.247127216266,
    "percentiles": {
      "p10": 48148.88074373146,
      "p25": 48658.202221474094,
      "p50": 49225.97912578011,
      "p75": 49880.46217353195,
      "p90": 50630.66192886593,
      "p95": 51512.49906766393,
      "p99": 55501.370883862066
    }
  },
  "details": {
    "DNSDialup": {
      "average": 0.00064115988,
      "fastest": 0.000068972,
      "slowest": 0.001434371
    },
    "DNSLookup": {
      "average": 0.00000483126,
      "fastest": 0.000002544,
      "slowest": 0.000037124
    }
  },
  "statusCodeDistribution": {
    "200": 492128
  },
  "errorDistribution": {}
}