{
  "summary": {
    "successRate": 1,
    "total": 10.000310292,
    "slowest": 0.00574131,
    "fastest": 0.000301925,
    "average": 0.0010917589571287664,
    "requestsPerSec": 45721.58129590965,
    "totalData": 5943990,
    "sizePerRequest": 13,
    "sizePerSec": 594380.5568468255
  },
  "responseTimeHistogram": {
    "0.000301925": 1,
    "0.0008458635": 11428,
    "0.001389802": 443161,
    "0.0019337405000000002": 2183,
    "0.002477679": 331,
    "0.0030216175000000005": 63,
    "0.003565556": 21,
    "0.004109494500000001": 5,
    "0.004653433": 35,
    "0.005197371500000001": 1,
    "0.00574131": 1
  },
  "latencyPercentiles": {
    "p10": 0.000984764,
    "p25": 0.001041087,
    "p50": 0.0010939,
    "p75": 0.001146818,
    "p90": 0.001200545,
    "p95": 0.001241317,
    "p99": 0.001342863
  },
  "rps": {
    "mean": 45720.13890810941,
    "stddev": 2597.2744101602743,
    "max": 59698.15647268728,
    "percentiles": {
      "p10": 43509.203750494904,
      "p25": 44407.011867171204,
      "p50": 45444.404967486655,
      "p75": 47074.684740133685,
      "p90": 48415.76413220165,
      "p95": 49645.94102725121,
      "p99": 51907.27946071517
    }
  },
  "details": {
    "DNSDialup": {
      "average": 0.0007729533200000001,
      "fastest": 0.000094447,
      "slowest": 0.001621049
    },
    "DNSLookup": {
      "average": 0.00000975054,
      "fastest": 0.000004088,
      "slowest": 0.000064831
    }
  },
  "statusCodeDistribution": {
    "200": 457230
  },
  "errorDistribution": {}
}