{
  "summary": {
    "successRate": 1,
    "total": 10.000649358,
    "slowest": 0.013922667,
    "fastest": 0.000089408,
    "average": 0.0010579148324813352,
    "requestsPerSec": 47023.346501376254,
    "totalData": 6113432,
    "sizePerRequest": 13,
    "sizePerSec": 611303.5045178913
  },
  "responseTimeHistogram": {
    "0.000089408": 1,
    "0.0014727339": 419863,
    "0.0028560598": 46284,
    "0.0042393857": 3260,
    "0.0056227116": 566,
    "0.0070060375": 229,
    "0.008389363399999999": 33,
    "0.0097726893": 22,
    "0.0111560152": 1,
    "0.012539341099999999": 3,
    "0.013922667": 2
  },
  "latencyPercentiles": {
    "p10": 0.000794364,
    "p25": 0.000847968,
    "p50": 0.000894373,
    "p75": 0.001008881,
    "p90": 0.001549625,
    "p95": 0.00222718,
    "p99": 0.002725929
  },
  "rps": {
    "mean": 46990.27576376847,
    "stddev": 13076.071871353966,
    "max": 58486.54899816364,
    "percentiles": {
      "p10": 22487.696889450777,
      "p25": 37713.056260078076,
      "p50": 54943.51067478354,
      "p75": 56170.16777358257,
      "p90": 56729.72133357096,
      "p95": 57030.17466541109,
      "p99": 57540.23213030345
    }
  },
  "details": {
    "DNSDialup": {
      "average": 0.0014032877000000003,
      "fastest": 0.000080206,
      "slowest": 0.002558415
    },
    "DNSLookup": {
      "average": 0.00000790664,
      "fastest": 0.000004,
      "slowest": 0.000089608
    }
  },
  "statusCodeDistribution": {
    "200": 470264
  },
  "errorDistribution": {}
}