{
  "summary": {
    "successRate": 1,
    "total": 10.000718487,
    "slowest": 0.006072573,
    "fastest": 0.000203863,
    "average": 0.0010925787680641542,
    "requestsPerSec": 45685.21757650791,
    "totalData": 5939505,
    "sizePerRequest": 13,
    "sizePerSec": 593907.8284946028
  },
  "responseTimeHistogram": {
    "0.000203863": 1,
    "0.000790734": 5081,
    "0.001377605": 447639,
    "0.0019644759999999997": 3750,
    "0.002551347": 183,
    "0.003138218": 111,
    "0.0037250889999999996": 44,
    "0.00431196": 41,
    "0.004898831": 2,
    "0.005485702": 23,
    "0.006072573": 10
  },
  "latencyPercentiles": {
    "p10": 0.00100013,
    "p25": 0.001050528,
    "p50": 0.001094152,
    "p75": 0.001137864,
    "p90": 0.001181632,
    "p95": 0.001216243,
    "p99": 0.001361451
  },
  "rps": {
    "mean": 45682.89156619767,
    "stddev": 2376.8066396977765,
    "max": 54696.87505571504,
    "percentiles": {
      "p10": 44224.54570838057,
      "p25": 45096.06815399154,
      "p50": 45725.21288238298,
      "p75": 46624.43586683564,
      "p90": 47605.264761441074,
      "p95": 48265.542535364584,
      "p99": 49608.00545383788
    }
  },
  "details": {
    "DNSDialup": {
      "average": 0.0006428659400000001,
      "fastest": 0.000083185,
      "slowest": 0.001051721
    },
    "DNSLookup": {
      "average": 0.00000775046,
      "fastest": 0.000003116,
      "slowest": 0.000024435
    }
  },
  "statusCodeDistribution": {
    "200": 456885
  },
  "errorDistribution": {}
}