{
  "summary": {
    "successRate": 1,
    "total": 10.000180587,
    "slowest": 0.006606876,
    "fastest": 0.000270175,
    "average": 0.0011135621673228782,
    "requestsPerSec": 44827.490473797785,
    "totalData": 5827679,
    "sizePerRequest": 13,
    "sizePerSec": 582757.3761593712
  },
  "responseTimeHistogram": {
    "0.000270175": 1,
    "0.0009038451": 15152,
    "0.0015375152000000002": 431503,
    "0.0021711853": 1349,
    "0.0028048554000000003": 194,
    "0.0034385255": 26,
    "0.0040721956": 8,
    "0.004705865700000001": 21,
    "0.0053395358000000006": 0,
    "0.0059732059": 12,
    "0.006606876": 17
  },
  "latencyPercentiles": {
    "p10": 0.001027685,
    "p25": 0.001070621,
    "p50": 0.001114337,
    "p75": 0.001159643,
    "p90": 0.00120955,
    "p95": 0.001251306,
    "p99": 0.001389232
  },
  "rps": {
    "mean": 44827.03600383721,
    "stddev": 2549.6523710776637,
    "max": 61201.56399545146,
    "percentiles": {
      "p10": 43204.71256909575,
      "p25": 44115.90571909485,
      "p50": 44787.01897905774,
      "p75": 45412.02964665749,
      "p90": 46634.64021074943,
      "p95": 48310.61681933236,
      "p99": 53322.63545875079
    }
  },
  "details": {
    "DNSDialup": {
      "average": 0.0009393645599999999,
      "fastest": 0.000092953,
      "slowest": 0.001653497
    },
    "DNSLookup": {
      "average": 0.000010284779999999999,
      "fastest": 0.000003848,
      "slowest": 0.000143286
    }
  },
  "statusCodeDistribution": {
    "200": 448283
  },
  "errorDistribution": {}
}