{
  "summary": {
    "successRate": 1,
    "total": 10.000243155,
    "slowest": 0.006460598,
    "fastest": 0.000320877,
    "average": 0.0010828972493301962,
    "requestsPerSec": 46095.179172670825,
    "totalData": 5992519,
    "sizePerRequest": 13,
    "sizePerSec": 599237.3292447207
  },
  "responseTimeHistogram": {
    "0.000320877": 1,
    "0.0009348491": 27290,
    "0.0015488212": 432464,
    "0.0021627933": 957,
    "0.0027767653999999998": 149,
    "0.0033907375": 14,
    "0.0040047096": 48,
    "0.004618681699999999": 7,
    "0.0052326538": 13,
    "0.0058466259": 15,
    "0.006460598": 5
  },
  "latencyPercentiles": {
    "p10": 0.000993037,
    "p25": 0.001043281,
    "p50": 0.001088019,
    "p75": 0.001133217,
    "p90": 0.0011824,
    "p95": 0.00122313,
    "p99": 0.001353231
  },
  "rps": {
    "mean": 46093.982709501,
    "stddev": 2746.9735734239534,
    "max": 58261.243011163155,
    "percentiles": {
      "p10": 44202.32731281023,
      "p25": 45110.46651038855,
      "p50": 45802.85809834684,
      "p75": 46746.72816186844,
      "p90": 49153.49934216014,
      "p95": 50914.674567010756,
      "p99": 53601.262018628084
    }
  },
  "details": {
    "DNSDialup": {
      "average": 0.0008180828400000003,
      "fastest": 0.00009638,
      "slowest": 0.001801322
    },
    "DNSLookup": {
      "average": 0.00004107764,
      "fastest": 0.000003967,
      "slowest": 0.001679123
    }
  },
  "statusCodeDistribution": {
    "200": 460963
  },
  "errorDistribution": {}
}