{
  "summary": {
    "successRate": 1,
    "total": 10.000611921,
    "slowest": 0.006246726,
    "fastest": 0.000303789,
    "average": 0.001086506829285188,
    "requestsPerSec": 45939.888841728,
    "totalData": 5972551,
    "sizePerRequest": 13,
    "sizePerSec": 597218.5549424641
  },
  "responseTimeHistogram": {
    "0.000303789": 1,
    "0.0008980827000000002": 32184,
    "0.0014923764000000003": 424967,
    "0.0020866701": 1892,
    "0.0026809638000000005": 236,
    "0.0032752575000000003": 71,
    "0.0038695512000000007": 26,
    "0.0044638449000000005": 11,
    "0.0050581386": 11,
    "0.0056524323": 0,
    "0.006246726": 28
  },
  "latencyPercentiles": {
    "p10": 0.000963249,
    "p25": 0.001049841,
    "p50": 0.001098016,
    "p75": 0.001143836,
    "p90": 0.001191511,
    "p95": 0.001230305,
    "p99": 0.001386117
  },
  "rps": {
    "mean": 45936.50348299601,
    "stddev": 3016.4632419573213,
    "max": 58700.271804298995,
    "percentiles": {
      "p10": 43659.83143299624,
      "p25": 44679.78469152266,
      "p50": 45644.96485487827,
      "p75": 47263.15177646544,
      "p90": 49172.645157146726,
      "p95": 50265.424610373564,
      "p99": 53155.344628694584
    }
  },
  "details": {
    "DNSDialup": {
      "average": 0.0005383709799999999,
      "fastest": 0.000078116,
      "slowest": 0.000765307
    },
    "DNSLookup": {
      "average": 0.000008254640000000003,
      "fastest": 0.000003807,
      "slowest": 0.000043712
    }
  },
  "statusCodeDistribution": {
    "200": 459427
  },
  "errorDistribution": {}
}