{
  "summary": {
    "successRate": 1,
    "total": 10.00038117,
    "slowest": 0.007199197,
    "fastest": 0.000233545,
    "average": 0.0010782220996924552,
    "requestsPerSec": 46297.63527303629,
    "totalData": 6018922,
    "sizePerRequest": 13,
    "sizePerSec": 601869.2585494719
  },
  "responseTimeHistogram": {
    "0.000233545": 1,
    "0.0009301101999999999": 43682,
    "0.0016266753999999999": 418395,
    "0.0023232406": 594,
    "0.0030198058": 253,
    "0.0037163709999999996": 12,
    "0.0044129362": 13,
    "0.0051095014": 20,
    "0.0058060666": 23,
    "0.0065026317999999994": 0,
    "0.007199196999999999": 1
  },
  "latencyPercentiles": {
    "p10": 0.000942719,
    "p25": 0.001044268,
    "p50": 0.001093999,
    "p75": 0.001141348,
    "p90": 0.001191586,
    "p95": 0.001232059,
    "p99": 0.001358567
  },
  "rps": {
    "mean": 46297.460896056575,
    "stddev": 3129.8396177237837,
    "max": 63272.758803938385,
    "percentiles": {
      "p10": 43920.02753255487,
      "p25": 44741.35135132169,
      "p50": 45708.68922182039,
      "p75": 47632.96200971237,
      "p90": 50180.55446193937,
      "p95": 51724.22607375951,
      "p99": 54429.91468110986
    }
  },
  "details": {
    "DNSDialup": {
      "average": 0.00088624968,
      "fastest": 0.000135332,
      "slowest": 0.001346625
    },
    "DNSLookup": {
      "average": 0.000009860339999999999,
      "fastest": 0.000004228,
      "slowest": 0.000043552
    }
  },
  "statusCodeDistribution": {
    "200": 462994
  },
  "errorDistribution": {}
}