{
  "summary": {
    "successRate": 1,
    "total": 10.000670103,
    "slowest": 0.006682394,
    "fastest": 0.000189864,
    "average": 0.0010524504007875196,
    "requestsPerSec": 47436.92123767679,
    "totalData": 6167213,
    "sizePerRequest": 13,
    "sizePerSec": 616679.9760897983
  },
  "responseTimeHistogram": {
    "0.000189864": 1,
    "0.000839117": 50251,
    "0.0014883700000000001": 421320,
    "0.002137623": 2468,
    "0.002786876": 150,
    "0.003436129": 105,
    "0.004085382": 65,
    "0.004734635": 10,
    "0.005383888": 20,
    "0.006033141": 10,
    "0.0066823939999999995": 1
  },
  "latencyPercentiles": {
    "p10": 0.00081525,
    "p25": 0.001027995,
    "p50": 0.001084393,
    "p75": 0.001131135,
    "p90": 0.001174368,
    "p95": 0.001207345,
    "p99": 0.001374276
  },
  "rps": {
    "mean": 47434.0167183876,
    "stddev": 4224.14412768754,
    "max": 68392.4873112304,
    "percentiles": {
      "p10": 44648.407803741815,
      "p25": 45338.606851407465,
      "p50": 46227.052070873506,
      "p75": 48922.72950012597,
      "p90": 52586.19829892626,
      "p95": 55421.675417258535,
      "p99": 60705.28135947443
    }
  },
  "details": {
    "DNSDialup": {
      "average": 0.0007180351200000001,
      "fastest": 0.000067319,
      "slowest": 0.001600555
    },
    "DNSLookup": {
      "average": 0.00000651096,
      "fastest": 0.000003015,
      "slowest": 0.000027492
    }
  },
  "statusCodeDistribution": {
    "200": 474401
  },
  "errorDistribution": {}
}