{
  "summary": {
    "successRate": 1,
    "total": 10.000226947,
    "slowest": 0.006138851,
    "fastest": 0.00029499,
    "average": 0.0010837489383194213,
    "requestsPerSec": 46060.45467179936,
    "totalData": 5987995,
    "sizePerRequest": 13,
    "sizePerSec": 598785.9107333916
  },
  "responseTimeHistogram": {
    "0.00029499": 1,
    "0.0008793760999999999": 14140,
    "0.0014637621999999998": 444167,
    "0.0020481482999999997": 2050,
    "0.0026325344": 96,
    "0.0032169204999999996": 96,
    "0.0038013065999999997": 17,
    "0.0043856927": 6,
    "0.0049700788": 14,
    "0.005554464899999999": 6,
    "0.006138850999999999": 22
  },
  "latencyPercentiles": {
    "p10": 0.000995285,
    "p25": 0.001038636,
    "p50": 0.00108252,
    "p75": 0.001129456,
    "p90": 0.001184324,
    "p95": 0.001228229,
    "p99": 0.001369653
  },
  "rps": {
    "mean": 46058.88033854025,
    "stddev": 2776.929802338382,
    "max": 66700.59784166623,
    "percentiles": {
      "p10": 44523.41931856155,
      "p25": 45247.287536210584,
      "p50": 46084.380704084775,
      "p75": 46734.75196155844,
      "p90": 47801.41492188302,
      "p95": 49120.08520283905,
      "p99": 56141.043142685536
    }
  },
  "details": {
    "DNSDialup": {
      "average": 0.0010761981999999998,
      "fastest": 0.000315566,
      "slowest": 0.0016252
    },
    "DNSLookup": {
      "average": 0.000009014299999999998,
      "fastest": 0.000003336,
      "slowest": 0.000033452
    }
  },
  "statusCodeDistribution": {
    "200": 460615
  },
  "errorDistribution": {}
}