{
  "summary": {
    "successRate": 1,
    "total": 10.000613611,
    "slowest": 0.005420918,
    "fastest": 0.000185065,
    "average": 0.0011439593885616195,
    "requestsPerSec": 43639.822212505234,
    "totalData": 5673525,
    "sizePerRequest": 13,
    "sizePerSec": 567317.688762568
  },
  "responseTimeHistogram": {
    "0.000185065": 1,
    "0.0007086503": 1013,
    "0.0012322356000000001": 390943,
    "0.0017558208999999998": 40645,
    "0.0022794062": 1225,
    "0.0028029915": 679,
    "0.0033265767999999998": 1211,
    "0.0038501621": 640,
    "0.0043737474": 30,
    "0.0048973327": 0,
    "0.005420918": 38
  },
  "latencyPercentiles": {
    "p10": 0.001041358,
    "p25": 0.001082766,
    "p50": 0.00112821,
    "p75": 0.001177825,
    "p90": 0.001233352,
    "p95": 0.001279535,
    "p99": 0.001654605
  },
  "rps": {
    "mean": 43641.22394597288,
    "stddev": 3982.570972244518,
    "max": 53846.237764369136,
    "percentiles": {
      "p10": 42217.32599058675,
      "p25": 43273.10522167731,
      "p50": 44218.854919737634,
      "p75": 45105.50287134987,
      "p90": 46062.48578224752,
      "p95": 46829.53538797245,
      "p99": 48203.540311554105
    }
  },
  "details": {
    "DNSDialup": {
      "average": 0.0007048700200000003,
      "fastest": 0.000077304,
      "slowest": 0.001367091
    },
    "DNSLookup": {
      "average": 0.00000775068,
      "fastest": 0.000002745,
      "slowest": 0.00003232
    }
  },
  "statusCodeDistribution": {
    "200": 436425
  },
  "errorDistribution": {}
}