{
  "summary": {
    "successRate": 1,
    "total": 10.000647799,
    "slowest": 0.005931835,
    "fastest": 0.00026712,
    "average": 0.001101386058553609,
    "requestsPerSec": 45328.16364609182,
    "totalData": 5893043,
    "sizePerRequest": 13,
    "sizePerSec": 589266.1273991937
  },
  "responseTimeHistogram": {
    "0.00026712": 1,
    "0.0008335915": 5264,
    "0.001400063": 444116,
    "0.0019665345": 3527,
    "0.002533006": 153,
    "0.0030994775": 105,
    "0.003665949": 83,
    "0.0042324204999999995": 22,
    "0.004798892": 10,
    "0.0053653635": 0,
    "0.005931835": 30
  },
  "latencyPercentiles": {
    "p10": 0.001012687,
    "p25": 0.001056053,
    "p50": 0.00109919,
    "p75": 0.001144357,
    "p90": 0.001192304,
    "p95": 0.001229604,
    "p99": 0.001370326
  },
  "rps": {
    "mean": 45328.354500952286,
    "stddev": 2387.37483915163,
    "max": 50623.44371678368,
    "percentiles": {
      "p10": 44108.03460653809,
      "p25": 44704.67163818655,
      "p50": 45417.59023269728,
      "p75": 46257.59931909635,
      "p90": 47172.06008916751,
      "p95": 47867.90710247142,
      "p99": 49054.7647393561
    }
  },
  "details": {
    "DNSDialup": {
      "average": 0.0007185383000000002,
      "fastest": 0.000068511,
      "slowest": 0.001586831
    },
    "DNSLookup": {
      "average": 0.0000065864,
      "fastest": 0.000003236,
      "slowest": 0.000033041
    }
  },
  "statusCodeDistribution": {
    "200": 453311
  },
  "errorDistribution": {}
}