{
  "summary": {
    "successRate": 1,
    "total": 10.000163529,
    "slowest": 0.00531099,
    "fastest": 0.0001613,
    "average": 0.0010519791258021092,
    "requestsPerSec": 47450.7240430548,
    "totalData": 6168695,
    "sizePerRequest": 13,
    "sizePerSec": 616859.4125597123
  },
  "responseTimeHistogram": {
    "0.0001613": 1,
    "0.000676269": 12458,
    "0.001191238": 435446,
    "0.001706207": 25485,
    "0.002221176": 906,
    "0.002736145": 140,
    "0.003251114": 31,
    "0.003766083": 8,
    "0.004281052": 14,
    "0.004796020999999999": 13,
    "0.00531099": 13
  },
  "latencyPercentiles": {
    "p10": 0.000926884,
    "p25": 0.001018576,
    "p50": 0.001066938,
    "p75": 0.001113121,
    "p90": 0.001159876,
    "p95": 0.001197896,
    "p99": 0.001325127
  },
  "rps": {
    "mean": 47448.58155294102,
    "stddev": 3495.3445659253725,
    "max": 70614.77967338073,
    "percentiles": {
      "p10": 45179.70303371038,
      "p25": 46004.97773859555,
      "p50": 46741.87048300139,
      "p75": 48453.25012188412,
      "p90": 51515.921652160985,
      "p95": 53005.06198342038,
      "p99": 57133.00563712294
    }
  },
  "details": {
    "DNSDialup": {
      "average": 0.00084382014,
      "fastest": 0.000107798,
      "slowest": 0.00143082
    },
    "DNSLookup": {
      "average": 0.000007483699999999998,
      "fastest": 0.000003957,
      "slowest": 0.000033552
    }
  },
  "statusCodeDistribution": {
    "200": 474515
  },
  "errorDistribution": {}
}