{
  "summary": {
    "successRate": 1,
    "total": 10.000629926,
    "slowest": 0.006290959,
    "fastest": 0.000186732,
    "average": 0.0010596946852736773,
    "requestsPerSec": 47111.932296893596,
    "totalData": 6124937,
    "sizePerRequest": 13,
    "sizePerSec": 612455.1198596167
  },
  "responseTimeHistogram": {
    "0.000186732": 1,
    "0.0007971546999999999": 3312,
    "0.0014075773999999998": 465361,
    "0.0020180000999999994": 2076,
    "0.0026284227999999995": 189,
    "0.0032388454999999995": 92,
    "0.0038492681999999995": 16,
    "0.0044596908999999995": 55,
    "0.0050701135999999996": 8,
    "0.0056805363": 12,
    "0.006290959": 27
  },
  "latencyPercentiles": {
    "p10": 0.000983341,
    "p25": 0.001014739,
    "p50": 0.00105495,
    "p75": 0.001099547,
    "p90": 0.001138195,
    "p95": 0.001172196,
    "p99": 0.0012876
  },
  "rps": {
    "mean": 47109.771323413726,
    "stddev": 2321.1821652267427,
    "max": 51867.80384481219,
    "percentiles": {
      "p10": 46186.677312367174,
      "p25": 46639.58301410352,
      "p50": 47232.33586009856,
      "p75": 47910.24320999579,
      "p90": 48650.021952571995,
      "p95": 49166.60102758197,
      "p99": 50669.51145571968
    }
  },
  "details": {
    "DNSDialup": {
      "average": 0.0007832800400000001,
      "fastest": 0.000105089,
      "slowest": 0.001348382
    },
    "DNSLookup": {
      "average": 0.000005123919999999999,
      "fastest": 0.000001763,
      "slowest": 0.000031578
    }
  },
  "statusCodeDistribution": {
    "200": 471149
  },
  "errorDistribution": {}
}