{
  "summary": {
    "successRate": 1,
    "total": 10.000722325,
    "slowest": 0.008857949,
    "fastest": 0.000198703,
    "average": 0.0009156634197034924,
    "requestsPerSec": 54466.665736567185,
    "totalData": 7081178,
    "sizePerRequest": 13,
    "sizePerSec": 708066.6545753734
  },
  "responseTimeHistogram": {
    "0.000198703": 1,
    "0.0010646276": 508744,
    "0.0019305522000000002": 19795,
    "0.0027964768000000007": 15702,
    "0.0036624014000000006": 303,
    "0.004528326": 74,
    "0.005394250600000001": 56,
    "0.006260175200000001": 26,
    "0.007126099800000001": 0,
    "0.0079920244": 1,
    "0.008857949": 4
  },
  "latencyPercentiles": {
    "p10": 0.000790613,
    "p25": 0.000824613,
    "p50": 0.000855215,
    "p75": 0.000888215,
    "p90": 0.001027817,
    "p95": 0.001280122,
    "p99": 0.002056235
  },
  "rps": {
    "mean": 54461.06264942458,
    "stddev": 9113.32198667817,
    "max": 60195.538541005175,
    "percentiles": {
      "p10": 41625.01239974027,
      "p25": 56758.608939591,
      "p50": 57698.855449039846,
      "p75": 58465.08918379019,
      "p90": 58900.78338041179,
      "p95": 59084.68608056171,
      "p99": 59836.691859445455
    }
  },
  "details": {
    "DNSDialup": {
      "average": 0.0014039204,
      "fastest": 0.000210404,
      "slowest": 0.001608928
    },
    "DNSLookup": {
      "average": 0.00000870016,
      "fastest": 0.0000034,
      "slowest": 0.000044401
    }
  },
  "statusCodeDistribution": {
    "200": 544706
  },
  "errorDistribution": {}
}