{
  "summary": {
    "successRate": 1,
    "total": 10.000163089,
    "slowest": 0.012359482,
    "fastest": 0.000705805,
    "average": 0.0013822090847571168,
    "requestsPerSec": 36123.810860381054,
    "totalData": 4696172,
    "sizePerRequest": 13,
    "sizePerSec": 469609.5411849537
  },
  "responseTimeHistogram": {
    "0.000705805": 1,
    "0.0018711726999999997": 357671,
    "0.0030365403999999996": 3149,
    "0.0042019080999999995": 208,
    "0.0053672758": 109,
    "0.006532643499999999": 6,
    "0.0076980111999999995": 10,
    "0.0088633789": 71,
    "0.0100287466": 4,
    "0.011194114299999999": 7,
    "0.012359481999999998": 8
  },
  "latencyPercentiles": {
    "p10": 0.001211305,
    "p25": 0.001261494,
    "p50": 0.001394012,
    "p75": 0.001460357,
    "p90": 0.001524075,
    "p95": 0.00156787,
    "p99": 0.00186346
  },
  "rps": {
    "mean": 36121.80328204052,
    "stddev": 2557.838342073174,
    "max": 39589.59521292632,
    "percentiles": {
      "p10": 35436.3270939635,
      "p25": 36103.798119562955,
      "p50": 36559.948546152584,
      "p75": 36865.0602708231,
      "p90": 37251.10598030307,
      "p95": 37463.15578977953,
      "p99": 37813.58227477289
    }
  },
  "details": {
    "DNSDialup": {
      "average": 0.0009939403599999997,
      "fastest": 0.000097301,
      "slowest": 0.002216728
    },
    "DNSLookup": {
      "average": 0.000050943220000000005,
      "fastest": 0.000003947,
      "slowest": 0.002104066
    }
  },
  "statusCodeDistribution": {
    "200": 361244
  },
  "errorDistribution": {}
}