{
  "summary": {
    "successRate": 1,
    "total": 10.000312344,
    "slowest": 0.009719196,
    "fastest": 0.000742895,
    "average": 0.0014209547596987777,
    "requestsPerSec": 35139.802429355004,
    "totalData": 4568317,
    "sizePerRequest": 13,
    "sizePerSec": 456817.43158161506
  },
  "responseTimeHistogram": {
    "0.000742895": 1,
    "0.0016405251": 339856,
    "0.0025381552": 10704,
    "0.0034357852999999995": 654,
    "0.0043334153999999995": 74,
    "0.0052310455": 21,
    "0.006128675599999999": 2,
    "0.0070263057": 19,
    "0.007923935799999999": 48,
    "0.0088215659": 16,
    "0.009719196": 14
  },
  "latencyPercentiles": {
    "p10": 0.001247159,
    "p25": 0.001295842,
    "p50": 0.001437886,
    "p75": 0.001503355,
    "p90": 0.001565063,
    "p95": 0.001614049,
    "p99": 0.001947882
  },
  "rps": {
    "mean": 35139.988668783495,
    "stddev": 2288.2908248153512,
    "max": 37508.987153320086,
    "percentiles": {
      "p10": 34341.22651150739,
      "p25": 35208.87640851789,
      "p50": 35510.69013008859,
      "p75": 35854.225931298985,
      "p90": 36317.50656410886,
      "p95": 36501.37975215286,
      "p99": 36831.50065332927
    }
  },
  "details": {
    "DNSDialup": {
      "average": 0.0012982067400000002,
      "fastest": 0.000110384,
      "slowest": 0.002262241
    },
    "DNSLookup": {
      "average": 0.000013764139999999999,
      "fastest": 0.000004629,
      "slowest": 0.000237009
    }
  },
  "statusCodeDistribution": {
    "200": 351409
  },
  "errorDistribution": {}
}