{
  "summary": {
    "successRate": 1,
    "total": 10.000711073,
    "slowest": 0.012170314,
    "fastest": 0.00022015,
    "average": 0.0014610490100061696,
    "requestsPerSec": 34186.4690924863,
    "totalData": 4444557,
    "sizePerRequest": 13,
    "sizePerSec": 444424.0982023219
  },
  "responseTimeHistogram": {
    "0.00022015": 1,
    "0.0014151664": 139717,
    "0.0026101828": 200928,
    "0.0038051991999999996": 936,
    "0.005000215599999999": 163,
    "0.006195231999999999": 44,
    "0.007390248399999999": 12,
    "0.008585264799999999": 61,
    "0.0097802812": 16,
    "0.0109752976": 6,
    "0.012170314": 5
  },
  "latencyPercentiles": {
    "p10": 0.001278567,
    "p25": 0.001333347,
    "p50": 0.001471323,
    "p75": 0.001546343,
    "p90": 0.001612526,
    "p95": 0.001657399,
    "p99": 0.002059741
  },
  "rps": {
    "mean": 34179.63830995582,
    "stddev": 2476.4396630814776,
    "max": 37516.53762081148,
    "percentiles": {
      "p10": 33526.35171244437,
      "p25": 34209.718981162245,
      "p50": 34524.14640060491,
      "p75": 34962.413384661944,
      "p90": 35341.549975961774,
      "p95": 35506.348615374314,
      "p99": 36137.85078491202
    }
  },
  "details": {
    "DNSDialup": {
      "average": 0.0007161374200000002,
      "fastest": 0.000070233,
      "slowest": 0.001339034
    },
    "DNSLookup": {
      "average": 0.000006493900000000001,
      "fastest": 0.000003016,
      "slowest": 0.000029334
    }
  },
  "statusCodeDistribution": {
    "200": 341889
  },
  "errorDistribution": {}
}