{
  "summary": {
    "successRate": 1,
    "total": 10.000201617,
    "slowest": 0.009971908,
    "fastest": 0.000767688,
    "average": 0.0013810519418297987,
    "requestsPerSec": 36151.77111883623,
    "totalData": 4699825,
    "sizePerRequest": 13,
    "sizePerSec": 469973.024544871
  },
  "responseTimeHistogram": {
    "0.000767688": 1,
    "0.00168811": 356198,
    "0.0026085319999999998": 4629,
    "0.003528954": 436,
    "0.004449376": 146,
    "0.005369797999999999": 17,
    "0.00629022": 0,
    "0.007210642": 6,
    "0.008131064": 12,
    "0.009051486000000001": 61,
    "0.009971908": 19
  },
  "latencyPercentiles": {
    "p10": 0.001216889,
    "p25": 0.001263019,
    "p50": 0.0013987,
    "p75": 0.001461345,
    "p90": 0.001510296,
    "p95": 0.001548422,
    "p99": 0.00186381
  },
  "rps": {
    "mean": 36143.192134947196,
    "stddev": 2512.09184156932,
    "max": 37949.69884421218,
    "percentiles": {
      "p10": 35543.1621216522,
      "p25": 36310.63901723186,
      "p50": 36576.69169970094,
      "p75": 36847.266658594264,
      "p90": 37112.06513237155,
      "p95": 37323.513813703066,
      "p99": 37576.65510693576
    }
  },
  "details": {
    "DNSDialup": {
      "average": 0.0007633596799999997,
      "fastest": 0.000084628,
      "slowest": 0.002058295
    },
    "DNSLookup": {
      "average": 0.0000102736,
      "fastest": 0.000004389,
      "slowest": 0.00003765
    }
  },
  "statusCodeDistribution": {
    "200": 361525
  },
  "errorDistribution": {}
}