{
  "summary": {
    "successRate": 1,
    "total": 10.000729633,
    "slowest": 0.011218566,
    "fastest": 0.000202345,
    "average": 0.001338740378122676,
    "requestsPerSec": 37304.478142169966,
    "totalData": 4849936,
    "sizePerRequest": 13,
    "sizePerSec": 484958.21584820957
  },
  "responseTimeHistogram": {
    "0.000202345": 1,
    "0.0013039671": 152421,
    "0.0024055892": 219467,
    "0.0035072113": 826,
    "0.0046088334": 134,
    "0.0057104554999999994": 99,
    "0.0068120776": 22,
    "0.0079136997": 18,
    "0.0090153218": 68,
    "0.0101169439": 0,
    "0.011218566": 16
  },
  "latencyPercentiles": {
    "p10": 0.001167181,
    "p25": 0.001213081,
    "p50": 0.001354505,
    "p75": 0.001412933,
    "p90": 0.001486905,
    "p95": 0.001528097,
    "p99": 0.001898035
  },
  "rps": {
    "mean": 37295.27897260444,
    "stddev": 2735.8576855131046,
    "max": 41019.0410388527,
    "percentiles": {
      "p10": 36748.12166532118,
      "p25": 37432.85481667387,
      "p50": 37730.01310563165,
      "p75": 38019.70561341969,
      "p90": 38425.99793231364,
      "p95": 38674.43181407587,
      "p99": 39129.68769405009
    }
  },
  "details": {
    "DNSDialup": {
      "average": 0.0005679742,
      "fastest": 0.000068072,
      "slowest": 0.001329868
    },
    "DNSLookup": {
      "average": 0.000005749459999999998,
      "fastest": 0.000002734,
      "slowest": 0.000036815
    }
  },
  "statusCodeDistribution": {
    "200": 373072
  },
  "errorDistribution": {}
}