{
  "summary": {
    "successRate": 1,
    "total": 10.00065097,
    "slowest": 0.009739245,
    "fastest": 0.000560704,
    "average": 0.0013997564304311552,
    "requestsPerSec": 35670.97792634993,
    "totalData": 4637529,
    "sizePerRequest": 13,
    "sizePerSec": 463722.71304254903
  },
  "responseTimeHistogram": {
    "0.000560704": 1,
    "0.0014785581": 264323,
    "0.0023964121999999997": 90972,
    "0.0033142663": 1053,
    "0.0042321204": 189,
    "0.0051499745": 83,
    "0.0060678286": 10,
    "0.006985682700000001": 15,
    "0.0079035368": 11,
    "0.0088213909": 11,
    "0.009739245": 65
  },
  "latencyPercentiles": {
    "p10": 0.00122659,
    "p25": 0.00127573,
    "p50": 0.001414513,
    "p75": 0.001480861,
    "p90": 0.001538523,
    "p95": 0.001589243,
    "p99": 0.001917261
  },
  "rps": {
    "mean": 35663.94624245823,
    "stddev": 2591.6385867151585,
    "max": 40308.404078314845,
    "percentiles": {
      "p10": 35139.637511112705,
      "p25": 35519.2905266856,
      "p50": 36013.22811519304,
      "p75": 36521.20528830976,
      "p90": 36812.67092133403,
      "p95": 37048.29023147481,
      "p99": 37519.704131486935
    }
  },
  "details": {
    "DNSDialup": {
      "average": 0.00070704382,
      "fastest": 0.000074086,
      "slowest": 0.00133334
    },
    "DNSLookup": {
      "average": 0.0000066429599999999995,
      "fastest": 0.000003446,
      "slowest": 0.00003236
    }
  },
  "statusCodeDistribution": {
    "200": 356733
  },
  "errorDistribution": {}
}