{
  "summary": {
    "successRate": 1,
    "total": 10.000609955,
    "slowest": 0.012190494,
    "fastest": 0.000361688,
    "average": 0.0014131059159896038,
    "requestsPerSec": 35335.144715180526,
    "totalData": 4593849,
    "sizePerRequest": 13,
    "sizePerSec": 459356.88129734684
  },
  "responseTimeHistogram": {
    "0.000361688": 1,
    "0.0015445685999999998": 306180,
    "0.0027274492": 46450,
    "0.003910329799999999": 505,
    "0.005093210399999999": 122,
    "0.006276090999999999": 15,
    "0.0074589715999999985": 11,
    "0.0086418522": 70,
    "0.0098247328": 11,
    "0.0110076134": 3,
    "0.012190494": 5
  },
  "latencyPercentiles": {
    "p10": 0.001231589,
    "p25": 0.00128558,
    "p50": 0.001419934,
    "p75": 0.001491585,
    "p90": 0.001568538,
    "p95": 0.001626861,
    "p99": 0.001947287
  },
  "rps": {
    "mean": 35334.52756030246,
    "stddev": 2605.4485155228854,
    "max": 38435.233578622254,
    "percentiles": {
      "p10": 34215.006902702175,
      "p25": 35306.04792600916,
      "p50": 35790.75461648079,
      "p75": 36391.736288838685,
      "p90": 36745.22350054485,
      "p95": 37020.24637274032,
      "p99": 37664.17764136264
    }
  },
  "details": {
    "DNSDialup": {
      "average": 0.0007420408400000002,
      "fastest": 0.000081092,
      "slowest": 0.001742202
    },
    "DNSLookup": {
      "average": 0.00000845628,
      "fastest": 0.000003867,
      "slowest": 0.000053831
    }
  },
  "statusCodeDistribution": {
    "200": 353373
  },
  "errorDistribution": {}
}