{
  "summary": {
    "successRate": 1,
    "total": 10.000622654,
    "slowest": 0.011183715,
    "fastest": 0.00081867,
    "average": 0.0013804803635051755,
    "requestsPerSec": 36168.34796334672,
    "totalData": 4702178,
    "sizePerRequest": 13,
    "sizePerSec": 470188.52352350735
  },
  "responseTimeHistogram": {
    "0.00081867": 1,
    "0.0018551745": 357870,
    "0.002891679": 3252,
    "0.0039281835": 313,
    "0.004964687999999999": 110,
    "0.0060011924999999995": 58,
    "0.007037696999999999": 8,
    "0.0080742015": 42,
    "0.009110706": 39,
    "0.0101472105": 2,
    "0.011183715": 11
  },
  "latencyPercentiles": {
    "p10": 0.001209892,
    "p25": 0.001258358,
    "p50": 0.001393545,
    "p75": 0.001460831,
    "p90": 0.001520011,
    "p95": 0.001560907,
    "p99": 0.001896735
  },
  "rps": {
    "mean": 36164.89491819459,
    "stddev": 2599.5874309105443,
    "max": 38295.21722811771,
    "percentiles": {
      "p10": 35529.002112461865,
      "p25": 36296.886223963,
      "p50": 36568.47477122817,
      "p75": 36901.14549084185,
      "p90": 37253.99967252385,
      "p95": 37467.62265021224,
      "p99": 37874.42356123872
    }
  },
  "details": {
    "DNSDialup": {
      "average": 0.0006903887599999999,
      "fastest": 0.000091818,
      "slowest": 0.001226237
    },
    "DNSLookup": {
      "average": 0.000007495460000000002,
      "fastest": 0.000003687,
      "slowest": 0.000036187
    }
  },
  "statusCodeDistribution": {
    "200": 361706
  },
  "errorDistribution": {}
}