{
  "summary": {
    "successRate": 1,
    "total": 10.000592348,
    "slowest": 0.01062153,
    "fastest": 0.000273109,
    "average": 0.00142757314542769,
    "requestsPerSec": 34976.82815457963,
    "totalData": 4547257,
    "sizePerRequest": 13,
    "sizePerSec": 454698.7660095352
  },
  "responseTimeHistogram": {
    "0.000273109": 1,
    "0.0013079511": 91051,
    "0.0023427932": 256828,
    "0.0033776353000000005": 1602,
    "0.0044124774": 150,
    "0.0054473195": 56,
    "0.0064821616": 1,
    "0.0075170037": 11,
    "0.008551845800000001": 22,
    "0.009586687900000002": 24,
    "0.01062153": 43
  },
  "latencyPercentiles": {
    "p10": 0.00125537,
    "p25": 0.001304717,
    "p50": 0.001442853,
    "p75": 0.001510221,
    "p90": 0.001565092,
    "p95": 0.001608561,
    "p99": 0.001912835
  },
  "rps": {
    "mean": 34967.732212312396,
    "stddev": 2543.3438272036205,
    "max": 40407.090913047534,
    "percentiles": {
      "p10": 34235.2006332914,
      "p25": 34827.12418137023,
      "p50": 35401.00892875066,
      "p75": 35731.25225857696,
      "p90": 36131.435322271915,
      "p95": 36397.80386510451,
      "p99": 36968.501411015015
    }
  },
  "details": {
    "DNSDialup": {
      "average": 0.00064055306,
      "fastest": 0.000091431,
      "slowest": 0.000993488
    },
    "DNSLookup": {
      "average": 0.000008298419999999998,
      "fastest": 0.000003727,
      "slowest": 0.000062287
    }
  },
  "statusCodeDistribution": {
    "200": 349789
  },
  "errorDistribution": {}
}