{
  "summary": {
    "successRate": 1,
    "total": 10.000673325,
    "slowest": 0.010837523,
    "fastest": 0.000566017,
    "average": 0.0013779632153029429,
    "requestsPerSec": 36237.66002775618,
    "totalData": 4711213,
    "sizePerRequest": 13,
    "sizePerSec": 471089.5803608304
  },
  "responseTimeHistogram": {
    "0.000566017": 1,
    "0.0015931676": 349347,
    "0.0026203182": 12241,
    "0.0036474687999999995": 474,
    "0.0046746194": 187,
    "0.00570177": 46,
    "0.0067289205999999996": 5,
    "0.007756071199999999": 15,
    "0.0087832218": 68,
    "0.0098103724": 11,
    "0.010837523": 6
  },
  "latencyPercentiles": {
    "p10": 0.001205373,
    "p25": 0.001254172,
    "p50": 0.001389478,
    "p75": 0.001455879,
    "p90": 0.00152011,
    "p95": 0.001568427,
    "p99": 0.001908865
  },
  "rps": {
    "mean": 36231.622669870776,
    "stddev": 2675.2853150506544,
    "max": 38727.553068788984,
    "percentiles": {
      "p10": 35510.61412256103,
      "p25": 36343.85613119309,
      "p50": 36686.33724413002,
      "p75": 37060.28810443325,
      "p90": 37541.20749788174,
      "p95": 37764.603907904864,
      "p99": 38127.40597941751
    }
  },
  "details": {
    "DNSDialup": {
      "average": 0.00072179216,
      "fastest": 0.00008421,
      "slowest": 0.0010532
    },
    "DNSLookup": {
      "average": 0.0000065192800000000016,
      "fastest": 0.000003777,
      "slowest": 0.000032802
    }
  },
  "statusCodeDistribution": {
    "200": 362401
  },
  "errorDistribution": {}
}