{
  "summary": {
    "successRate": 1,
    "total": 10.000499278,
    "slowest": 0.010188268,
    "fastest": 0.00061578,
    "average": 0.0013959827994201447,
    "requestsPerSec": 35765.01433151746,
    "totalData": 4649684,
    "sizePerRequest": 13,
    "sizePerSec": 464945.18630972697
  },
  "responseTimeHistogram": {
    "0.00061578": 1,
    "0.0015730288": 340811,
    "0.0025302776000000003": 15993,
    "0.0034875263999999996": 678,
    "0.0044447752": 68,
    "0.005402024": 18,
    "0.006359272799999999": 0,
    "0.0073165216": 11,
    "0.0082737704": 27,
    "0.0092310192": 11,
    "0.010188268": 50
  },
  "latencyPercentiles": {
    "p10": 0.001228694,
    "p25": 0.001277838,
    "p50": 0.001413782,
    "p75": 0.001479725,
    "p90": 0.001529148,
    "p95": 0.001569383,
    "p99": 0.001833155
  },
  "rps": {
    "mean": 35759.90388117428,
    "stddev": 2406.857890661451,
    "max": 39563.126441336084,
    "percentiles": {
      "p10": 35327.96561758185,
      "p25": 35602.85534899884,
      "p50": 36067.717138926,
      "p75": 36508.31645368407,
      "p90": 36823.10432893204,
      "p95": 37040.637283164244,
      "p99": 37524.89797100778
    }
  },
  "details": {
    "DNSDialup": {
      "average": 0.0007268011,
      "fastest": 0.000104315,
      "slowest": 0.00225303
    },
    "DNSLookup": {
      "average": 0.00001148536,
      "fastest": 0.000004739,
      "slowest": 0.000053881
    }
  },
  "statusCodeDistribution": {
    "200": 357668
  },
  "errorDistribution": {}
}