{
  "summary": {
    "successRate": 0.7689265368506719,
    "total": 10.000609039,
    "slowest": 0.024196482,
    "fastest": 0.000135595,
    "average": 0.0014224306711411762,
    "requestsPerSec": 40300.74552742447,
    "totalData": 4028726,
    "sizePerRequest": 13,
    "sizePerSec": 402848.06498173514
  },
  "responseTimeHistogram": {
    "0.000135595": 1,
    "0.0025416837": 308892,
    "0.0049477724": 878,
    "0.0073538611": 31,
    "0.0097599498": 0,
    "0.0121660385": 0,
    "0.014572127200000002": 45,
    "0.0169782159": 5,
    "0.0193843046": 0,
    "0.0217903933": 0,
    "0.024196482": 50
  },
  "latencyPercentiles": {
    "p10": 0.001114489,
    "p25": 0.001278162,
    "p50": 0.001437101,
    "p75": 0.001541343,
    "p90": 0.001677435,
    "p95": 0.001795517,
    "p99": 0.00202761
  },
  "rps": {
    "mean": 35125.91571471399,
    "stddev": 4413.538696837947,
    "max": 49623.025726822685,
    "percentiles": {
      "p10": 31207.2712942096,
      "p25": 33422.88641262458,
      "p50": 35120.38387079526,
      "p75": 36568.43793233196,
      "p90": 39879.32795917401,
      "p95": 42502.894447110644,
      "p99": 46931.58360470476
    }
  },
  "details": {
    "DNSDialup": {
      "average": 0.0008771177600000001,
      "fastest": 0.000073468,
      "slowest": 0.00174067
    },
    "DNSLookup": {
      "average": 0.000028429860000000004,
      "fastest": 0.000004519,
      "slowest": 0.001066227
    }
  },
  "statusCodeDistribution": {
    "200": 309902
  },
  "errorDistribution": {
    "Connection refused (os error 111)": 93130
  }
}