{
  "summary": {
    "successRate": 1,
    "total": 10.000640707,
    "slowest": 0.011140166,
    "fastest": 0.000478598,
    "average": 0.0014200547160327394,
    "requestsPerSec": 35159.5473031926,
    "totalData": 4571034,
    "sizePerRequest": 13,
    "sizePerSec": 457074.1149415038
  },
  "responseTimeHistogram": {
    "0.000478598": 1,
    "0.0015447548": 304228,
    "0.0026109116": 46334,
    "0.0036770684000000005": 696,
    "0.0047432252": 192,
    "0.005809382": 51,
    "0.006875538800000001": 16,
    "0.0079416956": 11,
    "0.0090078524": 72,
    "0.010074009200000001": 11,
    "0.011140166": 6
  },
  "latencyPercentiles": {
    "p10": 0.001241714,
    "p25": 0.001292134,
    "p50": 0.001432209,
    "p75": 0.001500812,
    "p90": 0.001567376,
    "p95": 0.001617339,
    "p99": 0.001944039
  },
  "rps": {
    "mean": 35153.549839385596,
    "stddev": 2624.105466474661,
    "max": 40968.74555503925,
    "percentiles": {
      "p10": 34409.62093001229,
      "p25": 35229.78678472691,
      "p50": 35585.50848911596,
      "p75": 36009.130225609806,
      "p90": 36431.269340902865,
      "p95": 36617.61016528882,
      "p99": 37235.146103044775
    }
  },
  "details": {
    "DNSDialup": {
      "average": 0.0005755736800000002,
      "fastest": 0.000076052,
      "slowest": 0.000972085
    },
    "DNSLookup": {
      "average": 0.000007172139999999999,
      "fastest": 0.000003687,
      "slowest": 0.000028784
    }
  },
  "statusCodeDistribution": {
    "200": 351618
  },
  "errorDistribution": {}
}