{
  "summary": {
    "successRate": 1,
    "total": 10.000641729,
    "slowest": 0.009171641,
    "fastest": 0.000289883,
    "average": 0.00143205800669979,
    "requestsPerSec": 34879.36169021019,
    "totalData": 4534608,
    "sizePerRequest": 13,
    "sizePerSec": 453431.7019727325
  },
  "responseTimeHistogram": {
    "0.000289883": 1,
    "0.0011780588": 5612,
    "0.0020662346": 340265,
    "0.0029544104": 2243,
    "0.0038425862": 373,
    "0.004730762": 153,
    "0.0056189378": 60,
    "0.0065071136": 16,
    "0.0073952894": 10,
    "0.0082834652": 22,
    "0.009171641": 61
  },
  "latencyPercentiles": {
    "p10": 0.001255229,
    "p25": 0.001307335,
    "p50": 0.001446797,
    "p75": 0.001518157,
    "p90": 0.001575815,
    "p95": 0.001621164,
    "p99": 0.001998615
  },
  "rps": {
    "mean": 34864.33723176544,
    "stddev": 2559.5856148388007,
    "max": 40396.418170890174,
    "percentiles": {
      "p10": 34243.10522085324,
      "p25": 34708.1033242929,
      "p50": 35314.553348147834,
      "p75": 35645.38370252949,
      "p90": 36011.4266872253,
      "p95": 36289.67177896553,
      "p99": 36772.97815918591
    }
  },
  "details": {
    "DNSDialup": {
      "average": 0.0007352552400000002,
      "fastest": 0.000071515,
      "slowest": 0.001583657
    },
    "DNSLookup": {
      "average": 0.0000071545000000000015,
      "fastest": 0.000003557,
      "slowest": 0.000039684
    }
  },
  "statusCodeDistribution": {
    "200": 348816
  },
  "errorDistribution": {}
}