{
  "summary": {
    "successRate": 1,
    "total": 10.000657974,
    "slowest": 0.010907507,
    "fastest": 0.000311012,
    "average": 0.001378841533653788,
    "requestsPerSec": 36216.41705392054,
    "totalData": 4708444,
    "sizePerRequest": 13,
    "sizePerSec": 470813.421700967
  },
  "responseTimeHistogram": {
    "0.000311012": 1,
    "0.0013706615000000002": 163968,
    "0.002430311": 197045,
    "0.0034899605000000005": 870,
    "0.004549610000000001": 147,
    "0.005609259500000001": 57,
    "0.0066689090000000015": 6,
    "0.007728558500000001": 18,
    "0.008788208": 60,
    "0.009847857500000001": 5,
    "0.010907507": 11
  },
  "latencyPercentiles": {
    "p10": 0.001200467,
    "p25": 0.001252404,
    "p50": 0.001393307,
    "p75": 0.00146123,
    "p90": 0.001536287,
    "p95": 0.001582362,
    "p99": 0.001942824
  },
  "rps": {
    "mean": 36214.05004837817,
    "stddev": 2690.849199349412,
    "max": 47176.53541242061,
    "percentiles": {
      "p10": 35312.553612810654,
      "p25": 36067.94840800338,
      "p50": 36615.69687690191,
      "p75": 37013.370979688196,
      "p90": 37484.67360523084,
      "p95": 37964.178443662604,
      "p99": 40318.05039116122
    }
  },
  "details": {
    "DNSDialup": {
      "average": 0.0007361984200000001,
      "fastest": 0.000090166,
      "slowest": 0.001568471
    },
    "DNSLookup": {
      "average": 0.000005155639999999999,
      "fastest": 0.000002694,
      "slowest": 0.000028764
    }
  },
  "statusCodeDistribution": {
    "200": 362188
  },
  "errorDistribution": {}
}