{
  "summary": {
    "successRate": 1,
    "total": 10.000267837,
    "slowest": 0.013390826,
    "fastest": 0.000429129,
    "average": 0.0014171293773428339,
    "requestsPerSec": 35233.85630696283,
    "totalData": 4580524,
    "sizePerRequest": 13,
    "sizePerSec": 458040.1319905168
  },
  "responseTimeHistogram": {
    "0.000429129": 1,
    "0.0017252987": 347355,
    "0.0030214684": 4735,
    "0.0043176381": 146,
    "0.0056138078000000004": 10,
    "0.006909977500000001": 7,
    "0.0082061472": 26,
    "0.0095023169": 18,
    "0.0107984866": 0,
    "0.012094656300000001": 0,
    "0.013390826000000002": 50
  },
  "latencyPercentiles": {
    "p10": 0.001244124,
    "p25": 0.00129537,
    "p50": 0.0014348,
    "p75": 0.001502839,
    "p90": 0.00155731,
    "p95": 0.001606145,
    "p99": 0.001826358
  },
  "rps": {
    "mean": 35237.1500966625,
    "stddev": 2345.8116222446843,
    "max": 39267.01701794158,
    "percentiles": {
      "p10": 34416.072305767666,
      "p25": 35212.782239952794,
      "p50": 35526.81830696939,
      "p75": 35900.8795715497,
      "p90": 36395.54193713826,
      "p95": 36700.16019670363,
      "p99": 37752.072048719165
    }
  },
  "details": {
    "DNSDialup": {
      "average": 0.0007706186799999998,
      "fastest": 0.000133741,
      "slowest": 0.001230346
    },
    "DNSLookup": {
      "average": 0.000009397439999999999,
      "fastest": 0.000004088,
      "slowest": 0.000045466
    }
  },
  "statusCodeDistribution": {
    "200": 352348
  },
  "errorDistribution": {}
}