{
  "summary": {
    "successRate": 1,
    "total": 10.000768488,
    "slowest": 0.011774469,
    "fastest": 0.00076553,
    "average": 0.0013910857522166408,
    "requestsPerSec": 35896.34140923831,
    "totalData": 4666883,
    "sizePerRequest": 13,
    "sizePerSec": 466652.43832009804
  },
  "responseTimeHistogram": {
    "0.00076553": 1,
    "0.0018664238999999997": 355475,
    "0.0029673177999999995": 2925,
    "0.004068211699999999": 303,
    "0.0051691055999999996": 174,
    "0.0062699995": 13,
    "0.007370893399999999": 0,
    "0.008471787299999999": 61,
    "0.009572681199999999": 22,
    "0.010673575099999999": 11,
    "0.011774469": 6
  },
  "latencyPercentiles": {
    "p10": 0.001220286,
    "p25": 0.001268362,
    "p50": 0.001405775,
    "p75": 0.001471751,
    "p90": 0.001530028,
    "p95": 0.001570344,
    "p99": 0.001848913
  },
  "rps": {
    "mean": 35894.72940458282,
    "stddev": 2562.441294886435,
    "max": 39915.86022506993,
    "percentiles": {
      "p10": 35325.39542677214,
      "p25": 35733.70760638508,
      "p50": 36382.18006833991,
      "p75": 36706.92058201488,
      "p90": 37078.095713700815,
      "p95": 37284.81549829348,
      "p99": 37698.30753853685
    }
  },
  "details": {
    "DNSDialup": {
      "average": 0.0005033623999999997,
      "fastest": 0.000071943,
      "slowest": 0.000699651
    },
    "DNSLookup": {
      "average": 0.000006273659999999999,
      "fastest": 0.000003136,
      "slowest": 0.000033622
    }
  },
  "statusCodeDistribution": {
    "200": 358991
  },
  "errorDistribution": {}
}