{
  "summary": {
    "successRate": 1,
    "total": 10.000684905,
    "slowest": 0.01100775,
    "fastest": 0.000555396,
    "average": 0.0014650019254906536,
    "requestsPerSec": 34084.66552421591,
    "totalData": 4431310,
    "sizePerRequest": 13,
    "sizePerSec": 443100.65181480686
  },
  "responseTimeHistogram": {
    "0.000555396": 1,
    "0.0016006314": 298305,
    "0.0026458668": 41447,
    "0.0036911022": 793,
    "0.0047363375999999995": 196,
    "0.005781573": 28,
    "0.0068268083999999995": 15,
    "0.007872043799999999": 7,
    "0.0089172792": 66,
    "0.0099625146": 2,
    "0.01100775": 10
  },
  "latencyPercentiles": {
    "p10": 0.001281386,
    "p25": 0.001333855,
    "p50": 0.001479887,
    "p75": 0.001550913,
    "p90": 0.001616313,
    "p95": 0.001662511,
    "p99": 0.002032612
  },
  "rps": {
    "mean": 34082.55229201799,
    "stddev": 2434.1532551536693,
    "max": 37008.40831037105,
    "percentiles": {
      "p10": 33306.136665712285,
      "p25": 34128.73639604547,
      "p50": 34477.501054547145,
      "p75": 34867.42861712022,
      "p90": 35284.44945954993,
      "p95": 35530.187999618385,
      "p99": 36001.00442802428
    }
  },
  "details": {
    "DNSDialup": {
      "average": 0.0006933963000000002,
      "fastest": 0.000103282,
      "slowest": 0.001562304
    },
    "DNSLookup": {
      "average": 0.00000647086,
      "fastest": 0.000003195,
      "slowest": 0.000030207
    }
  },
  "statusCodeDistribution": {
    "200": 340870
  },
  "errorDistribution": {}
}