{
  "summary": {
    "successRate": 1,
    "total": 10.000597852,
    "slowest": 0.011347376,
    "fastest": 0.000218709,
    "average": 0.0014553699722437575,
    "requestsPerSec": 34307.34892828285,
    "totalData": 4460222,
    "sizePerRequest": 13,
    "sizePerSec": 445995.5360676771
  },
  "responseTimeHistogram": {
    "0.000218709": 1,
    "0.0013315757": 89560,
    "0.0024444424": 251980,
    "0.0035573091": 1191,
    "0.0046701758": 175,
    "0.005783042499999999": 79,
    "0.0068959092": 14,
    "0.008008775899999999": 36,
    "0.009121642599999999": 44,
    "0.010234509299999998": 11,
    "0.011347375999999998": 3
  },
  "latencyPercentiles": {
    "p10": 0.001274828,
    "p25": 0.001327713,
    "p50": 0.0014678,
    "p75": 0.001540649,
    "p90": 0.0016042,
    "p95": 0.001647157,
    "p99": 0.002017922
  },
  "rps": {
    "mean": 34297.398294324536,
    "stddev": 2459.292254880504,
    "max": 37198.333795387625,
    "percentiles": {
      "p10": 33715.792477196585,
      "p25": 34297.77123829128,
      "p50": 34612.729837582374,
      "p75": 35111.03188621534,
      "p90": 35430.27553279442,
      "p95": 35614.96897145801,
      "p99": 36078.80019950373
    }
  },
  "details": {
    "DNSDialup": {
      "average": 0.0008315215200000002,
      "fastest": 0.000097693,
      "slowest": 0.001285377
    },
    "DNSLookup": {
      "average": 0.000006696700000000001,
      "fastest": 0.000003547,
      "slowest": 0.000034023
    }
  },
  "statusCodeDistribution": {
    "200": 343094
  },
  "errorDistribution": {}
}