{
  "summary": {
    "successRate": 1,
    "total": 10.000176936,
    "slowest": 0.009341651,
    "fastest": 0.000471365,
    "average": 0.0013925556946440241,
    "requestsPerSec": 35854.56560365803,
    "totalData": 4661176,
    "sizePerRequest": 13,
    "sizePerSec": 466109.35284755443
  },
  "responseTimeHistogram": {
    "0.000471365": 1,
    "0.0013583936": 149341,
    "0.0022454222": 207741,
    "0.0031324508": 1105,
    "0.0040194793999999995": 177,
    "0.0049065079999999995": 114,
    "0.0057935365999999995": 24,
    "0.0066805651999999995": 6,
    "0.0075675937999999995": 0,
    "0.008454622399999999": 23,
    "0.009341651": 20
  },
  "latencyPercentiles": {
    "p10": 0.00122327,
    "p25": 0.001272762,
    "p50": 0.001409407,
    "p75": 0.001474603,
    "p90": 0.0015327,
    "p95": 0.001584593,
    "p99": 0.001856259
  },
  "rps": {
    "mean": 35850.72828777748,
    "stddev": 2317.991060500675,
    "max": 41754.7036925238,
    "percentiles": {
      "p10": 35334.46176078449,
      "p25": 35643.0710871015,
      "p50": 36231.35098800938,
      "p75": 36601.89973915079,
      "p90": 36903.13676662655,
      "p95": 37196.39575997508,
      "p99": 37747.55769253577
    }
  },
  "details": {
    "DNSDialup": {
      "average": 0.00109946278,
      "fastest": 0.000116239,
      "slowest": 0.002362371
    },
    "DNSLookup": {
      "average": 0.000011097480000000005,
      "fastest": 0.000004939,
      "slowest": 0.000050635
    }
  },
  "statusCodeDistribution": {
    "200": 358552
  },
  "errorDistribution": {}
}