{
  "summary": {
    "successRate": 1,
    "total": 10.000594718,
    "slowest": 0.010895049,
    "fastest": 0.000337193,
    "average": 0.0014104049866650837,
    "requestsPerSec": 35401.194627233366,
    "totalData": 4602429,
    "sizePerRequest": 13,
    "sizePerSec": 460215.5301540338
  },
  "responseTimeHistogram": {
    "0.000337193": 1,
    "0.0013929786": 159474,
    "0.0024487642": 193288,
    "0.0035045498": 980,
    "0.004560335400000001": 178,
    "0.005616121000000001": 13,
    "0.0066719066": 2,
    "0.0077276922000000005": 7,
    "0.0087834778": 18,
    "0.0098392634": 21,
    "0.010895049": 51
  },
  "latencyPercentiles": {
    "p10": 0.001238567,
    "p25": 0.001289121,
    "p50": 0.001422813,
    "p75": 0.001493143,
    "p90": 0.001547687,
    "p95": 0.001593834,
    "p99": 0.001957752
  },
  "rps": {
    "mean": 35382.463657189255,
    "stddev": 2674.1891268146824,
    "max": 43835.594502734966,
    "percentiles": {
      "p10": 34576.85283513514,
      "p25": 35393.66706745854,
      "p50": 35774.48584170908,
      "p75": 36297.62593248314,
      "p90": 36653.46274075377,
      "p95": 36837.20431800897,
      "p99": 37457.22294760169
    }
  },
  "details": {
    "DNSDialup": {
      "average": 0.00089171218,
      "fastest": 0.000131938,
      "slowest": 0.001355616
    },
    "DNSLookup": {
      "average": 0.000008488639999999998,
      "fastest": 0.000003967,
      "slowest": 0.000050294
    }
  },
  "statusCodeDistribution": {
    "200": 354033
  },
  "errorDistribution": {}
}