{
  "summary": {
    "successRate": 1,
    "total": 10.000464558,
    "slowest": 0.01039401,
    "fastest": 0.000740824,
    "average": 0.0013753304713013284,
    "requestsPerSec": 36303.11350981941,
    "totalData": 4719624,
    "sizePerRequest": 13,
    "sizePerSec": 471940.47562765237
  },
  "responseTimeHistogram": {
    "0.000740824": 1,
    "0.0017061426": 358409,
    "0.0026714612": 4034,
    "0.003636779800000001": 382,
    "0.004602098400000001": 116,
    "0.005567417000000001": 8,
    "0.0065327356000000015": 10,
    "0.0074980542000000015": 15,
    "0.0084633728": 17,
    "0.009428691400000001": 17,
    "0.01039401": 39
  },
  "latencyPercentiles": {
    "p10": 0.001211407,
    "p25": 0.001259187,
    "p50": 0.001392488,
    "p75": 0.00145818,
    "p90": 0.001507081,
    "p95": 0.001544782,
    "p99": 0.001835229
  },
  "rps": {
    "mean": 36293.06050459903,
    "stddev": 2481.044208410846,
    "max": 41741.507755314095,
    "percentiles": {
      "p10": 35707.78429697618,
      "p25": 36364.92229577587,
      "p50": 36633.86640486487,
      "p75": 36933.95283340984,
      "p90": 37401.903756901746,
      "p95": 37599.8323430562,
      "p99": 37918.60666028943
    }
  },
  "details": {
    "DNSDialup": {
      "average": 0.0009311096599999993,
      "fastest": 0.000091365,
      "slowest": 0.001965634
    },
    "DNSLookup": {
      "average": 0.000009232819999999999,
      "fastest": 0.000005029,
      "slowest": 0.000051016
    }
  },
  "statusCodeDistribution": {
    "200": 363048
  },
  "errorDistribution": {}
}