{
  "summary": {
    "successRate": 1,
    "total": 10.000663421,
    "slowest": 0.013453517,
    "fastest": 0.000410782,
    "average": 0.0014237435015610465,
    "requestsPerSec": 35070.1733710512,
    "totalData": 4559425,
    "sizePerRequest": 13,
    "sizePerSec": 455912.2538236656
  },
  "responseTimeHistogram": {
    "0.000410782": 1,
    "0.0017150555": 339480,
    "0.0030193290000000003": 10832,
    "0.004323602500000001": 281,
    "0.005627876": 31,
    "0.0069321495": 0,
    "0.008236423000000001": 22,
    "0.009540696500000001": 22,
    "0.01084497": 28,
    "0.0121492435": 11,
    "0.013453517": 17
  },
  "latencyPercentiles": {
    "p10": 0.001244592,
    "p25": 0.001296958,
    "p50": 0.001433635,
    "p75": 0.001502994,
    "p90": 0.001572292,
    "p95": 0.001642394,
    "p99": 0.001935704
  },
  "rps": {
    "mean": 35055.653258420876,
    "stddev": 2701.67958528506,
    "max": 38701.2976252049,
    "percentiles": {
      "p10": 33441.31161283016,
      "p25": 34924.314307623456,
      "p50": 35604.337093770315,
      "p75": 36133.5843345149,
      "p90": 36612.92511307927,
      "p95": 36905.87541536792,
      "p99": 37513.65135815646
    }
  },
  "details": {
    "DNSDialup": {
      "average": 0.0006451615199999998,
      "fastest": 0.000098014,
      "slowest": 0.001079425
    },
    "DNSLookup": {
      "average": 0.000007948079999999998,
      "fastest": 0.000003606,
      "slowest": 0.000046968
    }
  },
  "statusCodeDistribution": {
    "200": 350725
  },
  "errorDistribution": {}
}