{
  "summary": {
    "successRate": 1,
    "total": 10.000670614,
    "slowest": 0.010525365,
    "fastest": 0.000550282,
    "average": 0.0013746808405199927,
    "requestsPerSec": 36321.8642049358,
    "totalData": 4722159,
    "sizePerRequest": 13,
    "sizePerSec": 472184.2346641655
  },
  "responseTimeHistogram": {
    "0.000550282": 1,
    "0.0015477903": 342999,
    "0.0025452986": 19225,
    "0.0035428068999999998": 673,
    "0.0045403152": 161,
    "0.0055378235": 78,
    "0.0065353317999999995": 15,
    "0.0075328400999999994": 12,
    "0.008530348399999998": 63,
    "0.0095278567": 11,
    "0.010525364999999998": 5
  },
  "latencyPercentiles": {
    "p10": 0.001205153,
    "p25": 0.001254606,
    "p50": 0.001387873,
    "p75": 0.001456775,
    "p90": 0.001514881,
    "p95": 0.001553955,
    "p99": 0.001809147
  },
  "rps": {
    "mean": 36319.46917954802,
    "stddev": 2571.0569016718905,
    "max": 47039.50977809612,
    "percentiles": {
      "p10": 35609.99928779947,
      "p25": 36389.138834489684,
      "p50": 36703.20786036589,
      "p75": 37100.892166158505,
      "p90": 37500.321323320306,
      "p95": 37689.3269787589,
      "p99": 38218.435108561636
    }
  },
  "details": {
    "DNSDialup": {
      "average": 0.00075932546,
      "fastest": 0.000098828,
      "slowest": 0.001153173
    },
    "DNSLookup": {
      "average": 0.000006351079999999998,
      "fastest": 0.000003316,
      "slowest": 0.000029415
    }
  },
  "statusCodeDistribution": {
    "200": 363243
  },
  "errorDistribution": {}
}