{
  "summary": {
    "successRate": 1,
    "total": 10.000784704,
    "slowest": 0.011420283,
    "fastest": 0.000251238,
    "average": 0.001382740160141325,
    "requestsPerSec": 36110.26641295046,
    "totalData": 4694703,
    "sizePerRequest": 13,
    "sizePerSec": 469433.46336835605
  },
  "responseTimeHistogram": {
    "0.000251238": 1,
    "0.0013681424999999999": 160880,
    "0.0024850469999999998": 199145,
    "0.0036019514999999997": 866,
    "0.004718856": 121,
    "0.0058357604999999995": 18,
    "0.006952664999999999": 2,
    "0.008069569499999998": 44,
    "0.009186474": 39,
    "0.010303378499999998": 7,
    "0.011420283": 8
  },
  "latencyPercentiles": {
    "p10": 0.001209761,
    "p25": 0.001259691,
    "p50": 0.001394088,
    "p75": 0.001462117,
    "p90": 0.00152639,
    "p95": 0.001573349,
    "p99": 0.001880475
  },
  "rps": {
    "mean": 36106.11940268445,
    "stddev": 2561.9385957431195,
    "max": 38814.52439502805,
    "percentiles": {
      "p10": 35264.965118742955,
      "p25": 36110.974125037705,
      "p50": 36599.08036492897,
      "p75": 36983.469306165985,
      "p90": 37417.85046720497,
      "p95": 37650.08175518184,
      "p99": 38014.939361586024
    }
  },
  "details": {
    "DNSDialup": {
      "average": 0.0007684624400000001,
      "fastest": 0.000088856,
      "slowest": 0.001303942
    },
    "DNSLookup": {
      "average": 0.000007790999999999999,
      "fastest": 0.000003516,
      "slowest": 0.000033552
    }
  },
  "statusCodeDistribution": {
    "200": 361131
  },
  "errorDistribution": {}
}