{
  "summary": {
    "successRate": 1,
    "total": 10.000723786,
    "slowest": 0.012269396,
    "fastest": 0.000268824,
    "average": 0.0014194687368585593,
    "requestsPerSec": 35176.25399198281,
    "totalData": 4573244,
    "sizePerRequest": 13,
    "sizePerSec": 457291.3018957766
  },
  "responseTimeHistogram": {
    "0.000268824": 1,
    "0.0014688811999999999": 228312,
    "0.0026689383999999997": 122409,
    "0.0038689955999999994": 785,
    "0.0050690527999999995": 113,
    "0.00626911": 68,
    "0.007469167199999999": 3,
    "0.0086692244": 52,
    "0.0098692816": 31,
    "0.0110693388": 11,
    "0.012269396": 3
  },
  "latencyPercentiles": {
    "p10": 0.00123203,
    "p25": 0.001286368,
    "p50": 0.001426183,
    "p75": 0.001498471,
    "p90": 0.001583729,
    "p95": 0.00163857,
    "p99": 0.002014125
  },
  "rps": {
    "mean": 35174.21425836415,
    "stddev": 2685.500612463466,
    "max": 37738.27837974262,
    "percentiles": {
      "p10": 34330.11781235681,
      "p25": 35141.61118179823,
      "p50": 35604.00217305439,
      "p75": 36120.65019578358,
      "p90": 36577.06195861293,
      "p95": 36748.169500580865,
      "p99": 37202.79089676112
    }
  },
  "details": {
    "DNSDialup": {
      "average": 0.00070242124,
      "fastest": 0.000085671,
      "slowest": 0.001445688
    },
    "DNSLookup": {
      "average": 0.0000071197,
      "fastest": 0.000003787,
      "slowest": 0.000028583
    }
  },
  "statusCodeDistribution": {
    "200": 351788
  },
  "errorDistribution": {}
}