{
  "summary": {
    "successRate": 1,
    "total": 10.000643837,
    "slowest": 0.011485483,
    "fastest": 0.00079715,
    "average": 0.0013851776979398479,
    "requestsPerSec": 36047.779110604075,
    "totalData": 4686513,
    "sizePerRequest": 13,
    "sizePerSec": 468621.128437853
  },
  "responseTimeHistogram": {
    "0.00079715": 1,
    "0.0018659833": 356715,
    "0.0029348166": 3313,
    "0.0040036499000000005": 244,
    "0.0050724832": 117,
    "0.006141316500000001": 15,
    "0.0072101498": 8,
    "0.0082789831": 18,
    "0.0093478164": 54,
    "0.0104166497": 11,
    "0.011485483000000001": 5
  },
  "latencyPercentiles": {
    "p10": 0.00121402,
    "p25": 0.001261281,
    "p50": 0.001400448,
    "p75": 0.001465168,
    "p90": 0.001523295,
    "p95": 0.001568592,
    "p99": 0.001893152
  },
  "rps": {
    "mean": 36043.66400491877,
    "stddev": 2593.5558187814236,
    "max": 38141.06648628668,
    "percentiles": {
      "p10": 35401.518725153954,
      "p25": 36025.653888257766,
      "p50": 36504.64704156865,
      "p75": 36828.18092404334,
      "p90": 37227.052471837844,
      "p95": 37462.74565969546,
      "p99": 37739.418924244506
    }
  },
  "details": {
    "DNSDialup": {
      "average": 0.0008054778199999998,
      "fastest": 0.000089074,
      "slowest": 0.00167306
    },
    "DNSLookup": {
      "average": 0.000006186539999999999,
      "fastest": 0.000003146,
      "slowest": 0.000029335
    }
  },
  "statusCodeDistribution": {
    "200": 360501
  },
  "errorDistribution": {}
}