{
  "summary": {
    "successRate": 1,
    "total": 10.000689156,
    "slowest": 0.010607915,
    "fastest": 0.000571088,
    "average": 0.0013865831743208685,
    "requestsPerSec": 36010.4183204152,
    "totalData": 4681677,
    "sizePerRequest": 13,
    "sizePerSec": 468135.43816539756
  },
  "responseTimeHistogram": {
    "0.000571088": 1,
    "0.0015747707": 345101,
    "0.0025784534000000002": 14061,
    "0.0035821361": 682,
    "0.0045858188000000005": 148,
    "0.005589501500000001": 37,
    "0.0065931842": 8,
    "0.007596866900000001": 4,
    "0.0086005496": 66,
    "0.009604232300000001": 11,
    "0.010607915000000002": 10
  },
  "latencyPercentiles": {
    "p10": 0.001216549,
    "p25": 0.001264074,
    "p50": 0.001403052,
    "p75": 0.001469311,
    "p90": 0.0015265,
    "p95": 0.001564821,
    "p99": 0.001824762
  },
  "rps": {
    "mean": 36004.544141464845,
    "stddev": 2480.5017141656904,
    "max": 38147.16515499777,
    "percentiles": {
      "p10": 35400.969986580036,
      "p25": 35933.73459003249,
      "p50": 36454.70392871595,
      "p75": 36762.14640850706,
      "p90": 37082.26196921346,
      "p95": 37323.40177291273,
      "p99": 37673.762634636114
    }
  },
  "details": {
    "DNSDialup": {
      "average": 0.00070452798,
      "fastest": 0.00007554,
      "slowest": 0.001472871
    },
    "DNSLookup": {
      "average": 0.000006831780000000001,
      "fastest": 0.000003606,
      "slowest": 0.000034464
    }
  },
  "statusCodeDistribution": {
    "200": 360129
  },
  "errorDistribution": {}
}