{
  "summary": {
    "successRate": 1,
    "total": 10.000232679,
    "slowest": 0.011506266,
    "fastest": 0.000195281,
    "average": 0.0013861229262996655,
    "requestsPerSec": 36022.06184226726,
    "totalData": 4682977,
    "sizePerRequest": 13,
    "sizePerSec": 468286.8039494744
  },
  "responseTimeHistogram": {
    "0.000195281": 1,
    "0.0013263794999999999": 137354,
    "0.0024574779999999995": 221515,
    "0.0035885764999999993": 1056,
    "0.0047196749999999996": 181,
    "0.0058507735": 22,
    "0.006981871999999999": 11,
    "0.008112970499999999": 41,
    "0.009244068999999999": 36,
    "0.010375167499999999": 9,
    "0.011506266": 3
  },
  "latencyPercentiles": {
    "p10": 0.001212459,
    "p25": 0.001264138,
    "p50": 0.001397063,
    "p75": 0.001465395,
    "p90": 0.001533306,
    "p95": 0.001578467,
    "p99": 0.001977284
  },
  "rps": {
    "mean": 36021.79237015528,
    "stddev": 2490.626378592758,
    "max": 42617.809529221966,
    "percentiles": {
      "p10": 35392.473454642306,
      "p25": 35905.64795842315,
      "p50": 36470.27240781623,
      "p75": 36779.42844165563,
      "p90": 37145.170756350024,
      "p95": 37355.940520931,
      "p99": 37767.65439462263
    }
  },
  "details": {
    "DNSDialup": {
      "average": 0.0008502315199999999,
      "fastest": 0.000102759,
      "slowest": 0.001749461
    },
    "DNSLookup": {
      "average": 0.00002686366,
      "fastest": 0.000003858,
      "slowest": 0.000991999
    }
  },
  "statusCodeDistribution": {
    "200": 360229
  },
  "errorDistribution": {}
}