{
  "summary": {
    "successRate": 1,
    "total": 10.000656278,
    "slowest": 0.014814257,
    "fastest": 0.000763698,
    "average": 0.0013905103623640118,
    "requestsPerSec": 35907.94344066946,
    "totalData": 4668339,
    "sizePerRequest": 13,
    "sizePerSec": 466803.26472870307
  },
  "responseTimeHistogram": {
    "0.000763698": 1,
    "0.0021687539": 357424,
    "0.0035738098": 1422,
    "0.0049788657": 156,
    "0.0063839216": 0,
    "0.0077889775000000005": 11,
    "0.0091940334": 22,
    "0.0105990893": 17,
    "0.0120041452": 14,
    "0.0134092011": 19,
    "0.014814257": 17
  },
  "latencyPercentiles": {
    "p10": 0.001225666,
    "p25": 0.001271783,
    "p50": 0.00140885,
    "p75": 0.001470432,
    "p90": 0.001520997,
    "p95": 0.001563183,
    "p99": 0.001798311
  },
  "rps": {
    "mean": 35894.29639721469,
    "stddev": 2542.8832361216746,
    "max": 38200.4660456858,
    "percentiles": {
      "p10": 35347.56368169092,
      "p25": 35752.80631597665,
      "p50": 36356.81479447937,
      "p75": 36651.387850739826,
      "p90": 36936.54220646223,
      "p95": 37189.9551338369,
      "p99": 37560.97129859925
    }
  },
  "details": {
    "DNSDialup": {
      "average": 0.00060437836,
      "fastest": 0.00007917,
      "slowest": 0.000925555
    },
    "DNSLookup": {
      "average": 0.00000785476,
      "fastest": 0.000003567,
      "slowest": 0.000053529
    }
  },
  "statusCodeDistribution": {
    "200": 359103
  },
  "errorDistribution": {}
}