{
  "summary": {
    "successRate": 1,
    "total": 10.000376194,
    "slowest": 0.010398292,
    "fastest": 0.000823213,
    "average": 0.0014161740234422812,
    "requestsPerSec": 35259.77354847497,
    "totalData": 4583943,
    "sizePerRequest": 13,
    "sizePerSec": 458377.05613017466
  },
  "responseTimeHistogram": {
    "0.000823213": 1,
    "0.0017807209": 348155,
    "0.0027382288": 3913,
    "0.0036957367": 400,
    "0.0046532446": 34,
    "0.0056107525": 11,
    "0.0065682603999999995": 0,
    "0.0075257683": 64,
    "0.0084832762": 17,
    "0.0094407841": 13,
    "0.010398292": 3
  },
  "latencyPercentiles": {
    "p10": 0.001244406,
    "p25": 0.001293729,
    "p50": 0.001434199,
    "p75": 0.001498761,
    "p90": 0.001557425,
    "p95": 0.001603778,
    "p99": 0.001904922
  },
  "rps": {
    "mean": 35254.42008997237,
    "stddev": 2211.243290660709,
    "max": 37387.82025098726,
    "percentiles": {
      "p10": 34528.94907090111,
      "p25": 35312.899802297914,
      "p50": 35599.54076592245,
      "p75": 35930.29282988376,
      "p90": 36342.291524648244,
      "p95": 36516.30800207953,
      "p99": 36783.7885590382
    }
  },
  "details": {
    "DNSDialup": {
      "average": 0.0011919263,
      "fastest": 0.000102734,
      "slowest": 0.00271758
    },
    "DNSLookup": {
      "average": 0.000012629839999999998,
      "fastest": 0.000003637,
      "slowest": 0.000178996
    }
  },
  "statusCodeDistribution": {
    "200": 352611
  },
  "errorDistribution": {}
}