{
  "summary": {
    "successRate": 1,
    "total": 10.000706933,
    "slowest": 0.011321049,
    "fastest": 0.000544664,
    "average": 0.0014125946394883476,
    "requestsPerSec": 35349.20104832553,
    "totalData": 4595721,
    "sizePerRequest": 13,
    "sizePerSec": 459539.6136282319
  },
  "responseTimeHistogram": {
    "0.000544664": 1,
    "0.0016223025": 337810,
    "0.002699941": 14867,
    "0.0037775794999999994": 520,
    "0.004855218": 137,
    "0.0059328565": 72,
    "0.007010494999999999": 18,
    "0.008088133499999999": 8,
    "0.009165771999999999": 68,
    "0.0102434105": 11,
    "0.011321049": 5
  },
  "latencyPercentiles": {
    "p10": 0.00123307,
    "p25": 0.001284827,
    "p50": 0.001422846,
    "p75": 0.001492662,
    "p90": 0.001566335,
    "p95": 0.001614977,
    "p99": 0.001936568
  },
  "rps": {
    "mean": 35346.20253866617,
    "stddev": 2576.495101175263,
    "max": 37940.32922142424,
    "percentiles": {
      "p10": 34604.46051496059,
      "p25": 35347.43059828235,
      "p50": 35710.303812511236,
      "p75": 36208.94723086213,
      "p90": 36608.39645340277,
      "p95": 36836.00719703462,
      "p99": 37233.8385968552
    }
  },
  "details": {
    "DNSDialup": {
      "average": 0.0007789485800000001,
      "fastest": 0.000074867,
      "slowest": 0.001367008
    },
    "DNSLookup": {
      "average": 0.0000066993599999999995,
      "fastest": 0.000003376,
      "slowest": 0.000034896
    }
  },
  "statusCodeDistribution": {
    "200": 353517
  },
  "errorDistribution": {}
}