{
  "summary": {
    "successRate": 1,
    "total": 10.0003823,
    "slowest": 0.012905099,
    "fastest": 0.000571248,
    "average": 0.00137218894902156,
    "requestsPerSec": 36388.508867306,
    "totalData": 4730687,
    "sizePerRequest": 13,
    "sizePerSec": 473050.61527497804
  },
  "responseTimeHistogram": {
    "0.000571248": 1,
    "0.0018046331": 360170,
    "0.0030380182": 3435,
    "0.0042714033000000005": 187,
    "0.0055047884": 6,
    "0.0067381735": 0,
    "0.007971558600000001": 33,
    "0.0092049437": 17,
    "0.0104383288": 22,
    "0.0116717139": 11,
    "0.012905099": 17
  },
  "latencyPercentiles": {
    "p10": 0.001208541,
    "p25": 0.001256439,
    "p50": 0.00138871,
    "p75": 0.001453586,
    "p90": 0.001503552,
    "p95": 0.001542869,
    "p99": 0.001820293
  },
  "rps": {
    "mean": 36369.41266023665,
    "stddev": 2528.6020143795663,
    "max": 40708.011336631316,
    "percentiles": {
      "p10": 35786.35950041413,
      "p25": 36419.58370308605,
      "p50": 36706.443103190955,
      "p75": 37070.43106170925,
      "p90": 37503.453275861415,
      "p95": 37668.61375360984,
      "p99": 38055.294853544954
    }
  },
  "details": {
    "DNSDialup": {
      "average": 0.0008545048599999999,
      "fastest": 0.000126244,
      "slowest": 0.001248965
    },
    "DNSLookup": {
      "average": 0.00001419864,
      "fastest": 0.000004368,
      "slowest": 0.000190262
    }
  },
  "statusCodeDistribution": {
    "200": 363899
  },
  "errorDistribution": {}
}