{
  "summary": {
    "successRate": 1,
    "total": 10.000617931,
    "slowest": 0.01137475,
    "fastest": 0.000563768,
    "average": 0.001385324579364285,
    "requestsPerSec": 36041.07291037754,
    "totalData": 4685629,
    "sizePerRequest": 13,
    "sizePerSec": 468533.94783490803
  },
  "responseTimeHistogram": {
    "0.000563768": 1,
    "0.0016448662": 353248,
    "0.0027259644": 6609,
    "0.0038070626": 385,
    "0.0048881608": 75,
    "0.005969259": 15,
    "0.0070503572": 0,
    "0.0081314554": 52,
    "0.0092125536": 31,
    "0.0102936518": 11,
    "0.01137475": 6
  },
  "latencyPercentiles": {
    "p10": 0.001217751,
    "p25": 0.001267832,
    "p50": 0.001398554,
    "p75": 0.001467464,
    "p90": 0.001524001,
    "p95": 0.0015662,
    "p99": 0.001880396
  },
  "rps": {
    "mean": 36034.09537092518,
    "stddev": 2500.8913035205906,
    "max": 39827.65160615591,
    "percentiles": {
      "p10": 35413.43322068005,
      "p25": 35944.29055482205,
      "p50": 36453.506456779214,
      "p75": 36771.36849560832,
      "p90": 37213.00612865662,
      "p95": 37501.72882969634,
      "p99": 38188.91142358021
    }
  },
  "details": {
    "DNSDialup": {
      "average": 0.00068058018,
      "fastest": 0.000075942,
      "slowest": 0.001131991
    },
    "DNSLookup": {
      "average": 0.000008099600000000001,
      "fastest": 0.000003577,
      "slowest": 0.000046577
    }
  },
  "statusCodeDistribution": {
    "200": 360433
  },
  "errorDistribution": {}
}