{
  "summary": {
    "successRate": 1,
    "total": 10.000645755,
    "slowest": 0.011709606,
    "fastest": 0.000423196,
    "average": 0.0014595568008570227,
    "requestsPerSec": 34208.89094376286,
    "totalData": 4447443,
    "sizePerRequest": 13,
    "sizePerSec": 444715.5822689172
  },
  "responseTimeHistogram": {
    "0.000423196": 1,
    "0.001551837": 268772,
    "0.0026804779999999996": 72317,
    "0.0038091189999999997": 745,
    "0.004937759999999999": 128,
    "0.006066400999999999": 48,
    "0.007195042": 9,
    "0.008323683": 30,
    "0.009452324": 48,
    "0.010580965": 6,
    "0.011709606": 7
  },
  "latencyPercentiles": {
    "p10": 0.001267407,
    "p25": 0.001324005,
    "p50": 0.00146578,
    "p75": 0.001538496,
    "p90": 0.001632242,
    "p95": 0.001699197,
    "p99": 0.002076213
  },
  "rps": {
    "mean": 34205.26593134591,
    "stddev": 2669.2184593229845,
    "max": 40514.93985893395,
    "percentiles": {
      "p10": 33017.446297828305,
      "p25": 34201.638258472165,
      "p50": 34702.08714789849,
      "p75": 35300.59658008215,
      "p90": 35684.63300078346,
      "p95": 36040.29665569019,
      "p99": 36610.46335156127
    }
  },
  "details": {
    "DNSDialup": {
      "average": 0.00098671796,
      "fastest": 0.000153297,
      "slowest": 0.001776032
    },
    "DNSLookup": {
      "average": 0.000009267879999999998,
      "fastest": 0.000003897,
      "slowest": 0.000045004
    }
  },
  "statusCodeDistribution": {
    "200": 342111
  },
  "errorDistribution": {}
}