{
  "summary": {
    "successRate": 1,
    "total": 10.000693552,
    "slowest": 0.010535996,
    "fastest": 0.000175614,
    "average": 0.0013496518181992554,
    "requestsPerSec": 37001.133778966534,
    "totalData": 4810481,
    "sizePerRequest": 13,
    "sizePerSec": 481014.73912656493
  },
  "responseTimeHistogram": {
    "0.000175614": 1,
    "0.0012116522": 78291,
    "0.0022476904000000002": 290378,
    "0.0032837286000000003": 967,
    "0.0043197668": 153,
    "0.005355805000000001": 120,
    "0.0063918432": 28,
    "0.0074278814": 19,
    "0.0084639196": 25,
    "0.0094999578": 51,
    "0.010535996": 4
  },
  "latencyPercentiles": {
    "p10": 0.001177151,
    "p25": 0.001224055,
    "p50": 0.001365994,
    "p75": 0.001425318,
    "p90": 0.001503954,
    "p95": 0.001549215,
    "p99": 0.001873075
  },
  "rps": {
    "mean": 36993.57683946809,
    "stddev": 2548.042659272964,
    "max": 40630.50518264831,
    "percentiles": {
      "p10": 36457.80749957243,
      "p25": 36846.10346873086,
      "p50": 37413.81317982326,
      "p75": 37776.9702808573,
      "p90": 38120.089287054885,
      "p95": 38366.064822939275,
      "p99": 38880.07168513513
    }
  },
  "details": {
    "DNSDialup": {
      "average": 0.0007361606000000001,
      "fastest": 0.000100839,
      "slowest": 0.000969519
    },
    "DNSLookup": {
      "average": 0.0000056225,
      "fastest": 0.000002534,
      "slowest": 0.000031026
    }
  },
  "statusCodeDistribution": {
    "200": 370037
  },
  "errorDistribution": {}
}