{
  "summary": {
    "successRate": 1,
    "total": 10.000475641,
    "slowest": 0.008625624,
    "fastest": 0.000550058,
    "average": 0.0014048866380540978,
    "requestsPerSec": 35539.80958094311,
    "totalData": 4620395,
    "sizePerRequest": 13,
    "sizePerSec": 462017.52455226047
  },
  "responseTimeHistogram": {
    "0.000550058": 1,
    "0.0013576145999999998": 144092,
    "0.0021651711999999997": 209486,
    "0.0029727278": 1477,
    "0.0037802843999999998": 227,
    "0.004587841": 32,
    "0.0053953976": 1,
    "0.006202954199999999": 1,
    "0.0070105108": 9,
    "0.0078180674": 22,
    "0.008625623999999998": 67
  },
  "latencyPercentiles": {
    "p10": 0.001234822,
    "p25": 0.001284164,
    "p50": 0.001422445,
    "p75": 0.001489994,
    "p90": 0.001543763,
    "p95": 0.001584442,
    "p99": 0.001855417
  },
  "rps": {
    "mean": 35536.82649941609,
    "stddev": 2276.2627591636538,
    "max": 40164.365566315515,
    "percentiles": {
      "p10": 34924.0277310791,
      "p25": 35446.78762480153,
      "p50": 35813.50169013859,
      "p75": 36350.52723285408,
      "p90": 36610.064106623984,
      "p95": 36792.166594929906,
      "p99": 37291.939547760856
    }
  },
  "details": {
    "DNSDialup": {
      "average": 0.0007856501799999999,
      "fastest": 0.000113071,
      "slowest": 0.001937912
    },
    "DNSLookup": {
      "average": 0.000011809640000000002,
      "fastest": 0.000004909,
      "slowest": 0.000055293
    }
  },
  "statusCodeDistribution": {
    "200": 355415
  },
  "errorDistribution": {}
}