{
  "summary": {
    "successRate": 1,
    "total": 10.000575756,
    "slowest": 0.006261365,
    "fastest": 0.000481378,
    "average": 0.001254161120065307,
    "requestsPerSec": 39807.70804732455,
    "totalData": 5175300,
    "sizePerRequest": 13,
    "sizePerSec": 517500.20461521915
  },
  "responseTimeHistogram": {
    "0.000481378": 1,
    "0.0010593767": 13216,
    "0.0016373753999999999": 381932,
    "0.0022153741": 2444,
    "0.0027933728": 289,
    "0.0033713715": 118,
    "0.0039493702": 36,
    "0.004527368899999999": 9,
    "0.0051053676": 36,
    "0.0056833663": 14,
    "0.006261365": 5
  },
  "latencyPercentiles": {
    "p10": 0.001106414,
    "p25": 0.001155916,
    "p50": 0.001265558,
    "p75": 0.001332031,
    "p90": 0.001384482,
    "p95": 0.001425048,
    "p99": 0.001579784
  },
  "rps": {
    "mean": 39799.91790834472,
    "stddev": 2055.9602526323306,
    "max": 44665.490107396174,
    "percentiles": {
      "p10": 38594.64564952543,
      "p25": 39616.09998303295,
      "p50": 40028.40803988591,
      "p75": 40668.15983588696,
      "p90": 41080.29615546451,
      "p95": 41536.78913413549,
      "p99": 42366.133534447
    }
  },
  "details": {
    "DNSDialup": {
      "average": 0.0007545758600000001,
      "fastest": 0.000090025,
      "slowest": 0.001099964
    },
    "DNSLookup": {
      "average": 0.00000707682,
      "fastest": 0.000002795,
      "slowest": 0.000036288
    }
  },
  "statusCodeDistribution": {
    "200": 398100
  },
  "errorDistribution": {}
}