{
  "summary": {
    "successRate": 1,
    "total": 10.00066461,
    "slowest": 0.006048696,
    "fastest": 0.000517784,
    "average": 0.0012219524565446843,
    "requestsPerSec": 40854.18479002467,
    "totalData": 5311397,
    "sizePerRequest": 13,
    "sizePerSec": 531104.4022703207
  },
  "responseTimeHistogram": {
    "0.000517784": 1,
    "0.0010708751999999998": 33265,
    "0.0016239663999999998": 372081,
    "0.0021770576": 2652,
    "0.0027301488": 335,
    "0.0032832399999999998": 128,
    "0.0038363311999999998": 35,
    "0.0043894224": 23,
    "0.0049425136": 23,
    "0.0054956048": 16,
    "0.006048696": 10
  },
  "latencyPercentiles": {
    "p10": 0.001078958,
    "p25": 0.001125596,
    "p50": 0.001233177,
    "p75": 0.001296844,
    "p90": 0.001344956,
    "p95": 0.001383889,
    "p99": 0.001568772
  },
  "rps": {
    "mean": 40853.46342147629,
    "stddev": 2165.8600522552088,
    "max": 45371.62537193586,
    "percentiles": {
      "p10": 39801.40896987831,
      "p25": 40719.30909637347,
      "p50": 41132.885742150975,
      "p75": 41705.75956539928,
      "p90": 42143.32056095093,
      "p95": 42447.942371536665,
      "p99": 43295.185464364484
    }
  },
  "details": {
    "DNSDialup": {
      "average": 0.0006666160200000001,
      "fastest": 0.000142708,
      "slowest": 0.00100407
    },
    "DNSLookup": {
      "average": 0.000007125340000000001,
      "fastest": 0.000003657,
      "slowest": 0.000024365
    }
  },
  "statusCodeDistribution": {
    "200": 408569
  },
  "errorDistribution": {}
}