{
  "summary": {
    "successRate": 1,
    "total": 10.000374134,
    "slowest": 0.006119494,
    "fastest": 0.000483333,
    "average": 0.0012286853285827081,
    "requestsPerSec": 40631.47983819222,
    "totalData": 5282290,
    "sizePerRequest": 13,
    "sizePerSec": 528209.2378964989
  },
  "responseTimeHistogram": {
    "0.000483333": 1,
    "0.0010469491": 22697,
    "0.0016105652": 379810,
    "0.0021741813": 3307,
    "0.0027377974": 286,
    "0.0033014134999999997": 121,
    "0.0038650296": 62,
    "0.0044286457": 7,
    "0.0049922618": 15,
    "0.0055558779": 17,
    "0.006119494": 7
  },
  "latencyPercentiles": {
    "p10": 0.001079315,
    "p25": 0.001133209,
    "p50": 0.001237984,
    "p75": 0.001308808,
    "p90": 0.001362947,
    "p95": 0.001410878,
    "p99": 0.001600982
  },
  "rps": {
    "mean": 40630.3720158589,
    "stddev": 2324.8617218698073,
    "max": 47809.31600103757,
    "percentiles": {
      "p10": 38946.443634034076,
      "p25": 40101.54478827493,
      "p50": 40914.31182627721,
      "p75": 41603.178482833915,
      "p90": 42340.5537824128,
      "p95": 43081.97827623963,
      "p99": 44542.052151435135
    }
  },
  "details": {
    "DNSDialup": {
      "average": 0.0010381014799999999,
      "fastest": 0.00011789,
      "slowest": 0.001668571
    },
    "DNSLookup": {
      "average": 0.00001480752,
      "fastest": 0.000004348,
      "slowest": 0.000118852
    }
  },
  "statusCodeDistribution": {
    "200": 406330
  },
  "errorDistribution": {}
}