{
  "summary": {
    "successRate": 1,
    "total": 10.000711913,
    "slowest": 0.021236986,
    "fastest": 0.000110005,
    "average": 0.0019160143685126683,
    "requestsPerSec": 26004.848681016094,
    "totalData": 3380871,
    "sizePerRequest": 13,
    "sizePerSec": 338063.03285320924
  },
  "responseTimeHistogram": {
    "0.000110005": 1,
    "0.0022227031": 220290,
    "0.0043354012": 29196,
    "0.0064480993": 8041,
    "0.0085607974": 1303,
    "0.010673495500000001": 542,
    "0.0127861936": 73,
    "0.0148988917": 257,
    "0.0170115898": 275,
    "0.019124287900000002": 47,
    "0.021236986000000003": 42
  },
  "latencyPercentiles": {
    "p10": 0.001326361,
    "p25": 0.001440744,
    "p50": 0.001605849,
    "p75": 0.00191589,
    "p90": 0.002695527,
    "p95": 0.003696172,
    "p99": 0.006401301
  },
  "rps": {
    "mean": 26083.305228318484,
    "stddev": 7990.221001568166,
    "max": 37695.680203556716,
    "percentiles": {
      "p10": 13033.673799628728,
      "p25": 22637.951146697622,
      "p50": 29222.552261185276,
      "p75": 31684.205634718346,
      "p90": 33126.522892815134,
      "p95": 34032.64751876445,
      "p99": 35291.610784010234
    }
  },
  "details": {
    "DNSDialup": {
      "average": 0.00192121128,
      "fastest": 0.000119206,
      "slowest": 0.003286853
    },
    "DNSLookup": {
      "average": 0.000017100879999999996,
      "fastest": 0.000006201,
      "slowest": 0.000298814
    }
  },
  "statusCodeDistribution": {
    "200": 260067
  },
  "errorDistribution": {}
}