{
  "summary": {
    "successRate": 1,
    "total": 10.000185181,
    "slowest": 0.006443052,
    "fastest": 0.000205604,
    "average": 0.0012023181681662138,
    "requestsPerSec": 41523.031072358295,
    "totalData": 5398094,
    "sizePerRequest": 13,
    "sizePerSec": 539799.4039406579
  },
  "responseTimeHistogram": {
    "0.000205604": 1,
    "0.0008293488": 1632,
    "0.0014530936000000001": 403179,
    "0.0020768384": 9850,
    "0.0027005832": 369,
    "0.003324328": 151,
    "0.0039480728": 7,
    "0.0045718176": 6,
    "0.0051955624": 17,
    "0.0058193072": 19,
    "0.006443052": 7
  },
  "latencyPercentiles": {
    "p10": 0.001057958,
    "p25": 0.00110921,
    "p50": 0.001212562,
    "p75": 0.001280172,
    "p90": 0.001329252,
    "p95": 0.001378152,
    "p99": 0.001558696
  },
  "rps": {
    "mean": 41519.713719485546,
    "stddev": 2259.5124683796826,
    "max": 48160.940793310525,
    "percentiles": {
      "p10": 39770.37367621887,
      "p25": 41048.38992959505,
      "p50": 41836.24692434029,
      "p75": 42404.15136642043,
      "p90": 43287.588409102675,
      "p95": 43921.38971679175,
      "p99": 45542.15660328445
    }
  },
  "details": {
    "DNSDialup": {
      "average": 0.00090120056,
      "fastest": 0.000142476,
      "slowest": 0.001581816
    },
    "DNSLookup": {
      "average": 0.000017561399999999998,
      "fastest": 0.000003957,
      "slowest": 0.000248153
    }
  },
  "statusCodeDistribution": {
    "200": 415238
  },
  "errorDistribution": {}
}