{
  "summary": {
    "successRate": 1,
    "total": 10.001859247,
    "slowest": 0.008956116,
    "fastest": 0.000157902,
    "average": 0.0016002721880165555,
    "requestsPerSec": 31198.899353997276,
    "totalData": 4056611,
    "sizePerRequest": 13,
    "sizePerSec": 405585.6916019646
  },
  "responseTimeHistogram": {
    "0.000157902": 1,
    "0.0010377234": 1044,
    "0.0019175448": 306637,
    "0.0027973662000000004": 2398,
    "0.0036771876000000004": 353,
    "0.004557009": 620,
    "0.0054368304": 684,
    "0.0063166518": 197,
    "0.0071964732": 33,
    "0.0080762946": 48,
    "0.008956116": 32
  },
  "latencyPercentiles": {
    "p10": 0.00153802,
    "p25": 0.00155262,
    "p50": 0.001568927,
    "p75": 0.00158772,
    "p90": 0.001626228,
    "p95": 0.00174683,
    "p99": 0.002233429
  },
  "rps": {
    "mean": 31170.59604160632,
    "stddev": 2992.286961085296,
    "max": 43501.17888194764,
    "percentiles": {
      "p10": 30924.34054844563,
      "p25": 31285.94562121567,
      "p50": 31700.900797145394,
      "p75": 31959.214031755935,
      "p90": 32150.891646386575,
      "p95": 32242.786177257043,
      "p99": 32703.842701516558
    }
  },
  "details": {
    "DNSDialup": {
      "average": 0.0018011653999999997,
      "fastest": 0.000093101,
      "slowest": 0.002366931
    },
    "DNSLookup": {
      "average": 0.0000059940600000000005,
      "fastest": 0.0000037,
      "slowest": 0.000037101
    }
  },
  "statusCodeDistribution": {
    "200": 312047
  },
  "errorDistribution": {}
}