{
  "summary": {
    "successRate": 1,
    "total": 10.000628391,
    "slowest": 0.007177598,
    "fastest": 0.000275944,
    "average": 0.0012754269300072876,
    "requestsPerSec": 39143.04028657713,
    "totalData": 5088915,
    "sizePerRequest": 13,
    "sizePerSec": 508859.5237255027
  },
  "responseTimeHistogram": {
    "0.000275944": 1,
    "0.0009661094000000001": 3539,
    "0.0016562748": 382991,
    "0.0023464402": 4231,
    "0.0030366056": 389,
    "0.0037267710000000003": 144,
    "0.0044169364": 61,
    "0.0051071018000000004": 52,
    "0.0057972672": 35,
    "0.0064874326": 6,
    "0.007177598": 6
  },
  "latencyPercentiles": {
    "p10": 0.001112555,
    "p25": 0.001167496,
    "p50": 0.001279926,
    "p75": 0.001349841,
    "p90": 0.001428796,
    "p95": 0.00150902,
    "p99": 0.001685318
  },
  "rps": {
    "mean": 39142.81574215008,
    "stddev": 2517.386817741184,
    "max": 44589.76654723583,
    "percentiles": {
      "p10": 36783.55663553075,
      "p25": 38633.758177893265,
      "p50": 39671.13828517293,
      "p75": 40347.081249989424,
      "p90": 41116.88708660805,
      "p95": 41765.70162522553,
      "p99": 43202.808182531066
    }
  },
  "details": {
    "DNSDialup": {
      "average": 0.0008708932199999999,
      "fastest": 0.000146072,
      "slowest": 0.001444019
    },
    "DNSLookup": {
      "average": 0.00000796104,
      "fastest": 0.000003767,
      "slowest": 0.000049041
    }
  },
  "statusCodeDistribution": {
    "200": 391455
  },
  "errorDistribution": {}
}