{
  "summary": {
    "successRate": 1,
    "total": 10.001553631,
    "slowest": 0.012375817,
    "fastest": 0.0000608,
    "average": 0.0012716596127380724,
    "requestsPerSec": 39272.998425218364,
    "totalData": 5106283,
    "sizePerRequest": 13,
    "sizePerSec": 510548.9795278387
  },
  "responseTimeHistogram": {
    "0.0000608": 1,
    "0.0012923017": 313739,
    "0.0025238034000000004": 68486,
    "0.0037553051000000005": 5647,
    "0.0049868068": 2158,
    "0.0062183085": 990,
    "0.0074498102": 897,
    "0.0086813119": 131,
    "0.0099128136": 296,
    "0.0111443153": 304,
    "0.012375817": 142
  },
  "latencyPercentiles": {
    "p10": 0.0009145,
    "p25": 0.000968801,
    "p50": 0.0010063,
    "p75": 0.001116001,
    "p90": 0.002397602,
    "p95": 0.002457001,
    "p99": 0.004450903
  },
  "rps": {
    "mean": 39362.52635242902,
    "stddev": 13585.283755391845,
    "max": 56118.851212288806,
    "percentiles": {
      "p10": 20471.33277250796,
      "p25": 23812.14628196633,
      "p50": 48515.51401891208,
      "p75": 50569.87700091205,
      "p90": 51075.7682881413,
      "p95": 51400.98175875175,
      "p99": 52089.59894635872
    }
  },
  "details": {
    "DNSDialup": {
      "average": 0.0014293718,
      "fastest": 0.0000769,
      "slowest": 0.001851602
    },
    "DNSLookup": {
      "average": 0.0000058339999999999995,
      "fastest": 0.0000031,
      "slowest": 0.0000345
    }
  },
  "statusCodeDistribution": {
    "200": 392791
  },
  "errorDistribution": {}
}