{
  "summary": {
    "successRate": 1,
    "total": 10.000634677,
    "slowest": 0.006195368,
    "fastest": 0.000187387,
    "average": 0.001154486287449259,
    "requestsPerSec": 43250.45499309763,
    "totalData": 5622916,
    "sizePerRequest": 13,
    "sizePerSec": 562255.9149102692
  },
  "responseTimeHistogram": {
    "0.000187387": 1,
    "0.0007881851": 1347,
    "0.0013889832": 422349,
    "0.0019897812999999996": 8066,
    "0.0025905793999999997": 498,
    "0.0031913774999999998": 139,
    "0.0037921755999999994": 60,
    "0.0043929736999999995": 41,
    "0.0049937717999999996": 17,
    "0.0055945699": 11,
    "0.006195368": 3
  },
  "latencyPercentiles": {
    "p10": 0.001017017,
    "p25": 0.001058655,
    "p50": 0.001169872,
    "p75": 0.001221359,
    "p90": 0.001271365,
    "p95": 0.001324635,
    "p99": 0.001534352
  },
  "rps": {
    "mean": 43248.99530305118,
    "stddev": 2157.740812182804,
    "max": 47068.87405910919,
    "percentiles": {
      "p10": 42385.47030086172,
      "p25": 43118.48058077889,
      "p50": 43501.44224012347,
      "p75": 44048.50966170979,
      "p90": 44376.67938629335,
      "p95": 44624.298397004124,
      "p99": 45299.144097287026
    }
  },
  "details": {
    "DNSDialup": {
      "average": 0.0007414980199999999,
      "fastest": 0.00010263,
      "slowest": 0.001083603
    },
    "DNSLookup": {
      "average": 0.000004808140000000001,
      "fastest": 0.000002664,
      "slowest": 0.000029835
    }
  },
  "statusCodeDistribution": {
    "200": 432532
  },
  "errorDistribution": {}
}