{
  "summary": {
    "successRate": 1,
    "total": 10.000666,
    "slowest": 0.006438764,
    "fastest": 0.00021418,
    "average": 0.001270940358200456,
    "requestsPerSec": 39296.88282760368,
    "totalData": 5108935,
    "sizePerRequest": 13,
    "sizePerSec": 510859.4767588478
  },
  "responseTimeHistogram": {
    "0.00021418": 1,
    "0.0008366384": 587,
    "0.0014590968": 377874,
    "0.0020815552": 13634,
    "0.0027040136": 609,
    "0.003326472": 179,
    "0.0039489304": 67,
    "0.004571388799999999": 6,
    "0.005193847200000001": 11,
    "0.0058163056": 21,
    "0.006438764": 6
  },
  "latencyPercentiles": {
    "p10": 0.001121347,
    "p25": 0.00117027,
    "p50": 0.001283749,
    "p75": 0.001347915,
    "p90": 0.001400025,
    "p95": 0.00144027,
    "p99": 0.001630179
  },
  "rps": {
    "mean": 39296.251836575204,
    "stddev": 1971.1769647323365,
    "max": 43241.87976054221,
    "percentiles": {
      "p10": 38589.75591327865,
      "p25": 39032.22500496183,
      "p50": 39635.12464746188,
      "p75": 40003.29651225305,
      "p90": 40328.094125370226,
      "p95": 40659.42301851444,
      "p99": 41107.56442505154
    }
  },
  "details": {
    "DNSDialup": {
      "average": 0.0007102196399999999,
      "fastest": 0.000092721,
      "slowest": 0.001208811
    },
    "DNSLookup": {
      "average": 0.00000685124,
      "fastest": 0.000003316,
      "slowest": 0.00002689
    }
  },
  "statusCodeDistribution": {
    "200": 392995
  },
  "errorDistribution": {}
}