{
  "summary": {
    "successRate": 1,
    "total": 10.000614263,
    "slowest": 0.00638851,
    "fastest": 0.000282291,
    "average": 0.001281312041136388,
    "requestsPerSec": 38965.50649310851,
    "totalData": 5065827,
    "sizePerRequest": 13,
    "sizePerSec": 506551.58441041055
  },
  "responseTimeHistogram": {
    "0.000282291": 1,
    "0.0008929129000000001": 1420,
    "0.0015035348000000002": 362762,
    "0.0021141567": 24727,
    "0.0027247786000000004": 582,
    "0.0033354005000000007": 131,
    "0.0039460224000000006": 11,
    "0.0045566443": 6,
    "0.0051672662": 18,
    "0.005777888100000001": 11,
    "0.006388510000000001": 10
  },
  "latencyPercentiles": {
    "p10": 0.00111623,
    "p25": 0.001169378,
    "p50": 0.001287092,
    "p75": 0.001352655,
    "p90": 0.001446119,
    "p95": 0.00153941,
    "p99": 0.0016719
  },
  "rps": {
    "mean": 38954.23564571366,
    "stddev": 2503.3103107039988,
    "max": 47974.928866587754,
    "percentiles": {
      "p10": 36300.82039854195,
      "p25": 38332.52898409854,
      "p50": 39717.63860330356,
      "p75": 40237.355690401375,
      "p90": 40787.81103097681,
      "p95": 41057.27217097597,
      "p99": 42672.69293241103
    }
  },
  "details": {
    "DNSDialup": {
      "average": 0.0005553523600000001,
      "fastest": 0.000081175,
      "slowest": 0.001039965
    },
    "DNSLookup": {
      "average": 0.000008223519999999998,
      "fastest": 0.000004007,
      "slowest": 0.000063569
    }
  },
  "statusCodeDistribution": {
    "200": 389679
  },
  "errorDistribution": {}
}