{
  "summary": {
    "successRate": 1,
    "total": 10.000299485,
    "slowest": 0.006320185,
    "fastest": 0.000455212,
    "average": 0.001259690095255736,
    "requestsPerSec": 39630.01314055146,
    "totalData": 5152056,
    "sizePerRequest": 13,
    "sizePerSec": 515190.17082716903
  },
  "responseTimeHistogram": {
    "0.000455212": 1,
    "0.0010417093": 11429,
    "0.0016282065999999999": 380126,
    "0.0022147039": 4102,
    "0.0028012011999999998": 442,
    "0.0033876984999999995": 98,
    "0.0039741958": 39,
    "0.0045606931": 17,
    "0.0051471903999999995": 23,
    "0.005733687699999999": 29,
    "0.006320184999999999": 6
  },
  "latencyPercentiles": {
    "p10": 0.001099874,
    "p25": 0.001153354,
    "p50": 0.001267493,
    "p75": 0.00133302,
    "p90": 0.001410643,
    "p95": 0.001481512,
    "p99": 0.001651596
  },
  "rps": {
    "mean": 39630.11318204656,
    "stddev": 2326.871863171885,
    "max": 51298.458345794264,
    "percentiles": {
      "p10": 37725.2043800651,
      "p25": 39088.51216763085,
      "p50": 39956.39102979169,
      "p75": 40714.99940577903,
      "p90": 41382.75322283501,
      "p95": 41935.06024854084,
      "p99": 43219.08216169138
    }
  },
  "details": {
    "DNSDialup": {
      "average": 0.0011209362799999999,
      "fastest": 0.000112631,
      "slowest": 0.001947316
    },
    "DNSLookup": {
      "average": 0.00002149208000000001,
      "fastest": 0.000004449,
      "slowest": 0.000144661
    }
  },
  "statusCodeDistribution": {
    "200": 396312
  },
  "errorDistribution": {}
}