{
  "summary": {
    "successRate": 1,
    "total": 10.000718086,
    "slowest": 0.006269037,
    "fastest": 0.00019326,
    "average": 0.0011412524371161243,
    "requestsPerSec": 43764.8573068676,
    "totalData": 5689840,
    "sizePerRequest": 13,
    "sizePerSec": 568943.1449892787
  },
  "responseTimeHistogram": {
    "0.00019326": 1,
    "0.0008008377": 761,
    "0.0014084154": 431540,
    "0.0020159931000000002": 4598,
    "0.0026235708": 534,
    "0.0032311485000000003": 112,
    "0.0038387262": 62,
    "0.004446303899999999": 32,
    "0.0050538816": 23,
    "0.0056614593": 11,
    "0.006269037": 6
  },
  "latencyPercentiles": {
    "p10": 0.001007343,
    "p25": 0.001047965,
    "p50": 0.001156237,
    "p75": 0.001206623,
    "p90": 0.001251871,
    "p95": 0.001307124,
    "p99": 0.001440383
  },
  "rps": {
    "mean": 43759.89855306524,
    "stddev": 2217.0162152855323,
    "max": 47627.28567196121,
    "percentiles": {
      "p10": 43043.593427674605,
      "p25": 43517.7077508969,
      "p50": 44106.348322328675,
      "p75": 44476.83818564805,
      "p90": 44914.38534411988,
      "p95": 45187.65048564787,
      "p99": 45844.44036034543
    }
  },
  "details": {
    "DNSDialup": {
      "average": 0.0006350688,
      "fastest": 0.0000729,
      "slowest": 0.00153801
    },
    "DNSLookup": {
      "average": 0.000005230400000000001,
      "fastest": 0.000002484,
      "slowest": 0.000030075
    }
  },
  "statusCodeDistribution": {
    "200": 437680
  },
  "errorDistribution": {}
}