{
  "summary": {
    "successRate": 1,
    "total": 10.000572687,
    "slowest": 0.007160428,
    "fastest": 0.000468015,
    "average": 0.0012106447436582512,
    "requestsPerSec": 41240.23822516915,
    "totalData": 5361538,
    "sizePerRequest": 13,
    "sizePerSec": 536123.096927199
  },
  "responseTimeHistogram": {
    "0.000468015": 1,
    "0.0011372563": 132307,
    "0.0018064976": 278460,
    "0.0024757389": 1445,
    "0.0031449802": 120,
    "0.0038142214999999998": 43,
    "0.004483462800000001": 10,
    "0.005152704100000001": 13,
    "0.0058219454": 21,
    "0.0064911867": 0,
    "0.007160428": 6
  },
  "latencyPercentiles": {
    "p10": 0.001071931,
    "p25": 0.001116378,
    "p50": 0.001224748,
    "p75": 0.001285401,
    "p90": 0.001331627,
    "p95": 0.001366034,
    "p99": 0.001483694
  },
  "rps": {
    "mean": 41237.71607600169,
    "stddev": 2000.4995861835623,
    "max": 44952.500864201815,
    "percentiles": {
      "p10": 40418.5763777046,
      "p25": 40992.03958763437,
      "p50": 41420.09557206065,
      "p75": 41935.77121284408,
      "p90": 42289.52473404502,
      "p95": 42625.106187544225,
      "p99": 43759.25336405226
    }
  },
  "details": {
    "DNSDialup": {
      "average": 0.0006656595,
      "fastest": 0.000090509,
      "slowest": 0.001235913
    },
    "DNSLookup": {
      "average": 0.000008965400000000002,
      "fastest": 0.000003196,
      "slowest": 0.00017292
    }
  },
  "statusCodeDistribution": {
    "200": 412426
  },
  "errorDistribution": {}
}