{
  "summary": {
    "successRate": 1,
    "total": 10.000605818,
    "slowest": 0.005953576,
    "fastest": 0.000479967,
    "average": 0.0012291836614177344,
    "requestsPerSec": 40615.439443570715,
    "totalData": 5280327,
    "sizePerRequest": 13,
    "sizePerSec": 528000.7127664193
  },
  "responseTimeHistogram": {
    "0.000479967": 1,
    "0.0010273279": 11113,
    "0.0015746888000000001": 390358,
    "0.0021220497000000002": 3842,
    "0.0026694106000000003": 576,
    "0.0032167715000000004": 155,
    "0.0037641324000000005": 63,
    "0.0043114933": 14,
    "0.0048588542": 36,
    "0.0054062151": 11,
    "0.005953576": 10
  },
  "latencyPercentiles": {
    "p10": 0.001080497,
    "p25": 0.001129594,
    "p50": 0.001237616,
    "p75": 0.001301981,
    "p90": 0.001359208,
    "p95": 0.00141233,
    "p99": 0.001599234
  },
  "rps": {
    "mean": 40614.4265888198,
    "stddev": 2246.1561461623587,
    "max": 44854.441303740336,
    "percentiles": {
      "p10": 39220.826258744804,
      "p25": 40202.10256996427,
      "p50": 40967.90430137889,
      "p75": 41605.616758262375,
      "p90": 42056.65030796509,
      "p95": 42350.09812963424,
      "p99": 43139.98623149027
    }
  },
  "details": {
    "DNSDialup": {
      "average": 0.0006994782599999998,
      "fastest": 0.000076924,
      "slowest": 0.001282006
    },
    "DNSLookup": {
      "average": 0.0000071067,
      "fastest": 0.000003316,
      "slowest": 0.000028614
    }
  },
  "statusCodeDistribution": {
    "200": 406179
  },
  "errorDistribution": {}
}