{
  "summary": {
    "successRate": 1,
    "total": 10.000207739,
    "slowest": 0.006226825,
    "fastest": 0.000524748,
    "average": 0.0012581994122569022,
    "requestsPerSec": 39678.07573162256,
    "totalData": 5158257,
    "sizePerRequest": 13,
    "sizePerSec": 515814.98451109324
  },
  "responseTimeHistogram": {
    "0.000524748": 1,
    "0.0010949557000000001": 29236,
    "0.0016651634": 364673,
    "0.0022353711000000004": 2414,
    "0.0028055788": 329,
    "0.0033757865": 51,
    "0.0039459942000000005": 14,
    "0.0045162019": 45,
    "0.0050864096": 23,
    "0.005656617300000001": 2,
    "0.006226825": 1
  },
  "latencyPercentiles": {
    "p10": 0.001108886,
    "p25": 0.001159451,
    "p50": 0.001270648,
    "p75": 0.001337531,
    "p90": 0.001387563,
    "p95": 0.001435414,
    "p99": 0.001630927
  },
  "rps": {
    "mean": 39674.26013453423,
    "stddev": 1990.6618175356846,
    "max": 46323.9350558482,
    "percentiles": {
      "p10": 37923.838925147764,
      "p25": 39329.76083002064,
      "p50": 39946.961648114935,
      "p75": 40505.22112300031,
      "p90": 41107.62319156657,
      "p95": 41679.05683500463,
      "p99": 42715.817667281066
    }
  },
  "details": {
    "DNSDialup": {
      "average": 0.0007677394599999999,
      "fastest": 0.000112189,
      "slowest": 0.001640598
    },
    "DNSLookup": {
      "average": 0.000010285780000000001,
      "fastest": 0.000004589,
      "slowest": 0.000046407
    }
  },
  "statusCodeDistribution": {
    "200": 396789
  },
  "errorDistribution": {}
}