{
  "summary": {
    "successRate": 1,
    "total": 10.000166167,
    "slowest": 0.006685139,
    "fastest": 0.000383986,
    "average": 0.0012198969297744677,
    "requestsPerSec": 40926.019944604384,
    "totalData": 5320471,
    "sizePerRequest": 13,
    "sizePerSec": 532038.259279857
  },
  "responseTimeHistogram": {
    "0.000383986": 1,
    "0.0010141013": 14360,
    "0.0016442166": 391879,
    "0.0022743319": 2689,
    "0.0029044472": 180,
    "0.0035345625000000004": 102,
    "0.0041646778": 6,
    "0.0047947931": 10,
    "0.0054249084": 23,
    "0.0060550237": 11,
    "0.0066851390000000005": 6
  },
  "latencyPercentiles": {
    "p10": 0.00107219,
    "p25": 0.001124924,
    "p50": 0.001229336,
    "p75": 0.001298735,
    "p90": 0.001350299,
    "p95": 0.001397968,
    "p99": 0.001600496
  },
  "rps": {
    "mean": 40925.42988780162,
    "stddev": 2266.3543200816234,
    "max": 46805.18601460817,
    "percentiles": {
      "p10": 39006.62722596401,
      "p25": 40683.89833514658,
      "p50": 41152.21344308379,
      "p75": 41946.34660868456,
      "p90": 42701.734727759664,
      "p95": 43241.60870879825,
      "p99": 44391.4392723588
    }
  },
  "details": {
    "DNSDialup": {
      "average": 0.00081788956,
      "fastest": 0.00015519,
      "slowest": 0.0013535
    },
    "DNSLookup": {
      "average": 0.00000964662,
      "fastest": 0.000003868,
      "slowest": 0.000066344
    }
  },
  "statusCodeDistribution": {
    "200": 409267
  },
  "errorDistribution": {}
}