{
  "summary": {
    "successRate": 1,
    "total": 10.000669963,
    "slowest": 0.023645023,
    "fastest": 0.000430304,
    "average": 0.002021961918321188,
    "requestsPerSec": 24679.146588491414,
    "totalData": 3208504,
    "sizePerRequest": 13,
    "sizePerSec": 320828.9056503884
  },
  "responseTimeHistogram": {
    "0.000430304": 1,
    "0.0027517759": 227776,
    "0.005073247800000001": 14814,
    "0.007394719700000001": 3286,
    "0.0097161916": 298,
    "0.0120376635": 214,
    "0.0143591354": 245,
    "0.0166806073": 115,
    "0.0190020792": 27,
    "0.0213235511": 0,
    "0.023645023": 32
  },
  "latencyPercentiles": {
    "p10": 0.001600115,
    "p25": 0.001735116,
    "p50": 0.001814217,
    "p75": 0.001938418,
    "p90": 0.002389222,
    "p95": 0.003547034,
    "p99": 0.005494451
  },
  "rps": {
    "mean": 24724.695609420964,
    "stddev": 5682.761425676863,
    "max": 33928.54965523014,
    "percentiles": {
      "p10": 16418.997664397833,
      "p25": 23617.217160311906,
      "p50": 27204.9132073252,
      "p75": 28097.005010867444,
      "p90": 28831.51650935751,
      "p95": 29167.148176054612,
      "p99": 29832.956679614854
    }
  },
  "details": {
    "DNSDialup": {
      "average": 0.0022963317799999995,
      "fastest": 0.000234203,
      "slowest": 0.00317623
    },
    "DNSLookup": {
      "average": 0.00001126016,
      "fastest": 0.0000056,
      "slowest": 0.000101501
    }
  },
  "statusCodeDistribution": {
    "200": 246808
  },
  "errorDistribution": {}
}