{
  "summary": {
    "successRate": 1,
    "total": 10.000695458,
    "slowest": 0.006473197,
    "fastest": 0.000630342,
    "average": 0.001223187060553359,
    "requestsPerSec": 40817.36132395284,
    "totalData": 5306626,
    "sizePerRequest": 13,
    "sizePerSec": 530625.6972113869
  },
  "responseTimeHistogram": {
    "0.000630342": 1,
    "0.0012146275": 187618,
    "0.001798913": 218837,
    "0.0023831984999999997": 1413,
    "0.002967484": 189,
    "0.0035517695": 94,
    "0.004136055": 4,
    "0.0047203405": 10,
    "0.005304626": 18,
    "0.0058889115": 12,
    "0.006473197": 6
  },
  "latencyPercentiles": {
    "p10": 0.001072351,
    "p25": 0.001121112,
    "p50": 0.001230171,
    "p75": 0.001293686,
    "p90": 0.0013604,
    "p95": 0.001432906,
    "p99": 0.001602512
  },
  "rps": {
    "mean": 40813.78644168589,
    "stddev": 2473.2744098492776,
    "max": 45415.50031025664,
    "percentiles": {
      "p10": 38433.78329551708,
      "p25": 40534.85186563482,
      "p50": 41342.140043345426,
      "p75": 42035.79030007445,
      "p90": 42593.11719335465,
      "p95": 42984.07931968543,
      "p99": 43700.05244006043
    }
  },
  "details": {
    "DNSDialup": {
      "average": 0.0006398152200000002,
      "fastest": 0.000140516,
      "slowest": 0.000978915
    },
    "DNSLookup": {
      "average": 0.0000062864,
      "fastest": 0.000003557,
      "slowest": 0.0000266
    }
  },
  "statusCodeDistribution": {
    "200": 408202
  },
  "errorDistribution": {}
}