{
  "summary": {
    "successRate": 1,
    "total": 10.000353443,
    "slowest": 0.006851214,
    "fastest": 0.000532315,
    "average": 0.0013010641781520265,
    "requestsPerSec": 38372.04376697349,
    "totalData": 4988542,
    "sizePerRequest": 13,
    "sizePerSec": 498836.5689706553
  },
  "responseTimeHistogram": {
    "0.000532315": 1,
    "0.0011642049": 55878,
    "0.0017960947999999999": 325992,
    "0.0024279847": 1471,
    "0.0030598746": 224,
    "0.0036917645": 114,
    "0.0043236544": 7,
    "0.0049555443": 13,
    "0.0055874342": 15,
    "0.0062193241": 13,
    "0.006851214": 6
  },
  "latencyPercentiles": {
    "p10": 0.001146802,
    "p25": 0.001197797,
    "p50": 0.001315393,
    "p75": 0.001380386,
    "p90": 0.001431796,
    "p95": 0.001478261,
    "p99": 0.001651854
  },
  "rps": {
    "mean": 38368.7837115011,
    "stddev": 1915.4383992019252,
    "max": 48696.29095233812,
    "percentiles": {
      "p10": 37497.64010506948,
      "p25": 38003.659752433996,
      "p50": 38659.540190460255,
      "p75": 39058.6442835408,
      "p90": 39539.98737129066,
      "p95": 39783.15368292197,
      "p99": 40626.12666205577
    }
  },
  "details": {
    "DNSDialup": {
      "average": 0.00099328838,
      "fastest": 0.000110076,
      "slowest": 0.001809401
    },
    "DNSLookup": {
      "average": 0.000010926460000000002,
      "fastest": 0.000004699,
      "slowest": 0.000045695
    }
  },
  "statusCodeDistribution": {
    "200": 383734
  },
  "errorDistribution": {}
}