{
  "summary": {
    "successRate": 1,
    "total": 10.000665043,
    "slowest": 0.00808209,
    "fastest": 0.000340703,
    "average": 0.0010385556214954803,
    "requestsPerSec": 48062.803616889425,
    "totalData": 6248580,
    "sizePerRequest": 13,
    "sizePerSec": 624816.4470195625
  },
  "responseTimeHistogram": {
    "0.000340703": 1,
    "0.0011148417": 426685,
    "0.0018889803999999999": 37698,
    "0.0026631191": 13698,
    "0.0034372578": 2063,
    "0.0042113965": 375,
    "0.0049855352": 33,
    "0.005759673900000001": 54,
    "0.0065338126": 31,
    "0.0073079513": 21,
    "0.00808209": 1
  },
  "latencyPercentiles": {
    "p10": 0.00087931,
    "p25": 0.000929611,
    "p50": 0.000989611,
    "p75": 0.001035612,
    "p90": 0.001147712,
    "p95": 0.001325515,
    "p99": 0.002273626
  },
  "rps": {
    "mean": 48041.91181038841,
    "stddev": 7497.906823591652,
    "max": 52891.899816710385,
    "percentiles": {
      "p10": 39403.4990307138,
      "p25": 49623.75985622038,
      "p50": 50553.63248913439,
      "p75": 51248.04535341864,
      "p90": 51835.76304699581,
      "p95": 52064.424800675435,
      "p99": 52406.236342124
    }
  },
  "details": {
    "DNSDialup": {
      "average": 0.0014765182,
      "fastest": 0.000083201,
      "slowest": 0.002437527
    },
    "DNSLookup": {
      "average": 0.000007700060000000002,
      "fastest": 0.0000041,
      "slowest": 0.000060201
    }
  },
  "statusCodeDistribution": {
    "200": 480660
  },
  "errorDistribution": {}
}