{
  "summary": {
    "successRate": 1,
    "total": 10.000630801,
    "slowest": 0.017273738,
    "fastest": 0.000084602,
    "average": 0.001333537109440595,
    "requestsPerSec": 37397.840940453694,
    "totalData": 4862026,
    "sizePerRequest": 13,
    "sizePerSec": 486171.932225898
  },
  "responseTimeHistogram": {
    "0.000084602": 1,
    "0.0018035156": 338080,
    "0.0035224292": 30160,
    "0.0052413428": 2210,
    "0.0069602564": 1930,
    "0.00867917": 471,
    "0.0103980836": 250,
    "0.0121169972": 35,
    "0.0138359108": 565,
    "0.0155548244": 86,
    "0.017273738": 214
  },
  "latencyPercentiles": {
    "p10": 0.001020826,
    "p25": 0.001083128,
    "p50": 0.001125432,
    "p75": 0.001204033,
    "p90": 0.001761851,
    "p95": 0.00276237,
    "p99": 0.004914344
  },
  "rps": {
    "mean": 37839.74186456312,
    "stddev": 11424.2852917375,
    "max": 70375.45304196213,
    "percentiles": {
      "p10": 18085.268423564103,
      "p25": 31035.40208315629,
      "p50": 43920.40981443937,
      "p75": 44827.999568530904,
      "p90": 45547.088857819086,
      "p95": 45897.65151551994,
      "p99": 48419.11102312053
    }
  },
  "details": {
    "DNSDialup": {
      "average": 0.0016696929600000002,
      "fastest": 0.000099603,
      "slowest": 0.002891485
    },
    "DNSLookup": {
      "average": 0.000008400320000000001,
      "fastest": 0.0000038,
      "slowest": 0.000106703
    }
  },
  "statusCodeDistribution": {
    "200": 374002
  },
  "errorDistribution": {}
}