{
  "summary": {
    "successRate": 1,
    "total": 10.000174183,
    "slowest": 0.00645944,
    "fastest": 0.000147424,
    "average": 0.0012378085886131404,
    "requestsPerSec": 40333.59745729941,
    "totalData": 5243459,
    "sizePerRequest": 13,
    "sizePerSec": 524336.7669448924
  },
  "responseTimeHistogram": {
    "0.000147424": 1,
    "0.0007786256": 1421,
    "0.0014098272": 369906,
    "0.0020410288": 30716,
    "0.0026722304000000004": 669,
    "0.0033034320000000002": 157,
    "0.0039346336": 135,
    "0.004565835200000001": 167,
    "0.005197036800000001": 73,
    "0.0058282384000000005": 61,
    "0.00645944": 37
  },
  "latencyPercentiles": {
    "p10": 0.001078396,
    "p25": 0.001131275,
    "p50": 0.001242622,
    "p75": 0.001305252,
    "p90": 0.001384816,
    "p95": 0.001456467,
    "p99": 0.001670578
  },
  "rps": {
    "mean": 40330.94577475661,
    "stddev": 2584.919822520445,
    "max": 45726.95283173603,
    "percentiles": {
      "p10": 37432.5415387103,
      "p25": 39924.18437714461,
      "p50": 41029.05267219677,
      "p75": 41630.01107498326,
      "p90": 42077.43088832077,
      "p95": 42308.03134671569,
      "p99": 43317.686611445766
    }
  },
  "details": {
    "DNSDialup": {
      "average": 0.0007951439800000002,
      "fastest": 0.000131906,
      "slowest": 0.001140489
    },
    "DNSLookup": {
      "average": 0.000006619240000000001,
      "fastest": 0.000004258,
      "slowest": 0.000029465
    }
  },
  "statusCodeDistribution": {
    "200": 403343
  },
  "errorDistribution": {}
}