{
  "summary": {
    "successRate": 1,
    "total": 10.000683299,
    "slowest": 0.008892117,
    "fastest": 0.0002486,
    "average": 0.0009185884733960648,
    "requestsPerSec": 54373.584658397645,
    "totalData": 7069049,
    "sizePerRequest": 13,
    "sizePerSec": 706856.6005591694
  },
  "responseTimeHistogram": {
    "0.0002486": 1,
    "0.0011129517": 515333,
    "0.0019773034": 18955,
    "0.0028416551": 8026,
    "0.0037060068": 960,
    "0.0045703585": 242,
    "0.0054347102": 169,
    "0.0062990619": 20,
    "0.0071634136": 36,
    "0.0080277653": 30,
    "0.008892117": 1
  },
  "latencyPercentiles": {
    "p10": 0.000776101,
    "p25": 0.000843402,
    "p50": 0.000880402,
    "p75": 0.000904002,
    "p90": 0.000995302,
    "p95": 0.001123103,
    "p99": 0.002072304
  },
  "rps": {
    "mean": 54363.58615521189,
    "stddev": 8310.831769185465,
    "max": 59179.790212157335,
    "percentiles": {
      "p10": 45119.46280166304,
      "p25": 56398.063169658424,
      "p50": 57098.09452639728,
      "p75": 57751.27157890412,
      "p90": 58275.99835455984,
      "p95": 58501.05886916606,
      "p99": 58819.28551101619
    }
  },
  "details": {
    "DNSDialup": {
      "average": 0.00127762844,
      "fastest": 0.0000827,
      "slowest": 0.002121804
    },
    "DNSLookup": {
      "average": 0.000009814000000000001,
      "fastest": 0.0000032,
      "slowest": 0.0001504
    }
  },
  "statusCodeDistribution": {
    "200": 543773
  },
  "errorDistribution": {}
}