{
  "summary": {
    "successRate": 1,
    "total": 10.000578863,
    "slowest": 0.006733263,
    "fastest": 0.000463495,
    "average": 0.0013279543728510496,
    "requestsPerSec": 37609.62291808488,
    "totalData": 4889534,
    "sizePerRequest": 13,
    "sizePerSec": 488925.0979351034
  },
  "responseTimeHistogram": {
    "0.000463495": 1,
    "0.0010904718": 5996,
    "0.0017174485999999999": 366712,
    "0.0023444254": 2875,
    "0.0029714022": 379,
    "0.0035983789999999996": 78,
    "0.0042253558": 22,
    "0.0048523326": 18,
    "0.0054793094": 22,
    "0.0061062862": 11,
    "0.006733263": 4
  },
  "latencyPercentiles": {
    "p10": 0.001170722,
    "p25": 0.001222709,
    "p50": 0.001339851,
    "p75": 0.001408872,
    "p90": 0.001467393,
    "p95": 0.001515731,
    "p99": 0.001689053
  },
  "rps": {
    "mean": 37609.11912835482,
    "stddev": 1876.390564087968,
    "max": 40870.214665503496,
    "percentiles": {
      "p10": 36583.47436783396,
      "p25": 37393.01963773738,
      "p50": 37826.53531452394,
      "p75": 38416.284663069135,
      "p90": 38796.57242808493,
      "p95": 39027.03690783907,
      "p99": 39624.39285649697
    }
  },
  "details": {
    "DNSDialup": {
      "average": 0.00080136554,
      "fastest": 0.000121136,
      "slowest": 0.001015049
    },
    "DNSLookup": {
      "average": 0.000006132299999999998,
      "fastest": 0.000003075,
      "slowest": 0.000027211
    }
  },
  "statusCodeDistribution": {
    "200": 376118
  },
  "errorDistribution": {}
}