{
  "summary": {
    "successRate": 1,
    "total": 10.000633512,
    "slowest": 0.006413529,
    "fastest": 0.000499568,
    "average": 0.0012744324298212962,
    "requestsPerSec": 39178.21801287502,
    "totalData": 5093491,
    "sizePerRequest": 13,
    "sizePerSec": 509316.8341673753
  },
  "responseTimeHistogram": {
    "0.000499568": 1,
    "0.0010909641": 18586,
    "0.0016823602": 369825,
    "0.0022737563": 2762,
    "0.0028651524000000003": 401,
    "0.0034565485000000004": 121,
    "0.0040479446": 54,
    "0.0046393407": 28,
    "0.0052307368": 11,
    "0.0058221329": 12,
    "0.006413529": 6
  },
  "latencyPercentiles": {
    "p10": 0.001123344,
    "p25": 0.001173816,
    "p50": 0.001284633,
    "p75": 0.001354136,
    "p90": 0.001407103,
    "p95": 0.001447472,
    "p99": 0.001627717
  },
  "rps": {
    "mean": 39177.8872692895,
    "stddev": 2118.811801829662,
    "max": 44630.96538692094,
    "percentiles": {
      "p10": 38300.03064002446,
      "p25": 38878.74114473646,
      "p50": 39446.881520681105,
      "p75": 39941.34673749027,
      "p90": 40410.68486585051,
      "p95": 40728.17982762199,
      "p99": 41480.39883403573
    }
  },
  "details": {
    "DNSDialup": {
      "average": 0.0007019191200000001,
      "fastest": 0.000073208,
      "slowest": 0.001421871
    },
    "DNSLookup": {
      "average": 0.00000635122,
      "fastest": 0.000003517,
      "slowest": 0.000030026
    }
  },
  "statusCodeDistribution": {
    "200": 391807
  },
  "errorDistribution": {}
}