{
  "summary": {
    "successRate": 1,
    "total": 10.000249838,
    "slowest": 0.006321637,
    "fastest": 0.000328134,
    "average": 0.001214365273380294,
    "requestsPerSec": 41109.47292915023,
    "totalData": 5344365,
    "sizePerRequest": 13,
    "sizePerSec": 534423.148078953
  },
  "responseTimeHistogram": {
    "0.000328134": 1,
    "0.0009274843": 7429,
    "0.0015268346000000001": 397463,
    "0.0021261849": 5353,
    "0.0027255352": 544,
    "0.0033248855": 150,
    "0.0039242358": 70,
    "0.0045235861": 42,
    "0.0051229364": 29,
    "0.0057222867": 12,
    "0.006321637": 12
  },
  "latencyPercentiles": {
    "p10": 0.001061355,
    "p25": 0.001119789,
    "p50": 0.001220478,
    "p75": 0.0012967,
    "p90": 0.001351207,
    "p95": 0.00140236,
    "p99": 0.001594803
  },
  "rps": {
    "mean": 41131.80757516803,
    "stddev": 2598.1020977439634,
    "max": 66568.47816070267,
    "percentiles": {
      "p10": 39706.00354773675,
      "p25": 40718.26214057023,
      "p50": 41289.04604651598,
      "p75": 42121.8654603598,
      "p90": 43023.25406882326,
      "p95": 43447.52052442928,
      "p99": 44982.742390966334
    }
  },
  "details": {
    "DNSDialup": {
      "average": 0.0009041293799999998,
      "fastest": 0.000080019,
      "slowest": 0.002001082
    },
    "DNSLookup": {
      "average": 0.00000965814,
      "fastest": 0.000004328,
      "slowest": 0.000050674
    }
  },
  "statusCodeDistribution": {
    "200": 411105
  },
  "errorDistribution": {}
}