{
  "summary": {
    "successRate": 1,
    "total": 10.000671072,
    "slowest": 0.006349902,
    "fastest": 0.000470001,
    "average": 0.0011876444000780099,
    "requestsPerSec": 42040.47878118234,
    "totalData": 5465629,
    "sizePerRequest": 13,
    "sizePerSec": 546526.2241553704
  },
  "responseTimeHistogram": {
    "0.000470001": 1,
    "0.0010579911": 51639,
    "0.0016459812": 366137,
    "0.0022339712999999996": 2220,
    "0.0028219613999999997": 282,
    "0.0034099514999999998": 102,
    "0.0039979416": 10,
    "0.0045859317": 14,
    "0.0051739218": 17,
    "0.0057619119": 5,
    "0.006349902": 6
  },
  "latencyPercentiles": {
    "p10": 0.00104962,
    "p25": 0.001095026,
    "p50": 0.001199396,
    "p75": 0.001259525,
    "p90": 0.001306824,
    "p95": 0.001344827,
    "p99": 0.001523803
  },
  "rps": {
    "mean": 42037.766217291944,
    "stddev": 2215.3873177635146,
    "max": 51071.16211319176,
    "percentiles": {
      "p10": 40942.531272498825,
      "p25": 41871.51235595375,
      "p50": 42244.97822832002,
      "p75": 42900.67783071338,
      "p90": 43355.442940434295,
      "p95": 43764.926606718895,
      "p99": 44706.75576108246
    }
  },
  "details": {
    "DNSDialup": {
      "average": 0.0006624040999999999,
      "fastest": 0.000080417,
      "slowest": 0.001061887
    },
    "DNSLookup": {
      "average": 0.000006528160000000002,
      "fastest": 0.000003237,
      "slowest": 0.000033362
    }
  },
  "statusCodeDistribution": {
    "200": 420433
  },
  "errorDistribution": {}
}