{
  "summary": {
    "successRate": 1,
    "total": 10.001441169,
    "slowest": 0.012301356,
    "fastest": 0.000065901,
    "average": 0.0012382637819622578,
    "requestsPerSec": 40261.997565723024,
    "totalData": 5234814,
    "sizePerRequest": 13,
    "sizePerSec": 523405.9683543993
  },
  "responseTimeHistogram": {
    "0.000065901": 1,
    "0.0012894464999999998": 358080,
    "0.002512992": 28076,
    "0.0037365374999999996": 11259,
    "0.004960083": 1249,
    "0.0061836285": 2786,
    "0.007407173999999999": 435,
    "0.0086307195": 282,
    "0.009854265": 60,
    "0.011077810499999998": 347,
    "0.012301356": 103
  },
  "latencyPercentiles": {
    "p10": 0.001008013,
    "p25": 0.001063214,
    "p50": 0.001099014,
    "p75": 0.001164614,
    "p90": 0.001317717,
    "p95": 0.001976425,
    "p99": 0.004829961
  },
  "rps": {
    "mean": 40338.95162040142,
    "stddev": 9729.442062480812,
    "max": 48783.97530520791,
    "percentiles": {
      "p10": 23907.825031132466,
      "p25": 40631.17630157633,
      "p50": 45164.46323837964,
      "p75": 45801.555789651655,
      "p90": 46261.04110524507,
      "p95": 46603.602458471076,
      "p99": 47036.56491056104
    }
  },
  "details": {
    "DNSDialup": {
      "average": 0.0013655134400000007,
      "fastest": 0.000079001,
      "slowest": 0.002689834
    },
    "DNSLookup": {
      "average": 0.000007386099999999999,
      "fastest": 0.0000034,
      "slowest": 0.000035801
    }
  },
  "statusCodeDistribution": {
    "200": 402678
  },
  "errorDistribution": {}
}