{
  "summary": {
    "successRate": 1,
    "total": 10.00078515,
    "slowest": 0.017903671,
    "fastest": 0.000053902,
    "average": 0.0013055546770600929,
    "requestsPerSec": 38213.39967492452,
    "totalData": 4968132,
    "sizePerRequest": 13,
    "sizePerSec": 496774.19577401876
  },
  "responseTimeHistogram": {
    "0.000053902": 1,
    "0.0018388788999999998": 352307,
    "0.0036238558": 24217,
    "0.0054088326999999995": 2532,
    "0.007193809599999999": 1918,
    "0.008978786499999999": 211,
    "0.0107637634": 69,
    "0.012548740299999998": 54,
    "0.014333717199999998": 662,
    "0.0161186941": 56,
    "0.017903671": 137
  },
  "latencyPercentiles": {
    "p10": 0.000992821,
    "p25": 0.001076622,
    "p50": 0.001123823,
    "p75": 0.001230926,
    "p90": 0.001731636,
    "p95": 0.002345447,
    "p99": 0.004992604
  },
  "rps": {
    "mean": 38618.22916703016,
    "stddev": 10994.85031005676,
    "max": 127521.2003992109,
    "percentiles": {
      "p10": 21873.490553562133,
      "p25": 33484.62821477617,
      "p50": 43964.904309277386,
      "p75": 45021.27336139863,
      "p90": 45708.67093487618,
      "p95": 45979.33502336075,
      "p99": 46672.77184237157
    }
  },
  "details": {
    "DNSDialup": {
      "average": 0.00164012128,
      "fastest": 0.000078401,
      "slowest": 0.001889739
    },
    "DNSLookup": {
      "average": 0.000005548099999999999,
      "fastest": 0.000004,
      "slowest": 0.000039901
    }
  },
  "statusCodeDistribution": {
    "200": 382164
  },
  "errorDistribution": {}
}