{
  "summary": {
    "successRate": 1,
    "total": 10.000574456,
    "slowest": 0.006888894,
    "fastest": 0.00045537,
    "average": 0.0012540399729291931,
    "requestsPerSec": 39811.8129865159,
    "totalData": 5175833,
    "sizePerRequest": 13,
    "sizePerSec": 517553.56882470666
  },
  "responseTimeHistogram": {
    "0.00045537": 1,
    "0.0010987224": 39277,
    "0.0017420748": 356276,
    "0.0023854272": 2092,
    "0.0030287796": 322,
    "0.003672132": 119,
    "0.0043154844": 7,
    "0.0049588368": 15,
    "0.0056021892": 14,
    "0.0062455416": 15,
    "0.006888894": 3
  },
  "latencyPercentiles": {
    "p10": 0.001099407,
    "p25": 0.001152666,
    "p50": 0.001261987,
    "p75": 0.001330125,
    "p90": 0.0013934,
    "p95": 0.001455297,
    "p99": 0.001639507
  },
  "rps": {
    "mean": 39811.00661671818,
    "stddev": 2468.671803531769,
    "max": 45214.56466394414,
    "percentiles": {
      "p10": 37904.48030957377,
      "p25": 39515.41496337729,
      "p50": 40158.23154506109,
      "p75": 40868.43812462842,
      "p90": 41572.30493406769,
      "p95": 42111.08060842721,
      "p99": 43344.785340734066
    }
  },
  "details": {
    "DNSDialup": {
      "average": 0.0010063690000000002,
      "fastest": 0.000156434,
      "slowest": 0.001468949
    },
    "DNSLookup": {
      "average": 0.000009015680000000001,
      "fastest": 0.000004458,
      "slowest": 0.000050524
    }
  },
  "statusCodeDistribution": {
    "200": 398141
  },
  "errorDistribution": {}
}