{
  "summary": {
    "successRate": 1,
    "total": 10.001893219,
    "slowest": 0.011235064,
    "fastest": 0.000149801,
    "average": 0.0016075169812411747,
    "requestsPerSec": 30880.953559198362,
    "totalData": 4015284,
    "sizePerRequest": 13,
    "sizePerSec": 401452.3962695787
  },
  "responseTimeHistogram": {
    "0.000149801": 1,
    "0.0012583273": 25480,
    "0.0023668536": 272501,
    "0.0034753799": 7003,
    "0.0045839062": 2343,
    "0.0056924325": 815,
    "0.0068009588": 326,
    "0.0079094851": 169,
    "0.0090180114": 47,
    "0.010126537699999999": 102,
    "0.011235064": 81
  },
  "latencyPercentiles": {
    "p10": 0.001283907,
    "p25": 0.001396707,
    "p50": 0.001528709,
    "p75": 0.001683709,
    "p90": 0.00192851,
    "p95": 0.002165112,
    "p99": 0.00374092
  },
  "rps": {
    "mean": 30827.88717082468,
    "stddev": 4597.100339859312,
    "max": 37166.6227164622,
    "percentiles": {
      "p10": 26948.312530985833,
      "p25": 30348.092622380045,
      "p50": 32020.323299202297,
      "p75": 33200.81436419518,
      "p90": 34308.431585490755,
      "p95": 34725.62351930095,
      "p99": 35507.96443642291
    }
  },
  "details": {
    "DNSDialup": {
      "average": 0.0018592464600000005,
      "fastest": 0.0001284,
      "slowest": 0.003049718
    },
    "DNSLookup": {
      "average": 0.000010384040000000004,
      "fastest": 0.0000058,
      "slowest": 0.000037801
    }
  },
  "statusCodeDistribution": {
    "200": 308868
  },
  "errorDistribution": {}
}