{
  "summary": {
    "successRate": 1,
    "total": 10.001552369,
    "slowest": 0.01087718,
    "fastest": 0.0000626,
    "average": 0.0010922513684955637,
    "requestsPerSec": 45717.20300312912,
    "totalData": 5944159,
    "sizePerRequest": 13,
    "sizePerSec": 594323.6390406786
  },
  "responseTimeHistogram": {
    "0.0000626": 1,
    "0.0011440579999999999": 419607,
    "0.002225516": 24396,
    "0.003306974": 7298,
    "0.004388432": 1763,
    "0.005469890000000001": 3290,
    "0.006551348": 549,
    "0.007632806": 99,
    "0.008714264": 91,
    "0.009795722": 58,
    "0.01087718": 91
  },
  "latencyPercentiles": {
    "p10": 0.000926699,
    "p25": 0.000968898,
    "p50": 0.000998898,
    "p75": 0.001041798,
    "p90": 0.001116798,
    "p95": 0.001549297,
    "p99": 0.004254491
  },
  "rps": {
    "mean": 45734.67111005137,
    "stddev": 8922.995968984938,
    "max": 54434.016222963895,
    "percentiles": {
      "p10": 31200.686415100397,
      "p25": 46705.44161865243,
      "p50": 49969.54367223722,
      "p75": 50513.250708091255,
      "p90": 50930.15574521595,
      "p95": 51215.206296858094,
      "p99": 51756.41524172341
    }
  },
  "details": {
    "DNSDialup": {
      "average": 0.0012748076600000002,
      "fastest": 0.0001392,
      "slowest": 0.001460498
    },
    "DNSLookup": {
      "average": 0.000006364000000000001,
      "fastest": 0.0000032,
      "slowest": 0.0000315
    }
  },
  "statusCodeDistribution": {
    "200": 457243
  },
  "errorDistribution": {}
}