{
  "summary": {
    "successRate": 1,
    "total": 10.000627952,
    "slowest": 0.006350629,
    "fastest": 0.000325676,
    "average": 0.0012476996848677635,
    "requestsPerSec": 40013.38735133859,
    "totalData": 5202067,
    "sizePerRequest": 13,
    "sizePerSec": 520174.03556740173
  },
  "responseTimeHistogram": {
    "0.000325676": 1,
    "0.0009281713": 3911,
    "0.0015306666": 386419,
    "0.0021331619": 9137,
    "0.0027356572": 471,
    "0.0033381524999999998": 130,
    "0.0039406478000000005": 44,
    "0.004543143099999999": 11,
    "0.005145638399999999": 15,
    "0.0057481337": 8,
    "0.006350629": 12
  },
  "latencyPercentiles": {
    "p10": 0.001094845,
    "p25": 0.00114943,
    "p50": 0.001256015,
    "p75": 0.001328146,
    "p90": 0.001384986,
    "p95": 0.00144146,
    "p99": 0.00164113
  },
  "rps": {
    "mean": 40013.12695173676,
    "stddev": 2379.2817651169203,
    "max": 45448.766526482184,
    "percentiles": {
      "p10": 38331.1018560464,
      "p25": 39742.022090145976,
      "p50": 40320.680477016824,
      "p75": 41023.29139997345,
      "p90": 41809.549301060404,
      "p95": 42254.003165334994,
      "p99": 43486.59502900706
    }
  },
  "details": {
    "DNSDialup": {
      "average": 0.0007953211,
      "fastest": 0.000171218,
      "slowest": 0.001261973
    },
    "DNSLookup": {
      "average": 0.00000816156,
      "fastest": 0.000003506,
      "slowest": 0.000054101
    }
  },
  "statusCodeDistribution": {
    "200": 400159
  },
  "errorDistribution": {}
}