{
  "summary": {
    "successRate": 1,
    "total": 10.000650116,
    "slowest": 0.007292183,
    "fastest": 0.000162775,
    "average": 0.0013810218594718197,
    "requestsPerSec": 36138.45058150618,
    "totalData": 4698304,
    "sizePerRequest": 13,
    "sizePerSec": 469799.8575595803
  },
  "responseTimeHistogram": {
    "0.000162775": 1,
    "0.0008757158": 1837,
    "0.0015886566": 330526,
    "0.0023015974": 26912,
    "0.0030145382": 1543,
    "0.0037274789999999997": 433,
    "0.0044404198": 86,
    "0.0051533606": 32,
    "0.0058663014": 21,
    "0.0065792422": 11,
    "0.007292183": 6
  },
  "latencyPercentiles": {
    "p10": 0.001183841,
    "p25": 0.001257976,
    "p50": 0.001376734,
    "p75": 0.001467193,
    "p90": 0.001570031,
    "p95": 0.001632156,
    "p99": 0.002019707
  },
  "rps": {
    "mean": 36138.57434762271,
    "stddev": 2627.774588536075,
    "max": 42818.32195996614,
    "percentiles": {
      "p10": 33458.95132634063,
      "p25": 34525.63548684468,
      "p50": 36803.87912886076,
      "p75": 37807.383782052384,
      "p90": 38470.20652226274,
      "p95": 38780.78060775635,
      "p99": 39711.86121732571
    }
  },
  "details": {
    "DNSDialup": {
      "average": 0.0006482493400000001,
      "fastest": 0.000076971,
      "slowest": 0.001020036
    },
    "DNSLookup": {
      "average": 0.0000062963400000000004,
      "fastest": 0.000003416,
      "slowest": 0.000034714
    }
  },
  "statusCodeDistribution": {
    "200": 361408
  },
  "errorDistribution": {}
}