{
  "summary": {
    "successRate": 1,
    "total": 10.000682221,
    "slowest": 0.006514971,
    "fastest": 0.000486883,
    "average": 0.0012417929154266757,
    "requestsPerSec": 40206.15705153302,
    "totalData": 5227157,
    "sizePerRequest": 13,
    "sizePerSec": 522680.04166992917
  },
  "responseTimeHistogram": {
    "0.000486883": 1,
    "0.0010896918": 33632,
    "0.0016925005999999998": 365892,
    "0.0022953094": 2089,
    "0.0028981181999999995": 299,
    "0.0035009269999999996": 89,
    "0.004103735799999999": 28,
    "0.004706544599999999": 25,
    "0.005309353399999999": 22,
    "0.0059121621999999995": 6,
    "0.006514971": 6
  },
  "latencyPercentiles": {
    "p10": 0.001096903,
    "p25": 0.001145047,
    "p50": 0.001254217,
    "p75": 0.001317645,
    "p90": 0.001366886,
    "p95": 0.001405848,
    "p99": 0.001579097
  },
  "rps": {
    "mean": 40204.12414702242,
    "stddev": 2044.3787075335968,
    "max": 44179.856194570755,
    "percentiles": {
      "p10": 39017.37428475326,
      "p25": 39909.059356472884,
      "p50": 40493.3296305049,
      "p75": 40967.64572629557,
      "p90": 41432.91430712662,
      "p95": 41916.00674025233,
      "p99": 42716.283447251444
    }
  },
  "details": {
    "DNSDialup": {
      "average": 0.0006348453199999997,
      "fastest": 0.000080708,
      "slowest": 0.001075728
    },
    "DNSLookup": {
      "average": 0.000005908019999999999,
      "fastest": 0.000003396,
      "slowest": 0.000034524
    }
  },
  "statusCodeDistribution": {
    "200": 402089
  },
  "errorDistribution": {}
}