{
  "summary": {
    "successRate": 1,
    "total": 10.000344249,
    "slowest": 0.007501597,
    "fastest": 0.000541109,
    "average": 0.0012875536520219866,
    "requestsPerSec": 38774.96517570133,
    "totalData": 5040919,
    "sizePerRequest": 13,
    "sizePerSec": 504074.5472841172
  },
  "responseTimeHistogram": {
    "0.000541109": 1,
    "0.0012371577999999999": 104938,
    "0.0019332066": 281666,
    "0.0026292554": 906,
    "0.0033253042": 190,
    "0.004021352999999999": 16,
    "0.0047174018": 8,
    "0.0054134505999999995": 16,
    "0.006109499399999999": 17,
    "0.006805548199999999": 3,
    "0.007501596999999999": 2
  },
  "latencyPercentiles": {
    "p10": 0.00120143,
    "p25": 0.001233571,
    "p50": 0.001273562,
    "p75": 0.001317877,
    "p90": 0.001376385,
    "p95": 0.001439392,
    "p99": 0.001616927
  },
  "rps": {
    "mean": 38774.264131537486,
    "stddev": 1952.8497577425926,
    "max": 44169.16007084245,
    "percentiles": {
      "p10": 37530.82030963577,
      "p25": 38427.86788979305,
      "p50": 39154.9931879277,
      "p75": 39550.18259001092,
      "p90": 40036.46921981165,
      "p95": 40234.04080884158,
      "p99": 40748.22144526073
    }
  },
  "details": {
    "DNSDialup": {
      "average": 0.0012799550399999996,
      "fastest": 0.000120826,
      "slowest": 0.002824512
    },
    "DNSLookup": {
      "average": 0.000012270299999999998,
      "fastest": 0.000003837,
      "slowest": 0.000218127
    }
  },
  "statusCodeDistribution": {
    "200": 387763
  },
  "errorDistribution": {}
}