{
  "summary": {
    "successRate": 1,
    "total": 10.000404731,
    "slowest": 0.006546058,
    "fastest": 0.000398616,
    "average": 0.0012166423107757122,
    "requestsPerSec": 41034.03922522703,
    "totalData": 5334641,
    "sizePerRequest": 13,
    "sizePerSec": 533442.5099279515
  },
  "responseTimeHistogram": {
    "0.000398616": 1,
    "0.0010133602000000001": 13168,
    "0.0016281044000000001": 394511,
    "0.0022428486": 2323,
    "0.0028575928000000002": 143,
    "0.0034723370000000003": 127,
    "0.0040870812": 29,
    "0.004701825400000001": 27,
    "0.0053165696": 11,
    "0.0059313138": 4,
    "0.006546058": 13
  },
  "latencyPercentiles": {
    "p10": 0.00107048,
    "p25": 0.001121729,
    "p50": 0.001227644,
    "p75": 0.001293089,
    "p90": 0.001344525,
    "p95": 0.001395388,
    "p99": 0.001576549
  },
  "rps": {
    "mean": 41029.023115344564,
    "stddev": 2215.8686004565247,
    "max": 46231.76584631023,
    "percentiles": {
      "p10": 39306.79303817471,
      "p25": 40744.86824891603,
      "p50": 41221.78535907184,
      "p75": 41980.03136450779,
      "p90": 42737.365278463774,
      "p95": 43208.86645939516,
      "p99": 44928.84129729866
    }
  },
  "details": {
    "DNSDialup": {
      "average": 0.0008189289799999997,
      "fastest": 0.000096921,
      "slowest": 0.001374582
    },
    "DNSLookup": {
      "average": 0.000008910239999999998,
      "fastest": 0.000004178,
      "slowest": 0.000059771
    }
  },
  "statusCodeDistribution": {
    "200": 410357
  },
  "errorDistribution": {}
}