{
  "summary": {
    "successRate": 1,
    "total": 10.000099929,
    "slowest": 0.006511478,
    "fastest": 0.00037589,
    "average": 0.0012768665901763613,
    "requestsPerSec": 39101.30926452665,
    "totalData": 5083221,
    "sizePerRequest": 13,
    "sizePerSec": 508317.0204388465
  },
  "responseTimeHistogram": {
    "0.00037589": 1,
    "0.0009894488": 2661,
    "0.0016030076": 384230,
    "0.0022165664": 3710,
    "0.0028301252": 206,
    "0.003443684": 158,
    "0.0040572428": 14,
    "0.0046708016": 10,
    "0.0052843604": 16,
    "0.005897919200000001": 7,
    "0.006511478": 4
  },
  "latencyPercentiles": {
    "p10": 0.001190929,
    "p25": 0.001226672,
    "p50": 0.001267892,
    "p75": 0.001312343,
    "p90": 0.001363507,
    "p95": 0.001415554,
    "p99": 0.001609665
  },
  "rps": {
    "mean": 39100.249283170866,
    "stddev": 2023.180270901899,
    "max": 50101.93393464631,
    "percentiles": {
      "p10": 37750.740770671095,
      "p25": 38801.40461084679,
      "p50": 39319.23952578355,
      "p75": 39865.96980414294,
      "p90": 40319.37822441094,
      "p95": 40977.12714871986,
      "p99": 42234.871851939664
    }
  },
  "details": {
    "DNSDialup": {
      "average": 0.0010726098000000002,
      "fastest": 0.000096479,
      "slowest": 0.002237637
    },
    "DNSLookup": {
      "average": 0.00002539794,
      "fastest": 0.000003767,
      "slowest": 0.000894543
    }
  },
  "statusCodeDistribution": {
    "200": 391017
  },
  "errorDistribution": {}
}