{
  "summary": {
    "successRate": 1,
    "total": 10.000664112,
    "slowest": 0.006288255,
    "fastest": 0.000455652,
    "average": 0.0012047196026238652,
    "requestsPerSec": 41439.84792997115,
    "totalData": 5387538,
    "sizePerRequest": 13,
    "sizePerSec": 538718.0230896249
  },
  "responseTimeHistogram": {
    "0.000455652": 1,
    "0.0010389123": 23406,
    "0.0016221726": 388224,
    "0.0022054329": 2317,
    "0.0027886932": 259,
    "0.0033719535": 131,
    "0.0039552138": 26,
    "0.0045384741": 10,
    "0.0051217344": 30,
    "0.0057049947": 11,
    "0.006288255": 11
  },
  "latencyPercentiles": {
    "p10": 0.001062384,
    "p25": 0.001110378,
    "p50": 0.00121477,
    "p75": 0.001279621,
    "p90": 0.001328873,
    "p95": 0.001368069,
    "p99": 0.001537487
  },
  "rps": {
    "mean": 41440.54664100436,
    "stddev": 2161.1630845407767,
    "max": 44733.8816961712,
    "percentiles": {
      "p10": 40326.450118633744,
      "p25": 41056.71718156073,
      "p50": 41746.10163879927,
      "p75": 42220.11715024686,
      "p90": 42902.27382051863,
      "p95": 43202.391393679914,
      "p99": 43905.975603279716
    }
  },
  "details": {
    "DNSDialup": {
      "average": 0.00074071528,
      "fastest": 0.000088343,
      "slowest": 0.001565586
    },
    "DNSLookup": {
      "average": 0.00000667662,
      "fastest": 0.000003667,
      "slowest": 0.0000319
    }
  },
  "statusCodeDistribution": {
    "200": 414426
  },
  "errorDistribution": {}
}