{
  "summary": {
    "successRate": 1,
    "total": 10.000702337,
    "slowest": 0.006587781,
    "fastest": 0.000227001,
    "average": 0.0012308650259802224,
    "requestsPerSec": 40558.751408821176,
    "totalData": 5273008,
    "sizePerRequest": 13,
    "sizePerSec": 527263.7683146753
  },
  "responseTimeHistogram": {
    "0.000227001": 1,
    "0.000863079": 629,
    "0.001499157": 399571,
    "0.002135235": 4658,
    "0.002771313": 493,
    "0.003407391": 138,
    "0.004043469": 54,
    "0.004679547": 23,
    "0.005315625": 32,
    "0.005951703": 11,
    "0.006587781": 6
  },
  "latencyPercentiles": {
    "p10": 0.001087126,
    "p25": 0.001134487,
    "p50": 0.001242081,
    "p75": 0.001307939,
    "p90": 0.001356025,
    "p95": 0.001392771,
    "p99": 0.001555085
  },
  "rps": {
    "mean": 40565.40613516575,
    "stddev": 2136.823863437433,
    "max": 49249.10994147569,
    "percentiles": {
      "p10": 39691.31781489677,
      "p25": 40238.87571572606,
      "p50": 40846.63460272527,
      "p75": 41243.586343651754,
      "p90": 41848.288740381926,
      "p95": 42175.63356367097,
      "p99": 43130.48933500847
    }
  },
  "details": {
    "DNSDialup": {
      "average": 0.00048918382,
      "fastest": 0.000076202,
      "slowest": 0.000695787
    },
    "DNSLookup": {
      "average": 0.000007072600000000003,
      "fastest": 0.000003266,
      "slowest": 0.000050784
    }
  },
  "statusCodeDistribution": {
    "200": 405616
  },
  "errorDistribution": {}
}