{
  "summary": {
    "successRate": 1,
    "total": 10.000630111,
    "slowest": 0.007113226,
    "fastest": 0.000113913,
    "average": 0.0012729627510092824,
    "requestsPerSec": 39233.9278270503,
    "totalData": 5100732,
    "sizePerRequest": 13,
    "sizePerSec": 510041.0617516539
  },
  "responseTimeHistogram": {
    "0.000113913": 1,
    "0.0008138443": 633,
    "0.0015137756": 383381,
    "0.0022137069": 7657,
    "0.0029136382": 470,
    "0.0036135695000000002": 117,
    "0.0043135008": 55,
    "0.0050134321": 11,
    "0.0057133634": 22,
    "0.0064132947": 11,
    "0.007113226": 6
  },
  "latencyPercentiles": {
    "p10": 0.001123173,
    "p25": 0.001172914,
    "p50": 0.001285083,
    "p75": 0.00135235,
    "p90": 0.001404084,
    "p95": 0.001445312,
    "p99": 0.001628773
  },
  "rps": {
    "mean": 39233.36441509491,
    "stddev": 2080.545512648951,
    "max": 48159.97234672472,
    "percentiles": {
      "p10": 38450.58174027925,
      "p25": 38915.35210640856,
      "p50": 39522.30638972643,
      "p75": 39927.180046602734,
      "p90": 40518.07511330738,
      "p95": 40949.99529176458,
      "p99": 41959.92185014839
    }
  },
  "details": {
    "DNSDialup": {
      "average": 0.0005172123600000003,
      "fastest": 0.000071353,
      "slowest": 0.000899775
    },
    "DNSLookup": {
      "average": 0.0000057159799999999994,
      "fastest": 0.000002956,
      "slowest": 0.000025077
    }
  },
  "statusCodeDistribution": {
    "200": 392364
  },
  "errorDistribution": {}
}