{
  "summary": {
    "successRate": 1,
    "total": 10.001551916,
    "slowest": 0.009637774,
    "fastest": 0.000122407,
    "average": 0.0012104671090694766,
    "requestsPerSec": 41175.60989122,
    "totalData": 5353660,
    "sizePerRequest": 13,
    "sizePerSec": 535282.9285858601
  },
  "responseTimeHistogram": {
    "0.000122407": 1,
    "0.0010739437": 37637,
    "0.0020254804": 369670,
    "0.0029770171000000002": 3221,
    "0.0039285538": 941,
    "0.0048800905": 195,
    "0.0058316272": 59,
    "0.0067831639": 39,
    "0.0077347006": 34,
    "0.0086862373": 4,
    "0.009637774": 19
  },
  "latencyPercentiles": {
    "p10": 0.001079564,
    "p25": 0.001136756,
    "p50": 0.001185269,
    "p75": 0.001246873,
    "p90": 0.001324178,
    "p95": 0.001386682,
    "p99": 0.002077722
  },
  "rps": {
    "mean": 41165.9026170142,
    "stddev": 3953.464762167146,
    "max": 45865.155231323304,
    "percentiles": {
      "p10": 40219.23909422664,
      "p25": 40922.98644148238,
      "p50": 41739.28501505631,
      "p75": 42603.48070437487,
      "p90": 43327.28064352277,
      "p95": 43812.320024389686,
      "p99": 44612.52719763641
    }
  },
  "details": {
    "DNSDialup": {
      "average": 0.0021101138200000005,
      "fastest": 0.000158808,
      "slowest": 0.004179905
    },
    "DNSLookup": {
      "average": 0.000009322480000000001,
      "fastest": 0.000004801,
      "slowest": 0.000041102
    }
  },
  "statusCodeDistribution": {
    "200": 411820
  },
  "errorDistribution": {}
}