{
  "summary": {
    "successRate": 1,
    "total": 10.000621515,
    "slowest": 0.007184822,
    "fastest": 0.000254197,
    "average": 0.0011691572306033776,
    "requestsPerSec": 42708.345612257675,
    "totalData": 5552430,
    "sizePerRequest": 13,
    "sizePerSec": 555208.4929593498
  },
  "responseTimeHistogram": {
    "0.000254197": 1,
    "0.0009472594999999999": 4716,
    "0.001640322": 418537,
    "0.0023333844999999997": 3452,
    "0.003026447": 226,
    "0.0037195095": 77,
    "0.004412572": 51,
    "0.0051056345": 26,
    "0.005798697": 20,
    "0.0064917595": 0,
    "0.007184822": 4
  },
  "latencyPercentiles": {
    "p10": 0.001027603,
    "p25": 0.001069897,
    "p50": 0.001182584,
    "p75": 0.001235241,
    "p90": 0.0012882,
    "p95": 0.001349822,
    "p99": 0.001610408
  },
  "rps": {
    "mean": 42706.12136975533,
    "stddev": 2403.889851061577,
    "max": 47515.90832610761,
    "percentiles": {
      "p10": 41901.733218080204,
      "p25": 42421.47814481887,
      "p50": 43137.01199872841,
      "p75": 43520.0148548324,
      "p90": 43985.37636870535,
      "p95": 44210.19294132145,
      "p99": 44733.52330236423
    }
  },
  "details": {
    "DNSDialup": {
      "average": 0.0006942222599999999,
      "fastest": 0.000080299,
      "slowest": 0.001515617
    },
    "DNSLookup": {
      "average": 0.00002112972000000001,
      "fastest": 0.000002604,
      "slowest": 0.000814027
    }
  },
  "statusCodeDistribution": {
    "200": 427110
  },
  "errorDistribution": {}
}