{
  "summary": {
    "successRate": 1,
    "total": 10.000336139,
    "slowest": 0.00552273,
    "fastest": 0.000523849,
    "average": 0.0012234904473964533,
    "requestsPerSec": 40802.92845444322,
    "totalData": 5304559,
    "sizePerRequest": 13,
    "sizePerSec": 530438.069907762
  },
  "responseTimeHistogram": {
    "0.000523849": 1,
    "0.0010237370999999999": 15181,
    "0.0015236251999999999": 386674,
    "0.0020235133": 5445,
    "0.0025234014": 440,
    "0.0030232895": 139,
    "0.0035231776": 113,
    "0.0040230657": 4,
    "0.0045229538": 12,
    "0.0050228419": 25,
    "0.00552273": 9
  },
  "latencyPercentiles": {
    "p10": 0.001075351,
    "p25": 0.001127267,
    "p50": 0.001234529,
    "p75": 0.001301775,
    "p90": 0.001354254,
    "p95": 0.001406388,
    "p99": 0.00157035
  },
  "rps": {
    "mean": 40800.799334784395,
    "stddev": 2203.6098540558983,
    "max": 48784.99499320147,
    "percentiles": {
      "p10": 39304.32740644764,
      "p25": 40238.52912324517,
      "p50": 41029.594646619276,
      "p75": 41753.72869808866,
      "p90": 42416.63156123331,
      "p95": 43049.33884725252,
      "p99": 44121.00627180173
    }
  },
  "details": {
    "DNSDialup": {
      "average": 0.0007117798,
      "fastest": 0.000087721,
      "slowest": 0.001489607
    },
    "DNSLookup": {
      "average": 0.0000102693,
      "fastest": 0.000004157,
      "slowest": 0.000072716
    }
  },
  "statusCodeDistribution": {
    "200": 408043
  },
  "errorDistribution": {}
}