{
  "summary": {
    "successRate": 1,
    "total": 10.000616843,
    "slowest": 0.006690978,
    "fastest": 0.000484216,
    "average": 0.0013044648227703178,
    "requestsPerSec": 38286.938297012006,
    "totalData": 4977609,
    "sizePerRequest": 13,
    "sizePerSec": 497730.1978611561
  },
  "responseTimeHistogram": {
    "0.000484216": 1,
    "0.0011048922": 11059,
    "0.0017255684": 368467,
    "0.0023462446": 2781,
    "0.0029669208": 390,
    "0.0035875969999999997": 77,
    "0.004208273199999999": 65,
    "0.0048289494": 25,
    "0.0054496256": 13,
    "0.0060703018": 9,
    "0.006690977999999999": 6
  },
  "latencyPercentiles": {
    "p10": 0.001151078,
    "p25": 0.001201089,
    "p50": 0.001317455,
    "p75": 0.001382731,
    "p90": 0.00143586,
    "p95": 0.001475927,
    "p99": 0.001668744
  },
  "rps": {
    "mean": 38292.61978529762,
    "stddev": 1996.4929381523523,
    "max": 44923.56023856558,
    "percentiles": {
      "p10": 37539.02932879414,
      "p25": 38064.67950341277,
      "p50": 38636.92152249158,
      "p75": 38921.88993374766,
      "p90": 39328.131412397874,
      "p95": 39638.50484360568,
      "p99": 40388.71807121841
    }
  },
  "details": {
    "DNSDialup": {
      "average": 0.0008342119000000002,
      "fastest": 0.00005904,
      "slowest": 0.001276214
    },
    "DNSLookup": {
      "average": 0.000005808979999999998,
      "fastest": 0.000002605,
      "slowest": 0.000034995
    }
  },
  "statusCodeDistribution": {
    "200": 382893
  },
  "errorDistribution": {}
}