{
  "summary": {
    "successRate": 1,
    "total": 10.000358188,
    "slowest": 0.006290931,
    "fastest": 0.000391284,
    "average": 0.0012165224373859535,
    "requestsPerSec": 41039.63000970061,
    "totalData": 5335343,
    "sizePerRequest": 13,
    "sizePerSec": 533515.1901261079
  },
  "responseTimeHistogram": {
    "0.000391284": 1,
    "0.0009812487": 5258,
    "0.0015712133999999998": 400272,
    "0.0021611780999999997": 4472,
    "0.0027511427999999997": 219,
    "0.0033411074999999996": 139,
    "0.0039310722": 13,
    "0.004521036899999999": 17,
    "0.0051110016": 14,
    "0.005700966299999999": 3,
    "0.006290931": 3
  },
  "latencyPercentiles": {
    "p10": 0.001070282,
    "p25": 0.001119178,
    "p50": 0.001227201,
    "p75": 0.001288353,
    "p90": 0.001343448,
    "p95": 0.001402732,
    "p99": 0.001590642
  },
  "rps": {
    "mean": 41038.283940614914,
    "stddev": 2187.9478591076836,
    "max": 47979.366650138996,
    "percentiles": {
      "p10": 39149.871692888024,
      "p25": 40805.41487855388,
      "p50": 41402.745001993644,
      "p75": 41982.92379727412,
      "p90": 42600.37914337638,
      "p95": 43011.13988523034,
      "p99": 44129.68603979862
    }
  },
  "details": {
    "DNSDialup": {
      "average": 0.0007964452999999999,
      "fastest": 0.000109215,
      "slowest": 0.001430549
    },
    "DNSLookup": {
      "average": 0.000021839979999999996,
      "fastest": 0.000003497,
      "slowest": 0.000724856
    }
  },
  "statusCodeDistribution": {
    "200": 410411
  },
  "errorDistribution": {}
}