{
  "summary": {
    "successRate": 1,
    "total": 10.000210816,
    "slowest": 0.006693043,
    "fastest": 0.000362093,
    "average": 0.0012136943566033345,
    "requestsPerSec": 41132.2328667196,
    "totalData": 5347303,
    "sizePerRequest": 13,
    "sizePerSec": 534719.0272673548
  },
  "responseTimeHistogram": {
    "0.000362093": 1,
    "0.000995188": 12320,
    "0.001628283": 396168,
    "0.002261378": 2368,
    "0.002894473": 299,
    "0.003527568": 61,
    "0.004160663": 23,
    "0.0047937579999999995": 47,
    "0.005426853": 25,
    "0.006059948": 15,
    "0.006693043": 4
  },
  "latencyPercentiles": {
    "p10": 0.001068963,
    "p25": 0.001121087,
    "p50": 0.001223221,
    "p75": 0.001293452,
    "p90": 0.001339916,
    "p95": 0.001380741,
    "p99": 0.001572218
  },
  "rps": {
    "mean": 41131.37570396746,
    "stddev": 2357.6832545438806,
    "max": 46597.48193220255,
    "percentiles": {
      "p10": 39722.391512093134,
      "p25": 40812.05766673578,
      "p50": 41305.77815062331,
      "p75": 42074.03346929046,
      "p90": 43000.57618762744,
      "p95": 43341.27823338937,
      "p99": 44758.832290893166
    }
  },
  "details": {
    "DNSDialup": {
      "average": 0.0009843792,
      "fastest": 0.000180418,
      "slowest": 0.001745101
    },
    "DNSLookup": {
      "average": 0.00000894634,
      "fastest": 0.000004659,
      "slowest": 0.000035457
    }
  },
  "statusCodeDistribution": {
    "200": 411331
  },
  "errorDistribution": {}
}