{
  "summary": {
    "successRate": 1,
    "total": 10.000303702,
    "slowest": 0.006784584,
    "fastest": 0.000467183,
    "average": 0.001233080054421984,
    "requestsPerSec": 40486.07042994383,
    "totalData": 5263349,
    "sizePerRequest": 13,
    "sizePerSec": 526318.9155892697
  },
  "responseTimeHistogram": {
    "0.000467183": 1,
    "0.0010989231": 56788,
    "0.0017306631999999998": 345559,
    "0.0023624032999999996": 2100,
    "0.0029941433999999996": 280,
    "0.0036258834999999996": 71,
    "0.0042576236": 33,
    "0.0048893637": 11,
    "0.0055211038": 12,
    "0.0061528439": 14,
    "0.006784584": 4
  },
  "latencyPercentiles": {
    "p10": 0.001082048,
    "p25": 0.001134254,
    "p50": 0.001242208,
    "p75": 0.001309221,
    "p90": 0.001368206,
    "p95": 0.001428125,
    "p99": 0.001607095
  },
  "rps": {
    "mean": 40485.26760674446,
    "stddev": 2336.7631882392775,
    "max": 46337.317703288965,
    "percentiles": {
      "p10": 38822.38365189309,
      "p25": 40005.08464625727,
      "p50": 40830.908998109546,
      "p75": 41421.68010736755,
      "p90": 42192.04193949276,
      "p95": 42769.92600803077,
      "p99": 43850.98115068301
    }
  },
  "details": {
    "DNSDialup": {
      "average": 0.00111358202,
      "fastest": 0.00011806,
      "slowest": 0.001645096
    },
    "DNSLookup": {
      "average": 0.00000997006,
      "fastest": 0.000004518,
      "slowest": 0.000056636
    }
  },
  "statusCodeDistribution": {
    "200": 404873
  },
  "errorDistribution": {}
}