{
  "summary": {
    "successRate": 1,
    "total": 10.000680891,
    "slowest": 0.006845649,
    "fastest": 0.000244387,
    "average": 0.00126009923169027,
    "requestsPerSec": 39626.50186715172,
    "totalData": 5151796,
    "sizePerRequest": 13,
    "sizePerSec": 515144.5242729723
  },
  "responseTimeHistogram": {
    "0.000244387": 1,
    "0.0009045132": 1263,
    "0.0015646394": 390158,
    "0.0022247656": 4131,
    "0.0028848918": 491,
    "0.003545018": 127,
    "0.0042051442": 52,
    "0.0048652704": 37,
    "0.0055253965999999995": 17,
    "0.006185522799999999": 10,
    "0.0068456490000000005": 5
  },
  "latencyPercentiles": {
    "p10": 0.001108643,
    "p25": 0.001161453,
    "p50": 0.001267744,
    "p75": 0.001338135,
    "p90": 0.001394176,
    "p95": 0.001436832,
    "p99": 0.001628977
  },
  "rps": {
    "mean": 39625.00304995097,
    "stddev": 2093.7658902108774,
    "max": 44133.83299637653,
    "percentiles": {
      "p10": 38738.14545182834,
      "p25": 39317.917174855735,
      "p50": 39891.07319377534,
      "p75": 40331.75318928473,
      "p90": 40918.98640969588,
      "p95": 41137.50918087166,
      "p99": 41796.63125268686
    }
  },
  "details": {
    "DNSDialup": {
      "average": 0.00079991786,
      "fastest": 0.000088398,
      "slowest": 0.001851955
    },
    "DNSLookup": {
      "average": 0.00000642436,
      "fastest": 0.000003577,
      "slowest": 0.000028463
    }
  },
  "statusCodeDistribution": {
    "200": 396292
  },
  "errorDistribution": {}
}