{
  "summary": {
    "successRate": 1,
    "total": 10.000705462,
    "slowest": 0.008335737,
    "fastest": 0.000282502,
    "average": 0.0009244517476099443,
    "requestsPerSec": 54021.68897512522,
    "totalData": 7023315,
    "sizePerRequest": 13,
    "sizePerSec": 702281.9566766279
  },
  "responseTimeHistogram": {
    "0.000282502": 1,
    "0.0010878255": 500311,
    "0.0018931489999999998": 29253,
    "0.0026984724999999997": 9991,
    "0.0035037959999999996": 437,
    "0.0043091195": 52,
    "0.005114443": 52,
    "0.0059197665": 67,
    "0.0067250899999999995": 38,
    "0.007530413499999999": 3,
    "0.008335737": 50
  },
  "latencyPercentiles": {
    "p10": 0.000791203,
    "p25": 0.000854904,
    "p50": 0.000893204,
    "p75": 0.000921704,
    "p90": 0.000987204,
    "p95": 0.001141305,
    "p99": 0.002108709
  },
  "rps": {
    "mean": 54004.12828216546,
    "stddev": 7289.491489679536,
    "max": 59831.38373554426,
    "percentiles": {
      "p10": 51637.478481883874,
      "p25": 55238.971094106724,
      "p50": 55956.9387662784,
      "p75": 56723.57431748585,
      "p90": 57372.62800980025,
      "p95": 57718.636580860926,
      "p99": 58069.88344401836
    }
  },
  "details": {
    "DNSDialup": {
      "average": 0.0007027551,
      "fastest": 0.000055301,
      "slowest": 0.000929904
    },
    "DNSLookup": {
      "average": 0.000005558000000000001,
      "fastest": 0.0000031,
      "slowest": 0.0000808
    }
  },
  "statusCodeDistribution": {
    "200": 540255
  },
  "errorDistribution": {}
}