{
  "summary": {
    "successRate": 1,
    "total": 10.0006574,
    "slowest": 0.005912974,
    "fastest": 0.000382684,
    "average": 0.0012050665712465243,
    "requestsPerSec": 41429.47642621974,
    "totalData": 5386186,
    "sizePerRequest": 13,
    "sizePerSec": 538583.1935408566
  },
  "responseTimeHistogram": {
    "0.000382684": 1,
    "0.0009357129999999999": 2612,
    "0.001488742": 405774,
    "0.0020417709999999995": 5229,
    "0.0025947999999999995": 447,
    "0.0031478289999999996": 148,
    "0.003700857999999999": 37,
    "0.004253887": 15,
    "0.004806916": 39,
    "0.005359945": 14,
    "0.005912974": 6
  },
  "latencyPercentiles": {
    "p10": 0.001063094,
    "p25": 0.001109981,
    "p50": 0.001216711,
    "p75": 0.001279386,
    "p90": 0.00132917,
    "p95": 0.001369315,
    "p99": 0.001541595
  },
  "rps": {
    "mean": 41428.66276176974,
    "stddev": 2163.8018828790314,
    "max": 45000.90451818067,
    "percentiles": {
      "p10": 40163.39605449396,
      "p25": 41101.74682423942,
      "p50": 41770.009235248435,
      "p75": 42254.241770160734,
      "p90": 42953.88995033166,
      "p95": 43293.43155463679,
      "p99": 44209.62208829742
    }
  },
  "details": {
    "DNSDialup": {
      "average": 0.0007183677200000002,
      "fastest": 0.000114483,
      "slowest": 0.00119504
    },
    "DNSLookup": {
      "average": 0.000006719519999999999,
      "fastest": 0.000003116,
      "slowest": 0.000028373
    }
  },
  "statusCodeDistribution": {
    "200": 414322
  },
  "errorDistribution": {}
}