{
  "summary": {
    "successRate": 1,
    "total": 10.00080371,
    "slowest": 0.005791193,
    "fastest": 0.000542684,
    "average": 0.0012733668465932737,
    "requestsPerSec": 39206.34894652882,
    "totalData": 5097235,
    "sizePerRequest": 13,
    "sizePerSec": 509682.53630487464
  },
  "responseTimeHistogram": {
    "0.000542684": 1,
    "0.0010675349": 9232,
    "0.0015923857999999998": 379324,
    "0.0021172367": 2783,
    "0.0026420875999999998": 469,
    "0.0031669385": 111,
    "0.0036917893999999997": 87,
    "0.0042166402999999995": 33,
    "0.0047414912": 31,
    "0.0052663421": 18,
    "0.005791193": 6
  },
  "latencyPercentiles": {
    "p10": 0.001127653,
    "p25": 0.001175655,
    "p50": 0.001287001,
    "p75": 0.001351469,
    "p90": 0.001400211,
    "p95": 0.001435598,
    "p99": 0.001568403
  },
  "rps": {
    "mean": 39204.60701058294,
    "stddev": 1934.5939338093506,
    "max": 43646.76314203067,
    "percentiles": {
      "p10": 38538.440273458975,
      "p25": 38901.77003053683,
      "p50": 39426.36164108658,
      "p75": 39906.598505924274,
      "p90": 40310.44040406292,
      "p95": 40727.68549818422,
      "p99": 41488.435477154766
    }
  },
  "details": {
    "DNSDialup": {
      "average": 0.00071645992,
      "fastest": 0.00007448,
      "slowest": 0.001401973
    },
    "DNSLookup": {
      "average": 0.000007456019999999999,
      "fastest": 0.000003596,
      "slowest": 0.000033443
    }
  },
  "statusCodeDistribution": {
    "200": 392095
  },
  "errorDistribution": {}
}