{
  "summary": {
    "successRate": 1,
    "total": 10.000296764,
    "slowest": 0.007707702,
    "fastest": 0.000343907,
    "average": 0.0013162515089307565,
    "requestsPerSec": 37929.574386778666,
    "totalData": 4930991,
    "sizePerRequest": 13,
    "sizePerSec": 493084.4670281227
  },
  "responseTimeHistogram": {
    "0.000343907": 1,
    "0.0010802865000000001": 2440,
    "0.0018166660000000002": 374863,
    "0.0025530455": 1673,
    "0.0032894250000000003": 211,
    "0.004025804500000001": 69,
    "0.004762184": 12,
    "0.0054985635": 16,
    "0.006234943000000001": 10,
    "0.006971322500000001": 6,
    "0.007707702000000001": 6
  },
  "latencyPercentiles": {
    "p10": 0.001222635,
    "p25": 0.001258427,
    "p50": 0.001301301,
    "p75": 0.001349996,
    "p90": 0.001417108,
    "p95": 0.001484715,
    "p99": 0.001672685
  },
  "rps": {
    "mean": 37936.40328647947,
    "stddev": 2061.098770716057,
    "max": 47038.9011713254,
    "percentiles": {
      "p10": 36517.462650639434,
      "p25": 37509.110250808895,
      "p50": 38305.123290078714,
      "p75": 38804.55953575131,
      "p90": 39247.63294003517,
      "p95": 39537.8804504912,
      "p99": 40461.00459414624
    }
  },
  "details": {
    "DNSDialup": {
      "average": 0.00114235018,
      "fastest": 0.000065593,
      "slowest": 0.002271565
    },
    "DNSLookup": {
      "average": 0.000025746800000000002,
      "fastest": 0.000003236,
      "slowest": 0.000928765
    }
  },
  "statusCodeDistribution": {
    "200": 379307
  },
  "errorDistribution": {}
}