{
  "summary": {
    "successRate": 1,
    "total": 10.00079338,
    "slowest": 0.00662817,
    "fastest": 0.000440333,
    "average": 0.0012094431726749164,
    "requestsPerSec": 41276.0252427093,
    "totalData": 5366309,
    "sizePerRequest": 13,
    "sizePerSec": 536588.3281552208
  },
  "responseTimeHistogram": {
    "0.000440333": 1,
    "0.0010591167": 33090,
    "0.0016779003999999999": 377211,
    "0.0022966841": 2064,
    "0.0029154678": 265,
    "0.0035342515": 87,
    "0.0041530351999999994": 15,
    "0.0047718189": 29,
    "0.0053906026": 16,
    "0.0060093863": 8,
    "0.00662817": 7
  },
  "latencyPercentiles": {
    "p10": 0.001068005,
    "p25": 0.001114498,
    "p50": 0.001219663,
    "p75": 0.001283644,
    "p90": 0.001332742,
    "p95": 0.001372852,
    "p99": 0.001543402
  },
  "rps": {
    "mean": 41266.4805290668,
    "stddev": 2154.8824710299364,
    "max": 44394.852255445156,
    "percentiles": {
      "p10": 40051.07713867594,
      "p25": 41001.312041985526,
      "p50": 41556.52518555505,
      "p75": 42104.97475313307,
      "p90": 42607.40047437749,
      "p95": 43036.16958784891,
      "p99": 43674.96864361259
    }
  },
  "details": {
    "DNSDialup": {
      "average": 0.0007504711199999999,
      "fastest": 0.000114921,
      "slowest": 0.001115405
    },
    "DNSLookup": {
      "average": 0.000006536780000000003,
      "fastest": 0.000003447,
      "slowest": 0.000031619
    }
  },
  "statusCodeDistribution": {
    "200": 412793
  },
  "errorDistribution": {}
}