{
  "summary": {
    "successRate": 1,
    "total": 10.000745094,
    "slowest": 0.013227641,
    "fastest": 0.000302201,
    "average": 0.0013817693191584093,
    "requestsPerSec": 36138.60733405071,
    "totalData": 4698369,
    "sizePerRequest": 13,
    "sizePerSec": 469801.8953426592
  },
  "responseTimeHistogram": {
    "0.000302201": 1,
    "0.001594745": 317192,
    "0.0028872890000000003": 38927,
    "0.004179833": 2943,
    "0.0054723770000000005": 378,
    "0.006764921": 270,
    "0.008057465": 25,
    "0.009350009000000001": 997,
    "0.010642553": 580,
    "0.011935097": 75,
    "0.013227641": 25
  },
  "latencyPercentiles": {
    "p10": 0.000927603,
    "p25": 0.001207804,
    "p50": 0.001290004,
    "p75": 0.001347405,
    "p90": 0.001890206,
    "p95": 0.002416008,
    "p99": 0.00321851
  },
  "rps": {
    "mean": 36157.80273835505,
    "stddev": 8351.40112739444,
    "max": 44222.277545559606,
    "percentiles": {
      "p10": 22583.306440043212,
      "p25": 35115.68969014878,
      "p50": 39631.77721546287,
      "p75": 41420.99630302768,
      "p90": 42473.744198054905,
      "p95": 42960.9366537938,
      "p99": 43493.11561767871
    }
  },
  "details": {
    "DNSDialup": {
      "average": 0.0011753236,
      "fastest": 0.0000681,
      "slowest": 0.001354504
    },
    "DNSLookup": {
      "average": 0.00000437402,
      "fastest": 0.0000029,
      "slowest": 0.0000406
    }
  },
  "statusCodeDistribution": {
    "200": 361413
  },
  "errorDistribution": {}
}