{
  "summary": {
    "successRate": 1,
    "total": 10.000375903,
    "slowest": 0.018155404,
    "fastest": 0.000154008,
    "average": 0.0011495602368750335,
    "requestsPerSec": 43453.76655987888,
    "totalData": 5649202,
    "sizePerRequest": 13,
    "sizePerSec": 564898.9652784255
  },
  "responseTimeHistogram": {
    "0.000154008": 1,
    "0.0019541476": 416458,
    "0.0037542872": 16733,
    "0.005554426799999999": 384,
    "0.007354566399999999": 123,
    "0.009154706": 139,
    "0.010954845599999999": 379,
    "0.0127549852": 336,
    "0.0145551248": 0,
    "0.0163552644": 0,
    "0.018155404": 1
  },
  "latencyPercentiles": {
    "p10": 0.000901249,
    "p25": 0.001027656,
    "p50": 0.00108246,
    "p75": 0.001113461,
    "p90": 0.001163664,
    "p95": 0.001781498,
    "p99": 0.003127572
  },
  "rps": {
    "mean": 43476.3116659552,
    "stddev": 8624.733091697894,
    "max": 55632.22433782617,
    "percentiles": {
      "p10": 36319.06024281262,
      "p25": 39990.923272265696,
      "p50": 47429.56532572943,
      "p75": 48010.20094710339,
      "p90": 48476.07345634427,
      "p95": 48680.44739962562,
      "p99": 49016.90159598691
    }
  },
  "details": {
    "DNSDialup": {
      "average": 0.0015447152400000002,
      "fastest": 0.000069204,
      "slowest": 0.00283466
    },
    "DNSLookup": {
      "average": 0.00000484226,
      "fastest": 0.000003,
      "slowest": 0.000042003
    }
  },
  "statusCodeDistribution": {
    "200": 434554
  },
  "errorDistribution": {}
}