{
  "summary": {
    "successRate": 1,
    "total": 10.000714969,
    "slowest": 0.016996546,
    "fastest": 0.000316003,
    "average": 0.0014163812942420673,
    "requestsPerSec": 35265.37863475029,
    "totalData": 4584827,
    "sizePerRequest": 13,
    "sizePerSec": 458449.92225175374
  },
  "responseTimeHistogram": {
    "0.000316003": 1,
    "0.0019840573": 328985,
    "0.0036521116000000006": 20231,
    "0.005320165900000001": 1362,
    "0.006988220200000001": 254,
    "0.008656274500000002": 304,
    "0.010324328800000003": 1223,
    "0.011992383100000002": 269,
    "0.013660437400000003": 0,
    "0.015328491700000004": 1,
    "0.016996546": 49
  },
  "latencyPercentiles": {
    "p10": 0.001119809,
    "p25": 0.001231311,
    "p50": 0.001294111,
    "p75": 0.001372612,
    "p90": 0.001581013,
    "p95": 0.002397421,
    "p99": 0.003624831
  },
  "rps": {
    "mean": 35295.81727428079,
    "stddev": 7564.6361972059285,
    "max": 46272.94814592771,
    "percentiles": {
      "p10": 26592.848932045836,
      "p25": 34174.12432082636,
      "p50": 38470.06619961114,
      "p75": 39566.76326788419,
      "p90": 40200.05628007895,
      "p95": 40545.20861011474,
      "p99": 41402.49434881024
    }
  },
  "details": {
    "DNSDialup": {
      "average": 0.0012225969599999993,
      "fastest": 0.0000627,
      "slowest": 0.001407713
    },
    "DNSLookup": {
      "average": 0.00000532208,
      "fastest": 0.0000032,
      "slowest": 0.000057301
    }
  },
  "statusCodeDistribution": {
    "200": 352679
  },
  "errorDistribution": {}
}