{
  "summary": {
    "successRate": 1,
    "total": 10.000720679,
    "slowest": 0.014048488,
    "fastest": 0.000351797,
    "average": 0.0013279150939418947,
    "requestsPerSec": 37616.28907304071,
    "totalData": 4890470,
    "sizePerRequest": 13,
    "sizePerSec": 489011.7579495292
  },
  "responseTimeHistogram": {
    "0.000351797": 1,
    "0.0017214661": 326582,
    "0.0030911352": 46468,
    "0.0044608043": 1323,
    "0.0058304734": 246,
    "0.0072001425": 18,
    "0.0085698116": 470,
    "0.0099394807": 1028,
    "0.0113091498": 3,
    "0.0126788189": 1,
    "0.014048488": 50
  },
  "latencyPercentiles": {
    "p10": 0.000984091,
    "p25": 0.001148391,
    "p50": 0.001217889,
    "p75": 0.001259689,
    "p90": 0.002014684,
    "p95": 0.002151281,
    "p99": 0.002937377
  },
  "rps": {
    "mean": 37635.900146929,
    "stddev": 8614.922806826497,
    "max": 46567.18568576766,
    "percentiles": {
      "p10": 23460.245911500777,
      "p25": 37620.616097621474,
      "p50": 42018.43348677035,
      "p75": 43053.42253182339,
      "p90": 43624.80942912244,
      "p95": 44000.09529974363,
      "p99": 44485.161290849595
    }
  },
  "details": {
    "DNSDialup": {
      "average": 0.0011675226999999999,
      "fastest": 0.000067099,
      "slowest": 0.00131569
    },
    "DNSLookup": {
      "average": 0.000004421999999999999,
      "fastest": 0.0000029,
      "slowest": 0.0000428
    }
  },
  "statusCodeDistribution": {
    "200": 376190
  },
  "errorDistribution": {}
}