{
  "summary": {
    "successRate": 1,
    "total": 10.000645971,
    "slowest": 0.013150733,
    "fastest": 0.000287203,
    "average": 0.0013134918589504344,
    "requestsPerSec": 38012.54449986169,
    "totalData": 4941950,
    "sizePerRequest": 13,
    "sizePerSec": 494163.0784982019
  },
  "responseTimeHistogram": {
    "0.000287203": 1,
    "0.001573556": 353757,
    "0.002859909": 16812,
    "0.004146262": 7853,
    "0.005432615": 756,
    "0.0067189680000000005": 145,
    "0.008005321000000001": 76,
    "0.009291674": 0,
    "0.010578027": 33,
    "0.01186438": 538,
    "0.013150733000000001": 179
  },
  "latencyPercentiles": {
    "p10": 0.001018509,
    "p25": 0.001125811,
    "p50": 0.001230413,
    "p75": 0.001273213,
    "p90": 0.001328714,
    "p95": 0.002059518,
    "p99": 0.003992536
  },
  "rps": {
    "mean": 38059.5128991613,
    "stddev": 8018.386360347537,
    "max": 47861.64792971799,
    "percentiles": {
      "p10": 29371.113339619886,
      "p25": 36887.10255302931,
      "p50": 41968.03858415266,
      "p75": 42383.99740955582,
      "p90": 42648.719977497756,
      "p95": 42816.32158178833,
      "p99": 43296.58158384751
    }
  },
  "details": {
    "DNSDialup": {
      "average": 0.0017424276400000004,
      "fastest": 0.000081201,
      "slowest": 0.001920519
    },
    "DNSLookup": {
      "average": 0.00000462404,
      "fastest": 0.0000033,
      "slowest": 0.0000465
    }
  },
  "statusCodeDistribution": {
    "200": 380150
  },
  "errorDistribution": {}
}