{
  "summary": {
    "successRate": 1,
    "total": 10.000674588,
    "slowest": 0.013720793,
    "fastest": 0.000432703,
    "average": 0.0014417948955980499,
    "requestsPerSec": 34630.163890700125,
    "totalData": 4502225,
    "sizePerRequest": 13,
    "sizePerSec": 450192.1305791017
  },
  "responseTimeHistogram": {
    "0.000432703": 1,
    "0.001761512": 317228,
    "0.003090321": 21253,
    "0.00441913": 6644,
    "0.0057479390000000005": 333,
    "0.007076748000000001": 165,
    "0.008405557": 0,
    "0.009734366": 1,
    "0.011063175": 188,
    "0.012391984": 108,
    "0.013720793": 404
  },
  "latencyPercentiles": {
    "p10": 0.001106708,
    "p25": 0.001244209,
    "p50": 0.001358609,
    "p75": 0.00140451,
    "p90": 0.001500511,
    "p95": 0.002266715,
    "p99": 0.003804626
  },
  "rps": {
    "mean": 34690.84453382216,
    "stddev": 7116.676856491411,
    "max": 40326.75910188659,
    "percentiles": {
      "p10": 23015.266025955072,
      "p25": 33504.12770853372,
      "p50": 38103.76799137156,
      "p75": 38633.73497738462,
      "p90": 38994.49145168791,
      "p95": 39135.61586694586,
      "p99": 39603.691064007384
    }
  },
  "details": {
    "DNSDialup": {
      "average": 0.00137501934,
      "fastest": 0.000074501,
      "slowest": 0.00152251
    },
    "DNSLookup": {
      "average": 0.0000051539999999999984,
      "fastest": 0.0000034,
      "slowest": 0.0000481
    }
  },
  "statusCodeDistribution": {
    "200": 346325
  },
  "errorDistribution": {}
}