{
  "summary": {
    "successRate": 1,
    "total": 10.000670582,
    "slowest": 0.016374062,
    "fastest": 0.000261203,
    "average": 0.0014113200139264596,
    "requestsPerSec": 35369.02821663205,
    "totalData": 4598282,
    "sizePerRequest": 13,
    "sizePerSec": 459797.36681621656
  },
  "responseTimeHistogram": {
    "0.000261203": 1,
    "0.0018724889": 328785,
    "0.0034837747999999997": 21816,
    "0.005095060699999999": 1160,
    "0.0067063465999999995": 351,
    "0.0083176325": 16,
    "0.009928918399999999": 1130,
    "0.011540204299999999": 405,
    "0.0131514902": 0,
    "0.0147627761": 8,
    "0.016374062": 42
  },
  "latencyPercentiles": {
    "p10": 0.000964007,
    "p25": 0.001243409,
    "p50": 0.001365109,
    "p75": 0.001422714,
    "p90": 0.001504115,
    "p95": 0.002322523,
    "p99": 0.003246933
  },
  "rps": {
    "mean": 35361.69282764415,
    "stddev": 7192.744363279101,
    "max": 46359.115539397375,
    "percentiles": {
      "p10": 27602.872126074013,
      "p25": 33907.195169605315,
      "p50": 38220.95099708638,
      "p75": 39173.0619417959,
      "p90": 40159.03782158177,
      "p95": 40710.02931649389,
      "p99": 41401.232376683634
    }
  },
  "details": {
    "DNSDialup": {
      "average": 0.00176201136,
      "fastest": 0.000077301,
      "slowest": 0.003703636
    },
    "DNSLookup": {
      "average": 0.00000584604,
      "fastest": 0.000004,
      "slowest": 0.000049
    }
  },
  "statusCodeDistribution": {
    "200": 353714
  },
  "errorDistribution": {}
}