{
  "summary": {
    "successRate": 1,
    "total": 10.00074076,
    "slowest": 0.012540215,
    "fastest": 0.000188001,
    "average": 0.001807513841838614,
    "requestsPerSec": 27612.154602035702,
    "totalData": 3589846,
    "sizePerRequest": 13,
    "sizePerSec": 358958.0098264641
  },
  "responseTimeHistogram": {
    "0.000188001": 1,
    "0.0014232224": 60608,
    "0.0026584438": 192514,
    "0.0038936652": 11879,
    "0.0051288866": 8493,
    "0.006364108": 817,
    "0.0075993294": 219,
    "0.0088345508": 757,
    "0.0100697722": 497,
    "0.0113049936": 242,
    "0.012540215": 115
  },
  "latencyPercentiles": {
    "p10": 0.001325202,
    "p25": 0.001440803,
    "p50": 0.001580402,
    "p75": 0.001790202,
    "p90": 0.002351903,
    "p95": 0.003647905,
    "p99": 0.005033908
  },
  "rps": {
    "mean": 27645.275077416252,
    "stddev": 7161.031821190658,
    "max": 37750.04093521028,
    "percentiles": {
      "p10": 15753.222261410963,
      "p25": 25018.233288423206,
      "p50": 30210.53743545795,
      "p75": 32726.34474233345,
      "p90": 33834.05026402476,
      "p95": 34470.88948501805,
      "p99": 35174.90644867475
    }
  },
  "details": {
    "DNSDialup": {
      "average": 0.0025296958999999996,
      "fastest": 0.0001149,
      "slowest": 0.005155208
    },
    "DNSLookup": {
      "average": 0.00000780402,
      "fastest": 0.0000049,
      "slowest": 0.0000563
    }
  },
  "statusCodeDistribution": {
    "200": 276142
  },
  "errorDistribution": {}
}