{
  "summary": {
    "successRate": 1,
    "total": 10.000344104,
    "slowest": 0.012014483,
    "fastest": 0.000420055,
    "average": 0.001223787441376174,
    "requestsPerSec": 40795.996193452585,
    "totalData": 5303662,
    "sizePerRequest": 13,
    "sizePerSec": 530347.9505148836
  },
  "responseTimeHistogram": {
    "0.000420055": 1,
    "0.0015794977999999999": 392016,
    "0.0027389406": 14331,
    "0.0038983833999999998": 226,
    "0.0050578262": 3,
    "0.006217269": 1247,
    "0.0073767118": 50,
    "0.0085361546": 0,
    "0.0096955974": 10,
    "0.0108550402": 40,
    "0.012014483000000001": 50
  },
  "latencyPercentiles": {
    "p10": 0.000903492,
    "p25": 0.001107168,
    "p50": 0.001230563,
    "p75": 0.001295971,
    "p90": 0.001367126,
    "p95": 0.001494351,
    "p99": 0.002245502
  },
  "rps": {
    "mean": 40815.49545854146,
    "stddev": 4437.799642006047,
    "max": 49810.84407131309,
    "percentiles": {
      "p10": 37604.51254150508,
      "p25": 39662.930514021784,
      "p50": 41862.228202222694,
      "p75": 43114.568412662884,
      "p90": 44074.19824182126,
      "p95": 44650.343262026305,
      "p99": 46273.37289468873
    }
  },
  "details": {
    "DNSDialup": {
      "average": 0.0007118712999999998,
      "fastest": 0.000085392,
      "slowest": 0.001333594
    },
    "DNSLookup": {
      "average": 0.000009336439999999997,
      "fastest": 0.000004178,
      "slowest": 0.000050134
    }
  },
  "statusCodeDistribution": {
    "200": 407974
  },
  "errorDistribution": {}
}