{
  "summary": {
    "successRate": 1,
    "total": 10.000858677,
    "slowest": 0.011019517,
    "fastest": 0.000110787,
    "average": 0.0012403468694112112,
    "requestsPerSec": 40251.143726865805,
    "totalData": 5233098,
    "sizePerRequest": 13,
    "sizePerSec": 523264.8684492555
  },
  "responseTimeHistogram": {
    "0.000110787": 1,
    "0.00120166": 151659,
    "0.0022925330000000002": 244090,
    "0.0033834060000000003": 5443,
    "0.004474279": 3,
    "0.005565152": 25,
    "0.006656025": 1128,
    "0.007746898": 104,
    "0.008837771": 43,
    "0.009928643999999999": 0,
    "0.011019517": 50
  },
  "latencyPercentiles": {
    "p10": 0.000910389,
    "p25": 0.001107786,
    "p50": 0.001244976,
    "p75": 0.001314967,
    "p90": 0.001388181,
    "p95": 0.001530094,
    "p99": 0.00238841
  },
  "rps": {
    "mean": 40269.223473624115,
    "stddev": 4645.703265716833,
    "max": 50414.69423026566,
    "percentiles": {
      "p10": 36300.84114812539,
      "p25": 39017.620295880406,
      "p50": 41423.145718141626,
      "p75": 42752.61136353879,
      "p90": 43820.777291117665,
      "p95": 44406.660999149775,
      "p99": 45711.482724459376
    }
  },
  "details": {
    "DNSDialup": {
      "average": 0.0007888738399999998,
      "fastest": 0.000127939,
      "slowest": 0.001185081
    },
    "DNSLookup": {
      "average": 0.000007149000000000001,
      "fastest": 0.000004008,
      "slowest": 0.000034114
    }
  },
  "statusCodeDistribution": {
    "200": 402546
  },
  "errorDistribution": {}
}