{
  "summary": {
    "successRate": 1,
    "total": 10.00126217,
    "slowest": 0.009811791,
    "fastest": 0.000358003,
    "average": 0.00110065806181419,
    "requestsPerSec": 45349.576112551804,
    "totalData": 5896189,
    "sizePerRequest": 13,
    "sizePerSec": 589544.4894631734
  },
  "responseTimeHistogram": {
    "0.000358003": 1,
    "0.0013033818": 426230,
    "0.0022487606": 17298,
    "0.0031941393999999996": 3036,
    "0.0041395182": 1557,
    "0.005084897": 4234,
    "0.006030275799999999": 98,
    "0.0069756546": 198,
    "0.0079210334": 84,
    "0.0088664122": 325,
    "0.009811791": 492
  },
  "latencyPercentiles": {
    "p10": 0.000876809,
    "p25": 0.000933509,
    "p50": 0.001026609,
    "p75": 0.00107971,
    "p90": 0.00113331,
    "p95": 0.001614014,
    "p99": 0.00428244
  },
  "rps": {
    "mean": 45376.38257557625,
    "stddev": 9252.17410652141,
    "max": 51997.51082883809,
    "percentiles": {
      "p10": 31614.251704669008,
      "p25": 47500.23473368304,
      "p50": 49757.260655563725,
      "p75": 50255.32917140319,
      "p90": 50621.80787483275,
      "p95": 50801.54620356512,
      "p99": 51237.7838804523
    }
  },
  "details": {
    "DNSDialup": {
      "average": 0.0014278611400000002,
      "fastest": 0.000066901,
      "slowest": 0.003042228
    },
    "DNSLookup": {
      "average": 0.000004420059999999998,
      "fastest": 0.0000033,
      "slowest": 0.000034
    }
  },
  "statusCodeDistribution": {
    "200": 453553
  },
  "errorDistribution": {}
}