{
  "summary": {
    "successRate": 1,
    "total": 10.000620174,
    "slowest": 0.01040866,
    "fastest": 0.000222639,
    "average": 0.0012200358885909948,
    "requestsPerSec": 40917.8623805616,
    "totalData": 5319652,
    "sizePerRequest": 13,
    "sizePerSec": 531932.2109473008
  },
  "responseTimeHistogram": {
    "0.000222639": 1,
    "0.0012412411": 223108,
    "0.0022598432": 182351,
    "0.0032784453": 2292,
    "0.0042970474": 8,
    "0.0053156495": 283,
    "0.0063342516": 1022,
    "0.0073528537": 49,
    "0.0083714558": 40,
    "0.0093900579": 0,
    "0.01040866": 50
  },
  "latencyPercentiles": {
    "p10": 0.000903163,
    "p25": 0.001090244,
    "p50": 0.001228614,
    "p75": 0.001296751,
    "p90": 0.00136839,
    "p95": 0.0014965,
    "p99": 0.002243137
  },
  "rps": {
    "mean": 40934.985583710426,
    "stddev": 4483.841962564724,
    "max": 56893.22769554065,
    "percentiles": {
      "p10": 37332.3634258566,
      "p25": 39930.02814364632,
      "p50": 41919.77775114208,
      "p75": 43313.13687441319,
      "p90": 44224.56407575218,
      "p95": 45159.7418224564,
      "p99": 46675.866340337045
    }
  },
  "details": {
    "DNSDialup": {
      "average": 0.0007937465799999998,
      "fastest": 0.000105807,
      "slowest": 0.001252192
    },
    "DNSLookup": {
      "average": 0.00000630056,
      "fastest": 0.000002585,
      "slowest": 0.00003194
    }
  },
  "statusCodeDistribution": {
    "200": 409204
  },
  "errorDistribution": {}
}