{
  "summary": {
    "successRate": 1,
    "total": 10.000689646,
    "slowest": 0.011230421,
    "fastest": 0.000167692,
    "average": 0.001224685655882624,
    "requestsPerSec": 40782.6874382739,
    "totalData": 5302115,
    "sizePerRequest": 13,
    "sizePerSec": 530174.9366975606
  },
  "responseTimeHistogram": {
    "0.000167692": 1,
    "0.0012739649000000001": 258453,
    "0.0023802378": 147627,
    "0.0034865107": 398,
    "0.0045927836": 26,
    "0.0056990565": 365,
    "0.0068053294": 888,
    "0.0079116023": 47,
    "0.0090178752": 0,
    "0.0101241481": 0,
    "0.011230421": 50
  },
  "latencyPercentiles": {
    "p10": 0.000915844,
    "p25": 0.00107959,
    "p50": 0.001228128,
    "p75": 0.001313063,
    "p90": 0.001396508,
    "p95": 0.001539859,
    "p99": 0.002188056
  },
  "rps": {
    "mean": 40798.99109225134,
    "stddev": 4306.725194715963,
    "max": 47293.39392508108,
    "percentiles": {
      "p10": 37601.89513551547,
      "p25": 39809.77728130041,
      "p50": 41723.39848186739,
      "p75": 43058.72779884413,
      "p90": 44120.64404934333,
      "p95": 44677.15083594163,
      "p99": 46137.55913255259
    }
  },
  "details": {
    "DNSDialup": {
      "average": 0.00079103112,
      "fastest": 0.000099177,
      "slowest": 0.001243896
    },
    "DNSLookup": {
      "average": 0.00000717834,
      "fastest": 0.000003015,
      "slowest": 0.000046427
    }
  },
  "statusCodeDistribution": {
    "200": 407855
  },
  "errorDistribution": {}
}