{
  "summary": {
    "successRate": 1,
    "total": 10.000597845,
    "slowest": 0.010571749,
    "fastest": 0.000202438,
    "average": 0.0012130776041902709,
    "requestsPerSec": 41154.939572515126,
    "totalData": 5350462,
    "sizePerRequest": 13,
    "sizePerSec": 535014.2144426967
  },
  "responseTimeHistogram": {
    "0.000202438": 1,
    "0.0012393691000000002": 227489,
    "0.0022763002000000003": 181698,
    "0.0033132313000000004": 956,
    "0.0043501624000000004": 28,
    "0.0053870935000000005": 13,
    "0.006424024600000001": 1240,
    "0.007460955700000001": 99,
    "0.0084978868": 0,
    "0.009534817899999999": 0,
    "0.010571749": 50
  },
  "latencyPercentiles": {
    "p10": 0.000902875,
    "p25": 0.001086556,
    "p50": 0.001224804,
    "p75": 0.00129104,
    "p90": 0.001354335,
    "p95": 0.001459681,
    "p99": 0.002173372
  },
  "rps": {
    "mean": 41165.64410758683,
    "stddev": 4483.54453975004,
    "max": 50826.63315577367,
    "percentiles": {
      "p10": 37915.28744389688,
      "p25": 40093.064262532236,
      "p50": 42175.986402715054,
      "p75": 43399.94561221109,
      "p90": 44436.718060133084,
      "p95": 45074.08708109327,
      "p99": 46532.31836783564
    }
  },
  "details": {
    "DNSDialup": {
      "average": 0.0007109411200000003,
      "fastest": 0.000076665,
      "slowest": 0.001574009
    },
    "DNSLookup": {
      "average": 0.000007015659999999999,
      "fastest": 0.000003266,
      "slowest": 0.000038652
    }
  },
  "statusCodeDistribution": {
    "200": 411574
  },
  "errorDistribution": {}
}