{
  "summary": {
    "successRate": 1,
    "total": 10.000665786,
    "slowest": 0.01286054,
    "fastest": 0.000303908,
    "average": 0.0011238579597193914,
    "requestsPerSec": 44425.34222291027,
    "totalData": 5775679,
    "sizePerRequest": 13,
    "sizePerSec": 577529.4488978336
  },
  "responseTimeHistogram": {
    "0.000303908": 1,
    "0.0015595712000000001": 414964,
    "0.0028152344": 20335,
    "0.004070897600000001": 3300,
    "0.0053265608": 4333,
    "0.006582224": 105,
    "0.007837887200000001": 302,
    "0.0090935504": 81,
    "0.0103492136": 88,
    "0.0116048768": 114,
    "0.01286054": 660
  },
  "latencyPercentiles": {
    "p10": 0.000864923,
    "p25": 0.000953925,
    "p50": 0.001017927,
    "p75": 0.001056428,
    "p90": 0.00111503,
    "p95": 0.00189895,
    "p99": 0.004485118
  },
  "rps": {
    "mean": 44555.828403113046,
    "stddev": 11147.43715095269,
    "max": 54600.234188956165,
    "percentiles": {
      "p10": 28008.945058282916,
      "p25": 42424.33459832594,
      "p50": 50069.845415408854,
      "p75": 50883.12266919266,
      "p90": 51359.31629251622,
      "p95": 51609.47549970302,
      "p99": 51955.6080772188
    }
  },
  "details": {
    "DNSDialup": {
      "average": 0.00173499582,
      "fastest": 0.000091902,
      "slowest": 0.003597095
    },
    "DNSLookup": {
      "average": 0.000005646160000000001,
      "fastest": 0.0000038,
      "slowest": 0.000046001
    }
  },
  "statusCodeDistribution": {
    "200": 444283
  },
  "errorDistribution": {}
}