{
  "summary": {
    "successRate": 1,
    "total": 10.000637329,
    "slowest": 0.010528365,
    "fastest": 0.000421472,
    "average": 0.0012093681774255184,
    "requestsPerSec": 41281.16903138224,
    "totalData": 5366894,
    "sizePerRequest": 13,
    "sizePerSec": 536655.1974079692
  },
  "responseTimeHistogram": {
    "0.000421472": 1,
    "0.0014321612999999998": 391738,
    "0.0024428505999999997": 17905,
    "0.0034535398999999993": 1638,
    "0.004464229199999999": 51,
    "0.005474918499999999": 5,
    "0.0064856077999999985": 869,
    "0.007496297099999999": 580,
    "0.0085069864": 1,
    "0.009517675699999999": 24,
    "0.010528364999999998": 26
  },
  "latencyPercentiles": {
    "p10": 0.000892459,
    "p25": 0.001101449,
    "p50": 0.001211055,
    "p75": 0.001272827,
    "p90": 0.001340749,
    "p95": 0.001437744,
    "p99": 0.002379288
  },
  "rps": {
    "mean": 41290.63689562146,
    "stddev": 4976.028162794933,
    "max": 48873.0159169257,
    "percentiles": {
      "p10": 37627.528299704994,
      "p25": 40316.9179219062,
      "p50": 42735.35569208663,
      "p75": 43762.57610757738,
      "p90": 44621.0477482215,
      "p95": 45201.963282047895,
      "p99": 46667.04968215636
    }
  },
  "details": {
    "DNSDialup": {
      "average": 0.0012389824599999997,
      "fastest": 0.00010288,
      "slowest": 0.002780044
    },
    "DNSLookup": {
      "average": 0.000008566739999999998,
      "fastest": 0.000003686,
      "slowest": 0.000052698
    }
  },
  "statusCodeDistribution": {
    "200": 412838
  },
  "errorDistribution": {}
}