{
  "summary": {
    "successRate": 1,
    "total": 10.000806596,
    "slowest": 0.010924461,
    "fastest": 0.00013962,
    "average": 0.0012224014489314137,
    "requestsPerSec": 40840.80579694074,
    "totalData": 5309733,
    "sizePerRequest": 13,
    "sizePerSec": 530930.4753602296
  },
  "responseTimeHistogram": {
    "0.00013962": 1,
    "0.0012181041": 184678,
    "0.0022965882": 221532,
    "0.0033750723000000003": 879,
    "0.0044535564": 3,
    "0.0055320405": 828,
    "0.006610524600000001": 420,
    "0.0076890087000000005": 10,
    "0.0087674928": 19,
    "0.009845976900000001": 21,
    "0.010924461": 50
  },
  "latencyPercentiles": {
    "p10": 0.000906185,
    "p25": 0.001093799,
    "p50": 0.001233125,
    "p75": 0.001303099,
    "p90": 0.001375693,
    "p95": 0.001529796,
    "p99": 0.002172567
  },
  "rps": {
    "mean": 40852.728200050195,
    "stddev": 4183.928106490124,
    "max": 51740.51282153771,
    "percentiles": {
      "p10": 37584.12840346178,
      "p25": 39698.61542194554,
      "p50": 41736.0641330172,
      "p75": 43123.60518955447,
      "p90": 44169.967690754085,
      "p95": 44869.432472261775,
      "p99": 46233.48228787241
    }
  },
  "details": {
    "DNSDialup": {
      "average": 0.0007963362800000001,
      "fastest": 0.000153546,
      "slowest": 0.001043582
    },
    "DNSLookup": {
      "average": 0.000006768059999999999,
      "fastest": 0.000003377,
      "slowest": 0.000034224
    }
  },
  "statusCodeDistribution": {
    "200": 408441
  },
  "errorDistribution": {}
}