{
  "summary": {
    "successRate": 1,
    "total": 10.000644854,
    "slowest": 0.010833972,
    "fastest": 0.000220151,
    "average": 0.001195042878355337,
    "requestsPerSec": 41773.90619294958,
    "totalData": 5430958,
    "sizePerRequest": 13,
    "sizePerSec": 543060.7805083445
  },
  "responseTimeHistogram": {
    "0.000220151": 1,
    "0.0012815331": 320215,
    "0.0023429152": 95833,
    "0.0034042973000000002": 316,
    "0.0044656794": 15,
    "0.0055270615": 726,
    "0.0065884436000000005": 610,
    "0.0076498257000000005": 0,
    "0.0087112078": 0,
    "0.009772589900000002": 0,
    "0.010833972": 50
  },
  "latencyPercentiles": {
    "p10": 0.000891412,
    "p25": 0.001067617,
    "p50": 0.001208967,
    "p75": 0.001276585,
    "p90": 0.001346122,
    "p95": 0.001477422,
    "p99": 0.002058794
  },
  "rps": {
    "mean": 41783.959908956895,
    "stddev": 4185.921008190166,
    "max": 50046.23745538645,
    "percentiles": {
      "p10": 38568.75652225207,
      "p25": 40602.69270223794,
      "p50": 42741.34500699551,
      "p75": 43962.745404884896,
      "p90": 45052.5795712347,
      "p95": 45867.42067219385,
      "p99": 46946.06266472639
    }
  },
  "details": {
    "DNSDialup": {
      "average": 0.0006822527399999999,
      "fastest": 0.000087664,
      "slowest": 0.001369133
    },
    "DNSLookup": {
      "average": 0.00000724682,
      "fastest": 0.000003487,
      "slowest": 0.00004311
    }
  },
  "statusCodeDistribution": {
    "200": 417766
  },
  "errorDistribution": {}
}