{
  "summary": {
    "successRate": 1,
    "total": 10.000731674,
    "slowest": 0.011037009,
    "fastest": 0.000284292,
    "average": 0.001225801574307899,
    "requestsPerSec": 40720.8205634335,
    "totalData": 5294094,
    "sizePerRequest": 13,
    "sizePerSec": 529370.6673246355
  },
  "responseTimeHistogram": {
    "0.000284292": 1,
    "0.0013595637": 353781,
    "0.0024348354": 51649,
    "0.0035101071000000006": 332,
    "0.0045853788000000005": 76,
    "0.0056606505": 919,
    "0.006735922200000001": 394,
    "0.007811193900000001": 36,
    "0.0088864656": 0,
    "0.0099617373": 0,
    "0.011037009": 50
  },
  "latencyPercentiles": {
    "p10": 0.000919011,
    "p25": 0.001098239,
    "p50": 0.00123942,
    "p75": 0.001312536,
    "p90": 0.001379609,
    "p95": 0.00147322,
    "p99": 0.002083408
  },
  "rps": {
    "mean": 40733.69427336695,
    "stddev": 4115.481672181516,
    "max": 47983.06383189007,
    "percentiles": {
      "p10": 37948.385778072385,
      "p25": 40014.22059267973,
      "p50": 41606.305621989035,
      "p75": 42790.05308293262,
      "p90": 43743.834884993325,
      "p95": 44306.21616212731,
      "p99": 45817.36174611118
    }
  },
  "details": {
    "DNSDialup": {
      "average": 0.00081349252,
      "fastest": 0.000100178,
      "slowest": 0.00160711
    },
    "DNSLookup": {
      "average": 0.00000674372,
      "fastest": 0.000003376,
      "slowest": 0.00003143
    }
  },
  "statusCodeDistribution": {
    "200": 407238
  },
  "errorDistribution": {}
}