{
  "summary": {
    "successRate": 1,
    "total": 10.00025247,
    "slowest": 0.011647873,
    "fastest": 0.000353565,
    "average": 0.001134891142398292,
    "requestsPerSec": 43986.08948319882,
    "totalData": 5718336,
    "sizePerRequest": 13,
    "sizePerSec": 571819.1632815846
  },
  "responseTimeHistogram": {
    "0.000353565": 1,
    "0.0014829957999999998": 423856,
    "0.0026124266": 15119,
    "0.0037418573999999996": 78,
    "0.0048712882": 502,
    "0.006000719": 266,
    "0.007130149799999999": 0,
    "0.0082595806": 0,
    "0.0093890114": 0,
    "0.010518442199999999": 10,
    "0.011647873": 40
  },
  "latencyPercentiles": {
    "p10": 0.000848394,
    "p25": 0.001035445,
    "p50": 0.001153702,
    "p75": 0.001212192,
    "p90": 0.001275672,
    "p95": 0.001371924,
    "p99": 0.001977962
  },
  "rps": {
    "mean": 43986.80792646633,
    "stddev": 3560.059388440965,
    "max": 53445.358562494876,
    "percentiles": {
      "p10": 40812.12256419826,
      "p25": 42655.72268147446,
      "p50": 44759.44865566727,
      "p75": 45879.77575408144,
      "p90": 46735.943348690045,
      "p95": 47556.670695937384,
      "p99": 49420.093415184536
    }
  },
  "details": {
    "DNSDialup": {
      "average": 0.00073572772,
      "fastest": 0.000119594,
      "slowest": 0.002160918
    },
    "DNSLookup": {
      "average": 0.000044463159999999995,
      "fastest": 0.000004107,
      "slowest": 0.00168051
    }
  },
  "statusCodeDistribution": {
    "200": 439872
  },
  "errorDistribution": {}
}