{
  "summary": {
    "successRate": 1,
    "total": 10.001510918,
    "slowest": 0.010052542,
    "fastest": 0.000317605,
    "average": 0.0010820285290495972,
    "requestsPerSec": 46139.92863513065,
    "totalData": 5999097,
    "sizePerRequest": 13,
    "sizePerSec": 599819.0722566985
  },
  "responseTimeHistogram": {
    "0.000317605": 1,
    "0.0012910986999999999": 431702,
    "0.0022645924": 19928,
    "0.0032380860999999994": 2815,
    "0.004211579799999999": 1297,
    "0.0051850735": 4448,
    "0.006158567199999999": 427,
    "0.0071320609": 258,
    "0.008105554599999999": 45,
    "0.0090790483": 326,
    "0.010052542": 222
  },
  "latencyPercentiles": {
    "p10": 0.000859313,
    "p25": 0.000942315,
    "p50": 0.001003614,
    "p75": 0.001041317,
    "p90": 0.001092017,
    "p95": 0.001691924,
    "p99": 0.004448863
  },
  "rps": {
    "mean": 46150.1539079475,
    "stddev": 9470.981072230525,
    "max": 53985.06967278661,
    "percentiles": {
      "p10": 31921.895227937428,
      "p25": 46724.45461283161,
      "p50": 50888.84683769698,
      "p75": 51361.691457781984,
      "p90": 51769.32234561401,
      "p95": 52019.5489464956,
      "p99": 52449.58283849648
    }
  },
  "details": {
    "DNSDialup": {
      "average": 0.00145267744,
      "fastest": 0.000068701,
      "slowest": 0.00310185
    },
    "DNSLookup": {
      "average": 0.00000484802,
      "fastest": 0.0000034,
      "slowest": 0.0000391
    }
  },
  "statusCodeDistribution": {
    "200": 461469
  },
  "errorDistribution": {}
}