{
  "summary": {
    "successRate": 1,
    "total": 10.000959832,
    "slowest": 0.010771812,
    "fastest": 0.000143436,
    "average": 0.0012294851305556871,
    "requestsPerSec": 40603.30276507004,
    "totalData": 5278936,
    "sizePerRequest": 13,
    "sizePerSec": 527842.9359459105
  },
  "responseTimeHistogram": {
    "0.000143436": 1,
    "0.0012062736": 169051,
    "0.0022691112": 231907,
    "0.0033319488": 3741,
    "0.0043947864000000005": 22,
    "0.005457624": 9,
    "0.006520461600000001": 1158,
    "0.007583299200000001": 98,
    "0.0086461368": 35,
    "0.0097089744": 0,
    "0.010771812": 50
  },
  "latencyPercentiles": {
    "p10": 0.000912169,
    "p25": 0.001092732,
    "p50": 0.001235193,
    "p75": 0.001308189,
    "p90": 0.001382208,
    "p95": 0.001498427,
    "p99": 0.002303739
  },
  "rps": {
    "mean": 40607.14317371604,
    "stddev": 4550.140778946311,
    "max": 48063.453371141026,
    "percentiles": {
      "p10": 37205.91946178787,
      "p25": 39333.22556832272,
      "p50": 41605.641725017675,
      "p75": 42952.70782667717,
      "p90": 44118.79902026325,
      "p95": 44803.71422790937,
      "p99": 46660.69032774432
    }
  },
  "details": {
    "DNSDialup": {
      "average": 0.00071505512,
      "fastest": 0.000073327,
      "slowest": 0.001314935
    },
    "DNSLookup": {
      "average": 0.0000068309200000000015,
      "fastest": 0.000003166,
      "slowest": 0.00003187
    }
  },
  "statusCodeDistribution": {
    "200": 406072
  },
  "errorDistribution": {}
}