{
  "summary": {
    "successRate": 1,
    "total": 10.000666834,
    "slowest": 0.011161042,
    "fastest": 0.000241945,
    "average": 0.0012031392538634814,
    "requestsPerSec": 41514.03170321832,
    "totalData": 5397184,
    "sizePerRequest": 13,
    "sizePerSec": 539682.4121418381
  },
  "responseTimeHistogram": {
    "0.000241945": 1,
    "0.0013338546999999998": 355974,
    "0.0024257643999999997": 57386,
    "0.0035176740999999993": 368,
    "0.0046095838": 39,
    "0.0057014935": 406,
    "0.006793403199999999": 897,
    "0.007885312899999998": 38,
    "0.0089772226": 0,
    "0.010069132299999999": 9,
    "0.011161042": 50
  },
  "latencyPercentiles": {
    "p10": 0.000901579,
    "p25": 0.001061387,
    "p50": 0.001203437,
    "p75": 0.00128585,
    "p90": 0.001368567,
    "p95": 0.001506253,
    "p99": 0.00220941
  },
  "rps": {
    "mean": 41526.35432393644,
    "stddev": 4441.88232391086,
    "max": 50772.2845014448,
    "percentiles": {
      "p10": 38067.34112645335,
      "p25": 40411.06454947115,
      "p50": 42553.242301961174,
      "p75": 43885.17484635895,
      "p90": 44830.193135079084,
      "p95": 45507.16737886202,
      "p99": 46825.861923535165
    }
  },
  "details": {
    "DNSDialup": {
      "average": 0.0007568179999999999,
      "fastest": 0.000118303,
      "slowest": 0.001217139
    },
    "DNSLookup": {
      "average": 0.0000070150799999999986,
      "fastest": 0.000003506,
      "slowest": 0.000027031
    }
  },
  "statusCodeDistribution": {
    "200": 415168
  },
  "errorDistribution": {}
}