{
  "summary": {
    "successRate": 1,
    "total": 10.000688749,
    "slowest": 0.013063931,
    "fastest": 0.000236178,
    "average": 0.0012286967626476445,
    "requestsPerSec": 40629.20166779805,
    "totalData": 5282160,
    "sizePerRequest": 13,
    "sizePerSec": 528179.6216813746
  },
  "responseTimeHistogram": {
    "0.000236178": 1,
    "0.0015189533": 385957,
    "0.0028017286": 18877,
    "0.0040845039": 135,
    "0.0053672792": 14,
    "0.0066500545000000005": 1240,
    "0.0079328298": 46,
    "0.0092156051": 0,
    "0.0104983804": 0,
    "0.0117811557": 0,
    "0.013063931": 50
  },
  "latencyPercentiles": {
    "p10": 0.000913229,
    "p25": 0.001091978,
    "p50": 0.001235413,
    "p75": 0.001308103,
    "p90": 0.001386031,
    "p95": 0.00151944,
    "p99": 0.002270119
  },
  "rps": {
    "mean": 40711.16067629712,
    "stddev": 4874.35964024104,
    "max": 102606.1974151487,
    "percentiles": {
      "p10": 36955.94686884394,
      "p25": 39330.52442000231,
      "p50": 41649.81734653002,
      "p75": 43133.55073049841,
      "p90": 44108.777646750226,
      "p95": 44939.82577391191,
      "p99": 46589.629006480056
    }
  },
  "details": {
    "DNSDialup": {
      "average": 0.00074927602,
      "fastest": 0.000086311,
      "slowest": 0.001340627
    },
    "DNSLookup": {
      "average": 0.000007175199999999999,
      "fastest": 0.000003817,
      "slowest": 0.000025327
    }
  },
  "statusCodeDistribution": {
    "200": 406320
  },
  "errorDistribution": {}
}