{
  "summary": {
    "successRate": 1,
    "total": 10.000258553,
    "slowest": 0.00960905,
    "fastest": 0.00043543,
    "average": 0.0011510790250175993,
    "requestsPerSec": 43372.2785967252,
    "totalData": 5638542,
    "sizePerRequest": 13,
    "sizePerSec": 563839.6217574276
  },
  "responseTimeHistogram": {
    "0.00043543": 1,
    "0.0013527919999999998": 410827,
    "0.002270154": 21034,
    "0.003187516": 472,
    "0.004104877999999999": 0,
    "0.005022239999999999": 4,
    "0.0059396019999999996": 1258,
    "0.006856963999999999": 88,
    "0.007774325999999999": 0,
    "0.008691688": 0,
    "0.00960905": 50
  },
  "latencyPercentiles": {
    "p10": 0.000860105,
    "p25": 0.00105276,
    "p50": 0.001161057,
    "p75": 0.00121976,
    "p90": 0.001281406,
    "p95": 0.001363295,
    "p99": 0.002130739
  },
  "rps": {
    "mean": 43377.33907868514,
    "stddev": 4389.155744919045,
    "max": 49688.05219729919,
    "percentiles": {
      "p10": 40027.76226039405,
      "p25": 42511.66985537696,
      "p50": 44508.83746024239,
      "p75": 45605.51432352015,
      "p90": 46406.37955848548,
      "p95": 47007.69045815747,
      "p99": 48928.78545620029
    }
  },
  "details": {
    "DNSDialup": {
      "average": 0.0009374210400000003,
      "fastest": 0.000240843,
      "slowest": 0.001471858
    },
    "DNSLookup": {
      "average": 0.000007791439999999999,
      "fastest": 0.000004197,
      "slowest": 0.000026389
    }
  },
  "statusCodeDistribution": {
    "200": 433734
  },
  "errorDistribution": {}
}