{
  "summary": {
    "successRate": 1,
    "total": 10.000115761,
    "slowest": 0.011119107,
    "fastest": 0.000384958,
    "average": 0.0011279484934493514,
    "requestsPerSec": 44262.18761648993,
    "totalData": 5754151,
    "sizePerRequest": 13,
    "sizePerSec": 575408.4390143692
  },
  "responseTimeHistogram": {
    "0.000384958": 1,
    "0.0014583729000000002": 426370,
    "0.0025317878": 15330,
    "0.0036052027000000003": 122,
    "0.004678617600000001": 162,
    "0.0057520325": 592,
    "0.006825447400000001": 0,
    "0.0078988623": 0,
    "0.0089722772": 0,
    "0.0100456921": 0,
    "0.011119107": 50
  },
  "latencyPercentiles": {
    "p10": 0.000847536,
    "p25": 0.001027451,
    "p50": 0.001147528,
    "p75": 0.001207923,
    "p90": 0.001269706,
    "p95": 0.001350705,
    "p99": 0.001934356
  },
  "rps": {
    "mean": 44271.12066603937,
    "stddev": 3528.9506131641597,
    "max": 50399.19569696972,
    "percentiles": {
      "p10": 41206.76483216873,
      "p25": 43129.47468299789,
      "p50": 45018.18065309385,
      "p75": 46222.32075869477,
      "p90": 46961.82566297213,
      "p95": 47592.57907219469,
      "p99": 49116.016733056764
    }
  },
  "details": {
    "DNSDialup": {
      "average": 0.00109100616,
      "fastest": 0.000180849,
      "slowest": 0.001927298
    },
    "DNSLookup": {
      "average": 0.000009650780000000001,
      "fastest": 0.000004579,
      "slowest": 0.000046378
    }
  },
  "statusCodeDistribution": {
    "200": 442627
  },
  "errorDistribution": {}
}