{
  "summary": {
    "successRate": 1,
    "total": 10.000263265,
    "slowest": 0.009826357,
    "fastest": 0.00044608,
    "average": 0.0011820655075702193,
    "requestsPerSec": 42236.588058464484,
    "totalData": 5490901,
    "sizePerRequest": 13,
    "sizePerSec": 549075.6447600382
  },
  "responseTimeHistogram": {
    "0.00044608": 1,
    "0.0013841077000000001": 399650,
    "0.0023221354000000005": 19394,
    "0.003260163100000001": 1780,
    "0.0041981908": 45,
    "0.0051362185": 315,
    "0.006074246200000001": 785,
    "0.007012273900000001": 307,
    "0.007950301600000001": 50,
    "0.008888329300000001": 0,
    "0.009826357": 50
  },
  "latencyPercentiles": {
    "p10": 0.000875763,
    "p25": 0.001072019,
    "p50": 0.001189354,
    "p75": 0.001250513,
    "p90": 0.001314235,
    "p95": 0.00140103,
    "p99": 0.002269354
  },
  "rps": {
    "mean": 42249.09708004214,
    "stddev": 4622.911582258655,
    "max": 50133.02763860814,
    "percentiles": {
      "p10": 38972.859546109794,
      "p25": 41312.228419612155,
      "p50": 43459.62660770716,
      "p75": 44464.31318258598,
      "p90": 45545.41936541518,
      "p95": 46131.75691091288,
      "p99": 47292.67543047352
    }
  },
  "details": {
    "DNSDialup": {
      "average": 0.0011623058600000002,
      "fastest": 0.000077917,
      "slowest": 0.00262205
    },
    "DNSLookup": {
      "average": 0.00001206874,
      "fastest": 0.000003927,
      "slowest": 0.000184932
    }
  },
  "statusCodeDistribution": {
    "200": 422377
  },
  "errorDistribution": {}
}