{
  "summary": {
    "successRate": 1,
    "total": 10.000149209,
    "slowest": 0.0099761,
    "fastest": 0.0004022,
    "average": 0.0011545742088073044,
    "requestsPerSec": 43243.05477470401,
    "totalData": 5621681,
    "sizePerRequest": 13,
    "sizePerSec": 562159.7120711522
  },
  "responseTimeHistogram": {
    "0.0004022": 1,
    "0.00135959": 409036,
    "0.00231698": 21379,
    "0.0032743700000000004": 413,
    "0.00423176": 58,
    "0.00518915": 332,
    "0.006146540000000001": 1085,
    "0.0071039300000000005": 83,
    "0.00806132": 0,
    "0.009018710000000001": 0,
    "0.0099761": 50
  },
  "latencyPercentiles": {
    "p10": 0.00085601,
    "p25": 0.001050143,
    "p50": 0.001166708,
    "p75": 0.001225608,
    "p90": 0.001288416,
    "p95": 0.001377548,
    "p99": 0.002042994
  },
  "rps": {
    "mean": 43247.04708308617,
    "stddev": 4514.77553102709,
    "max": 52282.40849401678,
    "percentiles": {
      "p10": 40179.2952734704,
      "p25": 42305.419324213835,
      "p50": 44358.817875646295,
      "p75": 45458.28661509668,
      "p90": 46431.3422605623,
      "p95": 47099.29029933557,
      "p99": 48466.175716323974
    }
  },
  "details": {
    "DNSDialup": {
      "average": 0.0010414492600000003,
      "fastest": 0.000151389,
      "slowest": 0.001890289
    },
    "DNSLookup": {
      "average": 0.000006877020000000002,
      "fastest": 0.000003377,
      "slowest": 0.000029545
    }
  },
  "statusCodeDistribution": {
    "200": 432437
  },
  "errorDistribution": {}
}