{
  "summary": {
    "successRate": 1,
    "total": 10.00063409,
    "slowest": 0.010987006,
    "fastest": 0.000443234,
    "average": 0.001217479867267827,
    "requestsPerSec": 41006.29983153398,
    "totalData": 5331157,
    "sizePerRequest": 13,
    "sizePerSec": 533081.8978099418
  },
  "responseTimeHistogram": {
    "0.000443234": 1,
    "0.0014976112": 386677,
    "0.0025519884": 21715,
    "0.0036063656": 296,
    "0.0046607428": 12,
    "0.00571512": 788,
    "0.0067694972": 511,
    "0.007823874400000002": 39,
    "0.008878251600000001": 0,
    "0.009932628800000001": 0,
    "0.010987006": 50
  },
  "latencyPercentiles": {
    "p10": 0.000909383,
    "p25": 0.001087296,
    "p50": 0.001223743,
    "p75": 0.001296551,
    "p90": 0.001389161,
    "p95": 0.00152256,
    "p99": 0.00211973
  },
  "rps": {
    "mean": 41010.27309906142,
    "stddev": 4343.769638935667,
    "max": 52307.90225255914,
    "percentiles": {
      "p10": 37665.7681978498,
      "p25": 39836.290860974004,
      "p50": 41838.99394235601,
      "p75": 43374.21327892086,
      "p90": 44470.799007854606,
      "p95": 45345.89004072118,
      "p99": 46689.65815055124
    }
  },
  "details": {
    "DNSDialup": {
      "average": 0.0008731124400000002,
      "fastest": 0.000158159,
      "slowest": 0.001380508
    },
    "DNSLookup": {
      "average": 0.00000825832,
      "fastest": 0.000003637,
      "slowest": 0.000048209
    }
  },
  "statusCodeDistribution": {
    "200": 410089
  },
  "errorDistribution": {}
}