{
  "summary": {
    "successRate": 1,
    "total": 10.001372932,
    "slowest": 0.009404382,
    "fastest": 0.0002218,
    "average": 0.0010247837823229656,
    "requestsPerSec": 48738.00860283728,
    "totalData": 6336811,
    "sizePerRequest": 13,
    "sizePerSec": 633594.1118368848
  },
  "responseTimeHistogram": {
    "0.0002218": 1,
    "0.0011400582": 454180,
    "0.0020583164": 15509,
    "0.0029765746": 10710,
    "0.0038948328": 5191,
    "0.004813091": 210,
    "0.0057313492": 312,
    "0.0066496074": 131,
    "0.0075678656": 301,
    "0.0084861238": 779,
    "0.009404382": 123
  },
  "latencyPercentiles": {
    "p10": 0.000806599,
    "p25": 0.000852499,
    "p50": 0.000953698,
    "p75": 0.000997398,
    "p90": 0.001043199,
    "p95": 0.001643997,
    "p99": 0.003541893
  },
  "rps": {
    "mean": 48746.08558584978,
    "stddev": 10605.215954209427,
    "max": 56034.02217423823,
    "percentiles": {
      "p10": 32257.03484344169,
      "p25": 47732.07117862495,
      "p50": 54029.27306014382,
      "p75": 54494.63455331835,
      "p90": 54866.48720919582,
      "p95": 55079.41349837895,
      "p99": 55551.763132887376
    }
  },
  "details": {
    "DNSDialup": {
      "average": 0.0012182376999999996,
      "fastest": 0.0000618,
      "slowest": 0.001404697
    },
    "DNSLookup": {
      "average": 0.00000419998,
      "fastest": 0.0000029,
      "slowest": 0.000037099
    }
  },
  "statusCodeDistribution": {
    "200": 487447
  },
  "errorDistribution": {}
}