{
  "summary": {
    "successRate": 1,
    "total": 10.001308879,
    "slowest": 0.009804744,
    "fastest": 0.000175103,
    "average": 0.0011491197024131458,
    "requestsPerSec": 43430.715444859925,
    "totalData": 5646732,
    "sizePerRequest": 13,
    "sizePerSec": 564599.300783179
  },
  "responseTimeHistogram": {
    "0.000175103": 1,
    "0.0011380671": 316710,
    "0.0021010312000000002": 107177,
    "0.0030639953": 3453,
    "0.0040269594": 1246,
    "0.004989923500000001": 3468,
    "0.005952887600000001": 1260,
    "0.006915851700000001": 178,
    "0.007878815800000001": 21,
    "0.008841779900000001": 129,
    "0.009804744": 721
  },
  "latencyPercentiles": {
    "p10": 0.000924114,
    "p25": 0.000978414,
    "p50": 0.001080617,
    "p75": 0.001143117,
    "p90": 0.001195819,
    "p95": 0.001348821,
    "p99": 0.004761875
  },
  "rps": {
    "mean": 43477.75634231958,
    "stddev": 8468.255920156153,
    "max": 49456.75788746879,
    "percentiles": {
      "p10": 29204.532543450277,
      "p25": 45523.0027733012,
      "p50": 47199.829429583275,
      "p75": 47669.85063213243,
      "p90": 48052.386205623094,
      "p95": 48309.91802616859,
      "p99": 48606.96758237039
    }
  },
  "details": {
    "DNSDialup": {
      "average": 0.0008489693400000001,
      "fastest": 0.000051201,
      "slowest": 0.001211619
    },
    "DNSLookup": {
      "average": 0.0000047260800000000015,
      "fastest": 0.0000031,
      "slowest": 0.000038001
    }
  },
  "statusCodeDistribution": {
    "200": 434364
  },
  "errorDistribution": {}
}