{
  "summary": {
    "successRate": 1,
    "total": 10.000607928,
    "slowest": 0.011585637,
    "fastest": 0.000184905,
    "average": 0.0011821486309957529,
    "requestsPerSec": 42233.532505305106,
    "totalData": 5490693,
    "sizePerRequest": 13,
    "sizePerSec": 549035.9225689664
  },
  "responseTimeHistogram": {
    "0.000184905": 1,
    "0.0013249781999999997": 368463,
    "0.0024650513999999995": 52064,
    "0.0036051245999999993": 433,
    "0.004745197799999999": 0,
    "0.005885270999999998": 1177,
    "0.0070253441999999985": 127,
    "0.0081654174": 46,
    "0.009305490599999999": 0,
    "0.010445563799999998": 0,
    "0.011585636999999998": 50
  },
  "latencyPercentiles": {
    "p10": 0.000881278,
    "p25": 0.001037607,
    "p50": 0.001191443,
    "p75": 0.00126965,
    "p90": 0.001347657,
    "p95": 0.001471887,
    "p99": 0.002067859
  },
  "rps": {
    "mean": 42248.943102991274,
    "stddev": 4557.712863164959,
    "max": 49841.377922732114,
    "percentiles": {
      "p10": 39050.96150476352,
      "p25": 41009.59214360288,
      "p50": 43300.1201653671,
      "p75": 44588.95735680831,
      "p90": 45845.66307685215,
      "p95": 46576.94063128076,
      "p99": 47902.07767138488
    }
  },
  "details": {
    "DNSDialup": {
      "average": 0.0005287867000000001,
      "fastest": 0.000078927,
      "slowest": 0.000880423
    },
    "DNSLookup": {
      "average": 0.000008371600000000001,
      "fastest": 0.000004398,
      "slowest": 0.000050535
    }
  },
  "statusCodeDistribution": {
    "200": 422361
  },
  "errorDistribution": {}
}