{
  "summary": {
    "successRate": 1,
    "total": 10.00060677,
    "slowest": 0.009925862,
    "fastest": 0.000375696,
    "average": 0.0011694723404129409,
    "requestsPerSec": 42688.20980749351,
    "totalData": 5549804,
    "sizePerRequest": 13,
    "sizePerSec": 554946.7274974157
  },
  "responseTimeHistogram": {
    "0.000375696": 1,
    "0.0013307126000000002": 390776,
    "0.0022857292000000003": 34609,
    "0.0032407458": 692,
    "0.004195762400000001": 30,
    "0.005150779": 670,
    "0.0061057956": 73,
    "0.007060812200000001": 7,
    "0.0080158288": 0,
    "0.0089708454": 9,
    "0.009925862": 41
  },
  "latencyPercentiles": {
    "p10": 0.000871486,
    "p25": 0.001080825,
    "p50": 0.001182941,
    "p75": 0.001242413,
    "p90": 0.001312704,
    "p95": 0.001436465,
    "p99": 0.002076392
  },
  "rps": {
    "mean": 42695.56414233842,
    "stddev": 3637.8354521244037,
    "max": 55337.402771081026,
    "percentiles": {
      "p10": 39609.33988234392,
      "p25": 41388.83458193115,
      "p50": 43612.782655949406,
      "p75": 44639.04577333829,
      "p90": 45538.958579065205,
      "p95": 46108.8713263969,
      "p99": 47418.02212567446
    }
  },
  "details": {
    "DNSDialup": {
      "average": 0.00121624668,
      "fastest": 0.000112371,
      "slowest": 0.002436007
    },
    "DNSLookup": {
      "average": 0.000011909520000000001,
      "fastest": 0.000005019,
      "slowest": 0.000051537
    }
  },
  "statusCodeDistribution": {
    "200": 426908
  },
  "errorDistribution": {}
}