{
  "summary": {
    "successRate": 1,
    "total": 10.00060466,
    "slowest": 0.01164421,
    "fastest": 0.000450562,
    "average": 0.0012175811934119149,
    "requestsPerSec": 41001.72078995071,
    "totalData": 5330546,
    "sizePerRequest": 13,
    "sizePerSec": 533022.3702693593
  },
  "responseTimeHistogram": {
    "0.000450562": 1,
    "0.0015699268000000002": 394128,
    "0.0026892916": 14498,
    "0.0038086564000000002": 65,
    "0.0049280212": 297,
    "0.006047386": 911,
    "0.007166750800000001": 78,
    "0.008286115600000001": 14,
    "0.009405480400000001": 0,
    "0.0105248452": 0,
    "0.01164421": 50
  },
  "latencyPercentiles": {
    "p10": 0.000910076,
    "p25": 0.001099305,
    "p50": 0.001226951,
    "p75": 0.001295831,
    "p90": 0.001384105,
    "p95": 0.001519585,
    "p99": 0.002082989
  },
  "rps": {
    "mean": 41014.429281807395,
    "stddev": 4131.932542032751,
    "max": 48236.00414186219,
    "percentiles": {
      "p10": 37807.43672280163,
      "p25": 39827.357411804885,
      "p50": 41905.40998843139,
      "p75": 43306.97675395628,
      "p90": 44316.361600703676,
      "p95": 45069.74091709414,
      "p99": 46243.31855034465
    }
  },
  "details": {
    "DNSDialup": {
      "average": 0.0007387175999999999,
      "fastest": 0.000085697,
      "slowest": 0.001790928
    },
    "DNSLookup": {
      "average": 0.000008810300000000001,
      "fastest": 0.000003838,
      "slowest": 0.000052389
    }
  },
  "statusCodeDistribution": {
    "200": 410042
  },
  "errorDistribution": {}
}