{
  "summary": {
    "successRate": 1,
    "total": 10.002112861,
    "slowest": 0.024106274,
    "fastest": 0.000352598,
    "average": 0.001073901430322565,
    "requestsPerSec": 46481.57908843256,
    "totalData": 6043882,
    "sizePerRequest": 13,
    "sizePerSec": 604260.5281496233
  },
  "responseTimeHistogram": {
    "0.000352598": 1,
    "0.0027279656": 457948,
    "0.0051033332": 6081,
    "0.0074787008": 92,
    "0.009854068399999999": 769,
    "0.012229436": 6,
    "0.0146048036": 4,
    "0.016980171199999998": 3,
    "0.0193555388": 4,
    "0.0217309064": 3,
    "0.024106274": 3
  },
  "latencyPercentiles": {
    "p10": 0.000886696,
    "p25": 0.000933295,
    "p50": 0.001024194,
    "p75": 0.001110194,
    "p90": 0.001152394,
    "p95": 0.001185394,
    "p99": 0.003672981
  },
  "rps": {
    "mean": 46496.03370655839,
    "stddev": 6834.0989050309145,
    "max": 51402.707020351045,
    "percentiles": {
      "p10": 35727.69611002575,
      "p25": 48330.21605107367,
      "p50": 49065.51227198589,
      "p75": 49519.81036454102,
      "p90": 49883.09654953619,
      "p95": 50115.0240030914,
      "p99": 50464.19520113339
    }
  },
  "details": {
    "DNSDialup": {
      "average": 0.0012676014199999998,
      "fastest": 0.0000697,
      "slowest": 0.002756785
    },
    "DNSLookup": {
      "average": 0.000004189979999999999,
      "fastest": 0.0000028,
      "slowest": 0.000038699
    }
  },
  "statusCodeDistribution": {
    "200": 464914
  },
  "errorDistribution": {}
}