{
  "summary": {
    "successRate": 1,
    "total": 10.000797991,
    "slowest": 0.011006366,
    "fastest": 0.000135232,
    "average": 0.001210228575339475,
    "requestsPerSec": 41251.30818273319,
    "totalData": 5363098,
    "sizePerRequest": 13,
    "sizePerSec": 536267.0063755315
  },
  "responseTimeHistogram": {
    "0.000135232": 1,
    "0.0012223453999999998": 204652,
    "0.0023094587999999997": 205955,
    "0.0033965721999999997": 486,
    "0.0044836856": 52,
    "0.0055707989999999995": 237,
    "0.0066579123999999995": 1069,
    "0.007745025799999999": 44,
    "0.0088321392": 0,
    "0.0099192526": 0,
    "0.011006366": 50
  },
  "latencyPercentiles": {
    "p10": 0.000896061,
    "p25": 0.001091466,
    "p50": 0.001223394,
    "p75": 0.001287358,
    "p90": 0.001351782,
    "p95": 0.001471529,
    "p99": 0.002128497
  },
  "rps": {
    "mean": 41261.4378678692,
    "stddev": 4306.251604273891,
    "max": 49546.52914552036,
    "percentiles": {
      "p10": 38312.4783742087,
      "p25": 40135.45566153119,
      "p50": 42306.38787358521,
      "p75": 43427.63793728792,
      "p90": 44501.806793446885,
      "p95": 45159.91593404011,
      "p99": 46092.06447272417
    }
  },
  "details": {
    "DNSDialup": {
      "average": 0.0008010964199999999,
      "fastest": 0.000115255,
      "slowest": 0.001180662
    },
    "DNSLookup": {
      "average": 0.000006386539999999998,
      "fastest": 0.000003257,
      "slowest": 0.000040306
    }
  },
  "statusCodeDistribution": {
    "200": 412546
  },
  "errorDistribution": {}
}