{
  "summary": {
    "successRate": 1,
    "total": 10.00178065,
    "slowest": 0.013911255,
    "fastest": 0.000312503,
    "average": 0.0017089578012744909,
    "requestsPerSec": 29167.206341402816,
    "totalData": 3792412,
    "sizePerRequest": 13,
    "sizePerSec": 379173.6824382366
  },
  "responseTimeHistogram": {
    "0.000312503": 1,
    "0.0016723782": 213879,
    "0.0030322534": 64987,
    "0.0043921286": 6550,
    "0.005752003800000001": 2073,
    "0.007111879": 3294,
    "0.0084717542": 393,
    "0.009831629400000002": 47,
    "0.0111915046": 276,
    "0.0125513798": 191,
    "0.013911255": 33
  },
  "latencyPercentiles": {
    "p10": 0.001270914,
    "p25": 0.001402915,
    "p50": 0.001534917,
    "p75": 0.001687419,
    "p90": 0.002007823,
    "p95": 0.002792231,
    "p99": 0.006335671
  },
  "rps": {
    "mean": 29154.082134520613,
    "stddev": 6685.433458863055,
    "max": 39489.993108364695,
    "percentiles": {
      "p10": 17348.90482781953,
      "p25": 27802.56086678202,
      "p50": 31963.39180139087,
      "p75": 33271.38663810774,
      "p90": 34255.50841169122,
      "p95": 34626.96748227443,
      "p99": 35534.06379481974
    }
  },
  "details": {
    "DNSDialup": {
      "average": 0.0023878786999999998,
      "fastest": 0.000116402,
      "slowest": 0.005040456
    },
    "DNSLookup": {
      "average": 0.000008654119999999999,
      "fastest": 0.0000061,
      "slowest": 0.0000384
    }
  },
  "statusCodeDistribution": {
    "200": 291724
  },
  "errorDistribution": {}
}