{
  "summary": {
    "successRate": 1,
    "total": 10.000599396,
    "slowest": 0.011415591,
    "fastest": 0.000299591,
    "average": 0.0012366884286705146,
    "requestsPerSec": 40367.98035940445,
    "totalData": 5248152,
    "sizePerRequest": 13,
    "sizePerSec": 524783.7446722578
  },
  "responseTimeHistogram": {
    "0.000299591": 1,
    "0.001411191": 360562,
    "0.002522791": 41446,
    "0.003634391": 345,
    "0.004745991": 0,
    "0.005857591": 755,
    "0.006969191": 514,
    "0.008080790999999999": 31,
    "0.009192391": 0,
    "0.010303991": 0,
    "0.011415591": 50
  },
  "latencyPercentiles": {
    "p10": 0.00091498,
    "p25": 0.001092162,
    "p50": 0.001242215,
    "p75": 0.001321517,
    "p90": 0.001422196,
    "p95": 0.001567073,
    "p99": 0.002205758
  },
  "rps": {
    "mean": 40376.42401818553,
    "stddev": 4443.168655743883,
    "max": 52048.65969099178,
    "percentiles": {
      "p10": 36730.80612710059,
      "p25": 38985.734243416606,
      "p50": 41269.741879111214,
      "p75": 42862.86084207191,
      "p90": 44095.267071173344,
      "p95": 44940.905211924524,
      "p99": 46634.64008684609
    }
  },
  "details": {
    "DNSDialup": {
      "average": 0.0007845159400000002,
      "fastest": 0.000085641,
      "slowest": 0.001686516
    },
    "DNSLookup": {
      "average": 0.0000091183,
      "fastest": 0.000004218,
      "slowest": 0.000055504
    }
  },
  "statusCodeDistribution": {
    "200": 403704
  },
  "errorDistribution": {}
}