{
  "summary": {
    "successRate": 1,
    "total": 10.000642547,
    "slowest": 0.011834101,
    "fastest": 0.000218498,
    "average": 0.0012210856817077812,
    "requestsPerSec": 40883.07307040478,
    "totalData": 5315141,
    "sizePerRequest": 13,
    "sizePerSec": 531479.9499152622
  },
  "responseTimeHistogram": {
    "0.000218498": 1,
    "0.0013800582999999999": 373971,
    "0.0025416186": 33191,
    "0.0037031789": 294,
    "0.0048647392": 0,
    "0.0060262994999999995": 1199,
    "0.0071878598": 143,
    "0.0083494201": 0,
    "0.009510980399999999": 8,
    "0.010672540699999998": 0,
    "0.011834100999999998": 50
  },
  "latencyPercentiles": {
    "p10": 0.000899851,
    "p25": 0.001094187,
    "p50": 0.001232592,
    "p75": 0.001297979,
    "p90": 0.001364371,
    "p95": 0.001498911,
    "p99": 0.00220606
  },
  "rps": {
    "mean": 40906.069974561,
    "stddev": 4325.7068308255475,
    "max": 51269.285435857244,
    "percentiles": {
      "p10": 37842.838092721904,
      "p25": 39809.66976878868,
      "p50": 41925.41809734893,
      "p75": 43121.88925621294,
      "p90": 44024.71107032429,
      "p95": 44730.989629615935,
      "p99": 45940.85520253136
    }
  },
  "details": {
    "DNSDialup": {
      "average": 0.0007898611400000002,
      "fastest": 0.000084566,
      "slowest": 0.001436922
    },
    "DNSLookup": {
      "average": 0.00000708638,
      "fastest": 0.000003497,
      "slowest": 0.000036398
    }
  },
  "statusCodeDistribution": {
    "200": 408857
  },
  "errorDistribution": {}
}