{
  "summary": {
    "successRate": 1,
    "total": 10.000682163,
    "slowest": 0.011613704,
    "fastest": 0.000129483,
    "average": 0.0012130957641544838,
    "requestsPerSec": 41174.99119444818,
    "totalData": 5353114,
    "sizePerRequest": 13,
    "sizePerSec": 535274.8855278264
  },
  "responseTimeHistogram": {
    "0.000129483": 1,
    "0.0012779051000000002": 281457,
    "0.0024263272000000003": 128760,
    "0.0035747493000000004": 181,
    "0.0047231714": 103,
    "0.0058715935": 1083,
    "0.0070200156": 97,
    "0.0081684377": 46,
    "0.0093168598": 0,
    "0.010465281900000001": 0,
    "0.011613704": 50
  },
  "latencyPercentiles": {
    "p10": 0.000915016,
    "p25": 0.00107157,
    "p50": 0.001217483,
    "p75": 0.001300008,
    "p90": 0.001381023,
    "p95": 0.001526886,
    "p99": 0.002146125
  },
  "rps": {
    "mean": 41187.56687168822,
    "stddev": 4014.5018743762184,
    "max": 48316.72514150702,
    "percentiles": {
      "p10": 37946.8084912583,
      "p25": 40096.316644479855,
      "p50": 42127.53455658662,
      "p75": 43414.42216840999,
      "p90": 44222.3590927716,
      "p95": 44768.611314986345,
      "p99": 45907.28759019334
    }
  },
  "details": {
    "DNSDialup": {
      "average": 0.0007932046399999997,
      "fastest": 0.000114464,
      "slowest": 0.001202836
    },
    "DNSLookup": {
      "average": 0.000007076939999999999,
      "fastest": 0.000003316,
      "slowest": 0.000031329
    }
  },
  "statusCodeDistribution": {
    "200": 411778
  },
  "errorDistribution": {}
}