{
  "summary": {
    "successRate": 1,
    "total": 10.000611791,
    "slowest": 0.010793634,
    "fastest": 0.000144089,
    "average": 0.0012062912590280657,
    "requestsPerSec": 41385.268086545206,
    "totalData": 5380414,
    "sizePerRequest": 13,
    "sizePerSec": 538008.4851250877
  },
  "responseTimeHistogram": {
    "0.000144089": 1,
    "0.0012090435": 195116,
    "0.002273998": 216783,
    "0.0033389525000000002": 578,
    "0.004403907": 0,
    "0.0054688615": 327,
    "0.0065338160000000004": 923,
    "0.007598770500000001": 50,
    "0.008663725": 18,
    "0.0097286795": 32,
    "0.010793634": 50
  },
  "latencyPercentiles": {
    "p10": 0.000900303,
    "p25": 0.001077556,
    "p50": 0.001217925,
    "p75": 0.001287087,
    "p90": 0.001360151,
    "p95": 0.001490807,
    "p99": 0.002089547
  },
  "rps": {
    "mean": 41394.44875416648,
    "stddev": 4285.522660609013,
    "max": 48845.745641960144,
    "percentiles": {
      "p10": 38209.81227979504,
      "p25": 40389.822927208596,
      "p50": 42224.95072338275,
      "p75": 43628.82993082148,
      "p90": 44701.881949227914,
      "p95": 45534.30621265464,
      "p99": 46872.05171790182
    }
  },
  "details": {
    "DNSDialup": {
      "average": 0.00070388342,
      "fastest": 0.000069671,
      "slowest": 0.001649353
    },
    "DNSLookup": {
      "average": 0.000007139220000000003,
      "fastest": 0.000003667,
      "slowest": 0.000030748
    }
  },
  "statusCodeDistribution": {
    "200": 413878
  },
  "errorDistribution": {}
}