{
  "summary": {
    "successRate": 1,
    "total": 10.000348413,
    "slowest": 0.011534206,
    "fastest": 0.000403031,
    "average": 0.0012064376260638085,
    "requestsPerSec": 41381.55821271585,
    "totalData": 5379790,
    "sizePerRequest": 13,
    "sizePerSec": 537960.256765306
  },
  "responseTimeHistogram": {
    "0.000403031": 1,
    "0.0015161484999999999": 395784,
    "0.002629266": 16345,
    "0.0037423835": 296,
    "0.004855501": 89,
    "0.0059686185": 1094,
    "0.007081736": 93,
    "0.0081948535": 78,
    "0.009307971": 0,
    "0.0104210885": 0,
    "0.011534206": 50
  },
  "latencyPercentiles": {
    "p10": 0.000895616,
    "p25": 0.001097644,
    "p50": 0.001215745,
    "p75": 0.001278155,
    "p90": 0.001348639,
    "p95": 0.00147016,
    "p99": 0.002127475
  },
  "rps": {
    "mean": 41395.52677738494,
    "stddev": 4269.570082295162,
    "max": 48969.24250890753,
    "percentiles": {
      "p10": 38287.03986747438,
      "p25": 40416.740613962655,
      "p50": 42530.69440214836,
      "p75": 43553.34169722313,
      "p90": 44387.58751625129,
      "p95": 45077.0682636101,
      "p99": 46201.79519415829
    }
  },
  "details": {
    "DNSDialup": {
      "average": 0.0008303148200000002,
      "fastest": 0.000075621,
      "slowest": 0.001839593
    },
    "DNSLookup": {
      "average": 0.000008473059999999996,
      "fastest": 0.000004268,
      "slowest": 0.000044864
    }
  },
  "statusCodeDistribution": {
    "200": 413830
  },
  "errorDistribution": {}
}