{
  "summary": {
    "successRate": 1,
    "total": 10.000571988,
    "slowest": 0.010970539,
    "fastest": 0.000242266,
    "average": 0.0012283354394899998,
    "requestsPerSec": 40638.87550508776,
    "totalData": 5283356,
    "sizePerRequest": 13,
    "sizePerSec": 528305.3815661408
  },
  "responseTimeHistogram": {
    "0.000242266": 1,
    "0.0013150933": 308942,
    "0.0023879206": 95525,
    "0.0034607479000000004": 593,
    "0.0045335752": 1,
    "0.0056064025": 120,
    "0.0066792298": 1129,
    "0.0077520571": 40,
    "0.0088248844": 11,
    "0.0098977117": 0,
    "0.010970539": 50
  },
  "latencyPercentiles": {
    "p10": 0.000911626,
    "p25": 0.001092968,
    "p50": 0.001237744,
    "p75": 0.001311634,
    "p90": 0.00138886,
    "p95": 0.001512638,
    "p99": 0.002216449
  },
  "rps": {
    "mean": 40654.63464534859,
    "stddev": 4379.284255081311,
    "max": 56840.95746752912,
    "percentiles": {
      "p10": 37264.5416961634,
      "p25": 39344.02990386459,
      "p50": 41611.47714727774,
      "p75": 42927.666881302466,
      "p90": 44004.68649911392,
      "p95": 44832.30461414444,
      "p99": 46603.70033380736
    }
  },
  "details": {
    "DNSDialup": {
      "average": 0.0008848447800000001,
      "fastest": 0.000140153,
      "slowest": 0.001408205
    },
    "DNSLookup": {
      "average": 0.000007727819999999999,
      "fastest": 0.000002765,
      "slowest": 0.000034464
    }
  },
  "statusCodeDistribution": {
    "200": 406412
  },
  "errorDistribution": {}
}