{
  "summary": {
    "successRate": 1,
    "total": 10.001872001,
    "slowest": 0.009666552,
    "fastest": 0.000261404,
    "average": 0.0011438275468200268,
    "requestsPerSec": 43646.229421487675,
    "totalData": 5675072,
    "sizePerRequest": 13,
    "sizePerSec": 567400.9824793397
  },
  "responseTimeHistogram": {
    "0.000261404": 1,
    "0.0012019188": 400574,
    "0.0021424336": 20176,
    "0.0030829483999999996": 8272,
    "0.0040234632": 1738,
    "0.004963978": 4570,
    "0.005904492799999999": 175,
    "0.0068450075999999995": 72,
    "0.0077855224": 120,
    "0.0087260372": 108,
    "0.009666552": 738
  },
  "latencyPercentiles": {
    "p10": 0.000895014,
    "p25": 0.000954305,
    "p50": 0.001052916,
    "p75": 0.001107717,
    "p90": 0.001171519,
    "p95": 0.001791128,
    "p99": 0.004379626
  },
  "rps": {
    "mean": 43662.354400189215,
    "stddev": 9865.674055694535,
    "max": 53605.86429347303,
    "percentiles": {
      "p10": 29816.825634706132,
      "p25": 43301.2683196206,
      "p50": 48595.45605432808,
      "p75": 49131.60750758563,
      "p90": 49620.768495866025,
      "p95": 49810.67442752927,
      "p99": 50137.31720519409
    }
  },
  "details": {
    "DNSDialup": {
      "average": 0.0015446604,
      "fastest": 0.000076802,
      "slowest": 0.001775128
    },
    "DNSLookup": {
      "average": 0.000004898080000000001,
      "fastest": 0.0000038,
      "slowest": 0.0000406
    }
  },
  "statusCodeDistribution": {
    "200": 436544
  },
  "errorDistribution": {}
}