{
  "summary": {
    "successRate": 1,
    "total": 10.000588184,
    "slowest": 0.011617693,
    "fastest": 0.000258427,
    "average": 0.0012001656359326813,
    "requestsPerSec": 41596.45336316751,
    "totalData": 5407857,
    "sizePerRequest": 13,
    "sizePerSec": 540753.8937211776
  },
  "responseTimeHistogram": {
    "0.000258427": 1,
    "0.0013943535999999999": 382162,
    "0.0025302802": 32117,
    "0.0036662068": 272,
    "0.0048021334": 37,
    "0.00593806": 1057,
    "0.0070739866": 193,
    "0.0082099132": 62,
    "0.0093458398": 38,
    "0.0104817664": 0,
    "0.011617693": 50
  },
  "latencyPercentiles": {
    "p10": 0.000892864,
    "p25": 0.00105471,
    "p50": 0.001205405,
    "p75": 0.00128466,
    "p90": 0.001365654,
    "p95": 0.001520745,
    "p99": 0.002133471
  },
  "rps": {
    "mean": 41602.95597291176,
    "stddev": 4711.79660414274,
    "max": 49146.55357727918,
    "percentiles": {
      "p10": 37921.78739257848,
      "p25": 40344.78674776827,
      "p50": 42794.69610353649,
      "p75": 44100.538026562375,
      "p90": 45264.8464392619,
      "p95": 46092.48918880846,
      "p99": 47195.9706721575
    }
  },
  "details": {
    "DNSDialup": {
      "average": 0.0005795591199999997,
      "fastest": 0.000155001,
      "slowest": 0.001002603
    },
    "DNSLookup": {
      "average": 0.000008419539999999996,
      "fastest": 0.000004308,
      "slowest": 0.000053981
    }
  },
  "statusCodeDistribution": {
    "200": 415989
  },
  "errorDistribution": {}
}