{
  "summary": {
    "successRate": 1,
    "total": 10.000316975,
    "slowest": 0.010990056,
    "fastest": 0.000386336,
    "average": 0.001173001922067247,
    "requestsPerSec": 42563.55084184719,
    "totalData": 5533437,
    "sizePerRequest": 13,
    "sizePerSec": 553326.1609440135
  },
  "responseTimeHistogram": {
    "0.000386336": 1,
    "0.001446708": 406294,
    "0.00250708": 17569,
    "0.003567452": 216,
    "0.004627824": 91,
    "0.005688196": 949,
    "0.006748568": 394,
    "0.0078089399999999995": 35,
    "0.008869311999999999": 50,
    "0.009929684": 0,
    "0.010990056": 50
  },
  "latencyPercentiles": {
    "p10": 0.000868077,
    "p25": 0.001063179,
    "p50": 0.001184137,
    "p75": 0.001245707,
    "p90": 0.001310182,
    "p95": 0.001415133,
    "p99": 0.002143887
  },
  "rps": {
    "mean": 42572.03908660573,
    "stddev": 4456.708465123284,
    "max": 50621.332864868324,
    "percentiles": {
      "p10": 39331.563579773916,
      "p25": 41820.20334023472,
      "p50": 43642.354724256504,
      "p75": 44783.62446196486,
      "p90": 45852.58271836527,
      "p95": 46417.20685858072,
      "p99": 47558.993140813625
    }
  },
  "details": {
    "DNSDialup": {
      "average": 0.0009098762199999999,
      "fastest": 0.00009258,
      "slowest": 0.00175653
    },
    "DNSLookup": {
      "average": 0.000008826020000000001,
      "fastest": 0.000003957,
      "slowest": 0.000053399
    }
  },
  "statusCodeDistribution": {
    "200": 425649
  },
  "errorDistribution": {}
}