{
  "summary": {
    "successRate": 1,
    "total": 10.000624558,
    "slowest": 0.010924127,
    "fastest": 0.000184154,
    "average": 0.001230564654195628,
    "requestsPerSec": 40568.66625149433,
    "totalData": 5274256,
    "sizePerRequest": 13,
    "sizePerSec": 527392.6612694262
  },
  "responseTimeHistogram": {
    "0.000184154": 1,
    "0.0012581513": 227041,
    "0.0023321486000000002": 176305,
    "0.0034061459000000005": 965,
    "0.0044801432": 0,
    "0.0055541405": 216,
    "0.0066281378": 1094,
    "0.0077021351": 28,
    "0.0087761324": 12,
    "0.009850129700000002": 0,
    "0.010924127": 50
  },
  "latencyPercentiles": {
    "p10": 0.000913644,
    "p25": 0.001103164,
    "p50": 0.001241307,
    "p75": 0.001310024,
    "p90": 0.001380075,
    "p95": 0.001494727,
    "p99": 0.002238755
  },
  "rps": {
    "mean": 40578.69569359177,
    "stddev": 4270.813937514491,
    "max": 48342.72398285228,
    "percentiles": {
      "p10": 37322.664669703285,
      "p25": 39461.17086555186,
      "p50": 41554.935624895304,
      "p75": 42851.99232228279,
      "p90": 43862.93453847527,
      "p95": 44360.87198854089,
      "p99": 45808.03472929005
    }
  },
  "details": {
    "DNSDialup": {
      "average": 0.0007291985999999999,
      "fastest": 0.000078735,
      "slowest": 0.001190257
    },
    "DNSLookup": {
      "average": 0.000008545339999999999,
      "fastest": 0.000003277,
      "slowest": 0.000059247
    }
  },
  "statusCodeDistribution": {
    "200": 405712
  },
  "errorDistribution": {}
}