{
  "summary": {
    "successRate": 1,
    "total": 10.000226369,
    "slowest": 0.010113183,
    "fastest": 0.000365393,
    "average": 0.0011326797989904224,
    "requestsPerSec": 44076.50224462634,
    "totalData": 5730075,
    "sizePerRequest": 13,
    "sizePerSec": 572994.5291801424
  },
  "responseTimeHistogram": {
    "0.000365393": 1,
    "0.001340172": 417190,
    "0.002314951": 22462,
    "0.00328973": 322,
    "0.004264509": 16,
    "0.005239288": 734,
    "0.006214067": 0,
    "0.007188846": 0,
    "0.008163624999999999": 0,
    "0.009138404": 0,
    "0.010113183": 50
  },
  "latencyPercentiles": {
    "p10": 0.000848717,
    "p25": 0.001027856,
    "p50": 0.001151559,
    "p75": 0.001211234,
    "p90": 0.001273674,
    "p95": 0.001353553,
    "p99": 0.00199294
  },
  "rps": {
    "mean": 44082.11371963808,
    "stddev": 3589.9380300121306,
    "max": 52207.011401628224,
    "percentiles": {
      "p10": 40872.5387834413,
      "p25": 42696.690601771305,
      "p50": 44795.69704760423,
      "p75": 46043.741554475666,
      "p90": 46938.683955606764,
      "p95": 47893.833457644025,
      "p99": 49999.58333680432
    }
  },
  "details": {
    "DNSDialup": {
      "average": 0.00106320934,
      "fastest": 0.000181208,
      "slowest": 0.002202663
    },
    "DNSLookup": {
      "average": 0.000010808160000000002,
      "fastest": 0.000004799,
      "slowest": 0.000069299
    }
  },
  "statusCodeDistribution": {
    "200": 440775
  },
  "errorDistribution": {}
}