{
  "summary": {
    "successRate": 1,
    "total": 10.000205295,
    "slowest": 0.010356097,
    "fastest": 0.000414778,
    "average": 0.0011326415273366693,
    "requestsPerSec": 44079.095078217586,
    "totalData": 5730400,
    "sizePerRequest": 13,
    "sizePerSec": 573028.2360168287
  },
  "responseTimeHistogram": {
    "0.000414778": 1,
    "0.0014089099": 422923,
    "0.0024030418": 16261,
    "0.0033971736999999997": 158,
    "0.0043913056": 7,
    "0.0053854375000000005": 172,
    "0.0063795694": 1174,
    "0.0073737012999999995": 54,
    "0.008367833199999999": 0,
    "0.0093619651": 40,
    "0.010356097": 10
  },
  "latencyPercentiles": {
    "p10": 0.000843938,
    "p25": 0.001013639,
    "p50": 0.001144826,
    "p75": 0.001206685,
    "p90": 0.001269269,
    "p95": 0.001357445,
    "p99": 0.002082062
  },
  "rps": {
    "mean": 44085.272698726956,
    "stddev": 4645.852567231208,
    "max": 52853.56060989861,
    "percentiles": {
      "p10": 40249.747093973114,
      "p25": 43102.452529549875,
      "p50": 45240.70405401736,
      "p75": 46321.63462634883,
      "p90": 47498.81252968712,
      "p95": 48516.175292846194,
      "p99": 50121.771750281376
    }
  },
  "details": {
    "DNSDialup": {
      "average": 0.0010769967599999998,
      "fastest": 0.000101911,
      "slowest": 0.002204419
    },
    "DNSLookup": {
      "average": 0.000010132620000000002,
      "fastest": 0.00000506,
      "slowest": 0.00005347
    }
  },
  "statusCodeDistribution": {
    "200": 440800
  },
  "errorDistribution": {}
}