{
  "summary": {
    "successRate": 1,
    "total": 10.000656034,
    "slowest": 0.011018645,
    "fastest": 0.000220173,
    "average": 0.001218084087809405,
    "requestsPerSec": 40983.811322632275,
    "totalData": 5328245,
    "sizePerRequest": 13,
    "sizePerSec": 532789.5471942195
  },
  "responseTimeHistogram": {
    "0.000220173": 1,
    "0.0013000201999999999": 310910,
    "0.0023798674": 97037,
    "0.0034597146": 566,
    "0.0045395617999999995": 5,
    "0.005619409": 992,
    "0.006699256199999999": 255,
    "0.007779103399999999": 49,
    "0.0088589506": 0,
    "0.0099387978": 0,
    "0.011018645": 50
  },
  "latencyPercentiles": {
    "p10": 0.000904421,
    "p25": 0.001087323,
    "p50": 0.001225667,
    "p75": 0.001297342,
    "p90": 0.00137218,
    "p95": 0.001510871,
    "p99": 0.002242603
  },
  "rps": {
    "mean": 40997.02229260096,
    "stddev": 4179.660254956603,
    "max": 47772.914979686284,
    "percentiles": {
      "p10": 37640.51958772486,
      "p25": 39688.86336507452,
      "p50": 41966.22027842816,
      "p75": 43245.329088639024,
      "p90": 44464.12796879671,
      "p95": 45169.11305869224,
      "p99": 46249.7195414976
    }
  },
  "details": {
    "DNSDialup": {
      "average": 0.0008115350599999998,
      "fastest": 0.000109281,
      "slowest": 0.001129391
    },
    "DNSLookup": {
      "average": 0.000006563319999999999,
      "fastest": 0.000003296,
      "slowest": 0.000035246
    }
  },
  "statusCodeDistribution": {
    "200": 409865
  },
  "errorDistribution": {}
}