{
  "summary": {
    "successRate": 1,
    "total": 10.000887391,
    "slowest": 0.010346716,
    "fastest": 0.000132234,
    "average": 0.0011916380766566492,
    "requestsPerSec": 41894.78229472447,
    "totalData": 5446805,
    "sizePerRequest": 13,
    "sizePerSec": 544632.1698314182
  },
  "responseTimeHistogram": {
    "0.000132234": 1,
    "0.0011536822": 155308,
    "0.0021751304": 260576,
    "0.0031965786": 1681,
    "0.0042180268": 19,
    "0.005239475": 32,
    "0.0062609232": 1249,
    "0.007282371399999999": 19,
    "0.0083038196": 0,
    "0.0093252678": 41,
    "0.010346716": 59
  },
  "latencyPercentiles": {
    "p10": 0.000886672,
    "p25": 0.001063461,
    "p50": 0.001201791,
    "p75": 0.001270757,
    "p90": 0.001340226,
    "p95": 0.001456342,
    "p99": 0.002137023
  },
  "rps": {
    "mean": 41902.47784791212,
    "stddev": 4417.2551748087635,
    "max": 49028.12795309355,
    "percentiles": {
      "p10": 38686.22399895297,
      "p25": 40700.056980079935,
      "p50": 42815.61485473747,
      "p75": 44230.350866762754,
      "p90": 45245.26867774543,
      "p95": 46103.04453231948,
      "p99": 47747.38211463589
    }
  },
  "details": {
    "DNSDialup": {
      "average": 0.0007719553999999999,
      "fastest": 0.000072938,
      "slowest": 0.001679316
    },
    "DNSLookup": {
      "average": 0.0000070200600000000005,
      "fastest": 0.000003126,
      "slowest": 0.000034304
    }
  },
  "statusCodeDistribution": {
    "200": 418985
  },
  "errorDistribution": {}
}