{
  "summary": {
    "successRate": 1,
    "total": 10.000181813,
    "slowest": 0.009579391,
    "fastest": 0.00039686,
    "average": 0.0011528490572711352,
    "requestsPerSec": 43305.512649482866,
    "totalData": 5629819,
    "sizePerRequest": 13,
    "sizePerSec": 562971.6644432773
  },
  "responseTimeHistogram": {
    "0.00039686": 1,
    "0.0013151131": 400034,
    "0.0022333661999999997": 29371,
    "0.0031516192999999997": 2027,
    "0.0040698724": 76,
    "0.004988125499999999": 224,
    "0.005906378599999999": 616,
    "0.006824631699999999": 664,
    "0.007742884799999999": 0,
    "0.0086611379": 0,
    "0.009579391": 50
  },
  "latencyPercentiles": {
    "p10": 0.000848071,
    "p25": 0.001042114,
    "p50": 0.001160427,
    "p75": 0.001221667,
    "p90": 0.001289154,
    "p95": 0.001384485,
    "p99": 0.002201482
  },
  "rps": {
    "mean": 43310.84900168446,
    "stddev": 4737.3660445682335,
    "max": 54958.41529962275,
    "percentiles": {
      "p10": 39947.69060694421,
      "p25": 42439.80429244575,
      "p50": 44450.442846355094,
      "p75": 45804.46135453583,
      "p90": 46689.09890038932,
      "p95": 47258.56561502056,
      "p99": 49116.72097572686
    }
  },
  "details": {
    "DNSDialup": {
      "average": 0.0006446396199999998,
      "fastest": 0.000072262,
      "slowest": 0.000936196
    },
    "DNSLookup": {
      "average": 0.000007772780000000001,
      "fastest": 0.000004038,
      "slowest": 0.000040796
    }
  },
  "statusCodeDistribution": {
    "200": 433063
  },
  "errorDistribution": {}
}