{
  "summary": {
    "successRate": 1,
    "total": 10.001748515,
    "slowest": 0.011343182,
    "fastest": 0.000418003,
    "average": 0.0012555584407312665,
    "requestsPerSec": 39740.85125254722,
    "totalData": 5167214,
    "sizePerRequest": 13,
    "sizePerSec": 516631.06628311385
  },
  "responseTimeHistogram": {
    "0.000418003": 1,
    "0.0015105208999999999": 380382,
    "0.0026030388": 9699,
    "0.0036955567": 1432,
    "0.0047880746": 1023,
    "0.0058805925": 3897,
    "0.0069731103999999995": 97,
    "0.008065628299999999": 97,
    "0.0091581462": 76,
    "0.0102506641": 288,
    "0.011343182": 486
  },
  "latencyPercentiles": {
    "p10": 0.000996207,
    "p25": 0.001081908,
    "p50": 0.001187908,
    "p75": 0.001245309,
    "p90": 0.001295709,
    "p95": 0.00139341,
    "p99": 0.005393437
  },
  "rps": {
    "mean": 39801.67986399409,
    "stddev": 8099.414787006824,
    "max": 45887.32817425298,
    "percentiles": {
      "p10": 24870.181679195088,
      "p25": 42021.557058771665,
      "p50": 43089.324169000014,
      "p75": 43583.916584224746,
      "p90": 43917.25948297037,
      "p95": 44153.562686896774,
      "p99": 44558.94256923068
    }
  },
  "details": {
    "DNSDialup": {
      "average": 0.0016693121199999998,
      "fastest": 0.000087001,
      "slowest": 0.003471525
    },
    "DNSLookup": {
      "average": 0.000006338079999999998,
      "fastest": 0.0000039,
      "slowest": 0.000052201
    }
  },
  "statusCodeDistribution": {
    "200": 397478
  },
  "errorDistribution": {}
}