{
  "summary": {
    "successRate": 1,
    "total": 10.000659227,
    "slowest": 0.015348783,
    "fastest": 0.000258022,
    "average": 0.0014354987098115642,
    "requestsPerSec": 34775.107531018766,
    "totalData": 4521062,
    "sizePerRequest": 13,
    "sizePerSec": 452076.39790324395
  },
  "responseTimeHistogram": {
    "0.000258022": 1,
    "0.0017670981": 323827,
    "0.0032761742": 14403,
    "0.0047852503": 5312,
    "0.0062943263999999995": 3065,
    "0.007803402499999999": 281,
    "0.0093124786": 135,
    "0.0108215547": 1,
    "0.012330630799999999": 494,
    "0.013839706899999998": 153,
    "0.015348782999999998": 102
  },
  "latencyPercentiles": {
    "p10": 0.001101992,
    "p25": 0.001234603,
    "p50": 0.001322011,
    "p75": 0.001376415,
    "p90": 0.001487825,
    "p95": 0.002264889,
    "p99": 0.004887408
  },
  "rps": {
    "mean": 34881.605111611956,
    "stddev": 7992.755896502649,
    "max": 43281.7523050278,
    "percentiles": {
      "p10": 24133.219427241518,
      "p25": 34366.554268998334,
      "p50": 38713.8014702236,
      "p75": 39335.657773770916,
      "p90": 39765.473852698735,
      "p95": 40005.902378360464,
      "p99": 40388.31308539331
    }
  },
  "details": {
    "DNSDialup": {
      "average": 0.00080575538,
      "fastest": 0.000063205,
      "slowest": 0.000981882
    },
    "DNSLookup": {
      "average": 0.000006226540000000001,
      "fastest": 0.0000037,
      "slowest": 0.000082407
    }
  },
  "statusCodeDistribution": {
    "200": 347774
  },
  "errorDistribution": {}
}