{
  "summary": {
    "successRate": 1,
    "total": 10.000477318,
    "slowest": 0.01086732,
    "fastest": 0.000398785,
    "average": 0.0011996244817377925,
    "requestsPerSec": 41614.013688221436,
    "totalData": 5410080,
    "sizePerRequest": 13,
    "sizePerSec": 540982.1779468787
  },
  "responseTimeHistogram": {
    "0.000398785": 1,
    "0.0014456385": 392610,
    "0.002492492": 21921,
    "0.0035393454999999995": 225,
    "0.004586198999999999": 2,
    "0.005633052499999999": 577,
    "0.006679905999999999": 674,
    "0.0077267594999999994": 8,
    "0.008773613": 92,
    "0.0098204665": 0,
    "0.01086732": 50
  },
  "latencyPercentiles": {
    "p10": 0.000892336,
    "p25": 0.001076087,
    "p50": 0.001208735,
    "p75": 0.001275984,
    "p90": 0.001350216,
    "p95": 0.001478118,
    "p99": 0.00212924
  },
  "rps": {
    "mean": 41620.03302235609,
    "stddev": 4488.068685893178,
    "max": 53447.285104660186,
    "percentiles": {
      "p10": 38256.44949379615,
      "p25": 40408.66563330535,
      "p50": 42652.72730148954,
      "p75": 43939.023917912484,
      "p90": 45056.74446397579,
      "p95": 45823.0363323584,
      "p99": 47192.94923190654
    }
  },
  "details": {
    "DNSDialup": {
      "average": 0.0010051246000000002,
      "fastest": 0.000122198,
      "slowest": 0.001676536
    },
    "DNSLookup": {
      "average": 0.000009329879999999999,
      "fastest": 0.000003958,
      "slowest": 0.000043031
    }
  },
  "statusCodeDistribution": {
    "200": 416160
  },
  "errorDistribution": {}
}