{
  "summary": {
    "successRate": 1,
    "total": 10.000832685,
    "slowest": 0.010797331,
    "fastest": 0.00025149,
    "average": 0.0011949638441430444,
    "requestsPerSec": 41770.72181465058,
    "totalData": 5430646,
    "sizePerRequest": 13,
    "sizePerSec": 543019.3835904575
  },
  "responseTimeHistogram": {
    "0.00025149": 1,
    "0.0013060741": 354228,
    "0.0023606582": 61807,
    "0.0034152423": 303,
    "0.0044698264": 3,
    "0.0055244105": 793,
    "0.0065789946": 467,
    "0.007633578699999999": 90,
    "0.0086881628": 0,
    "0.0097427469": 0,
    "0.010797331": 50
  },
  "latencyPercentiles": {
    "p10": 0.000894314,
    "p25": 0.00108516,
    "p50": 0.001208043,
    "p75": 0.00127218,
    "p90": 0.001335909,
    "p95": 0.001442599,
    "p99": 0.002042344
  },
  "rps": {
    "mean": 41780.207271378575,
    "stddev": 4156.026108726546,
    "max": 49004.72405539913,
    "percentiles": {
      "p10": 39093.7811983445,
      "p25": 40980.6495708894,
      "p50": 42902.44972987891,
      "p75": 43809.19972818054,
      "p90": 44517.843038702034,
      "p95": 45103.66234492599,
      "p99": 46341.51272709988
    }
  },
  "details": {
    "DNSDialup": {
      "average": 0.0006853068800000002,
      "fastest": 0.000080959,
      "slowest": 0.001494321
    },
    "DNSLookup": {
      "average": 0.0000069416,
      "fastest": 0.000003517,
      "slowest": 0.000034504
    }
  },
  "statusCodeDistribution": {
    "200": 417742
  },
  "errorDistribution": {}
}