{
  "summary": {
    "successRate": 1,
    "total": 10.000393964,
    "slowest": 0.009826664,
    "fastest": 0.00043192,
    "average": 0.0011834260113276333,
    "requestsPerSec": 42187.23797469785,
    "totalData": 5484557,
    "sizePerRequest": 13,
    "sizePerSec": 548434.093671072
  },
  "responseTimeHistogram": {
    "0.00043192": 1,
    "0.0013713943999999999": 393328,
    "0.0023108688": 24206,
    "0.0032503432": 2807,
    "0.0041898175999999995": 47,
    "0.005129292": 371,
    "0.006068766399999999": 501,
    "0.007008240799999999": 436,
    "0.0079477152": 142,
    "0.0088871896": 12,
    "0.009826664": 38
  },
  "latencyPercentiles": {
    "p10": 0.000870882,
    "p25": 0.001075705,
    "p50": 0.001188383,
    "p75": 0.001249413,
    "p90": 0.001320655,
    "p95": 0.001436616,
    "p99": 0.002319771
  },
  "rps": {
    "mean": 42198.49892090997,
    "stddev": 4738.6629633852945,
    "max": 54132.84735895539,
    "percentiles": {
      "p10": 38314.053594859244,
      "p25": 41134.39948295268,
      "p50": 43456.16909795097,
      "p75": 44649.40068280706,
      "p90": 45723.80889980217,
      "p95": 46303.014326232165,
      "p99": 47628.23597226299
    }
  },
  "details": {
    "DNSDialup": {
      "average": 0.0011693099,
      "fastest": 0.000103596,
      "slowest": 0.002505501
    },
    "DNSLookup": {
      "average": 0.000026868919999999998,
      "fastest": 0.000004368,
      "slowest": 0.000925413
    }
  },
  "statusCodeDistribution": {
    "200": 421889
  },
  "errorDistribution": {}
}