{
  "summary": {
    "successRate": 1,
    "total": 10.001676498,
    "slowest": 0.010887,
    "fastest": 0.000170244,
    "average": 0.0012166830706470083,
    "requestsPerSec": 41018.22330306689,
    "totalData": 5333263,
    "sizePerRequest": 13,
    "sizePerSec": 533236.9029398696
  },
  "responseTimeHistogram": {
    "0.000170244": 1,
    "0.0012419196": 224366,
    "0.0023135952": 183496,
    "0.0033852708": 1033,
    "0.0044569464": 5,
    "0.005528622": 66,
    "0.0066002976": 1170,
    "0.0076719731999999995": 14,
    "0.0087436488": 50,
    "0.0098153244": 0,
    "0.010887": 50
  },
  "latencyPercentiles": {
    "p10": 0.000902564,
    "p25": 0.001087714,
    "p50": 0.001228753,
    "p75": 0.001295211,
    "p90": 0.001359982,
    "p95": 0.001464864,
    "p99": 0.002230497
  },
  "rps": {
    "mean": 41044.93180765744,
    "stddev": 4419.964727082387,
    "max": 54066.420141160495,
    "percentiles": {
      "p10": 37711.296342583504,
      "p25": 39907.6981949816,
      "p50": 42043.56547835999,
      "p75": 43345.7050887858,
      "p90": 44324.19214407201,
      "p95": 44911.63710754225,
      "p99": 46627.752389297144
    }
  },
  "details": {
    "DNSDialup": {
      "average": 0.0007717816600000001,
      "fastest": 0.000108219,
      "slowest": 0.001179755
    },
    "DNSLookup": {
      "average": 0.00000651416,
      "fastest": 0.000003366,
      "slowest": 0.000034103
    }
  },
  "statusCodeDistribution": {
    "200": 410251
  },
  "errorDistribution": {}
}