{
  "summary": {
    "successRate": 1,
    "total": 10.000649044,
    "slowest": 0.01059607,
    "fastest": 0.000190696,
    "average": 0.0011822215931852939,
    "requestsPerSec": 42235.65871991218,
    "totalData": 5490992,
    "sizePerRequest": 13,
    "sizePerSec": 549063.5633588583
  },
  "responseTimeHistogram": {
    "0.000190696": 1,
    "0.0012312334": 267344,
    "0.0022717708": 153208,
    "0.0033123082": 352,
    "0.0043528455999999995": 29,
    "0.005393382999999999": 476,
    "0.006433920399999999": 901,
    "0.0074744578": 23,
    "0.0085149952": 0,
    "0.0095555326": 0,
    "0.010596069999999999": 50
  },
  "latencyPercentiles": {
    "p10": 0.000891447,
    "p25": 0.001035999,
    "p50": 0.001183398,
    "p75": 0.001272904,
    "p90": 0.001358133,
    "p95": 0.001494539,
    "p99": 0.002055999
  },
  "rps": {
    "mean": 42244.97559612699,
    "stddev": 4303.105042572741,
    "max": 49862.74228862372,
    "percentiles": {
      "p10": 39156.442737344965,
      "p25": 41100.99053387211,
      "p50": 43129.09057158895,
      "p75": 44508.61393175991,
      "p90": 45657.00273726973,
      "p95": 46296.524610477136,
      "p99": 47933.72965918556
    }
  },
  "details": {
    "DNSDialup": {
      "average": 0.0007763293399999998,
      "fastest": 0.000134322,
      "slowest": 0.00101542
    },
    "DNSLookup": {
      "average": 0.000006652680000000002,
      "fastest": 0.000003546,
      "slowest": 0.00003214
    }
  },
  "statusCodeDistribution": {
    "200": 422384
  },
  "errorDistribution": {}
}