{
  "summary": {
    "successRate": 1,
    "total": 10.000700374,
    "slowest": 0.011745112,
    "fastest": 0.000196031,
    "average": 0.001238741790350752,
    "requestsPerSec": 40294.47787953496,
    "totalData": 5238649,
    "sizePerRequest": 13,
    "sizePerSec": 523828.2124339545
  },
  "responseTimeHistogram": {
    "0.000196031": 1,
    "0.0013509391": 333776,
    "0.0025058472000000004": 67558,
    "0.0036607553000000004": 259,
    "0.0048156634000000005": 24,
    "0.005970571500000001": 1166,
    "0.007125479600000001": 139,
    "0.008280387699999999": 0,
    "0.0094352958": 0,
    "0.010590203900000001": 0,
    "0.011745112": 50
  },
  "latencyPercentiles": {
    "p10": 0.000927597,
    "p25": 0.001109408,
    "p50": 0.001249853,
    "p75": 0.001323118,
    "p90": 0.001390569,
    "p95": 0.001484828,
    "p99": 0.00219283
  },
  "rps": {
    "mean": 40305.93471027499,
    "stddev": 4137.199006827483,
    "max": 47190.123698244606,
    "percentiles": {
      "p10": 37494.07351741263,
      "p25": 39663.269120624216,
      "p50": 41186.300009365856,
      "p75": 42289.00730482267,
      "p90": 43427.541604499784,
      "p95": 44003.24303901182,
      "p99": 45500.518705912684
    }
  },
  "details": {
    "DNSDialup": {
      "average": 0.0006302376000000002,
      "fastest": 0.000077447,
      "slowest": 0.001037427
    },
    "DNSLookup": {
      "average": 0.000007312440000000001,
      "fastest": 0.000003356,
      "slowest": 0.000027612
    }
  },
  "statusCodeDistribution": {
    "200": 402973
  },
  "errorDistribution": {}
}