{
  "summary": {
    "successRate": 1,
    "total": 10.001324861,
    "slowest": 0.014287471,
    "fastest": 0.00029106,
    "average": 0.001598957404296853,
    "requestsPerSec": 31227.862742253943,
    "totalData": 4060160,
    "sizePerRequest": 13,
    "sizePerSec": 405962.21564930124
  },
  "responseTimeHistogram": {
    "0.00029106": 1,
    "0.0016907011000000002": 197729,
    "0.0030903422000000003": 112756,
    "0.004489983300000001": 616,
    "0.0058896244000000006": 527,
    "0.0072892655": 599,
    "0.0086889066": 42,
    "0.0100885477": 0,
    "0.0114881888": 0,
    "0.0128878299": 0,
    "0.014287471": 50
  },
  "latencyPercentiles": {
    "p10": 0.001082929,
    "p25": 0.001425717,
    "p50": 0.001650486,
    "p75": 0.001727708,
    "p90": 0.001814039,
    "p95": 0.002204989,
    "p99": 0.00254003
  },
  "rps": {
    "mean": 31223.475405181678,
    "stddev": 3298.2204611854363,
    "max": 36805.409270847886,
    "percentiles": {
      "p10": 29583.387293707237,
      "p25": 30467.00913990269,
      "p50": 31850.620792000722,
      "p75": 32823.79725300735,
      "p90": 33629.22379547761,
      "p95": 34170.97995957295,
      "p99": 35255.87806470253
    }
  },
  "details": {
    "DNSDialup": {
      "average": 0.0006690476800000001,
      "fastest": 0.0000861,
      "slowest": 0.001103639
    },
    "DNSLookup": {
      "average": 0.00000619776,
      "fastest": 0.000003326,
      "slowest": 0.000031037
    }
  },
  "statusCodeDistribution": {
    "200": 312320
  },
  "errorDistribution": {}
}