{
  "summary": {
    "successRate": 1,
    "total": 10.000593478,
    "slowest": 0.014769011,
    "fastest": 0.000436046,
    "average": 0.0015856724654317415,
    "requestsPerSec": 31492.33099943831,
    "totalData": 4094246,
    "sizePerRequest": 13,
    "sizePerSec": 409400.30299269804
  },
  "responseTimeHistogram": {
    "0.000436046": 1,
    "0.0018693425": 267172,
    "0.0033026389999999996": 46280,
    "0.004735935499999999": 325,
    "0.006169231999999999": 624,
    "0.0076025285": 423,
    "0.009035824999999999": 67,
    "0.0104691215": 0,
    "0.011902418": 0,
    "0.0133357145": 0,
    "0.014769011": 50
  },
  "latencyPercentiles": {
    "p10": 0.001084421,
    "p25": 0.001326053,
    "p50": 0.001621461,
    "p75": 0.001744934,
    "p90": 0.001942873,
    "p95": 0.00211379,
    "p99": 0.00261703
  },
  "rps": {
    "mean": 31516.473835153512,
    "stddev": 4074.7096012864754,
    "max": 42842.263934966555,
    "percentiles": {
      "p10": 27924.12085559738,
      "p25": 29906.5914127462,
      "p50": 31956.55728388768,
      "p75": 33602.323184472,
      "p90": 35101.19748362025,
      "p95": 37128.23973914492,
      "p99": 40818.3175677202
    }
  },
  "details": {
    "DNSDialup": {
      "average": 0.0008543237800000002,
      "fastest": 0.000129824,
      "slowest": 0.001319147
    },
    "DNSLookup": {
      "average": 0.000009519940000000003,
      "fastest": 0.000004188,
      "slowest": 0.000059031
    }
  },
  "statusCodeDistribution": {
    "200": 314942
  },
  "errorDistribution": {}
}