{
  "summary": {
    "successRate": 1,
    "total": 10.001658996,
    "slowest": 0.01484763,
    "fastest": 0.000487294,
    "average": 0.0020590484275520506,
    "requestsPerSec": 24254.076258450354,
    "totalData": 3153553,
    "sizePerRequest": 13,
    "sizePerSec": 315302.9913598546
  },
  "responseTimeHistogram": {
    "0.000487294": 1,
    "0.0019233276": 102203,
    "0.0033593612000000004": 131301,
    "0.004795394800000001": 7391,
    "0.006231428400000001": 614,
    "0.007667462000000001": 645,
    "0.0091034956": 342,
    "0.0105395292": 34,
    "0.0119755628": 0,
    "0.013411596400000001": 46,
    "0.01484763": 4
  },
  "latencyPercentiles": {
    "p10": 0.001589883,
    "p25": 0.001686882,
    "p50": 0.002059978,
    "p75": 0.002196176,
    "p90": 0.002326673,
    "p95": 0.003103164,
    "p99": 0.003924955
  },
  "rps": {
    "mean": 24237.571391276822,
    "stddev": 3427.5734799919924,
    "max": 28146.166122372117,
    "percentiles": {
      "p10": 21465.069210805566,
      "p25": 22684.645486167214,
      "p50": 25700.881786544658,
      "p75": 26155.376011195094,
      "p90": 26424.782117792292,
      "p95": 26715.548023929678,
      "p99": 27395.618413280376
    }
  },
  "details": {
    "DNSDialup": {
      "average": 0.0013286228,
      "fastest": 0.0000648,
      "slowest": 0.002877667
    },
    "DNSLookup": {
      "average": 0.0000043739600000000006,
      "fastest": 0.000003,
      "slowest": 0.000038499
    }
  },
  "statusCodeDistribution": {
    "200": 242581
  },
  "errorDistribution": {}
}