{
  "summary": {
    "successRate": 1,
    "total": 10.000360187,
    "slowest": 0.013159858,
    "fastest": 0.000516562,
    "average": 0.0014493722941729625,
    "requestsPerSec": 34453.65902399171,
    "totalData": 4479137,
    "sizePerRequest": 13,
    "sizePerSec": 447897.5673118923
  },
  "responseTimeHistogram": {
    "0.000516562": 1,
    "0.0017808916": 321304,
    "0.0030452212": 21979,
    "0.0043095508": 387,
    "0.0055738804": 802,
    "0.00683821": 26,
    "0.0081025396": 0,
    "0.0093668692": 0,
    "0.0106311988": 0,
    "0.011895528399999999": 0,
    "0.013159858": 50
  },
  "latencyPercentiles": {
    "p10": 0.000995822,
    "p25": 0.001301672,
    "p50": 0.001501822,
    "p75": 0.001577751,
    "p90": 0.001659482,
    "p95": 0.001942404,
    "p99": 0.002180692
  },
  "rps": {
    "mean": 34457.078414133146,
    "stddev": 3075.1568235256163,
    "max": 38907.09662410903,
    "percentiles": {
      "p10": 32638.023297139785,
      "p25": 33732.39966869864,
      "p50": 35006.12201266833,
      "p75": 36007.565189446184,
      "p90": 36733.10007300246,
      "p95": 37229.325539727775,
      "p99": 38306.49524730392
    }
  },
  "details": {
    "DNSDialup": {
      "average": 0.0009489799000000001,
      "fastest": 0.000086481,
      "slowest": 0.001972816
    },
    "DNSLookup": {
      "average": 0.000020707600000000005,
      "fastest": 0.000004388,
      "slowest": 0.000618984
    }
  },
  "statusCodeDistribution": {
    "200": 344549
  },
  "errorDistribution": {}
}