{
  "summary": {
    "successRate": 1,
    "total": 10.000958465,
    "slowest": 0.012819913,
    "fastest": 0.000447292,
    "average": 0.0014709625409098782,
    "requestsPerSec": 33946.94630401107,
    "totalData": 4413526,
    "sizePerRequest": 13,
    "sizePerSec": 441310.30195214396
  },
  "responseTimeHistogram": {
    "0.000447292": 1,
    "0.0016845541": 305101,
    "0.0029218162000000003": 33350,
    "0.004159078300000001": 342,
    "0.0053963404000000005": 653,
    "0.0066336025": 5,
    "0.007870864600000001": 0,
    "0.0091081267": 0,
    "0.0103453888": 0,
    "0.011582650900000001": 8,
    "0.012819913": 42
  },
  "latencyPercentiles": {
    "p10": 0.001011171,
    "p25": 0.001334115,
    "p50": 0.001524534,
    "p75": 0.001601565,
    "p90": 0.001686406,
    "p95": 0.001990903,
    "p99": 0.002198868
  },
  "rps": {
    "mean": 33947.67439770102,
    "stddev": 2866.131002751186,
    "max": 38607.21551448848,
    "percentiles": {
      "p10": 31939.394048617418,
      "p25": 33138.38419040858,
      "p50": 34404.58957224897,
      "p75": 35415.07889062546,
      "p90": 36245.02018548289,
      "p95": 36783.027720035214,
      "p99": 37793.22782228905
    }
  },
  "details": {
    "DNSDialup": {
      "average": 0.00108182464,
      "fastest": 0.000101538,
      "slowest": 0.002168536
    },
    "DNSLookup": {
      "average": 0.000050253840000000006,
      "fastest": 0.000004919,
      "slowest": 0.00203192
    }
  },
  "statusCodeDistribution": {
    "200": 339502
  },
  "errorDistribution": {}
}