{
  "summary": {
    "successRate": 1,
    "total": 10.000991716,
    "slowest": 0.025670005,
    "fastest": 0.0006454,
    "average": 0.0031481935783550736,
    "requestsPerSec": 15869.126233360836,
    "totalData": 2063191,
    "sizePerRequest": 13,
    "sizePerSec": 206298.64103369086
  },
  "responseTimeHistogram": {
    "0.0006454": 1,
    "0.0031478605": 117386,
    "0.005650321": 38479,
    "0.008152781500000001": 1490,
    "0.010655241999999999": 656,
    "0.0131577025": 509,
    "0.015660163": 86,
    "0.0181626235": 1,
    "0.020665084": 49,
    "0.0231675445": 4,
    "0.025670005": 46
  },
  "latencyPercentiles": {
    "p10": 0.002607701,
    "p25": 0.002772901,
    "p50": 0.0029505,
    "p75": 0.0031617,
    "p90": 0.003959,
    "p95": 0.004365401,
    "p99": 0.007480001
  },
  "rps": {
    "mean": 15902.82593552711,
    "stddev": 2849.6244100161052,
    "max": 20479.30846251369,
    "percentiles": {
      "p10": 13668.946815748453,
      "p25": 15311.022405029218,
      "p50": 16624.103287356233,
      "p75": 17501.74842466732,
      "p90": 18125.018058381844,
      "p95": 18548.17081588236,
      "p99": 19194.639876394343
    }
  },
  "details": {
    "DNSDialup": {
      "average": 0.00226427658,
      "fastest": 0.0000824,
      "slowest": 0.004312401
    },
    "DNSLookup": {
      "average": 0.000008092020000000001,
      "fastest": 0.0000049,
      "slowest": 0.0000505
    }
  },
  "statusCodeDistribution": {
    "200": 158707
  },
  "errorDistribution": {}
}