{
  "summary": {
    "successRate": 1,
    "total": 10.001903506,
    "slowest": 0.015034714,
    "fastest": 0.000376505,
    "average": 0.00207327935019634,
    "requestsPerSec": 24087.614908049683,
    "totalData": 3131986,
    "sizePerRequest": 13,
    "sizePerSec": 313138.9938046459
  },
  "responseTimeHistogram": {
    "0.000376505": 1,
    "0.0018423259": 108382,
    "0.0033081468": 123242,
    "0.0047739677": 7857,
    "0.0062397886": 347,
    "0.007705609499999999": 537,
    "0.0091714304": 468,
    "0.0106372513": 38,
    "0.012103072199999999": 0,
    "0.013568893099999998": 49,
    "0.015034713999999998": 1
  },
  "latencyPercentiles": {
    "p10": 0.001625821,
    "p25": 0.001712622,
    "p50": 0.002042821,
    "p75": 0.002247424,
    "p90": 0.002343831,
    "p95": 0.003131345,
    "p99": 0.003904955
  },
  "rps": {
    "mean": 24078.351400025505,
    "stddev": 3385.4776614642587,
    "max": 27484.194156132042,
    "percentiles": {
      "p10": 21018.8518081882,
      "p25": 23172.288386709704,
      "p50": 25373.832572563046,
      "p75": 25816.944266104176,
      "p90": 26619.864289300305,
      "p95": 26909.052968357526,
      "p99": 27221.33869674769
    }
  },
  "details": {
    "DNSDialup": {
      "average": 0.00152312362,
      "fastest": 0.000076601,
      "slowest": 0.003287847
    },
    "DNSLookup": {
      "average": 0.00000507808,
      "fastest": 0.0000033,
      "slowest": 0.000042901
    }
  },
  "statusCodeDistribution": {
    "200": 240922
  },
  "errorDistribution": {}
}