{
  "summary": {
    "successRate": 1,
    "total": 10.001187567,
    "slowest": 0.01499907,
    "fastest": 0.000293635,
    "average": 0.0016015808915645058,
    "requestsPerSec": 31178.897297047362,
    "totalData": 4053738,
    "sizePerRequest": 13,
    "sizePerSec": 405325.6648616157
  },
  "responseTimeHistogram": {
    "0.000293635": 1,
    "0.0017641784999999999": 233905,
    "0.0032347219999999998": 76150,
    "0.0047052655": 511,
    "0.006175808999999999": 390,
    "0.0076463525": 771,
    "0.009116896": 48,
    "0.0105874395": 0,
    "0.012057983": 0,
    "0.013528526499999999": 0,
    "0.01499907": 50
  },
  "latencyPercentiles": {
    "p10": 0.001086075,
    "p25": 0.001331931,
    "p50": 0.001634174,
    "p75": 0.001764093,
    "p90": 0.001953404,
    "p95": 0.002194382,
    "p99": 0.002774991
  },
  "rps": {
    "mean": 31193.55758308162,
    "stddev": 4223.935109839399,
    "max": 41413.770078551075,
    "percentiles": {
      "p10": 27355.97853888538,
      "p25": 29658.039509123784,
      "p50": 31657.110047252358,
      "p75": 33279.80480341515,
      "p90": 34929.4769856294,
      "p95": 37052.55277027141,
      "p99": 40700.135005571385
    }
  },
  "details": {
    "DNSDialup": {
      "average": 0.0007160641999999999,
      "fastest": 0.000082132,
      "slowest": 0.001711919
    },
    "DNSLookup": {
      "average": 0.000006643640000000001,
      "fastest": 0.000003497,
      "slowest": 0.00003239
    }
  },
  "statusCodeDistribution": {
    "200": 311826
  },
  "errorDistribution": {}
}