{
  "summary": {
    "successRate": 1,
    "total": 10.000926398,
    "slowest": 0.012512336,
    "fastest": 0.000608559,
    "average": 0.0016782187817417748,
    "requestsPerSec": 29756.94332272197,
    "totalData": 3868761,
    "sizePerRequest": 13,
    "sizePerSec": 386840.26319538563
  },
  "responseTimeHistogram": {
    "0.000608559": 1,
    "0.0017989367000000001": 215502,
    "0.0029893144": 79316,
    "0.0041796921": 1075,
    "0.0053700698": 881,
    "0.0065604475": 624,
    "0.0077508252": 21,
    "0.0089412029": 83,
    "0.0101315806": 44,
    "0.0113219583": 0,
    "0.012512336": 50
  },
  "latencyPercentiles": {
    "p10": 0.001113764,
    "p25": 0.001531693,
    "p50": 0.001724074,
    "p75": 0.001809536,
    "p90": 0.001924942,
    "p95": 0.002326257,
    "p99": 0.002859321
  },
  "rps": {
    "mean": 29755.41419879438,
    "stddev": 3360.95680955916,
    "max": 34961.62835345738,
    "percentiles": {
      "p10": 27677.02516102266,
      "p25": 29143.861003077145,
      "p50": 30357.838026123118,
      "p75": 31457.912336124562,
      "p90": 32335.059288031032,
      "p95": 32982.80836877154,
      "p99": 33846.49914553563
    }
  },
  "details": {
    "DNSDialup": {
      "average": 0.0013140295199999999,
      "fastest": 0.000102739,
      "slowest": 0.002811133
    },
    "DNSLookup": {
      "average": 0.000029734460000000002,
      "fastest": 0.000003637,
      "slowest": 0.001171465
    }
  },
  "statusCodeDistribution": {
    "200": 297597
  },
  "errorDistribution": {}
}