{
  "summary": {
    "successRate": 1,
    "total": 10.000252863,
    "slowest": 0.013061636,
    "fastest": 0.000542246,
    "average": 0.0014816918594683824,
    "requestsPerSec": 33699.74785806573,
    "totalData": 4381078,
    "sizePerRequest": 13,
    "sizePerSec": 438096.72215485456
  },
  "responseTimeHistogram": {
    "0.000542246": 1,
    "0.0017941850000000002": 314747,
    "0.0030461240000000003": 20547,
    "0.004298063": 473,
    "0.005550002": 162,
    "0.006801941000000001": 980,
    "0.008053880000000001": 46,
    "0.009305819": 0,
    "0.010557758": 0,
    "0.011809697000000001": 0,
    "0.013061636000000001": 50
  },
  "latencyPercentiles": {
    "p10": 0.001015286,
    "p25": 0.001322289,
    "p50": 0.001518391,
    "p75": 0.001597835,
    "p90": 0.001684579,
    "p95": 0.002078312,
    "p99": 0.002436953
  },
  "rps": {
    "mean": 33708.50295494291,
    "stddev": 3541.4234668515273,
    "max": 39496.35146107556,
    "percentiles": {
      "p10": 31555.81503717551,
      "p25": 32946.31367299738,
      "p50": 34411.12511675152,
      "p75": 35472.537792531046,
      "p90": 36319.34296252713,
      "p95": 36978.048524046324,
      "p99": 38007.55750274941
    }
  },
  "details": {
    "DNSDialup": {
      "average": 0.0009712526600000001,
      "fastest": 0.000145212,
      "slowest": 0.001395708
    },
    "DNSLookup": {
      "average": 0.000008341899999999999,
      "fastest": 0.000004157,
      "slowest": 0.000031288
    }
  },
  "statusCodeDistribution": {
    "200": 337006
  },
  "errorDistribution": {}
}