{
  "summary": {
    "successRate": 1,
    "total": 10.000817188,
    "slowest": 0.014497639,
    "fastest": 0.000288948,
    "average": 0.0015517176956941752,
    "requestsPerSec": 32179.47033229981,
    "totalData": 4183673,
    "sizePerRequest": 13,
    "sizePerSec": 418333.11431989755
  },
  "responseTimeHistogram": {
    "0.000288948": 1,
    "0.0017098171": 269879,
    "0.0031306861999999998": 50089,
    "0.0045515553": 580,
    "0.0059724244": 696,
    "0.007393293499999999": 516,
    "0.008814162600000001": 10,
    "0.010235031700000001": 0,
    "0.0116559008": 0,
    "0.0130767699": 0,
    "0.014497639": 50
  },
  "latencyPercentiles": {
    "p10": 0.001058143,
    "p25": 0.00138582,
    "p50": 0.001607145,
    "p75": 0.001677397,
    "p90": 0.00175252,
    "p95": 0.002075007,
    "p99": 0.002388569
  },
  "rps": {
    "mean": 32200.419801441265,
    "stddev": 3282.3222800973344,
    "max": 37963.69787606572,
    "percentiles": {
      "p10": 30455.407522903854,
      "p25": 31678.389544251324,
      "p50": 32850.332675121004,
      "p75": 33700.32015304172,
      "p90": 34643.61047868676,
      "p95": 35158.13482457667,
      "p99": 36026.75476877085
    }
  },
  "details": {
    "DNSDialup": {
      "average": 0.0006923599799999999,
      "fastest": 0.000093194,
      "slowest": 0.001478145
    },
    "DNSLookup": {
      "average": 0.000006735860000000002,
      "fastest": 0.000003497,
      "slowest": 0.000031008
    }
  },
  "statusCodeDistribution": {
    "200": 321821
  },
  "errorDistribution": {}
}