{
  "summary": {
    "successRate": 1,
    "total": 10.000643732,
    "slowest": 0.015028728,
    "fastest": 0.000485308,
    "average": 0.0015493835166620088,
    "requestsPerSec": 32226.92544968264,
    "totalData": 4189770,
    "sizePerRequest": 13,
    "sizePerSec": 418950.03084587434
  },
  "responseTimeHistogram": {
    "0.000485308": 1,
    "0.00193965": 299817,
    "0.0033939919999999998": 20990,
    "0.004848334": 312,
    "0.006302676": 976,
    "0.007757018": 94,
    "0.00921136": 50,
    "0.010665701999999999": 0,
    "0.012120044": 0,
    "0.013574386": 0,
    "0.015028728": 50
  },
  "latencyPercentiles": {
    "p10": 0.001056664,
    "p25": 0.00139141,
    "p50": 0.001597188,
    "p75": 0.001671826,
    "p90": 0.00176149,
    "p95": 0.002081533,
    "p99": 0.002452475
  },
  "rps": {
    "mean": 32226.893056576562,
    "stddev": 3382.4707828739593,
    "max": 36798.57806949019,
    "percentiles": {
      "p10": 30349.13828980516,
      "p25": 31740.497701016968,
      "p50": 32891.524465135655,
      "p75": 33819.92331682603,
      "p90": 34704.88991898958,
      "p95": 35192.85473024043,
      "p99": 36019.457753705916
    }
  },
  "details": {
    "DNSDialup": {
      "average": 0.0008341684599999998,
      "fastest": 0.00011746,
      "slowest": 0.001318962
    },
    "DNSLookup": {
      "average": 0.000009548479999999999,
      "fastest": 0.000004278,
      "slowest": 0.000046036
    }
  },
  "statusCodeDistribution": {
    "200": 322290
  },
  "errorDistribution": {}
}