{
  "summary": {
    "successRate": 1,
    "total": 10.000689887,
    "slowest": 0.013863396,
    "fastest": 0.000326518,
    "average": 0.001564764636571604,
    "requestsPerSec": 31913.298343034603,
    "totalData": 4149015,
    "sizePerRequest": 13,
    "sizePerSec": 414872.8784594498
  },
  "responseTimeHistogram": {
    "0.000326518": 1,
    "0.0016802058": 216669,
    "0.0030338936": 100700,
    "0.0043875814": 551,
    "0.0057412691999999994": 324,
    "0.007094956999999999": 722,
    "0.0084486448": 138,
    "0.0098023326": 0,
    "0.0111560204": 0,
    "0.012509708199999999": 0,
    "0.013863395999999998": 50
  },
  "latencyPercentiles": {
    "p10": 0.001070838,
    "p25": 0.001314432,
    "p50": 0.001612298,
    "p75": 0.00171033,
    "p90": 0.001894688,
    "p95": 0.002129813,
    "p99": 0.002585632
  },
  "rps": {
    "mean": 31926.56726659852,
    "stddev": 3993.2906571656495,
    "max": 42547.27396280781,
    "percentiles": {
      "p10": 28783.133931860786,
      "p25": 30611.689811446533,
      "p50": 32449.961004790926,
      "p75": 33718.88594801953,
      "p90": 35351.3271246841,
      "p95": 37506.71745309947,
      "p99": 40886.396635864665
    }
  },
  "details": {
    "DNSDialup": {
      "average": 0.0006928516599999998,
      "fastest": 0.000081945,
      "slowest": 0.001443148
    },
    "DNSLookup": {
      "average": 0.000006708779999999999,
      "fastest": 0.000003086,
      "slowest": 0.00002678
    }
  },
  "statusCodeDistribution": {
    "200": 319155
  },
  "errorDistribution": {}
}