{
  "summary": {
    "successRate": 1,
    "total": 10.000164855,
    "slowest": 0.013029115,
    "fastest": 0.000527614,
    "average": 0.0015350271773520387,
    "requestsPerSec": 32533.06367617877,
    "totalData": 4229368,
    "sizePerRequest": 13,
    "sizePerSec": 422929.827790324
  },
  "responseTimeHistogram": {
    "0.000527614": 1,
    "0.0017777641000000003": 294758,
    "0.0030279142000000005": 28482,
    "0.0042780643": 855,
    "0.005528214400000001": 150,
    "0.006778364500000001": 778,
    "0.008028514600000002": 262,
    "0.009278664700000001": 0,
    "0.010528814800000001": 0,
    "0.011778964900000001": 0,
    "0.013029115": 50
  },
  "latencyPercentiles": {
    "p10": 0.001027779,
    "p25": 0.00137501,
    "p50": 0.001562542,
    "p75": 0.001651361,
    "p90": 0.001765563,
    "p95": 0.002192112,
    "p99": 0.002667426
  },
  "rps": {
    "mean": 32547.34937165041,
    "stddev": 3916.3819906072595,
    "max": 43387.77751348728,
    "percentiles": {
      "p10": 29632.875881691976,
      "p25": 31602.01936903703,
      "p50": 33240.72509666181,
      "p75": 34757.32772130504,
      "p90": 35727.617448287434,
      "p95": 36252.4958449053,
      "p99": 37730.218646615256
    }
  },
  "details": {
    "DNSDialup": {
      "average": 0.0011137969000000005,
      "fastest": 0.000160941,
      "slowest": 0.002196092
    },
    "DNSLookup": {
      "average": 0.00001035334,
      "fastest": 0.000004218,
      "slowest": 0.00005342
    }
  },
  "statusCodeDistribution": {
    "200": 325336
  },
  "errorDistribution": {}
}