{
  "summary": {
    "successRate": 1,
    "total": 10.000197497,
    "slowest": 0.01789603,
    "fastest": 0.000446382,
    "average": 0.0016228731904799102,
    "requestsPerSec": 30767.992341381654,
    "totalData": 3999918,
    "sizePerRequest": 13,
    "sizePerSec": 399983.9004379615
  },
  "responseTimeHistogram": {
    "0.000446382": 1,
    "0.0021913468": 289079,
    "0.003936311600000001": 17271,
    "0.005681276400000001": 262,
    "0.007426241200000001": 862,
    "0.009171206000000001": 161,
    "0.010916170800000001": 0,
    "0.012661135600000002": 0,
    "0.014406100400000002": 0,
    "0.0161510652": 0,
    "0.01789603": 50
  },
  "latencyPercentiles": {
    "p10": 0.001106088,
    "p25": 0.001344655,
    "p50": 0.001661936,
    "p75": 0.001783362,
    "p90": 0.001971142,
    "p95": 0.002263302,
    "p99": 0.002743738
  },
  "rps": {
    "mean": 30797.855704630405,
    "stddev": 4131.962326177579,
    "max": 41388.5786999765,
    "percentiles": {
      "p10": 27316.23403788841,
      "p25": 29343.135445345575,
      "p50": 31010.87215862873,
      "p75": 32715.26569562526,
      "p90": 34738.28700575719,
      "p95": 36908.933594439106,
      "p99": 40460.165611589924
    }
  },
  "details": {
    "DNSDialup": {
      "average": 0.0009037822000000002,
      "fastest": 0.000102369,
      "slowest": 0.00196425
    },
    "DNSLookup": {
      "average": 0.00000770378,
      "fastest": 0.000003637,
      "slowest": 0.000030066
    }
  },
  "statusCodeDistribution": {
    "200": 307686
  },
  "errorDistribution": {}
}