{
  "summary": {
    "successRate": 1,
    "total": 10.000637322,
    "slowest": 0.015788938,
    "fastest": 0.000211363,
    "average": 0.0015952463452080306,
    "requestsPerSec": 31302.605016116595,
    "totalData": 4069598,
    "sizePerRequest": 13,
    "sizePerSec": 406933.86520951573
  },
  "responseTimeHistogram": {
    "0.000211363": 1,
    "0.0017691205": 271572,
    "0.003326878": 39895,
    "0.004884635500000001": 360,
    "0.006442393": 721,
    "0.0080001505": 405,
    "0.009557908": 42,
    "0.0111156655": 0,
    "0.012673423": 0,
    "0.0142311805": 0,
    "0.015788938": 50
  },
  "latencyPercentiles": {
    "p10": 0.0010805,
    "p25": 0.001426355,
    "p50": 0.001639341,
    "p75": 0.001715466,
    "p90": 0.001800084,
    "p95": 0.002243767,
    "p99": 0.002557539
  },
  "rps": {
    "mean": 31325.789679756144,
    "stddev": 3403.062187038419,
    "max": 36273.81530610224,
    "percentiles": {
      "p10": 29522.918641740063,
      "p25": 30476.360913175322,
      "p50": 32000.867223500296,
      "p75": 33092.46552571939,
      "p90": 33828.00097034513,
      "p95": 34365.91037951659,
      "p99": 35304.7263216044
    }
  },
  "details": {
    "DNSDialup": {
      "average": 0.00050168188,
      "fastest": 0.000080619,
      "slowest": 0.000761313
    },
    "DNSLookup": {
      "average": 0.000007426419999999999,
      "fastest": 0.000003747,
      "slowest": 0.000036628
    }
  },
  "statusCodeDistribution": {
    "200": 313046
  },
  "errorDistribution": {}
}