{
  "summary": {
    "successRate": 1,
    "total": 10.00089347,
    "slowest": 0.014998513,
    "fastest": 0.000282955,
    "average": 0.0015928170472422607,
    "requestsPerSec": 31352.598739360437,
    "totalData": 4076202,
    "sizePerRequest": 13,
    "sizePerSec": 407583.7836116857
  },
  "responseTimeHistogram": {
    "0.000282955": 1,
    "0.0017545108000000002": 244734,
    "0.0032260666000000003": 67010,
    "0.0046976224": 533,
    "0.0061691782": 618,
    "0.007640734": 608,
    "0.009112289800000001": 0,
    "0.0105838456": 0,
    "0.0120554014": 0,
    "0.0135269572": 0,
    "0.014998513": 50
  },
  "latencyPercentiles": {
    "p10": 0.001081347,
    "p25": 0.001346651,
    "p50": 0.001634687,
    "p75": 0.001736748,
    "p90": 0.001932431,
    "p95": 0.002150449,
    "p99": 0.002666148
  },
  "rps": {
    "mean": 31377.553562677393,
    "stddev": 3880.036578827163,
    "max": 41340.693787369,
    "percentiles": {
      "p10": 28291.633772627454,
      "p25": 30191.907694494334,
      "p50": 32007.77468847046,
      "p75": 33308.390383534366,
      "p90": 34597.672689771,
      "p95": 35901.06415957407,
      "p99": 39949.442243906175
    }
  },
  "details": {
    "DNSDialup": {
      "average": 0.0007649131799999999,
      "fastest": 0.000088234,
      "slowest": 0.001571476
    },
    "DNSLookup": {
      "average": 0.00001052082,
      "fastest": 0.000003587,
      "slowest": 0.000153907
    }
  },
  "statusCodeDistribution": {
    "200": 313554
  },
  "errorDistribution": {}
}