{
  "summary": {
    "successRate": 1,
    "total": 10.00213681,
    "slowest": 0.021485496,
    "fastest": 0.000394217,
    "average": 0.0024765478370932124,
    "requestsPerSec": 20160.59206452706,
    "totalData": 2621437,
    "sizePerRequest": 13,
    "sizePerSec": 262087.69683885179
  },
  "responseTimeHistogram": {
    "0.000394217": 1,
    "0.0025033449": 113411,
    "0.0046124728": 85452,
    "0.006721600699999999": 1935,
    "0.0088307286": 269,
    "0.010939856500000001": 434,
    "0.0130489844": 47,
    "0.0151581123": 50,
    "0.0172672402": 39,
    "0.0193763681": 8,
    "0.021485496": 3
  },
  "latencyPercentiles": {
    "p10": 0.00189698,
    "p25": 0.002023398,
    "p50": 0.00246792,
    "p75": 0.00261001,
    "p90": 0.002779916,
    "p95": 0.003803083,
    "p99": 0.004953407
  },
  "rps": {
    "mean": 20157.284059859827,
    "stddev": 2970.3886461688107,
    "max": 23604.145565390434,
    "percentiles": {
      "p10": 17039.51138626203,
      "p25": 19511.673834455112,
      "p50": 21441.05210538178,
      "p75": 21746.756789470102,
      "p90": 22060.870070642857,
      "p95": 22436.083953821915,
      "p99": 23004.864918181516
    }
  },
  "details": {
    "DNSDialup": {
      "average": 0.00186497966,
      "fastest": 0.000098704,
      "slowest": 0.003895762
    },
    "DNSLookup": {
      "average": 0.000007450240000000001,
      "fastest": 0.0000043,
      "slowest": 0.000085704
    }
  },
  "statusCodeDistribution": {
    "200": 201649
  },
  "errorDistribution": {}
}