{
  "summary": {
    "successRate": 1,
    "total": 10.000700046,
    "slowest": 0.014765962,
    "fastest": 0.000491722,
    "average": 0.0016046451169007246,
    "requestsPerSec": 31122.521280346777,
    "totalData": 4046211,
    "sizePerRequest": 13,
    "sizePerSec": 404592.7766445081
  },
  "responseTimeHistogram": {
    "0.000491722": 1,
    "0.001919146": 269045,
    "0.00334657": 40599,
    "0.004773994": 440,
    "0.006201418": 643,
    "0.007628842": 377,
    "0.009056266": 92,
    "0.01048369": 0,
    "0.011911114": 0,
    "0.013338538": 0,
    "0.014765962": 50
  },
  "latencyPercentiles": {
    "p10": 0.001081901,
    "p25": 0.001370833,
    "p50": 0.001625768,
    "p75": 0.001756704,
    "p90": 0.001955738,
    "p95": 0.002135436,
    "p99": 0.002697954
  },
  "rps": {
    "mean": 31148.61349656714,
    "stddev": 3876.1168268865026,
    "max": 41701.65457319389,
    "percentiles": {
      "p10": 27413.627314136214,
      "p25": 29218.194169507617,
      "p50": 31882.03646507901,
      "p75": 33471.45888700788,
      "p90": 34615.99291356968,
      "p95": 35433.52365673038,
      "p99": 38378.25311048838
    }
  },
  "details": {
    "DNSDialup": {
      "average": 0.00084948206,
      "fastest": 0.000131287,
      "slowest": 0.001197992
    },
    "DNSLookup": {
      "average": 0.000008094560000000001,
      "fastest": 0.000003656,
      "slowest": 0.000036057
    }
  },
  "statusCodeDistribution": {
    "200": 311247
  },
  "errorDistribution": {}
}