{
  "summary": {
    "successRate": 1,
    "total": 10.000752095,
    "slowest": 0.014767184,
    "fastest": 0.000274535,
    "average": 0.0016119588722513342,
    "requestsPerSec": 30976.47027515884,
    "totalData": 4027244,
    "sizePerRequest": 13,
    "sizePerSec": 402694.11357706494
  },
  "responseTimeHistogram": {
    "0.000274535": 1,
    "0.0017237999": 227560,
    "0.0031730648": 80005,
    "0.0046223296999999995": 1066,
    "0.0060715946": 318,
    "0.0075208595": 701,
    "0.008970124399999998": 87,
    "0.010419389299999998": 0,
    "0.011868654199999999": 0,
    "0.013317919099999999": 0,
    "0.014767184": 50
  },
  "latencyPercentiles": {
    "p10": 0.001088349,
    "p25": 0.001434901,
    "p50": 0.001646889,
    "p75": 0.001729678,
    "p90": 0.001833628,
    "p95": 0.002295463,
    "p99": 0.002763718
  },
  "rps": {
    "mean": 30994.3254487312,
    "stddev": 3537.022512579956,
    "max": 37739.694232973365,
    "percentiles": {
      "p10": 28996.543993230393,
      "p25": 30093.09950995237,
      "p50": 31823.19911215377,
      "p75": 32870.34398362615,
      "p90": 33592.03625735023,
      "p95": 34137.64966444881,
      "p99": 35324.95281157996
    }
  },
  "details": {
    "DNSDialup": {
      "average": 0.0010338239599999998,
      "fastest": 0.000216327,
      "slowest": 0.001594658
    },
    "DNSLookup": {
      "average": 0.000011067059999999998,
      "fastest": 0.000006372,
      "slowest": 0.000066905
    }
  },
  "statusCodeDistribution": {
    "200": 309788
  },
  "errorDistribution": {}
}