{
  "summary": {
    "successRate": 1,
    "total": 10.000720448,
    "slowest": 0.016238272,
    "fastest": 0.000399702,
    "average": 0.00247674325091109,
    "requestsPerSec": 20167.84701149563,
    "totalData": 2622009,
    "sizePerRequest": 13,
    "sizePerSec": 262182.01114944316
  },
  "responseTimeHistogram": {
    "0.000399702": 1,
    "0.001983559": 27242,
    "0.0035674160000000008": 162431,
    "0.005151273000000001": 9970,
    "0.0067351300000000015": 1177,
    "0.008318987000000002": 243,
    "0.009902844000000003": 170,
    "0.011486701000000002": 205,
    "0.013070558000000003": 174,
    "0.014654415000000004": 63,
    "0.016238272": 17
  },
  "latencyPercentiles": {
    "p10": 0.00192092,
    "p25": 0.002122322,
    "p50": 0.002334214,
    "p75": 0.002610026,
    "p90": 0.003082019,
    "p95": 0.003722622,
    "p99": 0.005185631
  },
  "rps": {
    "mean": 20180.234984533927,
    "stddev": 3588.344894228881,
    "max": 28666.357809781333,
    "percentiles": {
      "p10": 16174.953115240709,
      "p25": 18907.44764362714,
      "p50": 20761.39911673357,
      "p75": 22407.38771572864,
      "p90": 23848.76432955531,
      "p95": 24468.29045491975,
      "p99": 25490.488182547357
    }
  },
  "details": {
    "DNSDialup": {
      "average": 0.0022867201999999995,
      "fastest": 0.000186202,
      "slowest": 0.002965031
    },
    "DNSLookup": {
      "average": 0.000007570079999999999,
      "fastest": 0.0000049,
      "slowest": 0.000044
    }
  },
  "statusCodeDistribution": {
    "200": 201693
  },
  "errorDistribution": {}
}