{
  "summary": {
    "successRate": 1,
    "total": 10.000659239,
    "slowest": 0.014378572,
    "fastest": 0.000577446,
    "average": 0.001673370844861331,
    "requestsPerSec": 29838.43293413109,
    "totalData": 3879252,
    "sizePerRequest": 13,
    "sizePerSec": 387899.6281437042
  },
  "responseTimeHistogram": {
    "0.000577446": 1,
    "0.0019575586": 274894,
    "0.0033376712": 21623,
    "0.004717783799999999": 684,
    "0.0060978963999999995": 349,
    "0.007478009": 730,
    "0.0088581216": 73,
    "0.0102382342": 0,
    "0.0116183468": 0,
    "0.0129984594": 0,
    "0.014378572000000001": 50
  },
  "latencyPercentiles": {
    "p10": 0.001145632,
    "p25": 0.001509034,
    "p50": 0.001714384,
    "p75": 0.001798982,
    "p90": 0.001899441,
    "p95": 0.002308543,
    "p99": 0.002798715
  },
  "rps": {
    "mean": 29855.874036683264,
    "stddev": 3366.1730786810103,
    "max": 36986.584337785505,
    "percentiles": {
      "p10": 27964.149759549076,
      "p25": 29291.500851596986,
      "p50": 30473.194174551754,
      "p75": 31443.681562426194,
      "p90": 32439.131434722833,
      "p95": 32916.873921060775,
      "p99": 33827.664263835206
    }
  },
  "details": {
    "DNSDialup": {
      "average": 0.0006450398799999999,
      "fastest": 0.000070852,
      "slowest": 0.001087096
    },
    "DNSLookup": {
      "average": 0.000007517760000000002,
      "fastest": 0.000004017,
      "slowest": 0.00003206
    }
  },
  "statusCodeDistribution": {
    "200": 298404
  },
  "errorDistribution": {}
}