{
  "summary": {
    "successRate": 1,
    "total": 10.001364094,
    "slowest": 0.016227866,
    "fastest": 0.000251515,
    "average": 0.002387865543785503,
    "requestsPerSec": 20912.74730468782,
    "totalData": 2719028,
    "sizePerRequest": 13,
    "sizePerSec": 271865.71496094164
  },
  "responseTimeHistogram": {
    "0.000251515": 1,
    "0.0018491501": 44954,
    "0.0034467852": 147956,
    "0.0050444203000000005": 13490,
    "0.0066420554": 1900,
    "0.0082396905": 276,
    "0.009837325600000002": 401,
    "0.011434960700000002": 113,
    "0.013032595800000001": 15,
    "0.014630230900000001": 1,
    "0.016227866": 49
  },
  "latencyPercentiles": {
    "p10": 0.001745903,
    "p25": 0.001882612,
    "p50": 0.002316938,
    "p75": 0.002450946,
    "p90": 0.003271795,
    "p95": 0.003931734,
    "p99": 0.005300416
  },
  "rps": {
    "mean": 20914.76498253796,
    "stddev": 4039.020674745149,
    "max": 30791.504008214328,
    "percentiles": {
      "p10": 15050.729990506272,
      "p25": 19582.628229883892,
      "p50": 22697.21362432598,
      "p75": 23540.2703404712,
      "p90": 23975.65319124244,
      "p95": 24239.986548861136,
      "p99": 25001.321498421992
    }
  },
  "details": {
    "DNSDialup": {
      "average": 0.00162114254,
      "fastest": 0.000076505,
      "slowest": 0.003890031
    },
    "DNSLookup": {
      "average": 0.000006902400000000002,
      "fastest": 0.0000037,
      "slowest": 0.000051503
    }
  },
  "statusCodeDistribution": {
    "200": 209156
  },
  "errorDistribution": {}
}