{
  "summary": {
    "successRate": 1,
    "total": 10.000718475,
    "slowest": 0.014809801,
    "fastest": 0.000436004,
    "average": 0.001615689612398678,
    "requestsPerSec": 30904.279604771098,
    "totalData": 4017845,
    "sizePerRequest": 13,
    "sizePerSec": 401755.6348620243
  },
  "responseTimeHistogram": {
    "0.000436004": 1,
    "0.0018733837": 279394,
    "0.0033107633999999997": 27944,
    "0.0047481431": 520,
    "0.0061855228": 299,
    "0.0076229025": 717,
    "0.0090602822": 140,
    "0.0104976619": 0,
    "0.0119350416": 0,
    "0.0133724213": 0,
    "0.014809801": 50
  },
  "latencyPercentiles": {
    "p10": 0.001094932,
    "p25": 0.001392479,
    "p50": 0.001654819,
    "p75": 0.001742582,
    "p90": 0.001863277,
    "p95": 0.002295223,
    "p99": 0.002689196
  },
  "rps": {
    "mean": 30922.21252128251,
    "stddev": 3692.744690281887,
    "max": 41221.8970717285,
    "percentiles": {
      "p10": 28691.01363344899,
      "p25": 29956.729057816417,
      "p50": 31598.428152574088,
      "p75": 32760.964704631187,
      "p90": 33533.957606701784,
      "p95": 34315.435082701,
      "p99": 36653.66832146314
    }
  },
  "details": {
    "DNSDialup": {
      "average": 0.0008455912799999998,
      "fastest": 0.000072615,
      "slowest": 0.001667061
    },
    "DNSLookup": {
      "average": 0.000005714679999999999,
      "fastest": 0.000002655,
      "slowest": 0.000028723
    }
  },
  "statusCodeDistribution": {
    "200": 309065
  },
  "errorDistribution": {}
}