{
  "summary": {
    "successRate": 1,
    "total": 10.000815934,
    "slowest": 0.013749454,
    "fastest": 0.000295196,
    "average": 0.0021795096260486973,
    "requestsPerSec": 22919.829893151596,
    "totalData": 2979821,
    "sizePerRequest": 13,
    "sizePerSec": 297957.7886109707
  },
  "responseTimeHistogram": {
    "0.000295196": 1,
    "0.0016406218": 38486,
    "0.0029860476": 170428,
    "0.0043314734": 17233,
    "0.0056768992": 1051,
    "0.007022325": 304,
    "0.008367750799999999": 641,
    "0.0097131766": 661,
    "0.011058602399999999": 227,
    "0.012404028199999998": 105,
    "0.013749454": 80
  },
  "latencyPercentiles": {
    "p10": 0.001383285,
    "p25": 0.002052578,
    "p50": 0.002136676,
    "p75": 0.002209977,
    "p90": 0.002922969,
    "p95": 0.003306062,
    "p99": 0.005029446
  },
  "rps": {
    "mean": 22910.965066635785,
    "stddev": 4153.539734610058,
    "max": 35396.51252877086,
    "percentiles": {
      "p10": 18634.1116047037,
      "p25": 22718.254423055623,
      "p50": 23825.507588424076,
      "p75": 25082.03329810488,
      "p90": 25731.589724699246,
      "p95": 26847.536247679986,
      "p99": 27779.56056566972
    }
  },
  "details": {
    "DNSDialup": {
      "average": 0.00127896442,
      "fastest": 0.000074799,
      "slowest": 0.002716171
    },
    "DNSLookup": {
      "average": 0.000004549959999999999,
      "fastest": 0.0000029,
      "slowest": 0.000045299
    }
  },
  "statusCodeDistribution": {
    "200": 229217
  },
  "errorDistribution": {}
}