{
  "summary": {
    "successRate": 1,
    "total": 10.000677786,
    "slowest": 0.01373889,
    "fastest": 0.000268381,
    "average": 0.0015625628590514272,
    "requestsPerSec": 31959.133854650117,
    "totalData": 4154969,
    "sizePerRequest": 13,
    "sizePerSec": 415468.74011045153
  },
  "responseTimeHistogram": {
    "0.000268381": 1,
    "0.0016154319000000002": 165858,
    "0.0029624828": 151563,
    "0.0043095337": 976,
    "0.0056565846": 354,
    "0.007003635500000001": 588,
    "0.0083506864": 223,
    "0.0096977373": 0,
    "0.0110447882": 0,
    "0.012391839100000001": 0,
    "0.013738890000000002": 50
  },
  "latencyPercentiles": {
    "p10": 0.001063937,
    "p25": 0.001302872,
    "p50": 0.001605745,
    "p75": 0.001719106,
    "p90": 0.001914244,
    "p95": 0.002138714,
    "p99": 0.00263953
  },
  "rps": {
    "mean": 31967.058153510465,
    "stddev": 4235.972984077952,
    "max": 42467.91401197817,
    "percentiles": {
      "p10": 28539.63870419652,
      "p25": 30408.389674711958,
      "p50": 32454.100986344736,
      "p75": 33891.29393069268,
      "p90": 35734.44369752032,
      "p95": 38239.85320791086,
      "p99": 41403.246014484874
    }
  },
  "details": {
    "DNSDialup": {
      "average": 0.0006899540600000002,
      "fastest": 0.000077763,
      "slowest": 0.001368845
    },
    "DNSLookup": {
      "average": 0.000007042119999999999,
      "fastest": 0.000003436,
      "slowest": 0.000034053
    }
  },
  "statusCodeDistribution": {
    "200": 319613
  },
  "errorDistribution": {}
}