{
  "summary": {
    "successRate": 1,
    "total": 10.000341151,
    "slowest": 0.013077051,
    "fastest": 0.00056004,
    "average": 0.0016038725519370938,
    "requestsPerSec": 31135.63780460273,
    "totalData": 4047771,
    "sizePerRequest": 13,
    "sizePerSec": 404763.2914598355
  },
  "responseTimeHistogram": {
    "0.00056004": 1,
    "0.0018117411": 277535,
    "0.0030634422": 31456,
    "0.0043151433": 781,
    "0.005566844400000001": 275,
    "0.006818545500000001": 1120,
    "0.0080702466": 57,
    "0.0093219477": 69,
    "0.0105736488": 23,
    "0.0118253499": 0,
    "0.013077051000000001": 50
  },
  "latencyPercentiles": {
    "p10": 0.0010825,
    "p25": 0.00143284,
    "p50": 0.001659649,
    "p75": 0.001738233,
    "p90": 0.001821849,
    "p95": 0.002107459,
    "p99": 0.002648233
  },
  "rps": {
    "mean": 31141.699109799632,
    "stddev": 3471.4048941474857,
    "max": 37037.64008324287,
    "percentiles": {
      "p10": 29411.270398820012,
      "p25": 30642.903647012838,
      "p50": 31816.509586823566,
      "p75": 32841.66208629582,
      "p90": 33511.266487791516,
      "p95": 34008.922292291056,
      "p99": 35094.74506839657
    }
  },
  "details": {
    "DNSDialup": {
      "average": 0.0011560972600000003,
      "fastest": 0.000095529,
      "slowest": 0.002690178
    },
    "DNSLookup": {
      "average": 0.000010097299999999999,
      "fastest": 0.000003717,
      "slowest": 0.000087074
    }
  },
  "statusCodeDistribution": {
    "200": 311367
  },
  "errorDistribution": {}
}