{
  "summary": {
    "successRate": 1,
    "total": 10.000672332,
    "slowest": 0.01346603,
    "fastest": 0.000150666,
    "average": 0.00157716905787903,
    "requestsPerSec": 31667.370901318714,
    "totalData": 4117035,
    "sizePerRequest": 13,
    "sizePerSec": 411675.8217171433
  },
  "responseTimeHistogram": {
    "0.000150666": 1,
    "0.0014822024": 86910,
    "0.0028137388": 227240,
    "0.0041452752": 1321,
    "0.0054768116": 88,
    "0.006808348": 981,
    "0.008139884400000002": 63,
    "0.009471420800000001": 41,
    "0.010802957200000001": 0,
    "0.0121344936": 0,
    "0.01346603": 50
  },
  "latencyPercentiles": {
    "p10": 0.001049373,
    "p25": 0.001404289,
    "p50": 0.00162127,
    "p75": 0.001697409,
    "p90": 0.001795651,
    "p95": 0.002243528,
    "p99": 0.002645225
  },
  "rps": {
    "mean": 31693.186606929066,
    "stddev": 3447.7527644807833,
    "max": 37069.32502578127,
    "percentiles": {
      "p10": 29538.41728022946,
      "p25": 30818.508774542828,
      "p50": 32477.90800572384,
      "p75": 33454.00450095273,
      "p90": 34234.16187158506,
      "p95": 34865.7632537415,
      "p99": 35990.30318402749
    }
  },
  "details": {
    "DNSDialup": {
      "average": 0.0005091395200000001,
      "fastest": 0.00008065,
      "slowest": 0.000880034
    },
    "DNSLookup": {
      "average": 0.000005037359999999998,
      "fastest": 0.000001872,
      "slowest": 0.000032679
    }
  },
  "statusCodeDistribution": {
    "200": 316695
  },
  "errorDistribution": {}
}