{
  "summary": {
    "successRate": 1,
    "total": 10.001143838,
    "slowest": 0.018792325,
    "fastest": 0.000448207,
    "average": 0.0028510638985716178,
    "requestsPerSec": 17521.69580185174,
    "totalData": 2278081,
    "sizePerRequest": 13,
    "sizePerSec": 227782.0454240726
  },
  "responseTimeHistogram": {
    "0.000448207": 1,
    "0.0022826188": 24671,
    "0.0041170306": 139373,
    "0.0059514424000000005": 8275,
    "0.0077858542": 1369,
    "0.009620266": 488,
    "0.011454677800000002": 830,
    "0.013289089600000002": 85,
    "0.015123501400000001": 119,
    "0.0169579132": 25,
    "0.018792325": 1
  },
  "latencyPercentiles": {
    "p10": 0.00192363,
    "p25": 0.002551044,
    "p50": 0.002696446,
    "p75": 0.002908346,
    "p90": 0.003763359,
    "p95": 0.004352076,
    "p99": 0.007387028
  },
  "rps": {
    "mean": 17520.31982170941,
    "stddev": 3428.3191706584407,
    "max": 22968.3094750054,
    "percentiles": {
      "p10": 13917.876120089575,
      "p25": 16781.179457011673,
      "p50": 18313.418241546075,
      "p75": 19569.768375910902,
      "p90": 20262.998384873867,
      "p95": 21117.61608674772,
      "p99": 22486.031644395072
    }
  },
  "details": {
    "DNSDialup": {
      "average": 0.0021265067999999996,
      "fastest": 0.000093402,
      "slowest": 0.004247873
    },
    "DNSLookup": {
      "average": 0.0000081901,
      "fastest": 0.0000061,
      "slowest": 0.000053301
    }
  },
  "statusCodeDistribution": {
    "200": 175237
  },
  "errorDistribution": {}
}