{
  "summary": {
    "successRate": 1,
    "total": 10.000454284,
    "slowest": 0.013091691,
    "fastest": 0.000561338,
    "average": 0.0015067668849980042,
    "requestsPerSec": 33141.39443947685,
    "totalData": 4308577,
    "sizePerRequest": 13,
    "sizePerSec": 430838.127713199
  },
  "responseTimeHistogram": {
    "0.000561338": 1,
    "0.0018143733": 309728,
    "0.0030674086": 19959,
    "0.0043204439": 419,
    "0.0055734792": 450,
    "0.0068265145": 721,
    "0.0080795498": 101,
    "0.0093325851": 0,
    "0.0105856204": 0,
    "0.0118386557": 0,
    "0.013091691": 50
  },
  "latencyPercentiles": {
    "p10": 0.001030368,
    "p25": 0.001372021,
    "p50": 0.001547131,
    "p75": 0.001618908,
    "p90": 0.001697343,
    "p95": 0.002110699,
    "p99": 0.002443452
  },
  "rps": {
    "mean": 33152.25578114192,
    "stddev": 3401.1235700011807,
    "max": 38235.616476748095,
    "percentiles": {
      "p10": 31503.18473227656,
      "p25": 32570.189283230546,
      "p50": 33792.67569903859,
      "p75": 34817.00462505956,
      "p90": 35464.18382091993,
      "p95": 35855.60489291318,
      "p99": 36907.22643493602
    }
  },
  "details": {
    "DNSDialup": {
      "average": 0.00097802536,
      "fastest": 0.000121036,
      "slowest": 0.002138832
    },
    "DNSLookup": {
      "average": 0.00000929108,
      "fastest": 0.000004778,
      "slowest": 0.000029595
    }
  },
  "statusCodeDistribution": {
    "200": 331429
  },
  "errorDistribution": {}
}