{
  "summary": {
    "successRate": 1,
    "total": 10.000949195,
    "slowest": 0.014071628,
    "fastest": 0.000472071,
    "average": 0.0015912342901139376,
    "requestsPerSec": 31382.621177289162,
    "totalData": 4080128,
    "sizePerRequest": 13,
    "sizePerSec": 407974.0753047591
  },
  "responseTimeHistogram": {
    "0.000472071": 1,
    "0.0018320266999999999": 281680,
    "0.0031919824": 30107,
    "0.0045519381": 774,
    "0.0059118938": 583,
    "0.0072718495": 636,
    "0.008631805199999999": 25,
    "0.009991760899999999": 0,
    "0.011351716599999999": 0,
    "0.012711672299999999": 0,
    "0.014071628": 50
  },
  "latencyPercentiles": {
    "p10": 0.0010785,
    "p25": 0.001384549,
    "p50": 0.00163893,
    "p75": 0.001718772,
    "p90": 0.001838859,
    "p95": 0.002183111,
    "p99": 0.002642773
  },
  "rps": {
    "mean": 31411.179228914243,
    "stddev": 3578.331603988261,
    "max": 42191.26902607913,
    "percentiles": {
      "p10": 29148.77241955449,
      "p25": 30555.956461021193,
      "p50": 32097.856416957362,
      "p75": 33113.766713310484,
      "p90": 34018.54442174796,
      "p95": 34808.62541547732,
      "p99": 37716.28307234159
    }
  },
  "details": {
    "DNSDialup": {
      "average": 0.00073887772,
      "fastest": 0.000072082,
      "slowest": 0.00143331
    },
    "DNSLookup": {
      "average": 0.000007642,
      "fastest": 0.000003356,
      "slowest": 0.000034104
    }
  },
  "statusCodeDistribution": {
    "200": 313856
  },
  "errorDistribution": {}
}