{
  "summary": {
    "successRate": 1,
    "total": 10.000133168,
    "slowest": 0.01191701,
    "fastest": 0.000544079,
    "average": 0.0014944739062034234,
    "requestsPerSec": 33410.15508364679,
    "totalData": 4343378,
    "sizePerRequest": 13,
    "sizePerSec": 434332.0160874082
  },
  "responseTimeHistogram": {
    "0.000544079": 1,
    "0.0016813721000000002": 294684,
    "0.0028186652000000006": 38045,
    "0.0039559583": 607,
    "0.005093251400000001": 235,
    "0.006230544500000002": 484,
    "0.007367837600000001": 0,
    "0.0085051307": 0,
    "0.009642423800000001": 0,
    "0.010779716900000002": 0,
    "0.011917010000000002": 50
  },
  "latencyPercentiles": {
    "p10": 0.001029293,
    "p25": 0.001362061,
    "p50": 0.001544803,
    "p75": 0.001616302,
    "p90": 0.001701728,
    "p95": 0.002050817,
    "p99": 0.002277914
  },
  "rps": {
    "mean": 33405.22352436073,
    "stddev": 2857.174394944171,
    "max": 38010.58975030368,
    "percentiles": {
      "p10": 31416.813997806694,
      "p25": 32616.19035174335,
      "p50": 33892.8143287895,
      "p75": 34910.93410456157,
      "p90": 35543.74940185679,
      "p95": 36054.30399808055,
      "p99": 37060.37901794532
    }
  },
  "details": {
    "DNSDialup": {
      "average": 0.0009862916599999996,
      "fastest": 0.000116999,
      "slowest": 0.002120175
    },
    "DNSLookup": {
      "average": 0.000009913619999999997,
      "fastest": 0.00000514,
      "slowest": 0.000028153
    }
  },
  "statusCodeDistribution": {
    "200": 334106
  },
  "errorDistribution": {}
}