{
  "summary": {
    "successRate": 1,
    "total": 10.000424191,
    "slowest": 0.014521648,
    "fastest": 0.000480352,
    "average": 0.0014759507110874627,
    "requestsPerSec": 33834.06478942229,
    "totalData": 4398615,
    "sizePerRequest": 13,
    "sizePerSec": 439842.8422624898
  },
  "responseTimeHistogram": {
    "0.000480352": 1,
    "0.0018844816000000001": 313844,
    "0.0032886112": 23622,
    "0.0046927408": 275,
    "0.0060968704": 508,
    "0.007501": 55,
    "0.0089051296": 0,
    "0.0103092592": 0,
    "0.0117133888": 0,
    "0.0131175184": 0,
    "0.014521648": 50
  },
  "latencyPercentiles": {
    "p10": 0.001015384,
    "p25": 0.001256952,
    "p50": 0.001519792,
    "p75": 0.001618634,
    "p90": 0.001793601,
    "p95": 0.002018671,
    "p99": 0.002358139
  },
  "rps": {
    "mean": 33851.38692995792,
    "stddev": 3414.884491916163,
    "max": 45213.364788676525,
    "percentiles": {
      "p10": 30431.402163891653,
      "p25": 32623.49870611875,
      "p50": 34221.258245621975,
      "p75": 35627.59292684905,
      "p90": 36907.59997280212,
      "p95": 38016.44971779063,
      "p99": 41436.36040625537
    }
  },
  "details": {
    "DNSDialup": {
      "average": 0.0009772025200000002,
      "fastest": 0.000090358,
      "slowest": 0.001895792
    },
    "DNSLookup": {
      "average": 0.000045343700000000004,
      "fastest": 0.000004659,
      "slowest": 0.001715456
    }
  },
  "statusCodeDistribution": {
    "200": 338355
  },
  "errorDistribution": {}
}