{
  "summary": {
    "successRate": 1,
    "total": 10.000348799,
    "slowest": 0.01364711,
    "fastest": 0.000517323,
    "average": 0.0016257716278662436,
    "requestsPerSec": 30718.528540796353,
    "totalData": 3993548,
    "sizePerRequest": 13,
    "sizePerSec": 399340.8710303526
  },
  "responseTimeHistogram": {
    "0.000517323": 1,
    "0.0018303017000000001": 271807,
    "0.0031432804": 33173,
    "0.0044562591": 602,
    "0.0057692378": 1171,
    "0.0070822165": 284,
    "0.0083951952": 41,
    "0.0097081739": 43,
    "0.0110211526": 24,
    "0.0123341313": 0,
    "0.01364711": 50
  },
  "latencyPercentiles": {
    "p10": 0.001083683,
    "p25": 0.001454598,
    "p50": 0.001679887,
    "p75": 0.001760313,
    "p90": 0.001846322,
    "p95": 0.002188298,
    "p99": 0.002681616
  },
  "rps": {
    "mean": 30722.4346824123,
    "stddev": 3331.712775272604,
    "max": 35970.309911761324,
    "percentiles": {
      "p10": 29098.897315731247,
      "p25": 30151.98503740397,
      "p50": 31227.32689799763,
      "p75": 32412.537169377323,
      "p90": 33033.00736192903,
      "p95": 33512.684809786835,
      "p99": 34687.165260900845
    }
  },
  "details": {
    "DNSDialup": {
      "average": 0.0013996721799999997,
      "fastest": 0.000063089,
      "slowest": 0.002898558
    },
    "DNSLookup": {
      "average": 0.00003365294,
      "fastest": 0.000003156,
      "slowest": 0.001314312
    }
  },
  "statusCodeDistribution": {
    "200": 307196
  },
  "errorDistribution": {}
}