{
  "summary": {
    "successRate": 1,
    "total": 10.000513275,
    "slowest": 0.015456197,
    "fastest": 0.000501697,
    "average": 0.0015321196433938586,
    "requestsPerSec": 32591.427163522265,
    "totalData": 4237103,
    "sizePerRequest": 13,
    "sizePerSec": 423688.55312578945
  },
  "responseTimeHistogram": {
    "0.000501697": 1,
    "0.001997147": 304911,
    "0.003492597": 19707,
    "0.004988047": 190,
    "0.0064834969999999995": 733,
    "0.007978947": 289,
    "0.009474397": 50,
    "0.010969847": 0,
    "0.012465297": 0,
    "0.013960747": 0,
    "0.015456197": 50
  },
  "latencyPercentiles": {
    "p10": 0.001043989,
    "p25": 0.001290606,
    "p50": 0.001575004,
    "p75": 0.001675557,
    "p90": 0.001866195,
    "p95": 0.002090381,
    "p99": 0.002550586
  },
  "rps": {
    "mean": 32590.498090613906,
    "stddev": 3902.161023198623,
    "max": 41318.33707799401,
    "percentiles": {
      "p10": 29236.700746912644,
      "p25": 31614.994221650617,
      "p50": 33205.95382752208,
      "p75": 34407.00526627232,
      "p90": 35858.02358027681,
      "p95": 37422.53210658517,
      "p99": 40026.74587159395
    }
  },
  "details": {
    "DNSDialup": {
      "average": 0.0009698381800000003,
      "fastest": 0.000114084,
      "slowest": 0.002110162
    },
    "DNSLookup": {
      "average": 0.000037310240000000003,
      "fastest": 0.000003626,
      "slowest": 0.001488861
    }
  },
  "statusCodeDistribution": {
    "200": 325931
  },
  "errorDistribution": {}
}