{
  "summary": {
    "successRate": 1,
    "total": 10.000915456,
    "slowest": 0.014905975,
    "fastest": 0.000359432,
    "average": 0.001586302250217568,
    "requestsPerSec": 31478.118316771823,
    "totalData": 4092530,
    "sizePerRequest": 13,
    "sizePerSec": 409215.53811803367
  },
  "responseTimeHistogram": {
    "0.000359432": 1,
    "0.0018140863": 285007,
    "0.0032687406000000002": 28015,
    "0.0047233948999999996": 492,
    "0.0061780492": 686,
    "0.0076327035": 491,
    "0.0090873578": 63,
    "0.0105420121": 5,
    "0.0119966664": 0,
    "0.0134513207": 0,
    "0.014905975": 50
  },
  "latencyPercentiles": {
    "p10": 0.001075645,
    "p25": 0.001429265,
    "p50": 0.001625416,
    "p75": 0.00170814,
    "p90": 0.001804126,
    "p95": 0.002205009,
    "p99": 0.002563456
  },
  "rps": {
    "mean": 31498.29064004577,
    "stddev": 3434.5924937333475,
    "max": 36886.66074308028,
    "percentiles": {
      "p10": 29636.782210402427,
      "p25": 30642.847763418613,
      "p50": 32252.395189762014,
      "p75": 33262.32794268922,
      "p90": 33930.2737038611,
      "p95": 34396.78062320185,
      "p99": 35651.51652380932
    }
  },
  "details": {
    "DNSDialup": {
      "average": 0.00081462816,
      "fastest": 0.00009668,
      "slowest": 0.001730724
    },
    "DNSLookup": {
      "average": 0.000011732719999999998,
      "fastest": 0.000003887,
      "slowest": 0.000196318
    }
  },
  "statusCodeDistribution": {
    "200": 314810
  },
  "errorDistribution": {}
}