{
  "summary": {
    "successRate": 1,
    "total": 10.001190823,
    "slowest": 0.014562147,
    "fastest": 0.000501079,
    "average": 0.0016704989432370764,
    "requestsPerSec": 29882.141565853413,
    "totalData": 3885141,
    "sizePerRequest": 13,
    "sizePerSec": 388467.84035609436
  },
  "responseTimeHistogram": {
    "0.000501079": 1,
    "0.0019071857999999999": 262465,
    "0.0033132926": 34497,
    "0.004719399399999999": 606,
    "0.006125506199999999": 305,
    "0.0075316129999999995": 724,
    "0.008937719799999999": 209,
    "0.0103438266": 0,
    "0.011749933399999999": 0,
    "0.013156040199999998": 0,
    "0.014562147": 50
  },
  "latencyPercentiles": {
    "p10": 0.001136063,
    "p25": 0.001439313,
    "p50": 0.001711949,
    "p75": 0.001805715,
    "p90": 0.00196887,
    "p95": 0.002296857,
    "p99": 0.002833062
  },
  "rps": {
    "mean": 29893.67589837264,
    "stddev": 3545.4825328938136,
    "max": 39823.5613052774,
    "percentiles": {
      "p10": 27445.001317255308,
      "p25": 29190.417317640848,
      "p50": 30529.647340532098,
      "p75": 31654.10356140283,
      "p90": 32747.24402406943,
      "p95": 33284.64178221063,
      "p99": 34872.8943474269
    }
  },
  "details": {
    "DNSDialup": {
      "average": 0.0010084603399999998,
      "fastest": 0.000073097,
      "slowest": 0.001891736
    },
    "DNSLookup": {
      "average": 0.000006920759999999999,
      "fastest": 0.000002645,
      "slowest": 0.000044112
    }
  },
  "statusCodeDistribution": {
    "200": 298857
  },
  "errorDistribution": {}
}