{
  "summary": {
    "successRate": 1,
    "total": 10.000590709,
    "slowest": 0.013798082,
    "fastest": 0.000492233,
    "average": 0.0015766720549697012,
    "requestsPerSec": 31670.129216964036,
    "totalData": 4117360,
    "sizePerRequest": 13,
    "sizePerSec": 411711.67982053244
  },
  "responseTimeHistogram": {
    "0.000492233": 1,
    "0.0018228178999999999": 288318,
    "0.0031534028": 26818,
    "0.0044839877": 395,
    "0.0058145726": 532,
    "0.0071451575": 589,
    "0.0084757424": 17,
    "0.009806327299999999": 0,
    "0.0111369122": 0,
    "0.0124674971": 0,
    "0.013798082": 50
  },
  "latencyPercentiles": {
    "p10": 0.001083115,
    "p25": 0.001402901,
    "p50": 0.001625476,
    "p75": 0.001710999,
    "p90": 0.001804282,
    "p95": 0.00212524,
    "p99": 0.002455048
  },
  "rps": {
    "mean": 31655.7936875574,
    "stddev": 3332.5379369862676,
    "max": 36673.23630233151,
    "percentiles": {
      "p10": 29663.271573512364,
      "p25": 30903.12062320843,
      "p50": 32390.089372997256,
      "p75": 33273.8135697717,
      "p90": 34129.16464206239,
      "p95": 34664.89267909572,
      "p99": 35542.68574423739
    }
  },
  "details": {
    "DNSDialup": {
      "average": 0.0007945181600000001,
      "fastest": 0.000090783,
      "slowest": 0.001685433
    },
    "DNSLookup": {
      "average": 0.000008769500000000003,
      "fastest": 0.000003697,
      "slowest": 0.000046456
    }
  },
  "statusCodeDistribution": {
    "200": 316720
  },
  "errorDistribution": {}
}