{
  "summary": {
    "successRate": 1,
    "total": 10.000431746,
    "slowest": 0.013854355,
    "fastest": 0.000558228,
    "average": 0.0015974841869148204,
    "requestsPerSec": 31261.55029507063,
    "totalData": 4064177,
    "sizePerRequest": 13,
    "sizePerSec": 406400.1538359182
  },
  "responseTimeHistogram": {
    "0.000558228": 1,
    "0.0018878407000000002": 290735,
    "0.0032174534000000005": 19375,
    "0.004547066100000001": 876,
    "0.005876678800000001": 1322,
    "0.007206291500000001": 136,
    "0.008535904200000003": 74,
    "0.009865516900000003": 60,
    "0.011195129600000003": 0,
    "0.012524742300000002": 0,
    "0.013854355000000002": 50
  },
  "latencyPercentiles": {
    "p10": 0.001067864,
    "p25": 0.001434191,
    "p50": 0.00164686,
    "p75": 0.001728473,
    "p90": 0.001813262,
    "p95": 0.002155922,
    "p99": 0.002733804
  },
  "rps": {
    "mean": 31263.34670068661,
    "stddev": 3554.4998291598513,
    "max": 36288.53334953834,
    "percentiles": {
      "p10": 29527.92160266784,
      "p25": 30583.547997403293,
      "p50": 32065.30932318029,
      "p75": 32967.13032874975,
      "p90": 33736.41839165484,
      "p95": 34300.59998321858,
      "p99": 35226.641424138434
    }
  },
  "details": {
    "DNSDialup": {
      "average": 0.0006599367600000001,
      "fastest": 0.000079371,
      "slowest": 0.001068006
    },
    "DNSLookup": {
      "average": 0.000008205979999999996,
      "fastest": 0.000003867,
      "slowest": 0.000047288
    }
  },
  "statusCodeDistribution": {
    "200": 312629
  },
  "errorDistribution": {}
}