{
  "summary": {
    "successRate": 1,
    "total": 10.000844571,
    "slowest": 0.016529256,
    "fastest": 0.000499585,
    "average": 0.0016458846761157565,
    "requestsPerSec": 30342.53735728816,
    "totalData": 3944863,
    "sizePerRequest": 13,
    "sizePerSec": 394452.9856447461
  },
  "responseTimeHistogram": {
    "0.000499585": 1,
    "0.0021025520999999998": 281770,
    "0.0037055191999999996": 20268,
    "0.0053084863": 335,
    "0.0069114534": 637,
    "0.0085144205": 367,
    "0.0101173876": 23,
    "0.0117203547": 0,
    "0.0133233218": 0,
    "0.0149262889": 0,
    "0.016529256": 50
  },
  "latencyPercentiles": {
    "p10": 0.001117656,
    "p25": 0.001366577,
    "p50": 0.001667779,
    "p75": 0.001810662,
    "p90": 0.002017495,
    "p95": 0.002284227,
    "p99": 0.002858931
  },
  "rps": {
    "mean": 30347.288757279533,
    "stddev": 4083.095088395667,
    "max": 41047.27840001568,
    "percentiles": {
      "p10": 26307.955960896074,
      "p25": 28860.40293983086,
      "p50": 30756.165022856752,
      "p75": 32584.64513266021,
      "p90": 34052.551164981465,
      "p95": 35839.70972769318,
      "p99": 38885.347929456475
    }
  },
  "details": {
    "DNSDialup": {
      "average": 0.0006719417400000001,
      "fastest": 0.000086041,
      "slowest": 0.001449908
    },
    "DNSLookup": {
      "average": 0.000009403940000000003,
      "fastest": 0.000004669,
      "slowest": 0.000050294
    }
  },
  "statusCodeDistribution": {
    "200": 303451
  },
  "errorDistribution": {}
}