{
  "summary": {
    "successRate": 1,
    "total": 10.000349875,
    "slowest": 0.015268202,
    "fastest": 0.000439604,
    "average": 0.0015529128299265295,
    "requestsPerSec": 32154.974977812966,
    "totalData": 4180293,
    "sizePerRequest": 13,
    "sizePerSec": 418014.6747115686
  },
  "responseTimeHistogram": {
    "0.000439604": 1,
    "0.0019224638": 299415,
    "0.0034053236000000002": 20652,
    "0.0048881834": 334,
    "0.0063710432": 955,
    "0.007853903": 154,
    "0.0093367628": 0,
    "0.0108196226": 0,
    "0.0123024824": 0,
    "0.0137853422": 0,
    "0.015268202": 50
  },
  "latencyPercentiles": {
    "p10": 0.00106119,
    "p25": 0.001389808,
    "p50": 0.001599423,
    "p75": 0.001680523,
    "p90": 0.001769902,
    "p95": 0.002107692,
    "p99": 0.00246991
  },
  "rps": {
    "mean": 32159.391761852152,
    "stddev": 3347.3882110474783,
    "max": 36850.099194234994,
    "percentiles": {
      "p10": 30129.80961673548,
      "p25": 31608.00600738707,
      "p50": 32843.77186337533,
      "p75": 33710.969549491776,
      "p90": 34632.985644115965,
      "p95": 35238.51788442604,
      "p99": 36111.26128645627
    }
  },
  "details": {
    "DNSDialup": {
      "average": 0.0010147778,
      "fastest": 0.000118963,
      "slowest": 0.002071642
    },
    "DNSLookup": {
      "average": 0.000009912799999999998,
      "fastest": 0.000004078,
      "slowest": 0.000050134
    }
  },
  "statusCodeDistribution": {
    "200": 321561
  },
  "errorDistribution": {}
}