{
  "summary": {
    "successRate": 1,
    "total": 10.001521811,
    "slowest": 0.014638257,
    "fastest": 0.000488305,
    "average": 0.0015939069228585552,
    "requestsPerSec": 31313.034747927722,
    "totalData": 4071314,
    "sizePerRequest": 13,
    "sizePerSec": 407069.4517230604
  },
  "responseTimeHistogram": {
    "0.000488305": 1,
    "0.0019033002000000002": 275317,
    "0.0033182954000000003": 36267,
    "0.0047332906000000004": 449,
    "0.0061482858": 739,
    "0.007563281": 327,
    "0.008978276200000001": 28,
    "0.010393271400000001": 0,
    "0.0118082666": 0,
    "0.0132232618": 0,
    "0.014638257": 50
  },
  "latencyPercentiles": {
    "p10": 0.001085645,
    "p25": 0.001358776,
    "p50": 0.001628583,
    "p75": 0.001732047,
    "p90": 0.001938283,
    "p95": 0.002133261,
    "p99": 0.002686268
  },
  "rps": {
    "mean": 31343.94857597911,
    "stddev": 3813.9009903258543,
    "max": 40825.838500104415,
    "percentiles": {
      "p10": 27802.193593073855,
      "p25": 30225.6676369582,
      "p50": 32120.72721326431,
      "p75": 33345.633237755705,
      "p90": 34601.32510492794,
      "p95": 35428.70468367487,
      "p99": 38703.31687425639
    }
  },
  "details": {
    "DNSDialup": {
      "average": 0.00073679818,
      "fastest": 0.00008555,
      "slowest": 0.001606834
    },
    "DNSLookup": {
      "average": 0.000008830800000000002,
      "fastest": 0.000003947,
      "slowest": 0.000045365
    }
  },
  "statusCodeDistribution": {
    "200": 313178
  },
  "errorDistribution": {}
}