{
  "summary": {
    "successRate": 1,
    "total": 10.000960948,
    "slowest": 0.014669407,
    "fastest": 0.000460008,
    "average": 0.0016053109740789405,
    "requestsPerSec": 31106.810797237802,
    "totalData": 4044274,
    "sizePerRequest": 13,
    "sizePerSec": 404388.54036409146
  },
  "responseTimeHistogram": {
    "0.000460008": 1,
    "0.0018809479": 268350,
    "0.0033018878": 40991,
    "0.0047228276999999996": 635,
    "0.0061437676": 241,
    "0.0075647075": 706,
    "0.0089856474": 124,
    "0.0104065873": 0,
    "0.0118275272": 0,
    "0.0132484671": 0,
    "0.014669407": 50
  },
  "latencyPercentiles": {
    "p10": 0.001096073,
    "p25": 0.001339657,
    "p50": 0.001639496,
    "p75": 0.001757568,
    "p90": 0.001964354,
    "p95": 0.002242432,
    "p99": 0.002803841
  },
  "rps": {
    "mean": 31131.0742776901,
    "stddev": 4152.72868465739,
    "max": 41492.890990255815,
    "percentiles": {
      "p10": 27670.817924314724,
      "p25": 29805.816610130645,
      "p50": 31611.62043167068,
      "p75": 33004.0495968842,
      "p90": 34974.06842055991,
      "p95": 37181.75760824343,
      "p99": 39908.935610679044
    }
  },
  "details": {
    "DNSDialup": {
      "average": 0.0008981999800000001,
      "fastest": 0.000129091,
      "slowest": 0.001357259
    },
    "DNSLookup": {
      "average": 0.000008334279999999998,
      "fastest": 0.000003557,
      "slowest": 0.000050915
    }
  },
  "statusCodeDistribution": {
    "200": 311098
  },
  "errorDistribution": {}
}