{
  "summary": {
    "successRate": 1,
    "total": 10.001011622,
    "slowest": 0.015291286,
    "fastest": 0.000516042,
    "average": 0.0015947373309681027,
    "requestsPerSec": 31311.332476721724,
    "totalData": 4070885,
    "sizePerRequest": 13,
    "sizePerSec": 407047.3221973824
  },
  "responseTimeHistogram": {
    "0.000516042": 1,
    "0.0019935663999999997": 287881,
    "0.0034710908": 23637,
    "0.004948615199999999": 501,
    "0.0064261396": 605,
    "0.007903664": 423,
    "0.009381188399999999": 47,
    "0.0108587128": 0,
    "0.012336237199999999": 0,
    "0.013813761599999998": 0,
    "0.015291286": 50
  },
  "latencyPercentiles": {
    "p10": 0.001083832,
    "p25": 0.001321444,
    "p50": 0.001626098,
    "p75": 0.001746745,
    "p90": 0.001953832,
    "p95": 0.002220411,
    "p99": 0.002781208
  },
  "rps": {
    "mean": 31334.014251695895,
    "stddev": 4218.500630452091,
    "max": 41375.0093276143,
    "percentiles": {
      "p10": 27508.18918792508,
      "p25": 30029.33565800509,
      "p50": 31910.361294312184,
      "p75": 33309.90269294621,
      "p90": 35160.846809815615,
      "p95": 37169.71551842471,
      "p99": 40517.482840290846
    }
  },
  "details": {
    "DNSDialup": {
      "average": 0.0009774708599999998,
      "fastest": 0.000119761,
      "slowest": 0.001615653
    },
    "DNSLookup": {
      "average": 0.000014373220000000001,
      "fastest": 0.000004479,
      "slowest": 0.00020863
    }
  },
  "statusCodeDistribution": {
    "200": 313145
  },
  "errorDistribution": {}
}