{
  "summary": {
    "successRate": 0.6621100367997604,
    "total": 10.000508489,
    "slowest": 0.014486328,
    "fastest": 0.000186541,
    "average": 0.0009541237040360567,
    "requestsPerSec": 50758.61898005935,
    "totalData": 4369235,
    "sizePerRequest": 13,
    "sizePerSec": 436901.28405029746
  },
  "responseTimeHistogram": {
    "0.000186541": 1,
    "0.0016165196999999999": 335318,
    "0.0030464984": 613,
    "0.0044764771": 34,
    "0.0059064558": 69,
    "0.0073364345": 9,
    "0.0087664132": 0,
    "0.010196391899999999": 1,
    "0.0116263706": 0,
    "0.0130563493": 0,
    "0.014486328": 50
  },
  "latencyPercentiles": {
    "p10": 0.000650894,
    "p25": 0.000872792,
    "p50": 0.000990401,
    "p75": 0.001074635,
    "p90": 0.001128991,
    "p95": 0.001176397,
    "p99": 0.001322251
  },
  "rps": {
    "mean": 52347.578615725506,
    "stddev": 7757.631837478384,
    "max": 86266.39061500787,
    "percentiles": {
      "p10": 47238.906124587615,
      "p25": 48558.974723995896,
      "p50": 49838.151104672215,
      "p75": 54848.656454484095,
      "p90": 61625.30147891532,
      "p95": 67300.50657652409,
      "p99": 79937.8641872805
    }
  },
  "details": {
    "DNSDialup": {
      "average": 0.0014282041399999994,
      "fastest": 0.000115785,
      "slowest": 0.005320474
    },
    "DNSLookup": {
      "average": 0.000009498799999999996,
      "fastest": 0.000005039,
      "slowest": 0.000028353
    }
  },
  "statusCodeDistribution": {
    "200": 336095
  },
  "errorDistribution": {
    "Connection refused (os error 111)": 171517
  }
}