{
  "summary": {
    "successRate": 0.9377504003672994,
    "total": 10.001367036,
    "slowest": 0.016593635,
    "fastest": 0.000138698,
    "average": 0.0014011744843589408,
    "requestsPerSec": 36586.398507612976,
    "totalData": 4460768,
    "sizePerRequest": 13,
    "sizePerSec": 446015.82803065126
  },
  "responseTimeHistogram": {
    "0.000138698": 1,
    "0.0017841916999999999": 321349,
    "0.0034296853999999997": 20988,
    "0.005075179099999999": 635,
    "0.006720672799999999": 113,
    "0.0083661665": 0,
    "0.010011660199999998": 0,
    "0.011657153899999998": 0,
    "0.013302647599999998": 0,
    "0.014948141299999999": 0,
    "0.016593635": 50
  },
  "latencyPercentiles": {
    "p10": 0.001157081,
    "p25": 0.001245227,
    "p50": 0.001366482,
    "p75": 0.001466871,
    "p90": 0.001635362,
    "p95": 0.001888243,
    "p99": 0.002570901
  },
  "rps": {
    "mean": 35516.12904177117,
    "stddev": 4189.650378408056,
    "max": 48155.78426369671,
    "percentiles": {
      "p10": 31078.220773865516,
      "p25": 34337.33154685483,
      "p50": 36927.21879795375,
      "p75": 37832.79690040062,
      "p90": 38375.46413466181,
      "p95": 38729.32196966163,
      "p99": 40415.6416978457
    }
  },
  "details": {
    "DNSDialup": {
      "average": 0.0006131688600000001,
      "fastest": 0.000074889,
      "slowest": 0.001095544
    },
    "DNSLookup": {
      "average": 0.00002451782,
      "fastest": 0.000004258,
      "slowest": 0.000639151
    }
  },
  "statusCodeDistribution": {
    "200": 343136
  },
  "errorDistribution": {
    "Connection refused (os error 111)": 22778
  }
}