{
  "summary": {
    "successRate": 0.9662699201020152,
    "total": 10.000674318,
    "slowest": 0.008527204,
    "fastest": 0.000281184,
    "average": 0.0009437616288579842,
    "requestsPerSec": 52851.33613927173,
    "totalData": 6639373,
    "sizePerRequest": 13,
    "sizePerSec": 663892.5325315249
  },
  "responseTimeHistogram": {
    "0.000281184": 1,
    "0.001105786": 402516,
    "0.0019303880000000001": 107903,
    "0.00275499": 202,
    "0.003579592": 47,
    "0.004404194": 2,
    "0.005228796000000001": 6,
    "0.006053398000000001": 40,
    "0.006878": 3,
    "0.007702602": 0,
    "0.008527204": 1
  },
  "latencyPercentiles": {
    "p10": 0.000649911,
    "p25": 0.000779563,
    "p50": 0.000980322,
    "p75": 0.001091746,
    "p90": 0.001157435,
    "p95": 0.001207736,
    "p99": 0.001338143
  },
  "rps": {
    "mean": 52860.89116223848,
    "stddev": 6976.347207274979,
    "max": 74971.3845851638,
    "percentiles": {
      "p10": 46134.02395298605,
      "p25": 47528.7707660207,
      "p50": 51614.018367388606,
      "p75": 57415.05997023321,
      "p90": 62527.261886181856,
      "p95": 66133.17233903757,
      "p99": 70767.5771994108
    }
  },
  "details": {
    "DNSDialup": {
      "average": 0.00099054008,
      "fastest": 0.000075851,
      "slowest": 0.003825151
    },
    "DNSLookup": {
      "average": 0.000011134919999999999,
      "fastest": 0.00000496,
      "slowest": 0.000040615
    }
  },
  "statusCodeDistribution": {
    "200": 510721
  },
  "errorDistribution": {
    "Connection refused (os error 111)": 17828
  }
}