{
  "summary": {
    "successRate": 0.9853779535371575,
    "total": 10.000618277,
    "slowest": 0.015414462,
    "fastest": 0.000121712,
    "average": 0.0014181809277985463,
    "requestsPerSec": 35273.31913180672,
    "totalData": 4518761,
    "sizePerRequest": 13,
    "sizePerSec": 451848.163267316
  },
  "responseTimeHistogram": {
    "0.000121712": 1,
    "0.001650987": 309429,
    "0.003180262": 36821,
    "0.004709537000000001": 1139,
    "0.006238812000000001": 96,
    "0.007768087000000001": 60,
    "0.009297362": 1,
    "0.010826637": 0,
    "0.012355912": 0,
    "0.013885187": 0,
    "0.015414462": 50
  },
  "latencyPercentiles": {
    "p10": 0.001153188,
    "p25": 0.001259128,
    "p50": 0.001377801,
    "p75": 0.001498197,
    "p90": 0.001675013,
    "p95": 0.00193462,
    "p99": 0.002657962
  },
  "rps": {
    "mean": 35043.14741234271,
    "stddev": 4134.799168829032,
    "max": 48248.94680018572,
    "percentiles": {
      "p10": 30501.74775014573,
      "p25": 33475.165135795905,
      "p50": 36457.29866080225,
      "p75": 37539.352503231836,
      "p90": 38037.86288872122,
      "p95": 38630.391655835905,
      "p99": 40360.25786498913
    }
  },
  "details": {
    "DNSDialup": {
      "average": 0.00084479664,
      "fastest": 0.000107133,
      "slowest": 0.001205877
    },
    "DNSLookup": {
      "average": 0.000011646040000000003,
      "fastest": 0.000003817,
      "slowest": 0.000254931
    }
  },
  "statusCodeDistribution": {
    "200": 347597
  },
  "errorDistribution": {
    "Connection refused (os error 111)": 5158
  }
}