{
  "summary": {
    "successRate": 1,
    "total": 10.000771214,
    "slowest": 0.005184155,
    "fastest": 0.000225622,
    "average": 0.0009052124450369578,
    "requestsPerSec": 55146.44702880011,
    "totalData": 7169591,
    "sizePerRequest": 13,
    "sizePerSec": 716903.8113744014
  },
  "responseTimeHistogram": {
    "0.000225622": 1,
    "0.0007214753": 43243,
    "0.0012173286": 504129,
    "0.0017131819": 3679,
    "0.0022090352": 257,
    "0.0027048884999999996": 34,
    "0.0032007418": 57,
    "0.0036965951": 57,
    "0.0041924484": 40,
    "0.0046883016999999996": 9,
    "0.005184154999999999": 1
  },
  "latencyPercentiles": {
    "p10": 0.000755948,
    "p25": 0.000844479,
    "p50": 0.000919044,
    "p75": 0.000979658,
    "p90": 0.001023587,
    "p95": 0.001072995,
    "p99": 0.001180814
  },
  "rps": {
    "mean": 55145.51751509399,
    "stddev": 3989.2224786077218,
    "max": 77967.02145507028,
    "percentiles": {
      "p10": 52616.27421361603,
      "p25": 53441.11063405026,
      "p50": 54329.249971099125,
      "p75": 55852.6746574685,
      "p90": 60177.62984810516,
      "p95": 62558.0950476761,
      "p99": 68551.5382561898
    }
  },
  "details": {
    "DNSDialup": {
      "average": 0.0006948219400000001,
      "fastest": 0.000077444,
      "slowest": 0.001450822
    },
    "DNSLookup": {
      "average": 0.000004987180000000001,
      "fastest": 0.000002524,
      "slowest": 0.000031737
    }
  },
  "statusCodeDistribution": {
    "200": 551507
  },
  "errorDistribution": {}
}