{
  "summary": {
    "successRate": 1,
    "total": 10.000745057,
    "slowest": 0.024448347,
    "fastest": 0.000046601,
    "average": 0.0010783977058583913,
    "requestsPerSec": 46279.351924489325,
    "totalData": 6016764,
    "sizePerRequest": 13,
    "sizePerSec": 601631.5750183612
  },
  "responseTimeHistogram": {
    "0.000046601": 1,
    "0.0024867756": 445346,
    "0.0049269502": 12331,
    "0.0073671248": 565,
    "0.0098072994": 870,
    "0.012247474000000001": 1466,
    "0.0146876486": 1366,
    "0.0171278232": 576,
    "0.0195679978": 85,
    "0.0220081724": 174,
    "0.024448347000000002": 48
  },
  "latencyPercentiles": {
    "p10": 0.000776711,
    "p25": 0.000828112,
    "p50": 0.000869812,
    "p75": 0.000934314,
    "p90": 0.001064015,
    "p95": 0.001758825,
    "p99": 0.006951099
  },
  "rps": {
    "mean": 47167.090092379956,
    "stddev": 17560.03581295884,
    "max": 68952.00214836864,
    "percentiles": {
      "p10": 18011.813948769413,
      "p25": 44103.02466562044,
      "p50": 56335.261686326194,
      "p75": 57765.29113908644,
      "p90": 58569.07747218672,
      "p95": 59012.15650424063,
      "p99": 59700.943274903526
    }
  },
  "details": {
    "DNSDialup": {
      "average": 0.00167331576,
      "fastest": 0.000081801,
      "slowest": 0.004112958
    },
    "DNSLookup": {
      "average": 0.0000055621,
      "fastest": 0.0000036,
      "slowest": 0.0000445
    }
  },
  "statusCodeDistribution": {
    "200": 462828
  },
  "errorDistribution": {}
}