{
  "summary": {
    "successRate": 0.8513208851882281,
    "total": 10.00060736,
    "slowest": 0.014868748,
    "fastest": 0.000126154,
    "average": 0.0009173855772687307,
    "requestsPerSec": 56106.69230393623,
    "totalData": 6209801,
    "sizePerRequest": 13,
    "sizePerSec": 620942.3864432169
  },
  "responseTimeHistogram": {
    "0.000126154": 1,
    "0.0016004134": 477121,
    "0.0030746728": 395,
    "0.0045489321999999995": 62,
    "0.0060231916": 48,
    "0.0074974510000000005": 0,
    "0.0089717104": 0,
    "0.0104459698": 0,
    "0.0119202292": 0,
    "0.0133944886": 0,
    "0.014868748000000001": 50
  },
  "latencyPercentiles": {
    "p10": 0.000632535,
    "p25": 0.000780813,
    "p50": 0.000952753,
    "p75": 0.001049606,
    "p90": 0.001106529,
    "p95": 0.001148854,
    "p99": 0.001268324
  },
  "rps": {
    "mean": 54382.77968804438,
    "stddev": 7383.276014300703,
    "max": 79325.4634737735,
    "percentiles": {
      "p10": 48438.983694076866,
      "p25": 49618.04111975097,
      "p50": 52022.47891313732,
      "p75": 58423.88368365022,
      "p90": 64182.75082063486,
      "p95": 68706.66454646469,
      "p99": 74209.48397204698
    }
  },
  "details": {
    "DNSDialup": {
      "average": 0.0009325894000000001,
      "fastest": 0.000083762,
      "slowest": 0.001684713
    },
    "DNSLookup": {
      "average": 0.000006184380000000001,
      "fastest": 0.000004087,
      "slowest": 0.000008455
    }
  },
  "statusCodeDistribution": {
    "200": 477677
  },
  "errorDistribution": {
    "Connection refused (os error 111)": 83424
  }
}