{
  "summary": {
    "successRate": 0.5485936261014442,
    "total": 10.000570899,
    "slowest": 0.012936514,
    "fastest": 0.000243898,
    "average": 0.0009383737963120515,
    "requestsPerSec": 56116.29632625436,
    "totalData": 4002284,
    "sizePerRequest": 13,
    "sizePerSec": 400205.5523050395
  },
  "responseTimeHistogram": {
    "0.000243898": 1,
    "0.0015131596": 306759,
    "0.0027824212000000003": 864,
    "0.0040516828": 144,
    "0.0053209444": 49,
    "0.006590206": 0,
    "0.0078594676": 1,
    "0.0091287292": 0,
    "0.0103979908": 0,
    "0.0116672524": 0,
    "0.012936514": 50
  },
  "latencyPercentiles": {
    "p10": 0.000644022,
    "p25": 0.000768703,
    "p50": 0.000970272,
    "p75": 0.001083619,
    "p90": 0.001150307,
    "p95": 0.00120496,
    "p99": 0.00136455
  },
  "rps": {
    "mean": 53148.666405798824,
    "stddev": 7751.864062272256,
    "max": 75574.15194717707,
    "percentiles": {
      "p10": 46451.44962560553,
      "p25": 47801.85949233628,
      "p50": 51777.324527903176,
      "p75": 57812.36606509877,
      "p90": 63273.91529818986,
      "p95": 67006.28555069746,
      "p99": 71148.88639984738
    }
  },
  "details": {
    "DNSDialup": {
      "average": 0.0008798086400000002,
      "fastest": 0.00009509,
      "slowest": 0.00259235
    },
    "DNSLookup": {
      "average": 0.00000736358,
      "fastest": 0.000003877,
      "slowest": 0.000017262
    }
  },
  "statusCodeDistribution": {
    "200": 307868
  },
  "errorDistribution": {
    "Connection refused (os error 111)": 253327
  }
}