{
  "summary": {
    "successRate": 0.1456427096888477,
    "total": 10.000703213,
    "slowest": 0.015598831,
    "fastest": 0.000150202,
    "average": 0.0010453794422159346,
    "requestsPerSec": 58706.67167052946,
    "totalData": 1111604,
    "sizePerRequest": 13,
    "sizePerSec": 111152.58360582248
  },
  "responseTimeHistogram": {
    "0.000150202": 1,
    "0.0016950649": 78941,
    "0.0032399278": 5023,
    "0.0047847907": 1127,
    "0.0063296536": 74,
    "0.0078745165": 73,
    "0.0094193794": 22,
    "0.010964242300000001": 97,
    "0.0125091052": 50,
    "0.0140539681": 70,
    "0.015598831": 30
  },
  "latencyPercentiles": {
    "p10": 0.000768706,
    "p25": 0.000821807,
    "p50": 0.000865607,
    "p75": 0.000922808,
    "p90": 0.00126721,
    "p95": 0.002184318,
    "p99": 0.004061434
  },
  "rps": {
    "mean": 47931.39259635781,
    "stddev": 15302.81397348053,
    "max": 61403.78247299829,
    "percentiles": {
      "p10": 23863.515131874396,
      "p25": 39084.485022825094,
      "p50": 56204.58629424289,
      "p75": 59418.929247717686,
      "p90": 59943.2550528486,
      "p95": 60416.21055669583,
      "p99": 61352.86162558142
    }
  },
  "details": {
    "DNSDialup": {
      "average": 0.0013481253600000004,
      "fastest": 0.0000779,
      "slowest": 0.002934625
    },
    "DNSLookup": {
      "average": 0.000004778020000000002,
      "fastest": 0.0000036,
      "slowest": 0.000032601
    }
  },
  "statusCodeDistribution": {
    "200": 85508
  },
  "errorDistribution": {
    "Connection refused (os error 111)": 501600
  }
}