{
  "summary": {
    "successRate": 1,
    "total": 10.000599762,
    "slowest": 0.016338356,
    "fastest": 0.000206805,
    "average": 0.0009601966620608444,
    "requestsPerSec": 51952.68407542935,
    "totalData": 6754254,
    "sizePerRequest": 13,
    "sizePerSec": 675384.8929805816
  },
  "responseTimeHistogram": {
    "0.000206805": 1,
    "0.0018199600999999998": 488359,
    "0.0034331151999999997": 25019,
    "0.0050462703": 4921,
    "0.006659425399999999": 295,
    "0.008272580499999998": 2,
    "0.0098857356": 20,
    "0.0114988907": 574,
    "0.0131120458": 297,
    "0.014725200899999999": 52,
    "0.016338356": 18
  },
  "latencyPercentiles": {
    "p10": 0.000750716,
    "p25": 0.000807617,
    "p50": 0.000844318,
    "p75": 0.00087582,
    "p90": 0.00095352,
    "p95": 0.001965943,
    "p99": 0.003654179
  },
  "rps": {
    "mean": 52104.39074828989,
    "stddev": 13447.940964996857,
    "max": 80265.94784036509,
    "percentiles": {
      "p10": 31989.464936586937,
      "p25": 44714.5538437091,
      "p50": 59730.958555819874,
      "p75": 60400.49528406068,
      "p90": 60757.410922857074,
      "p95": 60993.855045532706,
      "p99": 61341.483016189515
    }
  },
  "details": {
    "DNSDialup": {
      "average": 0.0015188695000000003,
      "fastest": 0.000226305,
      "slowest": 0.001881944
    },
    "DNSLookup": {
      "average": 0.000010884240000000003,
      "fastest": 0.000004,
      "slowest": 0.000154504
    }
  },
  "statusCodeDistribution": {
    "200": 519558
  },
  "errorDistribution": {}
}