{
  "summary": {
    "successRate": 0.2431030274319041,
    "total": 10.000672302,
    "slowest": 0.017076551,
    "fastest": 0.000113491,
    "average": 0.0009710874589910632,
    "requestsPerSec": 69232.24550228844,
    "totalData": 2188121,
    "sizePerRequest": 13,
    "sizePerSec": 218797.39020769685
  },
  "responseTimeHistogram": {
    "0.000113491": 1,
    "0.001809797": 167907,
    "0.0035061029999999996": 259,
    "0.005202409": 36,
    "0.006898715": 64,
    "0.008595021": 0,
    "0.010291327": 0,
    "0.011987633": 0,
    "0.013683938999999999": 0,
    "0.015380244999999999": 0,
    "0.017076551": 50
  },
  "latencyPercentiles": {
    "p10": 0.000666224,
    "p25": 0.000868679,
    "p50": 0.000993861,
    "p75": 0.001086095,
    "p90": 0.001149358,
    "p95": 0.001204712,
    "p99": 0.001397956
  },
  "rps": {
    "mean": 51356.40577186564,
    "stddev": 7506.114597732358,
    "max": 74981.88355493893,
    "percentiles": {
      "p10": 46346.17583859255,
      "p25": 47931.12167730555,
      "p50": 49721.45978204329,
      "p75": 55474.88526417674,
      "p90": 60328.064213954225,
      "p95": 63507.81242470277,
      "p99": 69550.29347993815
    }
  },
  "details": {
    "DNSDialup": {
      "average": 0.0007620471400000003,
      "fastest": 0.000059891,
      "slowest": 0.001215614
    },
    "DNSLookup": {
      "average": 0.000007082759999999999,
      "fastest": 0.000003527,
      "slowest": 0.000014046
    }
  },
  "statusCodeDistribution": {
    "200": 168317
  },
  "errorDistribution": {
    "Connection refused (os error 111)": 524052
  }
}