{
  "summary": {
    "successRate": 1,
    "total": 10.000263257,
    "slowest": 0.004861527,
    "fastest": 0.000301865,
    "average": 0.0009382216316759971,
    "requestsPerSec": 53200.39946224388,
    "totalData": 6916234,
    "sizePerRequest": 13,
    "sizePerSec": 691605.1930091704
  },
  "responseTimeHistogram": {
    "0.000301865": 1,
    "0.0007578312": 76615,
    "0.0012137974": 448007,
    "0.0016697636": 6881,
    "0.0021257298": 341,
    "0.002581696": 39,
    "0.0030376622": 85,
    "0.0034936284": 4,
    "0.0039495946": 9,
    "0.0044055608": 25,
    "0.004861527": 11
  },
  "latencyPercentiles": {
    "p10": 0.00065185,
    "p25": 0.000878042,
    "p50": 0.00096858,
    "p75": 0.00104311,
    "p90": 0.001093625,
    "p95": 0.001133961,
    "p99": 0.00124106
  },
  "rps": {
    "mean": 53193.733881253684,
    "stddev": 5938.342838843371,
    "max": 78001.3026217593,
    "percentiles": {
      "p10": 49121.736368345,
      "p25": 49964.108948189394,
      "p50": 50984.535810224974,
      "p75": 54960.27493351909,
      "p90": 61844.600835407524,
      "p95": 66238.13992096731,
      "p99": 71743.39040251644
    }
  },
  "details": {
    "DNSDialup": {
      "average": 0.0009588460200000001,
      "fastest": 0.000147737,
      "slowest": 0.001376613
    },
    "DNSLookup": {
      "average": 0.000008862239999999999,
      "fastest": 0.000004008,
      "slowest": 0.000045415
    }
  },
  "statusCodeDistribution": {
    "200": 532018
  },
  "errorDistribution": {}
}