{
  "summary": {
    "successRate": 1,
    "total": 10.000350881,
    "slowest": 0.006736851,
    "fastest": 0.000139286,
    "average": 0.0009910541125569736,
    "requestsPerSec": 50363.83282879733,
    "totalData": 6547528,
    "sizePerRequest": 13,
    "sizePerSec": 654729.8267743652
  },
  "responseTimeHistogram": {
    "0.000139286": 1,
    "0.0007990425": 51162,
    "0.001458799": 450878,
    "0.0021185555000000004": 1285,
    "0.0027783120000000002": 174,
    "0.0034380685": 58,
    "0.004097825": 12,
    "0.0047575815": 19,
    "0.005417338": 15,
    "0.0060770945": 2,
    "0.006736850999999999": 50
  },
  "latencyPercentiles": {
    "p10": 0.000794159,
    "p25": 0.000926045,
    "p50": 0.001012587,
    "p75": 0.001081967,
    "p90": 0.001136506,
    "p95": 0.001187194,
    "p99": 0.00131303
  },
  "rps": {
    "mean": 50363.09496094099,
    "stddev": 5089.8649118437315,
    "max": 75801.34064961929,
    "percentiles": {
      "p10": 47263.820336601115,
      "p25": 48177.536333555676,
      "p50": 49019.64259616528,
      "p75": 50592.465995714396,
      "p90": 56604.11625940544,
      "p95": 60923.77245601093,
      "p99": 67365.33089790586
    }
  },
  "details": {
    "DNSDialup": {
      "average": 0.0009432992799999998,
      "fastest": 0.000125194,
      "slowest": 0.0017911
    },
    "DNSLookup": {
      "average": 0.000013629740000000004,
      "fastest": 0.000004469,
      "slowest": 0.000183654
    }
  },
  "statusCodeDistribution": {
    "200": 503656
  },
  "errorDistribution": {}
}