{
  "summary": {
    "successRate": 1,
    "total": 10.000198779,
    "slowest": 0.00498017,
    "fastest": 0.000326821,
    "average": 0.0010076674248911547,
    "requestsPerSec": 49533.81537177142,
    "totalData": 6439524,
    "sizePerRequest": 13,
    "sizePerSec": 643939.5998330285
  },
  "responseTimeHistogram": {
    "0.000326821": 1,
    "0.0007921559": 32984,
    "0.0012574908": 453121,
    "0.0017228257": 8788,
    "0.0021881606": 256,
    "0.0026534955000000002": 113,
    "0.0031188304": 30,
    "0.0035841653000000004": 9,
    "0.0040495002": 4,
    "0.0045148351": 22,
    "0.00498017": 20
  },
  "latencyPercentiles": {
    "p10": 0.000861117,
    "p25": 0.000941551,
    "p50": 0.001025257,
    "p75": 0.001089462,
    "p90": 0.00114402,
    "p95": 0.001192079,
    "p99": 0.001301852
  },
  "rps": {
    "mean": 49532.34445628404,
    "stddev": 4025.2261592849636,
    "max": 70709.20633866235,
    "percentiles": {
      "p10": 47102.546954977224,
      "p25": 47836.32690665154,
      "p50": 48717.51639304279,
      "p75": 49836.694758351274,
      "p90": 53931.862944625835,
      "p95": 57418.52321558815,
      "p99": 65012.116670929114
    }
  },
  "details": {
    "DNSDialup": {
      "average": 0.00094453084,
      "fastest": 0.000315077,
      "slowest": 0.001331442
    },
    "DNSLookup": {
      "average": 0.00000874288,
      "fastest": 0.000004468,
      "slowest": 0.00003758
    }
  },
  "statusCodeDistribution": {
    "200": 495348
  },
  "errorDistribution": {}
}