{
  "summary": {
    "successRate": 1,
    "total": 10.000618691,
    "slowest": 0.005249674,
    "fastest": 0.000228173,
    "average": 0.0010482512297543072,
    "requestsPerSec": 47609.654433528885,
    "totalData": 6189638,
    "sizePerRequest": 13,
    "sizePerSec": 618925.5076358755
  },
  "responseTimeHistogram": {
    "0.000228173": 1,
    "0.0007303231000000001": 12571,
    "0.0012324732": 448089,
    "0.0017346233000000001": 14945,
    "0.0022367734": 375,
    "0.0027389235000000005": 38,
    "0.0032410736000000003": 49,
    "0.0037432237": 7,
    "0.0042453738000000005": 12,
    "0.004747523900000001": 22,
    "0.005249674000000001": 17
  },
  "latencyPercentiles": {
    "p10": 0.000910726,
    "p25": 0.000981346,
    "p50": 0.001061531,
    "p75": 0.001126899,
    "p90": 0.001175647,
    "p95": 0.001210719,
    "p99": 0.001304196
  },
  "rps": {
    "mean": 47609.19252196845,
    "stddev": 2572.774324633932,
    "max": 60977.392506567136,
    "percentiles": {
      "p10": 45851.922717285175,
      "p25": 46547.31068657808,
      "p50": 47398.2916689599,
      "p75": 48509.16823279302,
      "p90": 50179.50943269306,
      "p95": 51275.26446788107,
      "p99": 54577.52364656864
    }
  },
  "details": {
    "DNSDialup": {
      "average": 0.0006081144200000002,
      "fastest": 0.000074429,
      "slowest": 0.001037308
    },
    "DNSLookup": {
      "average": 0.0000065604399999999985,
      "fastest": 0.000003396,
      "slowest": 0.00004255
    }
  },
  "statusCodeDistribution": {
    "200": 476126
  },
  "errorDistribution": {}
}