{
  "summary": {
    "successRate": 1,
    "total": 10.000825226,
    "slowest": 0.022868348,
    "fastest": 0.0000471,
    "average": 0.0011311816109861024,
    "requestsPerSec": 44130.25825635002,
    "totalData": 5737407,
    "sizePerRequest": 13,
    "sizePerSec": 573693.3573325502
  },
  "responseTimeHistogram": {
    "0.0000471": 1,
    "0.0023292248": 425460,
    "0.004611349599999999": 10369,
    "0.0068934743999999985": 827,
    "0.009175599199999999": 967,
    "0.011457723999999999": 1291,
    "0.013739848799999997": 1116,
    "0.0160219736": 832,
    "0.0183040984": 259,
    "0.0205862232": 33,
    "0.022868348": 184
  },
  "latencyPercentiles": {
    "p10": 0.000843494,
    "p25": 0.000885312,
    "p50": 0.000924809,
    "p75": 0.000970209,
    "p90": 0.001190217,
    "p95": 0.001727724,
    "p99": 0.008061711
  },
  "rps": {
    "mean": 44796.79037332851,
    "stddev": 16226.40188375587,
    "max": 58529.61598568871,
    "percentiles": {
      "p10": 16509.180755418052,
      "p25": 43000.71811199169,
      "p50": 52532.570193519125,
      "p75": 54201.63146910616,
      "p90": 55609.45360711127,
      "p95": 56313.32373239834,
      "p99": 57392.48934344005
    }
  },
  "details": {
    "DNSDialup": {
      "average": 0.0014620102999999998,
      "fastest": 0.000159402,
      "slowest": 0.001715624
    },
    "DNSLookup": {
      "average": 0.000007712060000000003,
      "fastest": 0.0000039,
      "slowest": 0.000049501
    }
  },
  "statusCodeDistribution": {
    "200": 441339
  },
  "errorDistribution": {}
}