{
  "summary": {
    "successRate": 1,
    "total": 10.000629263,
    "slowest": 0.005253399,
    "fastest": 0.000180908,
    "average": 0.0009953394555825307,
    "requestsPerSec": 50148.24435653115,
    "totalData": 6519682,
    "sizePerRequest": 13,
    "sizePerSec": 651927.1766349049
  },
  "responseTimeHistogram": {
    "0.000180908": 1,
    "0.0006881571": 12122,
    "0.0011954062": 476389,
    "0.0017026553": 12462,
    "0.0022099044": 422,
    "0.0027171535": 44,
    "0.0032244026": 24,
    "0.0037316517": 10,
    "0.0042389008": 23,
    "0.0047461499": 11,
    "0.005253399": 6
  },
  "latencyPercentiles": {
    "p10": 0.000863154,
    "p25": 0.000929005,
    "p50": 0.001007426,
    "p75": 0.001068961,
    "p90": 0.001117181,
    "p95": 0.001156988,
    "p99": 0.001253678
  },
  "rps": {
    "mean": 50149.90740173488,
    "stddev": 2727.74558596906,
    "max": 70900.12762022919,
    "percentiles": {
      "p10": 48345.686673900724,
      "p25": 49032.24360339509,
      "p50": 49850.55408135621,
      "p75": 51023.62878031015,
      "p90": 52913.52998961808,
      "p95": 54210.40140995165,
      "p99": 56866.78459253119
    }
  },
  "details": {
    "DNSDialup": {
      "average": 0.00062541974,
      "fastest": 0.000093945,
      "slowest": 0.001041497
    },
    "DNSLookup": {
      "average": 0.000006323140000000001,
      "fastest": 0.000003466,
      "slowest": 0.000030637
    }
  },
  "statusCodeDistribution": {
    "200": 501514
  },
  "errorDistribution": {}
}