{
  "summary": {
    "successRate": 1,
    "total": 10.000677324,
    "slowest": 0.003962739,
    "fastest": 0.000111313,
    "average": 0.0006121741114217675,
    "requestsPerSec": 81505.47943826449,
    "totalData": 10596430,
    "sizePerRequest": 13,
    "sizePerSec": 1059571.2326974384
  },
  "responseTimeHistogram": {
    "0.000111313": 1,
    "0.0004964556": 152013,
    "0.0008815982": 654782,
    "0.0012667408": 7616,
    "0.0016518834": 423,
    "0.002037026": 120,
    "0.0024221686": 43,
    "0.0028073112": 18,
    "0.0031924538": 40,
    "0.0035775964": 43,
    "0.003962739": 11
  },
  "latencyPercentiles": {
    "p10": 0.000443885,
    "p25": 0.000532283,
    "p50": 0.000628175,
    "p75": 0.000693348,
    "p90": 0.000738579,
    "p95": 0.000779911,
    "p99": 0.000882742
  },
  "rps": {
    "mean": 81501.2126731392,
    "stddev": 8071.7435302216945,
    "max": 109878.65679804838,
    "percentiles": {
      "p10": 73669.93486916857,
      "p25": 75943.02349614809,
      "p50": 80417.61880927051,
      "p75": 86193.87374789744,
      "p90": 91535.790494079,
      "p95": 96070.14021832714,
      "p99": 102078.07678078614
    }
  },
  "details": {
    "DNSDialup": {
      "average": 0.00041020228,
      "fastest": 0.000053025,
      "slowest": 0.000902387
    },
    "DNSLookup": {
      "average": 0.000006688379999999998,
      "fastest": 0.000002953,
      "slowest": 0.000055703
    }
  },
  "statusCodeDistribution": {
    "200": 815110
  },
  "errorDistribution": {}
}