{
  "summary": {
    "successRate": 0.731788786936533,
    "total": 10.000642733,
    "slowest": 0.014112994,
    "fastest": 0.000260847,
    "average": 0.0009455831627064828,
    "requestsPerSec": 52417.63094588093,
    "totalData": 4986943,
    "sizePerRequest": 13,
    "sizePerSec": 498662.24933165003
  },
  "responseTimeHistogram": {
    "0.000260847": 1,
    "0.0016460617000000001": 383104,
    "0.0030312764": 405,
    "0.0044164911": 17,
    "0.0058017058": 33,
    "0.0071869205": 1,
    "0.0085721352": 0,
    "0.0099573499": 0,
    "0.0113425646": 0,
    "0.0127277793": 0,
    "0.014112994": 50
  },
  "latencyPercentiles": {
    "p10": 0.000642571,
    "p25": 0.000823333,
    "p50": 0.000981083,
    "p75": 0.001079785,
    "p90": 0.001143668,
    "p95": 0.001192342,
    "p99": 0.001315588
  },
  "rps": {
    "mean": 52747.23146674614,
    "stddev": 7524.089354500348,
    "max": 78082.2440276306,
    "percentiles": {
      "p10": 46913.478242298515,
      "p25": 48024.502100974176,
      "p50": 49958.225455629996,
      "p75": 56413.50396999046,
      "p90": 63146.52519706651,
      "p95": 67754.04740360999,
      "p99": 74562.9758894299
    }
  },
  "details": {
    "DNSDialup": {
      "average": 0.00103686962,
      "fastest": 0.000089758,
      "slowest": 0.002446641
    },
    "DNSLookup": {
      "average": 0.000050317239999999996,
      "fastest": 0.000004539,
      "slowest": 0.002120226
    }
  },
  "statusCodeDistribution": {
    "200": 383611
  },
  "errorDistribution": {
    "Connection refused (os error 111)": 140599
  }
}