{
  "summary": {
    "successRate": 1,
    "total": 10.000959844,
    "slowest": 0.027691926,
    "fastest": 0.000054702,
    "average": 0.001330663219696227,
    "requestsPerSec": 37522.29844469716,
    "totalData": 4878367,
    "sizePerRequest": 13,
    "sizePerSec": 487789.8797810631
  },
  "responseTimeHistogram": {
    "0.000054702": 1,
    "0.0028184243999999996": 363206,
    "0.0055821468": 7645,
    "0.0083458692": 658,
    "0.0111095916": 1168,
    "0.013873314": 753,
    "0.0166370364": 1217,
    "0.019400758799999997": 504,
    "0.0221644812": 35,
    "0.0249282036": 68,
    "0.027691926": 4
  },
  "latencyPercentiles": {
    "p10": 0.000999529,
    "p25": 0.001039031,
    "p50": 0.001079432,
    "p75": 0.001145734,
    "p90": 0.001626548,
    "p95": 0.002051661,
    "p99": 0.008341348
  },
  "rps": {
    "mean": 38316.08337402773,
    "stddev": 13030.859204012762,
    "max": 52370.251445557486,
    "percentiles": {
      "p10": 15358.674745128996,
      "p25": 35804.506986137836,
      "p50": 45063.09734890846,
      "p75": 46307.41844843535,
      "p90": 46842.41499430929,
      "p95": 47231.312494997335,
      "p99": 47914.67210543385
    }
  },
  "details": {
    "DNSDialup": {
      "average": 0.0018115441200000002,
      "fastest": 0.000088903,
      "slowest": 0.00234707
    },
    "DNSLookup": {
      "average": 0.000008366280000000002,
      "fastest": 0.0000041,
      "slowest": 0.000077003
    }
  },
  "statusCodeDistribution": {
    "200": 375259
  },
  "errorDistribution": {}
}