{
  "summary": {
    "successRate": 0.8561377921166127,
    "total": 10.000361343,
    "slowest": 0.016739845,
    "fastest": 0.000331589,
    "average": 0.0010235997805831734,
    "requestsPerSec": 47855.87076160914,
    "totalData": 5326451,
    "sizePerRequest": 13,
    "sizePerSec": 532625.8539376061
  },
  "responseTimeHistogram": {
    "0.000331589": 1,
    "0.0019724146000000002": 409358,
    "0.0036132402000000003": 268,
    "0.005254065800000001": 5,
    "0.0068948914": 45,
    "0.008535717": 0,
    "0.010176542600000001": 0,
    "0.011817368200000001": 0,
    "0.0134581938": 0,
    "0.0150990194": 0,
    "0.016739845": 50
  },
  "latencyPercentiles": {
    "p10": 0.000891998,
    "p25": 0.00094945,
    "p50": 0.001029901,
    "p75": 0.001089747,
    "p90": 0.001146831,
    "p95": 0.001200485,
    "p99": 0.001329802
  },
  "rps": {
    "mean": 48743.92533456015,
    "stddev": 3979.840874019154,
    "max": 72000.71280705975,
    "percentiles": {
      "p10": 46703.81323606088,
      "p25": 47741.61912060048,
      "p50": 48749.35828391196,
      "p75": 49658.29884284109,
      "p90": 50633.38729174617,
      "p95": 53461.17033184403,
      "p99": 62043.95286889905
    }
  },
  "details": {
    "DNSDialup": {
      "average": 0.0008897762000000001,
      "fastest": 0.000069007,
      "slowest": 0.001485445
    },
    "DNSLookup": {
      "average": 0.000008383479999999999,
      "fastest": 0.000004378,
      "slowest": 0.000032199
    }
  },
  "statusCodeDistribution": {
    "200": 409727
  },
  "errorDistribution": {
    "Connection refused (os error 111)": 68849
  }
}