{
  "summary": {
    "successRate": 0.9616891386409453,
    "total": 10.002588662,
    "slowest": 0.019266118,
    "fastest": 0.000143286,
    "average": 0.0014433898380448887,
    "requestsPerSec": 35012.33648949984,
    "totalData": 4378361,
    "sizePerRequest": 13,
    "sizePerSec": 437722.78836512245
  },
  "responseTimeHistogram": {
    "0.000143286": 1,
    "0.0020555691999999998": 321716,
    "0.0039678524": 14453,
    "0.0058801356": 445,
    "0.0077924188": 131,
    "0.009704701999999999": 0,
    "0.011616985199999999": 0,
    "0.013529268399999999": 0,
    "0.015441551599999999": 1,
    "0.0173538348": 0,
    "0.019266118": 50
  },
  "latencyPercentiles": {
    "p10": 0.001164671,
    "p25": 0.001276328,
    "p50": 0.001392634,
    "p75": 0.001522833,
    "p90": 0.001709942,
    "p95": 0.00200342,
    "p99": 0.002847824
  },
  "rps": {
    "mean": 34349.75246791067,
    "stddev": 4505.965090032197,
    "max": 49020.2600734895,
    "percentiles": {
      "p10": 29115.935151308546,
      "p25": 33160.883301103844,
      "p50": 34437.54009137047,
      "p75": 37439.63110419827,
      "p90": 38315.71748946569,
      "p95": 38714.71933629312,
      "p99": 42202.055240088725
    }
  },
  "details": {
    "DNSDialup": {
      "average": 0.0007453472599999999,
      "fastest": 0.000102471,
      "slowest": 0.00134195
    },
    "DNSLookup": {
      "average": 0.00000817196,
      "fastest": 0.00000495,
      "slowest": 0.000024225
    }
  },
  "statusCodeDistribution": {
    "200": 336797
  },
  "errorDistribution": {
    "Connection refused (os error 111)": 13417
  }
}