{
  "summary": {
    "successRate": 0.9149168710294089,
    "total": 10.000568443,
    "slowest": 0.01892225,
    "fastest": 0.000158878,
    "average": 0.0009598808750147866,
    "requestsPerSec": 51784.056371564395,
    "totalData": 6159504,
    "sizePerRequest": 13,
    "sizePerSec": 615915.3887208689
  },
  "responseTimeHistogram": {
    "0.000158878": 1,
    "0.0020352152": 473360,
    "0.003911552400000001": 345,
    "0.005787889600000001": 2,
    "0.007664226800000001": 49,
    "0.009540564": 1,
    "0.011416901200000001": 0,
    "0.0132932384": 0,
    "0.0151695756": 0,
    "0.017045912800000004": 33,
    "0.01892225": 17
  },
  "latencyPercentiles": {
    "p10": 0.000660689,
    "p25": 0.000802285,
    "p50": 0.000996833,
    "p75": 0.001103099,
    "p90": 0.001163402,
    "p95": 0.001208624,
    "p99": 0.001324481
  },
  "rps": {
    "mean": 51989.21181422849,
    "stddev": 8091.408641597449,
    "max": 75938.86941048967,
    "percentiles": {
      "p10": 45784.27862876739,
      "p25": 46660.14959884738,
      "p50": 48154.862835226384,
      "p75": 56397.63795008325,
      "p90": 64760.878975550804,
      "p95": 68645.82108557502,
      "p99": 71703.41308246007
    }
  },
  "details": {
    "DNSDialup": {
      "average": 0.0008218928200000001,
      "fastest": 0.000104526,
      "slowest": 0.002043842
    },
    "DNSLookup": {
      "average": 0.000008401020000000001,
      "fastest": 0.000006362,
      "slowest": 0.000016521
    }
  },
  "statusCodeDistribution": {
    "200": 473808
  },
  "errorDistribution": {
    "Connection refused (os error 111)": 44062
  }
}