{
  "summary": {
    "successRate": 1,
    "total": 10.000345538,
    "slowest": 0.006355452,
    "fastest": 0.00013917,
    "average": 0.000998124027736394,
    "requestsPerSec": 50008.37202071487,
    "totalData": 6501313,
    "sizePerRequest": 13,
    "sizePerSec": 650108.8362692933
  },
  "responseTimeHistogram": {
    "0.00013917": 1,
    "0.0007607982": 31620,
    "0.0013824264": 466225,
    "0.0020040546": 1979,
    "0.0026256828": 188,
    "0.003247311": 40,
    "0.0038689392": 2,
    "0.0044905674": 12,
    "0.0051121956": 24,
    "0.0057338238": 9,
    "0.006355452": 1
  },
  "latencyPercentiles": {
    "p10": 0.000846253,
    "p25": 0.000934236,
    "p50": 0.00101626,
    "p75": 0.001081694,
    "p90": 0.00112829,
    "p95": 0.001165908,
    "p99": 0.001278091
  },
  "rps": {
    "mean": 50007.11561137806,
    "stddev": 3571.9151649206556,
    "max": 65679.19597450625,
    "percentiles": {
      "p10": 47583.265957100026,
      "p25": 48427.14825930763,
      "p50": 49202.719337504794,
      "p75": 51004.65162422903,
      "p90": 54556.3567164884,
      "p95": 56740.27992471888,
      "p99": 60691.78181023018
    }
  },
  "details": {
    "DNSDialup": {
      "average": 0.0013370986400000002,
      "fastest": 0.000089237,
      "slowest": 0.002873389
    },
    "DNSLookup": {
      "average": 0.000020368880000000003,
      "fastest": 0.000003056,
      "slowest": 0.000689539
    }
  },
  "statusCodeDistribution": {
    "200": 500101
  },
  "errorDistribution": {}
}