{
  "summary": {
    "successRate": 1,
    "total": 10.001648392,
    "slowest": 0.010355065,
    "fastest": 0.000238601,
    "average": 0.001208386637767999,
    "requestsPerSec": 41305.39125235027,
    "totalData": 5370586,
    "sizePerRequest": 13,
    "sizePerSec": 536970.0862805536
  },
  "responseTimeHistogram": {
    "0.000238601": 1,
    "0.0012502474": 369548,
    "0.0022618938000000003": 29871,
    "0.0032735402000000006": 6421,
    "0.0042851866": 2693,
    "0.005296833": 3171,
    "0.006308479400000001": 274,
    "0.0073201258000000005": 222,
    "0.0083317722": 198,
    "0.0093434186": 161,
    "0.010355065": 562
  },
  "latencyPercentiles": {
    "p10": 0.000944906,
    "p25": 0.001003006,
    "p50": 0.001111407,
    "p75": 0.001179008,
    "p90": 0.001259308,
    "p95": 0.001928912,
    "p99": 0.004344727
  },
  "rps": {
    "mean": 41307.87052495739,
    "stddev": 9143.239284947875,
    "max": 48916.81270852975,
    "percentiles": {
      "p10": 29176.335939147688,
      "p25": 39178.16269485308,
      "p50": 46008.91192624036,
      "p75": 46525.29580332718,
      "p90": 46912.446580189906,
      "p95": 47077.625932142604,
      "p99": 47473.31591435511
    }
  },
  "details": {
    "DNSDialup": {
      "average": 0.0016088182,
      "fastest": 0.000080401,
      "slowest": 0.001793611
    },
    "DNSLookup": {
      "average": 0.0000051100400000000005,
      "fastest": 0.000004,
      "slowest": 0.0000401
    }
  },
  "statusCodeDistribution": {
    "200": 413122
  },
  "errorDistribution": {}
}