{
  "summary": {
    "successRate": 0.9351296654488144,
    "total": 10.000638904,
    "slowest": 0.005109269,
    "fastest": 0.000081073,
    "average": 0.0009164071316124654,
    "requestsPerSec": 55832.43284353265,
    "totalData": 6787807,
    "sizePerRequest": 13,
    "sizePerSec": 678737.3352001591
  },
  "responseTimeHistogram": {
    "0.000081073": 1,
    "0.0005838925999999999": 20943,
    "0.0010867122": 419550,
    "0.0015895317999999998": 80993,
    "0.0020923514": 357,
    "0.002595171": 151,
    "0.0030979905999999995": 37,
    "0.0036008101999999995": 53,
    "0.0041036297999999995": 4,
    "0.0046064494": 12,
    "0.005109269": 38
  },
  "latencyPercentiles": {
    "p10": 0.000629138,
    "p25": 0.000767607,
    "p50": 0.000955097,
    "p75": 0.001055683,
    "p90": 0.001111666,
    "p95": 0.001152836,
    "p99": 0.00127918
  },
  "rps": {
    "mean": 54435.2977101305,
    "stddev": 7278.667783259689,
    "max": 78598.52241057961,
    "percentiles": {
      "p10": 48043.7065056193,
      "p25": 49326.65118964464,
      "p50": 52374.18803735405,
      "p75": 58259.032942314894,
      "p90": 65575.75259724726,
      "p95": 68794.68176642062,
      "p99": 74203.60629526275
    }
  },
  "details": {
    "DNSDialup": {
      "average": 0.0006064147000000001,
      "fastest": 0.000093455,
      "slowest": 0.001209157
    },
    "DNSLookup": {
      "average": 0.000019656299999999997,
      "fastest": 0.000003406,
      "slowest": 0.000663372
    }
  },
  "statusCodeDistribution": {
    "200": 522139
  },
  "errorDistribution": {
    "Connection refused (os error 111)": 36221
  }
}