{
  "summary": {
    "successRate": 1,
    "total": 10.000305247,
    "slowest": 0.00576541,
    "fastest": 0.000101238,
    "average": 0.0010226960066237482,
    "requestsPerSec": 48807.61016234208,
    "totalData": 6345183,
    "sizePerRequest": 13,
    "sizePerSec": 634498.932110447
  },
  "responseTimeHistogram": {
    "0.000101238": 1,
    "0.0006676552": 11631,
    "0.0012340724": 466313,
    "0.0018004896": 9644,
    "0.0023669068": 379,
    "0.002933324": 60,
    "0.0034997412": 11,
    "0.0040661584": 9,
    "0.0046325756": 10,
    "0.0051989928": 14,
    "0.00576541": 19
  },
  "latencyPercentiles": {
    "p10": 0.000919944,
    "p25": 0.000984265,
    "p50": 0.001031523,
    "p75": 0.001078019,
    "p90": 0.001128578,
    "p95": 0.001172531,
    "p99": 0.001300999
  },
  "rps": {
    "mean": 48819.65277119964,
    "stddev": 3306.5329595537983,
    "max": 67885.69743173527,
    "percentiles": {
      "p10": 46616.66079456874,
      "p25": 47472.63423439298,
      "p50": 48295.452258736914,
      "p75": 49505.37714579336,
      "p90": 52424.15333984161,
      "p95": 54541.669835754336,
      "p99": 58756.07091848399
    }
  },
  "details": {
    "DNSDialup": {
      "average": 0.0011339392000000003,
      "fastest": 0.000072224,
      "slowest": 0.002225668
    },
    "DNSLookup": {
      "average": 0.000007963680000000003,
      "fastest": 0.000003677,
      "slowest": 0.000049151
    }
  },
  "statusCodeDistribution": {
    "200": 488091
  },
  "errorDistribution": {}
}