{
  "summary": {
    "successRate": 0.4842322800720267,
    "total": 10.000270146,
    "slowest": 0.013155092,
    "fastest": 0.000102098,
    "average": 0.0007670905737415383,
    "requestsPerSec": 67306.58173961693,
    "totalData": 4237077,
    "sizePerRequest": 13,
    "sizePerSec": 423696.25401517627
  },
  "responseTimeHistogram": {
    "0.000102098": 1,
    "0.0014073973999999998": 306413,
    "0.0027126968": 19084,
    "0.0040179962": 143,
    "0.0053232956": 132,
    "0.006628594999999999": 67,
    "0.0079338944": 41,
    "0.0092391938": 32,
    "0.0105444932": 10,
    "0.011849792599999999": 4,
    "0.013155091999999998": 2
  },
  "latencyPercentiles": {
    "p10": 0.000614191,
    "p25": 0.000658289,
    "p50": 0.000690689,
    "p75": 0.000723989,
    "p90": 0.000874586,
    "p95": 0.001648474,
    "p99": 0.001928469
  },
  "rps": {
    "mean": 64909.746113976595,
    "stddev": 14699.725441864312,
    "max": 74803.42599691004,
    "percentiles": {
      "p10": 31198.896612531873,
      "p25": 68127.25207474992,
      "p50": 71720.18150814861,
      "p75": 72601.87312832849,
      "p90": 73265.26445704611,
      "p95": 73559.38910735941,
      "p99": 74171.75954358486
    }
  },
  "details": {
    "DNSDialup": {
      "average": 0.0021888234400000003,
      "fastest": 0.000053299,
      "slowest": 0.00375274
    },
    "DNSLookup": {
      "average": 0.00000413792,
      "fastest": 0.0000033,
      "slowest": 0.0000128
    }
  },
  "statusCodeDistribution": {
    "200": 325929
  },
  "errorDistribution": {
    "Connection refused (os error 111)": 347155
  }
}