{
  "summary": {
    "successRate": 0.839390420952599,
    "total": 10.000584325,
    "slowest": 0.014443687,
    "fastest": 0.000197496,
    "average": 0.0009335161962113276,
    "requestsPerSec": 55031.48437278939,
    "totalData": 6005428,
    "sizePerRequest": 13,
    "sizePerSec": 600507.7108331867
  },
  "responseTimeHistogram": {
    "0.000197496": 1,
    "0.0016221151": 460893,
    "0.0030467342000000002": 949,
    "0.0044713533000000005": 16,
    "0.0058959724": 47,
    "0.0073205915": 0,
    "0.0087452106": 0,
    "0.0101698297": 0,
    "0.0115944488": 0,
    "0.0130190679": 0,
    "0.014443687": 50
  },
  "latencyPercentiles": {
    "p10": 0.000628788,
    "p25": 0.000796729,
    "p50": 0.000973437,
    "p75": 0.001071684,
    "p90": 0.001126137,
    "p95": 0.001166025,
    "p99": 0.001311041
  },
  "rps": {
    "mean": 53424.847486666455,
    "stddev": 7885.342769709199,
    "max": 78535.82804475557,
    "percentiles": {
      "p10": 47518.45485352175,
      "p25": 48550.069686867944,
      "p50": 50571.94871143441,
      "p75": 57647.783311944324,
      "p90": 65090.510517853116,
      "p95": 68952.61774260014,
      "p99": 75130.14221305579
    }
  },
  "details": {
    "DNSDialup": {
      "average": 0.0007601060800000002,
      "fastest": 0.000094886,
      "slowest": 0.001325541
    },
    "DNSLookup": {
      "average": 0.000008463679999999999,
      "fastest": 0.000003366,
      "slowest": 0.000094315
    }
  },
  "statusCodeDistribution": {
    "200": 461956
  },
  "errorDistribution": {
    "Connection refused (os error 111)": 88391
  }
}