{
  "summary": {
    "successRate": 0.6311714863360669,
    "total": 10.000902943,
    "slowest": 0.016302811,
    "fastest": 0.000140031,
    "average": 0.0013755495691241376,
    "requestsPerSec": 44017.02551349318,
    "totalData": 3612024,
    "sizePerRequest": 13,
    "sizePerSec": 361169.78842677287
  },
  "responseTimeHistogram": {
    "0.000140031": 1,
    "0.0017563090000000002": 263276,
    "0.0033725870000000002": 13996,
    "0.0049888649999999994": 435,
    "0.006605143": 89,
    "0.008221421000000001": 1,
    "0.009837699": 0,
    "0.011453977": 0,
    "0.013070255000000001": 0,
    "0.014686533000000002": 0,
    "0.016302811": 50
  },
  "latencyPercentiles": {
    "p10": 0.001142044,
    "p25": 0.001226799,
    "p50": 0.001354125,
    "p75": 0.001450348,
    "p90": 0.001607971,
    "p95": 0.001771154,
    "p99": 0.002368425
  },
  "rps": {
    "mean": 36224.89153992271,
    "stddev": 3862.0804113998497,
    "max": 44818.08669482252,
    "percentiles": {
      "p10": 32405.869977214672,
      "p25": 34709.850655616436,
      "p50": 37457.6697878025,
      "p75": 38323.917957195845,
      "p90": 38930.320187223166,
      "p95": 39752.694073202845,
      "p99": 41924.09377669203
    }
  },
  "details": {
    "DNSDialup": {
      "average": 0.0008256158600000001,
      "fastest": 0.000100427,
      "slowest": 0.001215237
    },
    "DNSLookup": {
      "average": 0.000018654339999999998,
      "fastest": 0.000004769,
      "slowest": 0.000375432
    }
  },
  "statusCodeDistribution": {
    "200": 277848
  },
  "errorDistribution": {
    "Connection refused (os error 111)": 162362
  }
}