{
  "summary": {
    "successRate": 1,
    "total": 10.000368646,
    "slowest": 0.006249199,
    "fastest": 0.000288201,
    "average": 0.0009415608797108532,
    "requestsPerSec": 53011.14576531582,
    "totalData": 6891703,
    "sizePerRequest": 13,
    "sizePerSec": 689144.8949491057
  },
  "responseTimeHistogram": {
    "0.000288201": 1,
    "0.0008843008": 136772,
    "0.0014804006": 392188,
    "0.0020765004000000004": 921,
    "0.0026726002000000003": 149,
    "0.0032687000000000003": 1,
    "0.0038647998000000006": 6,
    "0.0044608996": 21,
    "0.0050569994000000005": 21,
    "0.005653099200000001": 0,
    "0.006249199": 51
  },
  "latencyPercentiles": {
    "p10": 0.000646947,
    "p25": 0.000879932,
    "p50": 0.000973454,
    "p75": 0.001051026,
    "p90": 0.001098295,
    "p95": 0.00113493,
    "p99": 0.001258555
  },
  "rps": {
    "mean": 53004.78319158962,
    "stddev": 6111.0919661798725,
    "max": 78116.04503565091,
    "percentiles": {
      "p10": 48617.65959799199,
      "p25": 49648.218349661125,
      "p50": 50821.91949387784,
      "p75": 55528.12499531053,
      "p90": 61747.15582175642,
      "p95": 64976.076071524294,
      "p99": 73863.49704163935
    }
  },
  "details": {
    "DNSDialup": {
      "average": 0.0008681628,
      "fastest": 0.000078917,
      "slowest": 0.001666152
    },
    "DNSLookup": {
      "average": 0.00000883876,
      "fastest": 0.000004748,
      "slowest": 0.000045665
    }
  },
  "statusCodeDistribution": {
    "200": 530131
  },
  "errorDistribution": {}
}