{
  "summary": {
    "successRate": 1,
    "total": 10.000759696,
    "slowest": 0.016930834,
    "fastest": 0.0000398,
    "average": 0.0009620436088145695,
    "requestsPerSec": 51878.35882183165,
    "totalData": 6744699,
    "sizePerRequest": 13,
    "sizePerSec": 674418.6646838115
  },
  "responseTimeHistogram": {
    "0.0000398": 1,
    "0.0017289033999999999": 501980,
    "0.0034180067999999997": 9556,
    "0.0051071102": 1517,
    "0.0067962136": 666,
    "0.008485317": 1351,
    "0.010174420399999998": 1307,
    "0.0118635238": 1715,
    "0.013552627199999999": 420,
    "0.015241730599999998": 179,
    "0.016930834": 131
  },
  "latencyPercentiles": {
    "p10": 0.000745997,
    "p25": 0.000778497,
    "p50": 0.000808697,
    "p75": 0.000843296,
    "p90": 0.000909797,
    "p95": 0.001284595,
    "p99": 0.006684474
  },
  "rps": {
    "mean": 52175.80488702548,
    "stddev": 17604.569277747243,
    "max": 66932.38188635623,
    "percentiles": {
      "p10": 20384.878557337044,
      "p25": 54310.48146943127,
      "p50": 60514.75954986201,
      "p75": 61861.471744472175,
      "p90": 62705.26097139772,
      "p95": 63064.83887584914,
      "p99": 63820.0331083908
    }
  },
  "details": {
    "DNSDialup": {
      "average": 0.0011718115799999999,
      "fastest": 0.000077599,
      "slowest": 0.002460891
    },
    "DNSLookup": {
      "average": 0.000005767979999999998,
      "fastest": 0.0000031,
      "slowest": 0.000043
    }
  },
  "statusCodeDistribution": {
    "200": 518823
  },
  "errorDistribution": {}
}