{
  "summary": {
    "successRate": 1,
    "total": 10.0003036,
    "slowest": 0.005469229,
    "fastest": 0.000233876,
    "average": 0.0009936533640303572,
    "requestsPerSec": 50231.37497545574,
    "totalData": 6530277,
    "sizePerRequest": 13,
    "sizePerSec": 653007.8746809247
  },
  "responseTimeHistogram": {
    "0.000233876": 1,
    "0.0007574113": 22930,
    "0.0012809466": 473973,
    "0.0018044819": 5057,
    "0.0023280172": 213,
    "0.0028515525": 11,
    "0.0033750878": 58,
    "0.0038986231": 24,
    "0.0044221584": 22,
    "0.0049456937": 30,
    "0.005469229": 10
  },
  "latencyPercentiles": {
    "p10": 0.000859475,
    "p25": 0.00092627,
    "p50": 0.001006279,
    "p75": 0.001067103,
    "p90": 0.001123527,
    "p95": 0.001173572,
    "p99": 0.001287224
  },
  "rps": {
    "mean": 50229.38610200589,
    "stddev": 3927.357154104985,
    "max": 81364.57612813282,
    "percentiles": {
      "p10": 47968.398138908706,
      "p25": 48934.05484324431,
      "p50": 49744.8041300792,
      "p75": 50724.20051606709,
      "p90": 52169.874762144675,
      "p95": 56210.882426838296,
      "p99": 67965.72965715092
    }
  },
  "details": {
    "DNSDialup": {
      "average": 0.0011049588200000003,
      "fastest": 0.000131426,
      "slowest": 0.001545916
    },
    "DNSLookup": {
      "average": 0.000014879580000000003,
      "fastest": 0.000004759,
      "slowest": 0.000134431
    }
  },
  "statusCodeDistribution": {
    "200": 502329
  },
  "errorDistribution": {}
}