{
  "summary": {
    "successRate": 0.8308356921008259,
    "total": 10.000237513,
    "slowest": 0.019919418,
    "fastest": 0.000124874,
    "average": 0.000931441496261744,
    "requestsPerSec": 55924.77171396959,
    "totalData": 6040502,
    "sizePerRequest": 13,
    "sizePerSec": 604035.8533632361
  },
  "responseTimeHistogram": {
    "0.000124874": 1,
    "0.0021043284": 464374,
    "0.0040837828": 179,
    "0.006063237199999999": 40,
    "0.0080426916": 10,
    "0.010022146000000001": 0,
    "0.0120016004": 0,
    "0.0139810548": 0,
    "0.0159605092": 0,
    "0.0179399636": 0,
    "0.019919418": 50
  },
  "latencyPercentiles": {
    "p10": 0.000634235,
    "p25": 0.000790408,
    "p50": 0.00096813,
    "p75": 0.001067443,
    "p90": 0.001124457,
    "p95": 0.00116907,
    "p99": 0.001306813
  },
  "rps": {
    "mean": 53575.03054508074,
    "stddev": 7256.078445208803,
    "max": 76252.01149703987,
    "percentiles": {
      "p10": 47572.43103352336,
      "p25": 48739.76189775713,
      "p50": 51918.30120117166,
      "p75": 57357.19659644192,
      "p90": 63313.625092123846,
      "p95": 67424.23901392634,
      "p99": 74356.58536145456
    }
  },
  "details": {
    "DNSDialup": {
      "average": 0.0008396878799999998,
      "fastest": 0.000083789,
      "slowest": 0.001821826
    },
    "DNSLookup": {
      "average": 0.000007584119999999999,
      "fastest": 0.000003978,
      "slowest": 0.000022242
    }
  },
  "statusCodeDistribution": {
    "200": 464654
  },
  "errorDistribution": {
    "Connection refused (os error 111)": 94607
  }
}