{
  "summary": {
    "successRate": 1,
    "total": 10.000362354,
    "slowest": 0.005723031,
    "fastest": 0.000268817,
    "average": 0.0010053871227505516,
    "requestsPerSec": 49649.3009377208,
    "totalData": 6454643,
    "sizePerRequest": 13,
    "sizePerSec": 645440.9121903704
  },
  "responseTimeHistogram": {
    "0.000268817": 1,
    "0.0008142384": 21789,
    "0.0013596597999999999": 472279,
    "0.0019050811999999997": 2097,
    "0.0024505026": 215,
    "0.002995924": 31,
    "0.0035413453999999997": 8,
    "0.0040867668": 48,
    "0.0046321882": 25,
    "0.0051776096": 13,
    "0.005723031": 5
  },
  "latencyPercentiles": {
    "p10": 0.000876865,
    "p25": 0.000935437,
    "p50": 0.001015655,
    "p75": 0.001074284,
    "p90": 0.001126261,
    "p95": 0.001173563,
    "p99": 0.001282733
  },
  "rps": {
    "mean": 49651.68584943843,
    "stddev": 3068.283477603246,
    "max": 71165.95669913823,
    "percentiles": {
      "p10": 47770.53603659647,
      "p25": 48581.92856432763,
      "p50": 49416.371643925064,
      "p75": 50339.41576254224,
      "p90": 51953.00245310326,
      "p95": 54106.48195653764,
      "p99": 59398.31609279511
    }
  },
  "details": {
    "DNSDialup": {
      "average": 0.0007959378999999998,
      "fastest": 0.000084207,
      "slowest": 0.001676863
    },
    "DNSLookup": {
      "average": 0.000008416899999999999,
      "fastest": 0.000004028,
      "slowest": 0.000068939
    }
  },
  "statusCodeDistribution": {
    "200": 496511
  },
  "errorDistribution": {}
}