{
  "summary": {
    "successRate": 0.5986818597866894,
    "total": 10.000629939,
    "slowest": 0.015406702,
    "fastest": 0.000106719,
    "average": 0.0014236540234318122,
    "requestsPerSec": 40858.02619358376,
    "totalData": 3180125,
    "sizePerRequest": 13,
    "sizePerSec": 317992.46841424395
  },
  "responseTimeHistogram": {
    "0.000106719": 1,
    "0.0016367172999999999": 213470,
    "0.0031667156": 30286,
    "0.0046967139": 716,
    "0.0062267122": 102,
    "0.0077567105": 0,
    "0.0092867088": 0,
    "0.0108167071": 0,
    "0.0123467054": 0,
    "0.0138767037": 0,
    "0.015406702": 50
  },
  "latencyPercentiles": {
    "p10": 0.001141841,
    "p25": 0.001254932,
    "p50": 0.001390275,
    "p75": 0.001528923,
    "p90": 0.001677692,
    "p95": 0.001897932,
    "p99": 0.002676504
  },
  "rps": {
    "mean": 34971.55818111432,
    "stddev": 4554.576955415035,
    "max": 45210.58838075713,
    "percentiles": {
      "p10": 30905.30364109601,
      "p25": 32983.46465731559,
      "p50": 36062.1063806016,
      "p75": 37529.54325645006,
      "p90": 39538.86274819479,
      "p95": 40400.08080016197,
      "p99": 42815.76780948221
    }
  },
  "details": {
    "DNSDialup": {
      "average": 0.0009066140199999997,
      "fastest": 0.00010743,
      "slowest": 0.001407707
    },
    "DNSLookup": {
      "average": 0.000007116419999999998,
      "fastest": 0.000003947,
      "slowest": 0.000013345
    }
  },
  "statusCodeDistribution": {
    "200": 244625
  },
  "errorDistribution": {
    "Connection refused (os error 111)": 163981
  }
}