{
  "summary": {
    "successRate": 1,
    "total": 10.000440233,
    "slowest": 0.004679443,
    "fastest": 0.000267599,
    "average": 0.0010008269952981681,
    "requestsPerSec": 49872.00446978562,
    "totalData": 6483646,
    "sizePerRequest": 13,
    "sizePerSec": 648336.0581072131
  },
  "responseTimeHistogram": {
    "0.000267599": 1,
    "0.0007087834": 22752,
    "0.0011499677999999998": 439553,
    "0.0015911521999999998": 35776,
    "0.0020323366": 383,
    "0.002473521": 144,
    "0.0029147053999999998": 72,
    "0.0033558897999999998": 21,
    "0.0037970741999999997": 8,
    "0.0042382586": 13,
    "0.004679443": 19
  },
  "latencyPercentiles": {
    "p10": 0.000860884,
    "p25": 0.000935731,
    "p50": 0.001017474,
    "p75": 0.001080285,
    "p90": 0.001131217,
    "p95": 0.001174062,
    "p99": 0.001285229
  },
  "rps": {
    "mean": 49870.18144290308,
    "stddev": 3947.2421426557935,
    "max": 75613.96052647431,
    "percentiles": {
      "p10": 47568.43821051081,
      "p25": 48405.49769473914,
      "p50": 49205.32888659879,
      "p75": 50062.17399028062,
      "p90": 53461.94100484613,
      "p95": 56438.01664801535,
      "p99": 66284.61894454158
    }
  },
  "details": {
    "DNSDialup": {
      "average": 0.00073547518,
      "fastest": 0.000090854,
      "slowest": 0.00119572
    },
    "DNSLookup": {
      "average": 0.000008057680000000001,
      "fastest": 0.000004047,
      "slowest": 0.000055003
    }
  },
  "statusCodeDistribution": {
    "200": 498742
  },
  "errorDistribution": {}
}