{
  "summary": {
    "successRate": 0.8213510117585282,
    "total": 10.000615047,
    "slowest": 0.014268859,
    "fastest": 0.000160658,
    "average": 0.0009065280982877784,
    "requestsPerSec": 53319.720586581236,
    "totalData": 5693597,
    "sizePerRequest": 13,
    "sizePerSec": 569324.6838561168
  },
  "responseTimeHistogram": {
    "0.000160658": 1,
    "0.0015714781": 437188,
    "0.0029822982000000005": 661,
    "0.004393118300000001": 19,
    "0.005803938400000001": 16,
    "0.0072147585000000005": 34,
    "0.008625578600000001": 0,
    "0.0100363987": 0,
    "0.0114472188": 0,
    "0.0128580389": 0,
    "0.014268859": 50
  },
  "latencyPercentiles": {
    "p10": 0.000630091,
    "p25": 0.000730732,
    "p50": 0.000939534,
    "p75": 0.001051381,
    "p90": 0.001116621,
    "p95": 0.001166778,
    "p99": 0.001293846
  },
  "rps": {
    "mean": 55029.151276634526,
    "stddev": 8698.595141517295,
    "max": 78959.40115749123,
    "percentiles": {
      "p10": 47496.03805559523,
      "p25": 48820.97349021457,
      "p50": 52189.39531559995,
      "p75": 60801.91526032846,
      "p90": 68373.38807481965,
      "p95": 70974.84297191758,
      "p99": 74819.66702737371
    }
  },
  "details": {
    "DNSDialup": {
      "average": 0.00069691336,
      "fastest": 0.000092393,
      "slowest": 0.001110335
    },
    "DNSLookup": {
      "average": 0.000007363940000000001,
      "fastest": 0.000003777,
      "slowest": 0.000024296
    }
  },
  "statusCodeDistribution": {
    "200": 437969
  },
  "errorDistribution": {
    "Connection refused (os error 111)": 95261
  }
}