{
  "summary": {
    "successRate": 1,
    "total": 10.001306385,
    "slowest": 0.024375309,
    "fastest": 0.000036901,
    "average": 0.0009243021319477137,
    "requestsPerSec": 54009.04433946106,
    "totalData": 7022093,
    "sizePerRequest": 13,
    "sizePerSec": 702117.5764129938
  },
  "responseTimeHistogram": {
    "0.000036901": 1,
    "0.0024707418000000005": 533372,
    "0.0049045826": 4795,
    "0.007338423400000001": 954,
    "0.009772264200000002": 486,
    "0.012206105000000002": 460,
    "0.014639945800000003": 41,
    "0.0170737866": 1,
    "0.0195076274": 34,
    "0.0219414682": 16,
    "0.024375309": 1
  },
  "latencyPercentiles": {
    "p10": 0.000581519,
    "p25": 0.000694323,
    "p50": 0.000811031,
    "p75": 0.000989033,
    "p90": 0.001314444,
    "p95": 0.001525558,
    "p99": 0.002901611
  },
  "rps": {
    "mean": 54023.29734358404,
    "stddev": 15159.868541536582,
    "max": 159146.97222838007,
    "percentiles": {
      "p10": 32260.246635635303,
      "p25": 46450.82117125669,
      "p50": 54896.088829298606,
      "p75": 67504.50930122414,
      "p90": 68564.40516884328,
      "p95": 69035.30447382873,
      "p99": 69970.75847394271
    }
  },
  "details": {
    "DNSDialup": {
      "average": 0.0014418129799999998,
      "fastest": 0.000071802,
      "slowest": 0.002387191
    },
    "DNSLookup": {
      "average": 0.00000603428,
      "fastest": 0.000003,
      "slowest": 0.000039801
    }
  },
  "statusCodeDistribution": {
    "200": 540161
  },
  "errorDistribution": {}
}