{
  "summary": {
    "successRate": 1,
    "total": 10.001645806,
    "slowest": 0.005467115,
    "fastest": 0.000094456,
    "average": 0.0008349022931106189,
    "requestsPerSec": 59780.561279356305,
    "totalData": 7772752,
    "sizePerRequest": 13,
    "sizePerSec": 777147.2966316319
  },
  "responseTimeHistogram": {
    "0.000094456": 1,
    "0.0006317219": 133085,
    "0.0011689877999999999": 448161,
    "0.0017062536999999998": 16114,
    "0.0022435196": 311,
    "0.0027807855": 101,
    "0.0033180514": 53,
    "0.0038553172999999997": 31,
    "0.0043925831999999995": 21,
    "0.0049298491": 24,
    "0.005467115": 2
  },
  "latencyPercentiles": {
    "p10": 0.000550446,
    "p25": 0.000648635,
    "p50": 0.000872031,
    "p75": 0.0010059,
    "p90": 0.001080032,
    "p95": 0.001127004,
    "p99": 0.001266622
  },
  "rps": {
    "mean": 59782.1533579614,
    "stddev": 8788.978905719874,
    "max": 85801.15471877766,
    "percentiles": {
      "p10": 50423.77480982049,
      "p25": 52618.058517683065,
      "p50": 58846.29202771803,
      "p75": 65007.787932993466,
      "p90": 71800.5528642565,
      "p95": 76616.33424191797,
      "p99": 83521.69058304568
    }
  },
  "details": {
    "DNSDialup": {
      "average": 0.0006207221199999999,
      "fastest": 0.000142518,
      "slowest": 0.001192652
    },
    "DNSLookup": {
      "average": 0.00000594872,
      "fastest": 0.000002454,
      "slowest": 0.000027952
    }
  },
  "statusCodeDistribution": {
    "200": 597904
  },
  "errorDistribution": {}
}