{
  "summary": {
    "successRate": 1,
    "total": 10.000623746,
    "slowest": 0.004304824,
    "fastest": 0.000146134,
    "average": 0.0008970849913587556,
    "requestsPerSec": 55625.03041097813,
    "totalData": 7231705,
    "sizePerRequest": 13,
    "sizePerSec": 723125.3953427157
  },
  "responseTimeHistogram": {
    "0.000146134": 1,
    "0.0005620029999999999": 23299,
    "0.0009778719999999999": 352226,
    "0.001393741": 179905,
    "0.00180961": 700,
    "0.002225479": 24,
    "0.002641348": 47,
    "0.0030572169999999997": 33,
    "0.003473086": 8,
    "0.003888955": 25,
    "0.004304824": 17
  },
  "latencyPercentiles": {
    "p10": 0.000636909,
    "p25": 0.000820783,
    "p50": 0.000922084,
    "p75": 0.001000031,
    "p90": 0.00106888,
    "p95": 0.001127189,
    "p99": 0.001248393
  },
  "rps": {
    "mean": 55619.51906125578,
    "stddev": 6125.9142899361095,
    "max": 78911.50529747282,
    "percentiles": {
      "p10": 51263.463444024084,
      "p25": 52204.422075965515,
      "p50": 53304.35410597916,
      "p75": 57339.409376061674,
      "p90": 65402.740374817484,
      "p95": 69566.97465256233,
      "p99": 74724.44236509735
    }
  },
  "details": {
    "DNSDialup": {
      "average": 0.00070484924,
      "fastest": 0.000092531,
      "slowest": 0.001107065
    },
    "DNSLookup": {
      "average": 0.000009136619999999998,
      "fastest": 0.000003577,
      "slowest": 0.000050836
    }
  },
  "statusCodeDistribution": {
    "200": 556285
  },
  "errorDistribution": {}
}