{
  "summary": {
    "successRate": 1,
    "total": 10.001082333,
    "slowest": 0.02076217,
    "fastest": 0.000080102,
    "average": 0.0007801467368552012,
    "requestsPerSec": 63928.980755447206,
    "totalData": 8311667,
    "sizePerRequest": 13,
    "sizePerSec": 831076.7498208137
  },
  "responseTimeHistogram": {
    "0.000080102": 1,
    "0.0021483088": 637530,
    "0.004216515600000001": 740,
    "0.006284722400000001": 211,
    "0.008352929200000001": 410,
    "0.010421136000000001": 358,
    "0.012489342800000003": 27,
    "0.014557549600000002": 75,
    "0.0166257564": 3,
    "0.0186939632": 3,
    "0.02076217": 1
  },
  "latencyPercentiles": {
    "p10": 0.00053601,
    "p25": 0.000621311,
    "p50": 0.000730913,
    "p75": 0.000772914,
    "p90": 0.000961218,
    "p95": 0.001631629,
    "p99": 0.001772032
  },
  "rps": {
    "mean": 63952.48585745329,
    "stddev": 15162.67917842834,
    "max": 74949.32153329221,
    "percentiles": {
      "p10": 30505.115212870816,
      "p25": 66438.01583265523,
      "p50": 71429.44689496799,
      "p75": 72734.33060404474,
      "p90": 73488.81442783879,
      "p95": 73858.95925210351,
      "p99": 74534.69378763903
    }
  },
  "details": {
    "DNSDialup": {
      "average": 0.0016353934400000002,
      "fastest": 0.000087301,
      "slowest": 0.001855433
    },
    "DNSLookup": {
      "average": 0.000005730120000000001,
      "fastest": 0.0000038,
      "slowest": 0.000051401
    }
  },
  "statusCodeDistribution": {
    "200": 639359
  },
  "errorDistribution": {}
}