{
  "summary": {
    "successRate": 1,
    "total": 10.000149016,
    "slowest": 0.004631912,
    "fastest": 0.000197535,
    "average": 0.0008432064178543183,
    "requestsPerSec": 59183.61806939698,
    "totalData": 7693985,
    "sizePerRequest": 13,
    "sizePerSec": 769387.0349021608
  },
  "responseTimeHistogram": {
    "0.000197535": 1,
    "0.0006409727": 129210,
    "0.0010844104": 426480,
    "0.0015278481": 35925,
    "0.0019712858": 141,
    "0.0024147235": 41,
    "0.0028581612": 5,
    "0.0033015989": 11,
    "0.0037450366": 10,
    "0.004188474300000001": 13,
    "0.004631912": 8
  },
  "latencyPercentiles": {
    "p10": 0.000549433,
    "p25": 0.000707951,
    "p50": 0.000885024,
    "p75": 0.000973876,
    "p90": 0.001044042,
    "p95": 0.00110125,
    "p99": 0.001209544
  },
  "rps": {
    "mean": 59178.35231689738,
    "stddev": 10202.048189231455,
    "max": 89700.06279003512,
    "percentiles": {
      "p10": 52231.887567359714,
      "p25": 53216.93356813014,
      "p50": 54295.65809042365,
      "p75": 61534.74867257704,
      "p90": 77480.38984363484,
      "p95": 83047.76907677356,
      "p99": 87936.03618762968
    }
  },
  "details": {
    "DNSDialup": {
      "average": 0.0009842749399999998,
      "fastest": 0.000089197,
      "slowest": 0.001683986
    },
    "DNSLookup": {
      "average": 0.000010967380000000001,
      "fastest": 0.000004188,
      "slowest": 0.000113824
    }
  },
  "statusCodeDistribution": {
    "200": 591845
  },
  "errorDistribution": {}
}