{
  "summary": {
    "successRate": 1,
    "total": 10.001808212,
    "slowest": 0.016920006,
    "fastest": 0.0000389,
    "average": 0.0009707600252289054,
    "requestsPerSec": 51415.902914735874,
    "totalData": 6685276,
    "sizePerRequest": 13,
    "sizePerSec": 668406.7378915664
  },
  "responseTimeHistogram": {
    "0.0000389": 1,
    "0.0017270106": 494636,
    "0.0034151212": 14839,
    "0.0051032318": 2795,
    "0.0067913424": 629,
    "0.008479453": 658,
    "0.0101675636": 482,
    "0.0118556742": 156,
    "0.0135437848": 45,
    "0.0152318954": 3,
    "0.016920006": 8
  },
  "latencyPercentiles": {
    "p10": 0.000600211,
    "p25": 0.000716113,
    "p50": 0.000880716,
    "p75": 0.000971418,
    "p90": 0.001402126,
    "p95": 0.001606932,
    "p99": 0.003270959
  },
  "rps": {
    "mean": 51233.620991558004,
    "stddev": 13074.267376861053,
    "max": 66884.40812305061,
    "percentiles": {
      "p10": 33223.6020468942,
      "p25": 42211.94608100974,
      "p50": 56402.96887309857,
      "p75": 62540.84197613105,
      "p90": 63737.09498928612,
      "p95": 64213.60686329228,
      "p99": 65247.217661384086
    }
  },
  "details": {
    "DNSDialup": {
      "average": 0.0016190477600000002,
      "fastest": 0.000133403,
      "slowest": 0.002952658
    },
    "DNSLookup": {
      "average": 0.000006814159999999998,
      "fastest": 0.0000037,
      "slowest": 0.0000415
    }
  },
  "statusCodeDistribution": {
    "200": 514252
  },
  "errorDistribution": {}
}