{
  "summary": {
    "successRate": 1,
    "total": 10.000651276,
    "slowest": 0.003889991,
    "fastest": 0.000132932,
    "average": 0.0008698299479507648,
    "requestsPerSec": 57368.863703592266,
    "totalData": 7458438,
    "sizePerRequest": 13,
    "sizePerSec": 745795.2281466994
  },
  "responseTimeHistogram": {
    "0.000132932": 1,
    "0.0005086379": 12049,
    "0.0008843438000000001": 252211,
    "0.0012600497000000003": 305337,
    "0.0016357556000000002": 3844,
    "0.0020114615": 108,
    "0.0023871674000000005": 87,
    "0.0027628733000000004": 33,
    "0.0031385792000000004": 13,
    "0.0035142851000000003": 17,
    "0.003889991": 26
  },
  "latencyPercentiles": {
    "p10": 0.000594453,
    "p25": 0.000760676,
    "p50": 0.000899444,
    "p75": 0.00098887,
    "p90": 0.001062278,
    "p95": 0.001121741,
    "p99": 0.001238288
  },
  "rps": {
    "mean": 57365.97877532303,
    "stddev": 6978.667134659355,
    "max": 83244.12287957389,
    "percentiles": {
      "p10": 51655.778330710025,
      "p25": 52727.608175640824,
      "p50": 54286.96430506643,
      "p75": 61483.62700039653,
      "p90": 68397.17237804805,
      "p95": 72312.86445858698,
      "p99": 76602.19082265673
    }
  },
  "details": {
    "DNSDialup": {
      "average": 0.0008301203200000001,
      "fastest": 0.000205122,
      "slowest": 0.001206348
    },
    "DNSLookup": {
      "average": 0.00000838896,
      "fastest": 0.000004138,
      "slowest": 0.000047298
    }
  },
  "statusCodeDistribution": {
    "200": 573726
  },
  "errorDistribution": {}
}