{
  "summary": {
    "successRate": 1,
    "total": 10.000610468,
    "slowest": 0.004855619,
    "fastest": 0.000169327,
    "average": 0.0009612999878439568,
    "requestsPerSec": 51905.13135782703,
    "totalData": 6748079,
    "sizePerRequest": 13,
    "sizePerSec": 674766.7076517513
  },
  "responseTimeHistogram": {
    "0.000169327": 1,
    "0.0006379561999999999": 20940,
    "0.0011065854": 446956,
    "0.0015752146": 50440,
    "0.0020438438": 519,
    "0.002512473": 90,
    "0.0029811022": 44,
    "0.0034497314": 38,
    "0.0039183606": 14,
    "0.0043869898": 23,
    "0.004855619": 18
  },
  "latencyPercentiles": {
    "p10": 0.000774685,
    "p25": 0.000896867,
    "p50": 0.000979645,
    "p75": 0.001050164,
    "p90": 0.001105796,
    "p95": 0.001147251,
    "p99": 0.001257871
  },
  "rps": {
    "mean": 51909.52059582701,
    "stddev": 3691.0523164286424,
    "max": 73410.94557198568,
    "percentiles": {
      "p10": 49209.60571503594,
      "p25": 49979.624468247064,
      "p50": 51036.07229590181,
      "p75": 53241.24748679081,
      "p90": 56531.65090863447,
      "p95": 58141.862140746365,
      "p99": 63574.24836466637
    }
  },
  "details": {
    "DNSDialup": {
      "average": 0.00135400292,
      "fastest": 0.000159886,
      "slowest": 0.001810932
    },
    "DNSLookup": {
      "average": 0.000005743859999999998,
      "fastest": 0.000002465,
      "slowest": 0.00003769
    }
  },
  "statusCodeDistribution": {
    "200": 519083
  },
  "errorDistribution": {}
}