{
  "summary": {
    "successRate": 1,
    "total": 10.000610487,
    "slowest": 0.004280284,
    "fastest": 0.00019351,
    "average": 0.0008867072748344191,
    "requestsPerSec": 56273.36458424751,
    "totalData": 7315984,
    "sizePerRequest": 13,
    "sizePerSec": 731553.7395952176
  },
  "responseTimeHistogram": {
    "0.00019351": 1,
    "0.0006021873999999999": 44279,
    "0.0010108647999999998": 410470,
    "0.0014195421999999998": 107391,
    "0.0018282195999999998": 500,
    "0.002236897": 36,
    "0.0026455743999999996": 3,
    "0.0030542518": 42,
    "0.0034629291999999996": 3,
    "0.0038716065999999994": 17,
    "0.004280284": 26
  },
  "latencyPercentiles": {
    "p10": 0.000628389,
    "p25": 0.000804506,
    "p50": 0.0009113,
    "p75": 0.000991405,
    "p90": 0.001060269,
    "p95": 0.001121712,
    "p99": 0.001238842
  },
  "rps": {
    "mean": 56272.471457528016,
    "stddev": 6009.774775283564,
    "max": 80546.78963009176,
    "percentiles": {
      "p10": 51810.37761863855,
      "p25": 52686.851426638685,
      "p50": 53828.30292167651,
      "p75": 58356.4949227352,
      "p90": 65825.36251217697,
      "p95": 68900.24986355564,
      "p99": 73898.98780446232
    }
  },
  "details": {
    "DNSDialup": {
      "average": 0.0008262919999999997,
      "fastest": 0.000180203,
      "slowest": 0.001146576
    },
    "DNSLookup": {
      "average": 0.000008615979999999999,
      "fastest": 0.000004048,
      "slowest": 0.000047779
    }
  },
  "statusCodeDistribution": {
    "200": 562768
  },
  "errorDistribution": {}
}