{
  "summary": {
    "successRate": 1,
    "total": 10.000258942,
    "slowest": 0.004595512,
    "fastest": 0.000112419,
    "average": 0.0007914957444387421,
    "requestsPerSec": 63055.26723429918,
    "totalData": 8197397,
    "sizePerRequest": 13,
    "sizePerSec": 819718.4740458893
  },
  "responseTimeHistogram": {
    "0.000112419": 1,
    "0.0005607283": 109011,
    "0.0010090376000000002": 445165,
    "0.0014573468999999999": 75838,
    "0.0019056562": 389,
    "0.0023539655": 52,
    "0.0028022748": 54,
    "0.0032505841": 16,
    "0.0036988934": 18,
    "0.0041472027": 23,
    "0.004595512": 2
  },
  "latencyPercentiles": {
    "p10": 0.000532891,
    "p25": 0.000590057,
    "p50": 0.000829553,
    "p75": 0.000947473,
    "p90": 0.001025233,
    "p95": 0.001087602,
    "p99": 0.001217794
  },
  "rps": {
    "mean": 63044.250061508435,
    "stddev": 11451.07478163908,
    "max": 89057.73613033471,
    "percentiles": {
      "p10": 52823.893159015286,
      "p25": 54008.57656195887,
      "p50": 57205.94310431563,
      "p75": 72801.5288321042,
      "p90": 81614.71513313998,
      "p95": 84499.79130656601,
      "p99": 87302.61907857381
    }
  },
  "details": {
    "DNSDialup": {
      "average": 0.0008768165799999998,
      "fastest": 0.000095297,
      "slowest": 0.001347521
    },
    "DNSLookup": {
      "average": 0.000008800820000000004,
      "fastest": 0.000003938,
      "slowest": 0.000041648
    }
  },
  "statusCodeDistribution": {
    "200": 630569
  },
  "errorDistribution": {}
}