{
  "summary": {
    "successRate": 1,
    "total": 10.00062557,
    "slowest": 0.004363939,
    "fastest": 0.000152726,
    "average": 0.0008981519462606573,
    "requestsPerSec": 55566.62391870751,
    "totalData": 7224113,
    "sizePerRequest": 13,
    "sizePerSec": 722366.1109431977
  },
  "responseTimeHistogram": {
    "0.000152726": 1,
    "0.0005738473": 14328,
    "0.0009949686": 441698,
    "0.0014160898999999998": 98749,
    "0.0018372112": 743,
    "0.0022583325000000002": 57,
    "0.0026794538": 41,
    "0.0031005751": 23,
    "0.0035216964": 22,
    "0.0039428177": 21,
    "0.004363939": 18
  },
  "latencyPercentiles": {
    "p10": 0.000743244,
    "p25": 0.000838362,
    "p50": 0.00091297,
    "p75": 0.000975176,
    "p90": 0.001026922,
    "p95": 0.001067118,
    "p99": 0.001176269
  },
  "rps": {
    "mean": 55567.13312162933,
    "stddev": 3517.63385344243,
    "max": 72396.20731990876,
    "percentiles": {
      "p10": 53004.48068558917,
      "p25": 53820.11125773423,
      "p50": 54886.273215988476,
      "p75": 56616.83218420432,
      "p90": 59934.75016814945,
      "p95": 61880.15168560412,
      "p99": 66418.01920861115
    }
  },
  "details": {
    "DNSDialup": {
      "average": 0.00066338328,
      "fastest": 0.000087533,
      "slowest": 0.000943308
    },
    "DNSLookup": {
      "average": 0.0000061604,
      "fastest": 0.000003236,
      "slowest": 0.000024465
    }
  },
  "statusCodeDistribution": {
    "200": 555701
  },
  "errorDistribution": {}
}