{
  "summary": {
    "successRate": 1,
    "total": 10.000362665,
    "slowest": 0.005076907,
    "fastest": 0.00013926,
    "average": 0.0007912853117821969,
    "requestsPerSec": 63070.912638746784,
    "totalData": 8199516,
    "sizePerRequest": 13,
    "sizePerSec": 819921.8643037082
  },
  "responseTimeHistogram": {
    "0.00013926": 1,
    "0.0006330247": 203088,
    "0.0011267894": 408573,
    "0.0016205540999999998": 18837,
    "0.0021143188": 80,
    "0.0026080835": 89,
    "0.0031018481999999996": 21,
    "0.0035956128999999996": 15,
    "0.004089377599999999": 25,
    "0.004583142299999999": 2,
    "0.005076907": 1
  },
  "latencyPercentiles": {
    "p10": 0.000528698,
    "p25": 0.000592515,
    "p50": 0.000832525,
    "p75": 0.000946776,
    "p90": 0.001023139,
    "p95": 0.001083461,
    "p99": 0.001210519
  },
  "rps": {
    "mean": 63064.41331470857,
    "stddev": 11204.831766488061,
    "max": 90099.77094791825,
    "percentiles": {
      "p10": 52697.939119852235,
      "p25": 54112.95464133998,
      "p50": 57632.14890534958,
      "p75": 72576.61187149548,
      "p90": 80578.87866432384,
      "p95": 83914.1068436126,
      "p99": 88105.8326061188
    }
  },
  "details": {
    "DNSDialup": {
      "average": 0.0008071341399999999,
      "fastest": 0.000098544,
      "slowest": 0.001770753
    },
    "DNSLookup": {
      "average": 0.0000403948,
      "fastest": 0.000003667,
      "slowest": 0.001670277
    }
  },
  "statusCodeDistribution": {
    "200": 630732
  },
  "errorDistribution": {}
}