{
  "summary": {
    "successRate": 1,
    "total": 10.000620194,
    "slowest": 0.00403292,
    "fastest": 0.00009463,
    "average": 0.0008323416227039493,
    "requestsPerSec": 59969.08075359311,
    "totalData": 7796464,
    "sizePerRequest": 13,
    "sizePerSec": 779598.0497967105
  },
  "responseTimeHistogram": {
    "0.00009463": 1,
    "0.0004884589999999999": 9751,
    "0.0008822879999999998": 356151,
    "0.0012761169999999998": 231379,
    "0.0016699459999999998": 2142,
    "0.002063775": 120,
    "0.0024576039999999995": 25,
    "0.0028514329999999996": 61,
    "0.0032452619999999996": 38,
    "0.0036390909999999997": 24,
    "0.00403292": 36
  },
  "latencyPercentiles": {
    "p10": 0.000648798,
    "p25": 0.000769505,
    "p50": 0.000849173,
    "p75": 0.000916461,
    "p90": 0.000964032,
    "p95": 0.001008939,
    "p99": 0.001128645
  },
  "rps": {
    "mean": 59965.64558420342,
    "stddev": 4635.505210617615,
    "max": 81826.58044080793,
    "percentiles": {
      "p10": 56324.47861840682,
      "p25": 57341.52249273957,
      "p50": 58709.87825735199,
      "p75": 62142.67959234427,
      "p90": 65879.94693229413,
      "p95": 68827.76512044981,
      "p99": 72868.99777964244
    }
  },
  "details": {
    "DNSDialup": {
      "average": 0.0007525889599999998,
      "fastest": 0.0001018,
      "slowest": 0.001047055
    },
    "DNSLookup": {
      "average": 0.000004994959999999999,
      "fastest": 0.000002604,
      "slowest": 0.00003396
    }
  },
  "statusCodeDistribution": {
    "200": 599728
  },
  "errorDistribution": {}
}