{
  "summary": {
    "successRate": 1,
    "total": 10.000596076,
    "slowest": 0.017103082,
    "fastest": 0.000098801,
    "average": 0.0010789526938304172,
    "requestsPerSec": 46185.04702019123,
    "totalData": 6004414,
    "sizePerRequest": 13,
    "sizePerSec": 600405.6112624861
  },
  "responseTimeHistogram": {
    "0.000098801": 1,
    "0.0017992290999999999": 430511,
    "0.0034996572": 29295,
    "0.0052000853": 1535,
    "0.0069005134": 277,
    "0.0086009415": 107,
    "0.0103013696": 103,
    "0.0120017977": 18,
    "0.0137022258": 25,
    "0.0154026539": 3,
    "0.017103082": 3
  },
  "latencyPercentiles": {
    "p10": 0.000780804,
    "p25": 0.000856804,
    "p50": 0.000956004,
    "p75": 0.001084005,
    "p90": 0.001304006,
    "p95": 0.002401712,
    "p99": 0.002926014
  },
  "rps": {
    "mean": 46168.704658824936,
    "stddev": 11391.653684253124,
    "max": 58051.38708784949,
    "percentiles": {
      "p10": 20333.28877457672,
      "p25": 46552.8467916779,
      "p50": 50721.1752924803,
      "p75": 52982.55913242486,
      "p90": 54544.45916854027,
      "p95": 55364.7985568394,
      "p99": 57068.07690008568
    }
  },
  "details": {
    "DNSDialup": {
      "average": 0.0020865681,
      "fastest": 0.0000871,
      "slowest": 0.011175454
    },
    "DNSLookup": {
      "average": 0.000025156099999999998,
      "fastest": 0.0000051,
      "slowest": 0.000709603
    }
  },
  "statusCodeDistribution": {
    "200": 461878
  },
  "errorDistribution": {}
}