{
  "summary": {
    "successRate": 1,
    "total": 10.001916491,
    "slowest": 0.016909743,
    "fastest": 0.000038801,
    "average": 0.0007922736439123419,
    "requestsPerSec": 63008.92439634747,
    "totalData": 8192730,
    "sizePerRequest": 13,
    "sizePerSec": 819116.0171525172
  },
  "responseTimeHistogram": {
    "0.000038801": 1,
    "0.0017258952": 626725,
    "0.0034129894": 2100,
    "0.005100083599999999": 321,
    "0.0067871777999999995": 71,
    "0.008474272": 449,
    "0.010161366199999999": 358,
    "0.0118484604": 34,
    "0.0135355546": 117,
    "0.015222648799999999": 25,
    "0.016909743": 9
  },
  "latencyPercentiles": {
    "p10": 0.000565508,
    "p25": 0.000633809,
    "p50": 0.000836612,
    "p75": 0.000879812,
    "p90": 0.000913813,
    "p95": 0.000949413,
    "p99": 0.001376919
  },
  "rps": {
    "mean": 63014.04219298892,
    "stddev": 4253.633599973105,
    "max": 70953.4802070378,
    "percentiles": {
      "p10": 59901.53347925754,
      "p25": 62629.7679286966,
      "p50": 63978.216436064984,
      "p75": 64829.05282341945,
      "p90": 65536.84897420638,
      "p95": 65922.98723322034,
      "p99": 66821.75716413003
    }
  },
  "details": {
    "DNSDialup": {
      "average": 0.0017945542799999998,
      "fastest": 0.000185802,
      "slowest": 0.00339955
    },
    "DNSLookup": {
      "average": 0.00000805002,
      "fastest": 0.0000035,
      "slowest": 0.0000429
    }
  },
  "statusCodeDistribution": {
    "200": 630210
  },
  "errorDistribution": {}
}