{
  "summary": {
    "successRate": 1,
    "total": 10.000664749,
    "slowest": 0.004673652,
    "fastest": 0.000097902,
    "average": 0.0008769380723837951,
    "requestsPerSec": 56908.11703861067,
    "totalData": 7398547,
    "sizePerRequest": 13,
    "sizePerSec": 739805.5215019387
  },
  "responseTimeHistogram": {
    "0.000097902": 1,
    "0.000555477": 20265,
    "0.001013052": 489687,
    "0.001470627": 58574,
    "0.001928202": 426,
    "0.002385777": 54,
    "0.002843352": 21,
    "0.003300927": 56,
    "0.003758502": 18,
    "0.004216077": 4,
    "0.004673652": 13
  },
  "latencyPercentiles": {
    "p10": 0.000674876,
    "p25": 0.00081709,
    "p50": 0.000898011,
    "p75": 0.000963513,
    "p90": 0.001015199,
    "p95": 0.001056001,
    "p99": 0.001173941
  },
  "rps": {
    "mean": 56907.54873496245,
    "stddev": 4591.579832286842,
    "max": 79855.12399208681,
    "percentiles": {
      "p10": 53717.920298211546,
      "p25": 54425.6832887991,
      "p50": 55408.58833118461,
      "p75": 58374.0591688682,
      "p90": 62585.46671334317,
      "p95": 65890.41010712936,
      "p99": 72577.81834898403
    }
  },
  "details": {
    "DNSDialup": {
      "average": 0.0008272155000000001,
      "fastest": 0.000107702,
      "slowest": 0.001564107
    },
    "DNSLookup": {
      "average": 0.00000626694,
      "fastest": 0.000002685,
      "slowest": 0.000029666
    }
  },
  "statusCodeDistribution": {
    "200": 569119
  },
  "errorDistribution": {}
}