{
  "summary": {
    "successRate": 1,
    "total": 10.000164517,
    "slowest": 0.009087338,
    "fastest": 0.000164959,
    "average": 0.0008044812476361253,
    "requestsPerSec": 62036.779389516516,
    "totalData": 8064914,
    "sizePerRequest": 13,
    "sizePerSec": 806478.1320637148
  },
  "responseTimeHistogram": {
    "0.000164959": 1,
    "0.0010571969000000001": 566741,
    "0.0019494348000000002": 53339,
    "0.0028416727000000006": 136,
    "0.0037339106000000006": 105,
    "0.004626148500000001": 51,
    "0.005518386400000001": 4,
    "0.006410624300000001": 0,
    "0.007302862200000001": 0,
    "0.0081951001": 0,
    "0.009087338": 1
  },
  "latencyPercentiles": {
    "p10": 0.000558916,
    "p25": 0.000604061,
    "p50": 0.000832715,
    "p75": 0.00096734,
    "p90": 0.001045334,
    "p95": 0.001103929,
    "p99": 0.001235089
  },
  "rps": {
    "mean": 62027.458271865515,
    "stddev": 10477.374217963381,
    "max": 84880.33676348363,
    "percentiles": {
      "p10": 51242.659514046696,
      "p25": 52655.48908207073,
      "p50": 60511.18851875705,
      "p75": 70864.56470490262,
      "p90": 77546.86156844368,
      "p95": 79472.9004916123,
      "p99": 82509.65362947636
    }
  },
  "details": {
    "DNSDialup": {
      "average": 0.0009705791200000001,
      "fastest": 0.000106178,
      "slowest": 0.001665614
    },
    "DNSLookup": {
      "average": 0.00000994888,
      "fastest": 0.000004117,
      "slowest": 0.000055374
    }
  },
  "statusCodeDistribution": {
    "200": 620378
  },
  "errorDistribution": {}
}