{
  "summary": {
    "successRate": 1,
    "total": 10.000639369,
    "slowest": 0.004023381,
    "fastest": 0.000128911,
    "average": 0.0008961206093130703,
    "requestsPerSec": 55692.439198084234,
    "totalData": 7240480,
    "sizePerRequest": 13,
    "sizePerSec": 724001.7095750951
  },
  "responseTimeHistogram": {
    "0.000128911": 1,
    "0.000518358": 6099,
    "0.0009078050000000001": 264283,
    "0.0012972520000000003": 284182,
    "0.0016866990000000003": 2146,
    "0.002076146": 104,
    "0.0024655930000000003": 32,
    "0.0028550400000000005": 31,
    "0.0032444870000000008": 12,
    "0.003633934000000001": 57,
    "0.004023381": 13
  },
  "latencyPercentiles": {
    "p10": 0.000729548,
    "p25": 0.000835725,
    "p50": 0.000912032,
    "p75": 0.00097579,
    "p90": 0.001030708,
    "p95": 0.001073843,
    "p99": 0.001190363
  },
  "rps": {
    "mean": 55690.31303020192,
    "stddev": 4014.468425584985,
    "max": 76127.10180917787,
    "percentiles": {
      "p10": 52766.91759041417,
      "p25": 53632.00221572205,
      "p50": 54855.08243410621,
      "p75": 56994.51971149036,
      "p90": 60313.92093385878,
      "p95": 63508.79596824309,
      "p99": 68027.23130069056
    }
  },
  "details": {
    "DNSDialup": {
      "average": 0.0007237667600000001,
      "fastest": 0.000070861,
      "slowest": 0.001606128
    },
    "DNSLookup": {
      "average": 0.00000681064,
      "fastest": 0.000003326,
      "slowest": 0.000029806
    }
  },
  "statusCodeDistribution": {
    "200": 556960
  },
  "errorDistribution": {}
}