{
  "summary": {
    "successRate": 1,
    "total": 10.000598244,
    "slowest": 0.004910076,
    "fastest": 0.000188996,
    "average": 0.0008701718108516616,
    "requestsPerSec": 57349.96907251021,
    "totalData": 7455942,
    "sizePerRequest": 13,
    "sizePerSec": 745549.5979426327
  },
  "responseTimeHistogram": {
    "0.000188996": 1,
    "0.000661104": 67474,
    "0.001133212": 494918,
    "0.0016053200000000001": 10853,
    "0.002077428": 161,
    "0.002549536": 53,
    "0.003021644": 26,
    "0.0034937519999999997": 33,
    "0.00396586": 5,
    "0.0044379680000000005": 5,
    "0.004910076": 5
  },
  "latencyPercentiles": {
    "p10": 0.000636962,
    "p25": 0.000798017,
    "p50": 0.0008929,
    "p75": 0.000967093,
    "p90": 0.001024854,
    "p95": 0.001070909,
    "p99": 0.001176547
  },
  "rps": {
    "mean": 57349.45754032913,
    "stddev": 5102.684807867835,
    "max": 79141.23613381718,
    "percentiles": {
      "p10": 52891.88394228678,
      "p25": 54108.31644823532,
      "p50": 55919.01803799207,
      "p75": 60139.37926554433,
      "p90": 64644.39777239034,
      "p95": 67318.10497324009,
      "p99": 71622.56110674981
    }
  },
  "details": {
    "DNSDialup": {
      "average": 0.00074327836,
      "fastest": 0.000079612,
      "slowest": 0.001559242
    },
    "DNSLookup": {
      "average": 0.00000678062,
      "fastest": 0.000003186,
      "slowest": 0.000027211
    }
  },
  "statusCodeDistribution": {
    "200": 573534
  },
  "errorDistribution": {}
}