{
  "summary": {
    "successRate": 1,
    "total": 10.000548604,
    "slowest": 0.004305218,
    "fastest": 0.000084107,
    "average": 0.0007769342499505592,
    "requestsPerSec": 64235.57601060582,
    "totalData": 8351083,
    "sizePerRequest": 13,
    "sizePerSec": 835062.4881378757
  },
  "responseTimeHistogram": {
    "0.000084107": 1,
    "0.0005062181": 39776,
    "0.0009283292000000002": 425712,
    "0.0013504403000000002": 176217,
    "0.0017725514000000002": 491,
    "0.0021946625": 81,
    "0.0026167736000000004": 42,
    "0.0030388847": 29,
    "0.0034609958000000004": 9,
    "0.0038831069000000006": 32,
    "0.004305218": 1
  },
  "latencyPercentiles": {
    "p10": 0.000524497,
    "p25": 0.000580295,
    "p50": 0.000814644,
    "p75": 0.00093948,
    "p90": 0.00101516,
    "p95": 0.001070313,
    "p99": 0.001192542
  },
  "rps": {
    "mean": 64225.748796826396,
    "stddev": 12011.386541362528,
    "max": 89880.70515771295,
    "percentiles": {
      "p10": 52858.66254369087,
      "p25": 54230.15317251747,
      "p50": 58090.81423421875,
      "p75": 75261.56403966232,
      "p90": 82219.01725870445,
      "p95": 85705.65070887633,
      "p99": 88558.08461513784
    }
  },
  "details": {
    "DNSDialup": {
      "average": 0.0010780159600000002,
      "fastest": 0.000174837,
      "slowest": 0.002249671
    },
    "DNSLookup": {
      "average": 0.000012000300000000001,
      "fastest": 0.00000529,
      "slowest": 0.000055484
    }
  },
  "statusCodeDistribution": {
    "200": 642391
  },
  "errorDistribution": {}
}