{
  "summary": {
    "successRate": 1,
    "total": 10.000440149,
    "slowest": 0.004825313,
    "fastest": 0.000072275,
    "average": 0.0007648870042435314,
    "requestsPerSec": 65249.328057350496,
    "totalData": 8482786,
    "sizePerRequest": 13,
    "sizePerSec": 848241.2647455564
  },
  "responseTimeHistogram": {
    "0.000072275": 1,
    "0.0005475788": 114783,
    "0.0010228826": 482455,
    "0.0014981863999999998": 54965,
    "0.0019734902": 167,
    "0.0024487940000000002": 62,
    "0.0029240978": 28,
    "0.0033994016": 14,
    "0.0038747054": 42,
    "0.0043500092": 4,
    "0.004825313": 1
  },
  "latencyPercentiles": {
    "p10": 0.000522336,
    "p25": 0.00057166,
    "p50": 0.00078891,
    "p75": 0.00093499,
    "p90": 0.001010825,
    "p95": 0.001063507,
    "p99": 0.001187414
  },
  "rps": {
    "mean": 65238.13266816835,
    "stddev": 11929.515585277491,
    "max": 89987.16704747453,
    "percentiles": {
      "p10": 53054.675601248586,
      "p25": 54445.581841118124,
      "p50": 62602.45634381562,
      "p75": 75618.54515735983,
      "p90": 82930.89175717956,
      "p95": 86083.62594347884,
      "p99": 88660.0317074692
    }
  },
  "details": {
    "DNSDialup": {
      "average": 0.0010035994400000002,
      "fastest": 0.000098364,
      "slowest": 0.001844067
    },
    "DNSLookup": {
      "average": 0.00000981694,
      "fastest": 0.000004478,
      "slowest": 0.000050504
    }
  },
  "statusCodeDistribution": {
    "200": 652522
  },
  "errorDistribution": {}
}