{
  "summary": {
    "successRate": 1,
    "total": 10.000589621,
    "slowest": 0.004617472,
    "fastest": 0.000127238,
    "average": 0.0008550616867506219,
    "requestsPerSec": 58361.558879929165,
    "totalData": 7587450,
    "sizePerRequest": 13,
    "sizePerSec": 758700.2654390791
  },
  "responseTimeHistogram": {
    "0.000127238": 1,
    "0.0005762614": 54903,
    "0.0010252848": 446253,
    "0.0014743082000000002": 81812,
    "0.0019233316000000001": 514,
    "0.002372355": 43,
    "0.0028213784000000004": 60,
    "0.0032704018000000003": 30,
    "0.0037194252000000002": 10,
    "0.0041684486": 10,
    "0.004617472": 14
  },
  "latencyPercentiles": {
    "p10": 0.000581025,
    "p25": 0.000722041,
    "p50": 0.000887742,
    "p75": 0.000982351,
    "p90": 0.001051253,
    "p95": 0.001110654,
    "p99": 0.001241106
  },
  "rps": {
    "mean": 58356.627240152884,
    "stddev": 7833.165135760549,
    "max": 81643.45881311983,
    "percentiles": {
      "p10": 51334.3837702457,
      "p25": 52730.80540709592,
      "p50": 55133.54138531868,
      "p75": 63340.411182333395,
      "p90": 70915.9844628993,
      "p95": 73866.1988874404,
      "p99": 77372.38186323117
    }
  },
  "details": {
    "DNSDialup": {
      "average": 0.0007476148800000002,
      "fastest": 0.000094895,
      "slowest": 0.001183236
    },
    "DNSLookup": {
      "average": 0.000009457339999999998,
      "fastest": 0.000003767,
      "slowest": 0.000067546
    }
  },
  "statusCodeDistribution": {
    "200": 583650
  },
  "errorDistribution": {}
}