{
  "summary": {
    "successRate": 1,
    "total": 10.000798709,
    "slowest": 0.016245552,
    "fastest": 0.0000563,
    "average": 0.0007212759244281214,
    "requestsPerSec": 69159.07620234056,
    "totalData": 8991398,
    "sizePerRequest": 13,
    "sizePerSec": 899067.9906304271
  },
  "responseTimeHistogram": {
    "0.0000563": 1,
    "0.0016752252": 683847,
    "0.0032941504": 6807,
    "0.0049130756": 89,
    "0.0065320008": 238,
    "0.008150926000000001": 269,
    "0.0097698512": 326,
    "0.011388776400000002": 13,
    "0.013007701600000001": 53,
    "0.0146266268": 0,
    "0.016245552": 3
  },
  "latencyPercentiles": {
    "p10": 0.000524401,
    "p25": 0.000596702,
    "p50": 0.000649802,
    "p75": 0.000697302,
    "p90": 0.000884303,
    "p95": 0.001536804,
    "p99": 0.001688505
  },
  "rps": {
    "mean": 69159.65806971941,
    "stddev": 16735.842581429017,
    "max": 80950.72057175131,
    "percentiles": {
      "p10": 32535.372456935314,
      "p25": 72301.9666134956,
      "p50": 77443.92619494209,
      "p75": 78640.66508791666,
      "p90": 79314.05445044379,
      "p95": 79723.69388181533,
      "p99": 80105.9126807409
    }
  },
  "details": {
    "DNSDialup": {
      "average": 0.0012583459999999998,
      "fastest": 0.0001635,
      "slowest": 0.001484204
    },
    "DNSLookup": {
      "average": 0.000007271999999999999,
      "fastest": 0.0000029,
      "slowest": 0.0000515
    }
  },
  "statusCodeDistribution": {
    "200": 691646
  },
  "errorDistribution": {}
}