{
  "summary": {
    "successRate": 1,
    "total": 10.000362793,
    "slowest": 0.004958215,
    "fastest": 0.000174826,
    "average": 0.0008791028833081853,
    "requestsPerSec": 56767.14052787864,
    "totalData": 7379996,
    "sizePerRequest": 13,
    "sizePerSec": 737972.8268624224
  },
  "responseTimeHistogram": {
    "0.000174826": 1,
    "0.0006531649": 117402,
    "0.0011315038000000001": 418480,
    "0.0016098427": 31544,
    "0.0020881816": 136,
    "0.0025665205": 47,
    "0.0030448594": 34,
    "0.0035231983": 11,
    "0.0040015372": 14,
    "0.0044798761": 11,
    "0.004958215": 12
  },
  "latencyPercentiles": {
    "p10": 0.000579657,
    "p25": 0.000748706,
    "p50": 0.000930651,
    "p75": 0.000997675,
    "p90": 0.001078069,
    "p95": 0.001141674,
    "p99": 0.001254267
  },
  "rps": {
    "mean": 56766.68080352409,
    "stddev": 9577.373558610514,
    "max": 86170.16021537592,
    "percentiles": {
      "p10": 50157.60098897545,
      "p25": 51151.950998847264,
      "p50": 52542.28896440165,
      "p75": 58547.517164932644,
      "p90": 73597.61109393543,
      "p95": 79456.15166238393,
      "p99": 83785.7966557768
    }
  },
  "details": {
    "DNSDialup": {
      "average": 0.0012331234000000002,
      "fastest": 0.000090569,
      "slowest": 0.002239313
    },
    "DNSLookup": {
      "average": 0.000023388060000000008,
      "fastest": 0.000004899,
      "slowest": 0.00071893
    }
  },
  "statusCodeDistribution": {
    "200": 567692
  },
  "errorDistribution": {}
}