{
  "summary": {
    "successRate": 1,
    "total": 10.000785022,
    "slowest": 0.004518924,
    "fastest": 0.000131396,
    "average": 0.0008716860751748803,
    "requestsPerSec": 57259.30501858557,
    "totalData": 7444294,
    "sizePerRequest": 13,
    "sizePerSec": 744370.9652416124
  },
  "responseTimeHistogram": {
    "0.000131396": 1,
    "0.0005701488": 50254,
    "0.0010089016": 357823,
    "0.0014476544": 162195,
    "0.0018864072": 1968,
    "0.0023251599999999997": 150,
    "0.0027639127999999997": 53,
    "0.0032026655999999997": 104,
    "0.0036414183999999997": 30,
    "0.0040801712": 35,
    "0.004518924": 25
  },
  "latencyPercentiles": {
    "p10": 0.000580937,
    "p25": 0.000694879,
    "p50": 0.000916223,
    "p75": 0.001023526,
    "p90": 0.001091659,
    "p95": 0.001139853,
    "p99": 0.001288487
  },
  "rps": {
    "mean": 57261.10263509822,
    "stddev": 8044.241881368589,
    "max": 84832.46538450832,
    "percentiles": {
      "p10": 49891.42077790652,
      "p25": 51279.96597894272,
      "p50": 55357.704871559654,
      "p75": 61314.243298721805,
      "p90": 69147.96460105856,
      "p95": 73223.96620413955,
      "p99": 81118.25607265763
    }
  },
  "details": {
    "DNSDialup": {
      "average": 0.0007356325999999999,
      "fastest": 0.000105706,
      "slowest": 0.000974472
    },
    "DNSLookup": {
      "average": 0.00000535512,
      "fastest": 0.000002685,
      "slowest": 0.000031319
    }
  },
  "statusCodeDistribution": {
    "200": 572638
  },
  "errorDistribution": {}
}