{
  "summary": {
    "successRate": 1,
    "total": 10.000702245,
    "slowest": 0.00472332,
    "fastest": 0.000084809,
    "average": 0.000885713011864964,
    "requestsPerSec": 56346.843071118754,
    "totalData": 7325604,
    "sizePerRequest": 13,
    "sizePerSec": 732508.9599245439
  },
  "responseTimeHistogram": {
    "0.000084809": 1,
    "0.0005486601": 9857,
    "0.0010125111999999999": 498597,
    "0.0014763622999999998": 54580,
    "0.0019402133999999998": 322,
    "0.0024040644999999998": 29,
    "0.0028679155999999997": 41,
    "0.0033317666999999997": 36,
    "0.0037956177999999997": 29,
    "0.0042594689": 10,
    "0.00472332": 6
  },
  "latencyPercentiles": {
    "p10": 0.000732584,
    "p25": 0.000827115,
    "p50": 0.000900186,
    "p75": 0.000961381,
    "p90": 0.001011228,
    "p95": 0.001051308,
    "p99": 0.001158274
  },
  "rps": {
    "mean": 56374.21639639275,
    "stddev": 3626.969765874654,
    "max": 86621.75168501429,
    "percentiles": {
      "p10": 53887.78859640176,
      "p25": 54516.93295937518,
      "p50": 55628.75481520519,
      "p75": 57621.296831309104,
      "p90": 60462.439561336476,
      "p95": 62906.38957354985,
      "p99": 68014.57552353697
    }
  },
  "details": {
    "DNSDialup": {
      "average": 0.0007363031200000002,
      "fastest": 0.000079781,
      "slowest": 0.001540954
    },
    "DNSLookup": {
      "average": 0.0000065303200000000005,
      "fastest": 0.000003377,
      "slowest": 0.000028404
    }
  },
  "statusCodeDistribution": {
    "200": 563508
  },
  "errorDistribution": {}
}