{
  "summary": {
    "successRate": 1,
    "total": 10.001174846,
    "slowest": 0.012536212,
    "fastest": 0.000065502,
    "average": 0.0010956692863803626,
    "requestsPerSec": 45439.461563034056,
    "totalData": 5907824,
    "sizePerRequest": 13,
    "sizePerSec": 590713.0003194427
  },
  "responseTimeHistogram": {
    "0.000065502": 1,
    "0.001312573": 344357,
    "0.002559644": 106084,
    "0.003806715": 3624,
    "0.005053786": 222,
    "0.006300857": 59,
    "0.007547928000000001": 20,
    "0.008794999": 15,
    "0.01004207": 16,
    "0.011289141": 26,
    "0.012536212": 24
  },
  "latencyPercentiles": {
    "p10": 0.000678922,
    "p25": 0.000782632,
    "p50": 0.000858036,
    "p75": 0.001278153,
    "p90": 0.001970182,
    "p95": 0.002055968,
    "p99": 0.0024189
  },
  "rps": {
    "mean": 45460.26112977206,
    "stddev": 13033.246111814902,
    "max": 66054.80087805484,
    "percentiles": {
      "p10": 25610.09523842069,
      "p25": 34392.81934083704,
      "p50": 48254.28342037895,
      "p75": 57389.40432516755,
      "p90": 60344.642966863765,
      "p95": 61404.218469807456,
      "p99": 63443.065152625415
    }
  },
  "details": {
    "DNSDialup": {
      "average": 0.0016603701599999998,
      "fastest": 0.000082803,
      "slowest": 0.002858
    },
    "DNSLookup": {
      "average": 0.000011026340000000003,
      "fastest": 0.000004,
      "slowest": 0.000094503
    }
  },
  "statusCodeDistribution": {
    "200": 454448
  },
  "errorDistribution": {}
}