{
  "summary": {
    "successRate": 1,
    "total": 10.000655271,
    "slowest": 0.004206995,
    "fastest": 0.000051386,
    "average": 0.0008981828957202904,
    "requestsPerSec": 55558.459415274054,
    "totalData": 7223073,
    "sizePerRequest": 13,
    "sizePerSec": 722259.9723985627
  },
  "responseTimeHistogram": {
    "0.000051386": 1,
    "0.0004669469": 2624,
    "0.0008825078000000001": 209472,
    "0.0012980687000000001": 340786,
    "0.0017136296000000001": 2525,
    "0.0021291905": 69,
    "0.0025447514": 16,
    "0.0029603123": 40,
    "0.0033758732000000002": 40,
    "0.0037914341000000002": 25,
    "0.004206995": 23
  },
  "latencyPercentiles": {
    "p10": 0.000680484,
    "p25": 0.000834969,
    "p50": 0.000919739,
    "p75": 0.000989136,
    "p90": 0.001046093,
    "p95": 0.001092221,
    "p99": 0.001218023
  },
  "rps": {
    "mean": 55556.53354100666,
    "stddev": 4699.081740069807,
    "max": 76025.55218808935,
    "percentiles": {
      "p10": 51918.29081385341,
      "p25": 52923.1485851898,
      "p50": 54121.79484678184,
      "p75": 57212.152983493055,
      "p90": 62142.64849966576,
      "p95": 65016.58573101932,
      "p99": 70601.7862251903
    }
  },
  "details": {
    "DNSDialup": {
      "average": 0.00081285824,
      "fastest": 0.000120481,
      "slowest": 0.001117159
    },
    "DNSLookup": {
      "average": 0.000007531919999999998,
      "fastest": 0.000003736,
      "slowest": 0.000038471
    }
  },
  "statusCodeDistribution": {
    "200": 555621
  },
  "errorDistribution": {}
}