{
  "summary": {
    "successRate": 1,
    "total": 10.000311727,
    "slowest": 0.00504544,
    "fastest": 0.000063776,
    "average": 0.0007994814434352388,
    "requestsPerSec": 62423.85407992393,
    "totalData": 8115354,
    "sizePerRequest": 13,
    "sizePerSec": 811510.103039011
  },
  "responseTimeHistogram": {
    "0.000063776": 1,
    "0.0005619424": 99002,
    "0.0010601088": 482696,
    "0.0015582751999999999": 42239,
    "0.0020564416": 164,
    "0.0025546080000000003": 60,
    "0.0030527744": 13,
    "0.0035509408": 17,
    "0.0040491072": 52,
    "0.0045472735999999995": 13,
    "0.00504544": 1
  },
  "latencyPercentiles": {
    "p10": 0.00053925,
    "p25": 0.000596767,
    "p50": 0.000842268,
    "p75": 0.000957331,
    "p90": 0.001028456,
    "p95": 0.001088688,
    "p99": 0.001212387
  },
  "rps": {
    "mean": 62415.56506787864,
    "stddev": 11000.325800453827,
    "max": 87973.25532971275,
    "percentiles": {
      "p10": 52361.89699843931,
      "p25": 53573.81755724101,
      "p50": 56953.80425888488,
      "p75": 70903.74636167526,
      "p90": 80128.95245585228,
      "p95": 83467.12375812564,
      "p99": 86878.38440715028
    }
  },
  "details": {
    "DNSDialup": {
      "average": 0.0011577610600000002,
      "fastest": 0.000085005,
      "slowest": 0.002581252
    },
    "DNSLookup": {
      "average": 0.000008781900000000003,
      "fastest": 0.000004168,
      "slowest": 0.000056875
    }
  },
  "statusCodeDistribution": {
    "200": 624258
  },
  "errorDistribution": {}
}