{
  "summary": {
    "successRate": 1,
    "total": 10.000885967,
    "slowest": 0.016747314,
    "fastest": 0.000047301,
    "average": 0.0008109350456189581,
    "requestsPerSec": 61501.851138945196,
    "totalData": 7995949,
    "sizePerRequest": 13,
    "sizePerSec": 799524.0648062875
  },
  "responseTimeHistogram": {
    "0.000047301": 1,
    "0.0017173023": 581874,
    "0.0033873036": 32231,
    "0.0050573049": 174,
    "0.0067273062": 157,
    "0.0083973075": 405,
    "0.0100673088": 154,
    "0.0117373101": 25,
    "0.0134073114": 46,
    "0.0150773127": 3,
    "0.016747314": 3
  },
  "latencyPercentiles": {
    "p10": 0.000576707,
    "p25": 0.000655208,
    "p50": 0.00072501,
    "p75": 0.000771509,
    "p90": 0.001281016,
    "p95": 0.001726521,
    "p99": 0.001886124
  },
  "rps": {
    "mean": 61497.35384828673,
    "stddev": 16175.399567470626,
    "max": 73941.96206347698,
    "percentiles": {
      "p10": 29047.853433746535,
      "p25": 60091.14665521856,
      "p50": 69960.69089935755,
      "p75": 71528.57260926989,
      "p90": 72238.72753446129,
      "p95": 72612.15527479259,
      "p99": 73298.03232696142
    }
  },
  "details": {
    "DNSDialup": {
      "average": 0.0015327351400000002,
      "fastest": 0.000095601,
      "slowest": 0.002626733
    },
    "DNSLookup": {
      "average": 0.000008938059999999999,
      "fastest": 0.000004,
      "slowest": 0.000111201
    }
  },
  "statusCodeDistribution": {
    "200": 615073
  },
  "errorDistribution": {}
}