{
  "summary": {
    "successRate": 1,
    "total": 10.000388312,
    "slowest": 0.00451348,
    "fastest": 0.000083115,
    "average": 0.0008035277282998982,
    "requestsPerSec": 62110.188186860476,
    "totalData": 8074638,
    "sizePerRequest": 13,
    "sizePerSec": 807432.4464291863
  },
  "responseTimeHistogram": {
    "0.000083115": 1,
    "0.0005261515": 46805,
    "0.0009691880000000001": 430798,
    "0.0014122244999999999": 142982,
    "0.001855261": 436,
    "0.0022982975": 34,
    "0.002741334": 23,
    "0.0031843705": 1,
    "0.003627407": 16,
    "0.0040704435": 20,
    "0.00451348": 10
  },
  "latencyPercentiles": {
    "p10": 0.000537813,
    "p25": 0.000597194,
    "p50": 0.000848493,
    "p75": 0.000961353,
    "p90": 0.00103487,
    "p95": 0.001091296,
    "p99": 0.001214035
  },
  "rps": {
    "mean": 62108.90548696363,
    "stddev": 11409.303091991032,
    "max": 91713.66533613544,
    "percentiles": {
      "p10": 51857.04387165825,
      "p25": 53088.88132406265,
      "p50": 55899.11472031065,
      "p75": 71700.20076056116,
      "p90": 80334.22241882246,
      "p95": 83735.03473853468,
      "p99": 87355.15148455022
    }
  },
  "details": {
    "DNSDialup": {
      "average": 0.0012299725199999996,
      "fastest": 0.000091299,
      "slowest": 0.002296826
    },
    "DNSLookup": {
      "average": 0.00001540974,
      "fastest": 0.000004158,
      "slowest": 0.000199695
    }
  },
  "statusCodeDistribution": {
    "200": 621126
  },
  "errorDistribution": {}
}