{
  "summary": {
    "successRate": 1,
    "total": 10.000679761,
    "slowest": 0.012049711,
    "fastest": 0.000302305,
    "average": 0.0011856077437245151,
    "requestsPerSec": 42105.33784334423,
    "totalData": 5474066,
    "sizePerRequest": 13,
    "sizePerSec": 547369.3919634749
  },
  "responseTimeHistogram": {
    "0.000302305": 1,
    "0.0014770456": 385776,
    "0.0026517862000000002": 24959,
    "0.0038265268000000005": 4579,
    "0.0050012674": 4389,
    "0.006176008": 377,
    "0.007350748600000001": 51,
    "0.0085254892": 8,
    "0.0097002298": 96,
    "0.0108749704": 317,
    "0.012049711": 529
  },
  "latencyPercentiles": {
    "p10": 0.000912817,
    "p25": 0.001009019,
    "p50": 0.001075921,
    "p75": 0.001117721,
    "p90": 0.001207221,
    "p95": 0.002039538,
    "p99": 0.00397457
  },
  "rps": {
    "mean": 42154.938198908414,
    "stddev": 10373.126640596163,
    "max": 50559.50411239245,
    "percentiles": {
      "p10": 24848.765702692534,
      "p25": 38676.41861587452,
      "p50": 47546.83941683463,
      "p75": 48066.76290836029,
      "p90": 48453.024061050884,
      "p95": 48776.69846787387,
      "p99": 49302.72728455624
    }
  },
  "details": {
    "DNSDialup": {
      "average": 0.0017249141399999998,
      "fastest": 0.000081902,
      "slowest": 0.003533566
    },
    "DNSLookup": {
      "average": 0.0000055580200000000005,
      "fastest": 0.0000037,
      "slowest": 0.0000477
    }
  },
  "statusCodeDistribution": {
    "200": 421082
  },
  "errorDistribution": {}
}