{
  "summary": {
    "successRate": 1,
    "total": 10.000536063,
    "slowest": 0.016638766,
    "fastest": 0.000071005,
    "average": 0.0009778323178952501,
    "requestsPerSec": 51007.4656784926,
    "totalData": 6631326,
    "sizePerRequest": 13,
    "sizePerSec": 663097.0538204038
  },
  "responseTimeHistogram": {
    "0.000071005": 1,
    "0.0017277811": 456165,
    "0.0033845572": 50837,
    "0.0050413333": 1876,
    "0.0066981094": 226,
    "0.0083548855": 465,
    "0.010011661600000001": 378,
    "0.011668437700000001": 76,
    "0.013325213800000001": 59,
    "0.014981989900000001": 18,
    "0.016638766": 1
  },
  "latencyPercentiles": {
    "p10": 0.000625539,
    "p25": 0.000736947,
    "p50": 0.000829253,
    "p75": 0.000912158,
    "p90": 0.001818216,
    "p95": 0.00205563,
    "p99": 0.002869384
  },
  "rps": {
    "mean": 50964.99142881828,
    "stddev": 14610.342005044602,
    "max": 67067.60444967884,
    "percentiles": {
      "p10": 25037.68830977056,
      "p25": 41046.64540784103,
      "p50": 57025.83320354746,
      "p75": 63040.11873156129,
      "p90": 64618.04799325683,
      "p95": 65237.60295434404,
      "p99": 66032.75224511533
    }
  },
  "details": {
    "DNSDialup": {
      "average": 0.0016407383000000002,
      "fastest": 0.000087906,
      "slowest": 0.002286646
    },
    "DNSLookup": {
      "average": 0.00001409284,
      "fastest": 0.0000041,
      "slowest": 0.000388725
    }
  },
  "statusCodeDistribution": {
    "200": 510102
  },
  "errorDistribution": {}
}