{
  "summary": {
    "successRate": 1,
    "total": 10.000989755,
    "slowest": 0.017025721,
    "fastest": 0.0000728,
    "average": 0.001163726862439413,
    "requestsPerSec": 42813.26253593387,
    "totalData": 5566275,
    "sizePerRequest": 13,
    "sizePerSec": 556572.4129671403
  },
  "responseTimeHistogram": {
    "0.0000728": 1,
    "0.0017680921": 356223,
    "0.0034633842": 67244,
    "0.0051586763": 4022,
    "0.0068539683999999995": 307,
    "0.0085492605": 167,
    "0.0102445526": 163,
    "0.011939844699999999": 13,
    "0.0136351368": 33,
    "0.0153304289": 0,
    "0.017025721": 2
  },
  "latencyPercentiles": {
    "p10": 0.000645901,
    "p25": 0.000780201,
    "p50": 0.000916501,
    "p75": 0.001200001,
    "p90": 0.002266003,
    "p95": 0.002474903,
    "p99": 0.003681605
  },
  "rps": {
    "mean": 42798.84572322485,
    "stddev": 15897.069453913777,
    "max": 66061.12970145153,
    "percentiles": {
      "p10": 20901.974462811922,
      "p25": 25906.450706226315,
      "p50": 46249.803112279056,
      "p75": 57433.05428178228,
      "p90": 61617.95413846276,
      "p95": 63130.08485980356,
      "p99": 64830.40546015591
    }
  },
  "details": {
    "DNSDialup": {
      "average": 0.0019403564599999995,
      "fastest": 0.0000829,
      "slowest": 0.002291503
    },
    "DNSLookup": {
      "average": 0.000016756040000000003,
      "fastest": 0.0000052,
      "slowest": 0.0001241
    }
  },
  "statusCodeDistribution": {
    "200": 428175
  },
  "errorDistribution": {}
}