{
  "summary": {
    "successRate": 1,
    "total": 10.001559575,
    "slowest": 0.014700495,
    "fastest": 0.000046604,
    "average": 0.001325249632127146,
    "requestsPerSec": 37658.22691707558,
    "totalData": 4896333,
    "sizePerRequest": 13,
    "sizePerSec": 489556.94992198254
  },
  "responseTimeHistogram": {
    "0.000046604": 1,
    "0.0015119931": 270792,
    "0.0029773822": 98358,
    "0.0044427713": 4493,
    "0.005908160399999999": 1420,
    "0.0073735495": 727,
    "0.0088389386": 429,
    "0.0103043277": 193,
    "0.0117697168": 86,
    "0.0132351059": 95,
    "0.014700495": 47
  },
  "latencyPercentiles": {
    "p10": 0.000774474,
    "p25": 0.000958491,
    "p50": 0.001165311,
    "p75": 0.001576457,
    "p90": 0.001892179,
    "p95": 0.002134314,
    "p99": 0.003869987
  },
  "rps": {
    "mean": 37674.79183668933,
    "stddev": 9717.268250484833,
    "max": 58249.257878170705,
    "percentiles": {
      "p10": 25751.901443147417,
      "p25": 33326.26702900301,
      "p50": 37522.88896226698,
      "p75": 42325.615462477996,
      "p90": 52227.52448113809,
      "p95": 54172.51483588201,
      "p99": 55377.40726664247
    }
  },
  "details": {
    "DNSDialup": {
      "average": 0.0016039545000000003,
      "fastest": 0.000106211,
      "slowest": 0.002670867
    },
    "DNSLookup": {
      "average": 0.000007958840000000002,
      "fastest": 0.0000041,
      "slowest": 0.000047605
    }
  },
  "statusCodeDistribution": {
    "200": 376641
  },
  "errorDistribution": {}
}