{
  "summary": {
    "successRate": 1,
    "total": 10.000218859,
    "slowest": 0.005292706,
    "fastest": 0.000075511,
    "average": 0.0008287894936614001,
    "requestsPerSec": 60217.08209496298,
    "totalData": 7828392,
    "sizePerRequest": 13,
    "sizePerSec": 782822.0672345187
  },
  "responseTimeHistogram": {
    "0.000075511": 1,
    "0.0005972305": 111016,
    "0.00111895": 467517,
    "0.0016406694999999997": 23306,
    "0.002162389": 220,
    "0.0026841085": 39,
    "0.0032058279999999995": 37,
    "0.0037275474999999996": 7,
    "0.004249267": 15,
    "0.0047709865": 18,
    "0.005292706": 8
  },
  "latencyPercentiles": {
    "p10": 0.000564306,
    "p25": 0.000625611,
    "p50": 0.000888922,
    "p75": 0.000971094,
    "p90": 0.001036969,
    "p95": 0.001097591,
    "p99": 0.001227354
  },
  "rps": {
    "mean": 60209.39443303725,
    "stddev": 9860.47415563392,
    "max": 86071.73031631883,
    "percentiles": {
      "p10": 51441.36400079449,
      "p25": 52461.692181479266,
      "p50": 56022.13434528134,
      "p75": 66953.16751031997,
      "p90": 75468.548082224,
      "p95": 79355.8156060088,
      "p99": 84348.5510259702
    }
  },
  "details": {
    "DNSDialup": {
      "average": 0.0012715467600000001,
      "fastest": 0.000099907,
      "slowest": 0.002779096
    },
    "DNSLookup": {
      "average": 0.000011897119999999996,
      "fastest": 0.000003567,
      "slowest": 0.000212439
    }
  },
  "statusCodeDistribution": {
    "200": 602184
  },
  "errorDistribution": {}
}