{
  "summary": {
    "successRate": 1,
    "total": 10.000736203,
    "slowest": 0.003944115,
    "fastest": 0.00009908,
    "average": 0.0006099549324763751,
    "requestsPerSec": 81787.57877391439,
    "totalData": 10633168,
    "sizePerRequest": 13,
    "sizePerSec": 1063238.524060887
  },
  "responseTimeHistogram": {
    "0.00009908": 1,
    "0.00048358349999999995": 50032,
    "0.0008680869999999999": 763969,
    "0.0012525905": 3577,
    "0.001637094": 159,
    "0.0020215974999999997": 46,
    "0.002406101": 93,
    "0.0027906044999999997": 4,
    "0.003175108": 7,
    "0.0035596115": 30,
    "0.003944115": 18
  },
  "latencyPercentiles": {
    "p10": 0.000517359,
    "p25": 0.000566078,
    "p50": 0.000615465,
    "p75": 0.000657035,
    "p90": 0.000693803,
    "p95": 0.000729584,
    "p99": 0.000803407
  },
  "rps": {
    "mean": 81794.11680996524,
    "stddev": 4254.232002122089,
    "max": 100470.62079935132,
    "percentiles": {
      "p10": 78857.88168515702,
      "p25": 80203.7515730354,
      "p50": 81425.7631114484,
      "p75": 83304.79002542872,
      "p90": 86314.9324833227,
      "p95": 88082.66583240432,
      "p99": 92825.9541367763
    }
  },
  "details": {
    "DNSDialup": {
      "average": 0.0004549165999999999,
      "fastest": 0.000060463,
      "slowest": 0.001013971
    },
    "DNSLookup": {
      "average": 0.000004759440000000001,
      "fastest": 0.000002169,
      "slowest": 0.000030084
    }
  },
  "statusCodeDistribution": {
    "200": 817936
  },
  "errorDistribution": {}
}