{
  "summary": {
    "successRate": 1,
    "total": 10.000601011,
    "slowest": 0.005046797,
    "fastest": 0.00008525,
    "average": 0.0008027673135361815,
    "requestsPerSec": 62183.66269347009,
    "totalData": 8084362,
    "sizePerRequest": 13,
    "sizePerSec": 808387.6150151112
  },
  "responseTimeHistogram": {
    "0.00008525": 1,
    "0.0005814047": 47064,
    "0.0010775594": 567971,
    "0.0015737141": 6370,
    "0.0020698687999999997": 274,
    "0.0025660235": 102,
    "0.0030621781999999997": 19,
    "0.0035583328999999994": 21,
    "0.0040544876": 43,
    "0.0045506423": 8,
    "0.0050467970000000004": 1
  },
  "latencyPercentiles": {
    "p10": 0.00061279,
    "p25": 0.00073111,
    "p50": 0.000820928,
    "p75": 0.000892904,
    "p90": 0.000939839,
    "p95": 0.000982641,
    "p99": 0.001087036
  },
  "rps": {
    "mean": 62194.12962218633,
    "stddev": 5064.636602465758,
    "max": 83770.61258689957,
    "percentiles": {
      "p10": 57760.45787125548,
      "p25": 58905.16741302688,
      "p50": 61045.161210260194,
      "p75": 65249.47867968659,
      "p90": 68649.54437617664,
      "p95": 70689.2259952679,
      "p99": 76155.1578564011
    }
  },
  "details": {
    "DNSDialup": {
      "average": 0.0007048425000000002,
      "fastest": 0.000089703,
      "slowest": 0.001486877
    },
    "DNSLookup": {
      "average": 0.000004817159999999999,
      "fastest": 0.000002724,
      "slowest": 0.000030886
    }
  },
  "statusCodeDistribution": {
    "200": 621874
  },
  "errorDistribution": {}
}