{
  "summary": {
    "successRate": 1,
    "total": 10.000699506,
    "slowest": 0.004244881,
    "fastest": 0.000139387,
    "average": 0.0009546160849028837,
    "requestsPerSec": 52278.443091538684,
    "totalData": 6796673,
    "sizePerRequest": 13,
    "sizePerSec": 679619.7601900029
  },
  "responseTimeHistogram": {
    "0.000139387": 1,
    "0.0005499363999999999": 5712,
    "0.0009604857999999999": 261647,
    "0.0013710351999999997": 247066,
    "0.0017815845999999997": 6248,
    "0.0021921339999999997": 1569,
    "0.0026026833999999994": 360,
    "0.0030132327999999996": 116,
    "0.0034237821999999994": 64,
    "0.003834331599999999": 20,
    "0.004244881": 18
  },
  "latencyPercentiles": {
    "p10": 0.000782524,
    "p25": 0.000876457,
    "p50": 0.000957241,
    "p75": 0.001027346,
    "p90": 0.001105129,
    "p95": 0.001172639,
    "p99": 0.001509115
  },
  "rps": {
    "mean": 52277.31614256435,
    "stddev": 4398.665196073096,
    "max": 73221.49642902469,
    "percentiles": {
      "p10": 48450.68911094724,
      "p25": 50635.17625694302,
      "p50": 52259.89685695563,
      "p75": 54054.47845883767,
      "p90": 57151.65588636565,
      "p95": 59008.58504182904,
      "p99": 64290.26411344696
    }
  },
  "details": {
    "DNSDialup": {
      "average": 0.0007834969600000001,
      "fastest": 0.00007128,
      "slowest": 0.001679901
    },
    "DNSLookup": {
      "average": 0.00000630282,
      "fastest": 0.000003226,
      "slowest": 0.000034675
    }
  },
  "statusCodeDistribution": {
    "200": 522821
  },
  "errorDistribution": {}
}