{
  "summary": {
    "successRate": 1,
    "total": 10.000534937,
    "slowest": 0.004919245,
    "fastest": 0.000087934,
    "average": 0.0007679985372493201,
    "requestsPerSec": 64982.923822967896,
    "totalData": 8448232,
    "sizePerRequest": 13,
    "sizePerSec": 844778.0096985826
  },
  "responseTimeHistogram": {
    "0.000087934": 1,
    "0.0005710651000000001": 149550,
    "0.0010541962000000002": 464746,
    "0.0015373273000000003": 35208,
    "0.0020204584000000003": 192,
    "0.0025035895000000002": 65,
    "0.0029867206000000006": 10,
    "0.0034698517000000006": 46,
    "0.0039529828": 29,
    "0.0044361139": 14,
    "0.004919245": 3
  },
  "latencyPercentiles": {
    "p10": 0.000521335,
    "p25": 0.000578302,
    "p50": 0.000797543,
    "p75": 0.000925283,
    "p90": 0.001002547,
    "p95": 0.001062186,
    "p99": 0.001193223
  },
  "rps": {
    "mean": 64969.731528038246,
    "stddev": 11500.0663368994,
    "max": 90403.04003048594,
    "percentiles": {
      "p10": 53570.998730379004,
      "p25": 55040.90089345144,
      "p50": 61942.33138927075,
      "p75": 74759.15692086746,
      "p90": 82407.4510754567,
      "p95": 85450.60384759793,
      "p99": 89369.5340060089
    }
  },
  "details": {
    "DNSDialup": {
      "average": 0.0010406347199999999,
      "fastest": 0.000099554,
      "slowest": 0.001588048
    },
    "DNSLookup": {
      "average": 0.000012725759999999997,
      "fastest": 0.000004428,
      "slowest": 0.000186489
    }
  },
  "statusCodeDistribution": {
    "200": 649864
  },
  "errorDistribution": {}
}