{
  "summary": {
    "successRate": 1,
    "total": 10.000570016,
    "slowest": 0.00402015,
    "fastest": 0.000081397,
    "average": 0.0008898675075008618,
    "requestsPerSec": 56083.80313348731,
    "totalData": 7291310,
    "sizePerRequest": 13,
    "sizePerSec": 729089.440735335
  },
  "responseTimeHistogram": {
    "0.000081397": 1,
    "0.00047527229999999994": 3609,
    "0.0008691475999999999": 204794,
    "0.0012630228999999998": 349480,
    "0.0016568981999999998": 2704,
    "0.0020507735": 126,
    "0.0024446487999999996": 66,
    "0.0028385241": 34,
    "0.0032323993999999997": 9,
    "0.0036262746999999994": 10,
    "0.00402015": 37
  },
  "latencyPercentiles": {
    "p10": 0.000713932,
    "p25": 0.000829568,
    "p50": 0.000907476,
    "p75": 0.000971285,
    "p90": 0.001026897,
    "p95": 0.001070425,
    "p99": 0.001189133
  },
  "rps": {
    "mean": 56090.224479734556,
    "stddev": 4083.589119242128,
    "max": 74720.09970682002,
    "percentiles": {
      "p10": 53007.85233082294,
      "p25": 54134.19115513658,
      "p50": 55111.44551881022,
      "p75": 57201.39571406035,
      "p90": 61543.11710785068,
      "p95": 64515.59258724051,
      "p99": 68418.82392455757
    }
  },
  "details": {
    "DNSDialup": {
      "average": 0.0007619001600000003,
      "fastest": 0.000099043,
      "slowest": 0.001187964
    },
    "DNSLookup": {
      "average": 0.000008110940000000002,
      "fastest": 0.000003627,
      "slowest": 0.000036428
    }
  },
  "statusCodeDistribution": {
    "200": 560870
  },
  "errorDistribution": {}
}