{
  "summary": {
    "successRate": 1,
    "total": 10.000327496,
    "slowest": 0.004623171,
    "fastest": 0.000091063,
    "average": 0.0009260655533303384,
    "requestsPerSec": 53895.33494933854,
    "totalData": 7006623,
    "sizePerRequest": 13,
    "sizePerSec": 700639.354341401
  },
  "responseTimeHistogram": {
    "0.000091063": 1,
    "0.0005442738": 8129,
    "0.0009974846": 348023,
    "0.0014506954": 182315,
    "0.0019039062": 334,
    "0.002357117": 84,
    "0.0028103278000000003": 38,
    "0.0032635386": 4,
    "0.0037167494000000002": 14,
    "0.0041699601999999995": 22,
    "0.004623171": 7
  },
  "latencyPercentiles": {
    "p10": 0.000677072,
    "p25": 0.000861835,
    "p50": 0.000950584,
    "p75": 0.001022201,
    "p90": 0.00108445,
    "p95": 0.001131878,
    "p99": 0.001239772
  },
  "rps": {
    "mean": 53916.644514328334,
    "stddev": 6398.110306822182,
    "max": 82238.31662472422,
    "percentiles": {
      "p10": 50306.63041388865,
      "p25": 51123.941341730315,
      "p50": 52103.88694996524,
      "p75": 53190.9662068796,
      "p90": 61989.25833308269,
      "p95": 70855.43729413801,
      "p99": 78560.65583524869
    }
  },
  "details": {
    "DNSDialup": {
      "average": 0.0009881870199999994,
      "fastest": 0.000097031,
      "slowest": 0.001648464
    },
    "DNSLookup": {
      "average": 0.00001262088,
      "fastest": 0.000004147,
      "slowest": 0.000189594
    }
  },
  "statusCodeDistribution": {
    "200": 538971
  },
  "errorDistribution": {}
}