{
  "summary": {
    "successRate": 1,
    "total": 10.001440135,
    "slowest": 0.039751159,
    "fastest": 0.000663208,
    "average": 0.007481435771343445,
    "requestsPerSec": 6676.73845952586,
    "totalData": 868101,
    "sizePerRequest": 13,
    "sizePerSec": 86797.59997383617
  },
  "responseTimeHistogram": {
    "0.000663208": 1,
    "0.0045720031": 137,
    "0.0084807982": 56228,
    "0.0123895933": 7207,
    "0.0162983884": 2418,
    "0.0202071835": 564,
    "0.024115978599999997": 134,
    "0.0280247737": 56,
    "0.0319335688": 10,
    "0.0358423639": 12,
    "0.039751159": 10
  },
  "latencyPercentiles": {
    "p10": 0.006436874,
    "p25": 0.006521175,
    "p50": 0.006638077,
    "p75": 0.00688918,
    "p90": 0.010591023,
    "p95": 0.01218694,
    "p99": 0.016803094
  },
  "rps": {
    "mean": 6677.7509071677205,
    "stddev": 1597.3046460662777,
    "max": 8642.160781371864,
    "percentiles": {
      "p10": 4018.923099413788,
      "p25": 6327.388099388093,
      "p50": 7493.204979457287,
      "p75": 7639.178289776888,
      "p90": 7747.715078079468,
      "p95": 7789.175150629815,
      "p99": 7853.233931528964
    }
  },
  "details": {
    "DNSDialup": {
      "average": 0.0014425386799999998,
      "fastest": 0.000070501,
      "slowest": 0.001643619
    },
    "DNSLookup": {
      "average": 0.00000436404,
      "fastest": 0.0000034,
      "slowest": 0.000035901
    }
  },
  "statusCodeDistribution": {
    "200": 66777
  },
  "errorDistribution": {}
}