{
  "summary": {
    "successRate": 1,
    "total": 10.000613596,
    "slowest": 0.340919215,
    "fastest": 0.001299785,
    "average": 0.007474547432832486,
    "requestsPerSec": 6681.390032580156,
    "totalData": 868634,
    "sizePerRequest": 13,
    "sizePerSec": 86858.07042354203
  },
  "responseTimeHistogram": {
    "0.001299785": 1,
    "0.035261728": 66778,
    "0.069223671": 7,
    "0.10318561400000001": 6,
    "0.137147557": 4,
    "0.1711095": 5,
    "0.20507144300000002": 4,
    "0.23903338600000001": 3,
    "0.272995329": 4,
    "0.306957272": 3,
    "0.340919215": 3
  },
  "latencyPercentiles": {
    "p10": 0.006348262,
    "p25": 0.007118666,
    "p50": 0.007225516,
    "p75": 0.007406944,
    "p90": 0.008468344,
    "p95": 0.009546094,
    "p99": 0.011229858
  },
  "rps": {
    "mean": 6679.174883612957,
    "stddev": 911.0017706964427,
    "max": 8438.738874677136,
    "percentiles": {
      "p10": 5400.53681335965,
      "p25": 6635.479243969742,
      "p50": 6891.664653219491,
      "p75": 7000.817695506865,
      "p90": 7493.2861674846545,
      "p95": 8081.0423494100405,
      "p99": 8316.61576663975
    }
  },
  "details": {
    "DNSDialup": {
      "average": 0.0010001840399999997,
      "fastest": 0.000168035,
      "slowest": 0.001531307
    },
    "DNSLookup": {
      "average": 0.00000981188,
      "fastest": 0.000004599,
      "slowest": 0.000053901
    }
  },
  "statusCodeDistribution": {
    "200": 66818
  },
  "errorDistribution": {}
}