{
  "summary": {
    "successRate": 1,
    "total": 10.000657644,
    "slowest": 0.353713072,
    "fastest": 0.001361844,
    "average": 0.007780669956336369,
    "requestsPerSec": 6419.077853196431,
    "totalData": 834535,
    "sizePerRequest": 13,
    "sizePerSec": 83448.01209155361
  },
  "responseTimeHistogram": {
    "0.001361844": 1,
    "0.036596966800000005": 64155,
    "0.07183208960000001": 7,
    "0.10706721240000001": 6,
    "0.14230233520000002": 5,
    "0.17753745800000004": 4,
    "0.21277258080000003": 4,
    "0.24800770360000002": 3,
    "0.28324282640000004": 4,
    "0.31847794920000005": 3,
    "0.3537130720000001": 3
  },
  "latencyPercentiles": {
    "p10": 0.006375586,
    "p25": 0.007419617,
    "p50": 0.007552535,
    "p75": 0.007761365,
    "p90": 0.008968217,
    "p95": 0.009892322,
    "p99": 0.011438229
  },
  "rps": {
    "mean": 6417.000062106677,
    "stddev": 929.5928726595972,
    "max": 8208.499079947225,
    "percentiles": {
      "p10": 5165.088900801298,
      "p25": 6308.339624984246,
      "p50": 6601.689372310743,
      "p75": 6705.881057688325,
      "p90": 7486.780015841759,
      "p95": 7903.909273526684,
      "p99": 8091.248242934852
    }
  },
  "details": {
    "DNSDialup": {
      "average": 0.0007357061999999999,
      "fastest": 0.000072873,
      "slowest": 0.001654517
    },
    "DNSLookup": {
      "average": 0.000006590880000000001,
      "fastest": 0.000003686,
      "slowest": 0.000034324
    }
  },
  "statusCodeDistribution": {
    "200": 64195
  },
  "errorDistribution": {}
}