{
  "summary": {
    "successRate": 1,
    "total": 10.000709848,
    "slowest": 0.352214263,
    "fastest": 0.001271778,
    "average": 0.007773681226355843,
    "requestsPerSec": 6423.943997620118,
    "totalData": 835172,
    "sizePerRequest": 13,
    "sizePerSec": 83511.27196906153
  },
  "responseTimeHistogram": {
    "0.001271778": 1,
    "0.0363660265": 64204,
    "0.071460275": 7,
    "0.1065545235": 6,
    "0.141648772": 5,
    "0.17674302050000001": 4,
    "0.211837269": 4,
    "0.2469315175": 3,
    "0.282025766": 4,
    "0.3171200145": 3,
    "0.352214263": 3
  },
  "latencyPercentiles": {
    "p10": 0.006622047,
    "p25": 0.007179917,
    "p50": 0.007392475,
    "p75": 0.007954419,
    "p90": 0.008952506,
    "p95": 0.009810568,
    "p99": 0.011620004
  },
  "rps": {
    "mean": 6421.4600111822265,
    "stddev": 952.723595300988,
    "max": 8498.12358396272,
    "percentiles": {
      "p10": 5142.140354418762,
      "p25": 6048.642578754076,
      "p50": 6684.780395848397,
      "p75": 6930.808135242074,
      "p90": 7200.226807144799,
      "p95": 7824.645285254562,
      "p99": 8302.50403521717
    }
  },
  "details": {
    "DNSDialup": {
      "average": 0.00068966228,
      "fastest": 0.000078117,
      "slowest": 0.001647815
    },
    "DNSLookup": {
      "average": 0.000008215699999999998,
      "fastest": 0.000004369,
      "slowest": 0.000040456
    }
  },
  "statusCodeDistribution": {
    "200": 64244
  },
  "errorDistribution": {}
}