{
  "summary": {
    "successRate": 1,
    "total": 10.003636719,
    "slowest": 0.357354437,
    "fastest": 0.001351504,
    "average": 0.007742456744497785,
    "requestsPerSec": 6449.654441914766,
    "totalData": 838760,
    "sizePerRequest": 13,
    "sizePerSec": 83845.50774489196
  },
  "responseTimeHistogram": {
    "0.001351504": 1,
    "0.036951797300000006": 64480,
    "0.07255209060000001": 8,
    "0.10815238390000001": 5,
    "0.1437526772": 5,
    "0.17935297050000001": 4,
    "0.21495326380000002": 4,
    "0.2505535571": 3,
    "0.2861538504": 3,
    "0.32175414370000005": 3,
    "0.357354437": 4
  },
  "latencyPercentiles": {
    "p10": 0.006402988,
    "p25": 0.007366006,
    "p50": 0.00750796,
    "p75": 0.007717941,
    "p90": 0.008909267,
    "p95": 0.009928767,
    "p99": 0.011605182
  },
  "rps": {
    "mean": 6446.3084733846445,
    "stddev": 933.16053308669,
    "max": 8292.579183259773,
    "percentiles": {
      "p10": 5171.1980895365095,
      "p25": 6386.143973284673,
      "p50": 6625.184313129459,
      "p75": 6759.713569881257,
      "p90": 7467.492692452921,
      "p95": 7901.306085895458,
      "p99": 8180.368025668534
    }
  },
  "details": {
    "DNSDialup": {
      "average": 0.00065583406,
      "fastest": 0.000071713,
      "slowest": 0.001170426
    },
    "DNSLookup": {
      "average": 0.000007499279999999998,
      "fastest": 0.000003756,
      "slowest": 0.000039463
    }
  },
  "statusCodeDistribution": {
    "200": 64520
  },
  "errorDistribution": {}
}