{
  "summary": {
    "successRate": 1,
    "total": 10.000544958,
    "slowest": 0.058260137,
    "fastest": 0.002295117,
    "average": 0.01179325455165172,
    "requestsPerSec": 4234.8692174141015,
    "totalData": 550563,
    "sizePerRequest": 13,
    "sizePerSec": 55053.299826383314
  },
  "responseTimeHistogram": {
    "0.002295117": 1,
    "0.007891618999999999": 203,
    "0.013488120999999999": 35886,
    "0.019084623": 5447,
    "0.024681124999999998": 647,
    "0.030277626999999998": 92,
    "0.035874129": 32,
    "0.041470630999999994": 9,
    "0.047067133": 11,
    "0.052663635": 11,
    "0.058260137": 12
  },
  "latencyPercentiles": {
    "p10": 0.010398575,
    "p25": 0.010620676,
    "p50": 0.010969979,
    "p75": 0.011714288,
    "p90": 0.014558405,
    "p95": 0.016531324,
    "p99": 0.021636662
  },
  "rps": {
    "mean": 4243.898538016649,
    "stddev": 837.2298144180841,
    "max": 10298.583251225222,
    "percentiles": {
      "p10": 3010.8598488827183,
      "p25": 4168.753585382394,
      "p50": 4524.352781280532,
      "p75": 4681.566464352159,
      "p90": 4782.024147390596,
      "p95": 4831.077354405794,
      "p99": 4985.069716199949
    }
  },
  "details": {
    "DNSDialup": {
      "average": 0.00298075032,
      "fastest": 0.000168602,
      "slowest": 0.003488026
    },
    "DNSLookup": {
      "average": 0.00001220006,
      "fastest": 0.0000091,
      "slowest": 0.000108501
    }
  },
  "statusCodeDistribution": {
    "200": 42351
  },
  "errorDistribution": {}
}