{
  "summary": {
    "successRate": 1,
    "total": 10.000617282,
    "slowest": 0.362311846,
    "fastest": 0.001291732,
    "average": 0.00780858783807064,
    "requestsPerSec": 6395.605210802426,
    "totalData": 831480,
    "sizePerRequest": 13,
    "sizePerSec": 83142.86774043154
  },
  "responseTimeHistogram": {
    "0.001291732": 1,
    "0.0373937434": 63920,
    "0.07349575480000001": 7,
    "0.10959776620000002": 6,
    "0.1456997776": 5,
    "0.181801789": 4,
    "0.21790380040000001": 4,
    "0.2540058118": 4,
    "0.2901078232": 3,
    "0.3262098346": 3,
    "0.362311846": 3
  },
  "latencyPercentiles": {
    "p10": 0.006602962,
    "p25": 0.007402123,
    "p50": 0.007553282,
    "p75": 0.007738136,
    "p90": 0.009033308,
    "p95": 0.009952193,
    "p99": 0.011860491
  },
  "rps": {
    "mean": 6394.490340385023,
    "stddev": 911.4697893808965,
    "max": 8326.981084107783,
    "percentiles": {
      "p10": 5109.840530894403,
      "p25": 6394.325898490648,
      "p50": 6595.375728408651,
      "p75": 6712.776427373806,
      "p90": 7222.8096328199,
      "p95": 7725.613498994415,
      "p99": 8120.707804902684
    }
  },
  "details": {
    "DNSDialup": {
      "average": 0.0009210139000000001,
      "fastest": 0.000062658,
      "slowest": 0.00174733
    },
    "DNSLookup": {
      "average": 0.000006200019999999999,
      "fastest": 0.000002645,
      "slowest": 0.000033193
    }
  },
  "statusCodeDistribution": {
    "200": 63960
  },
  "errorDistribution": {}
}