{
  "summary": {
    "successRate": 1,
    "total": 10.000365425,
    "slowest": 0.034389846,
    "fastest": 0.005864727,
    "average": 0.008024615896257482,
    "requestsPerSec": 6222.87260067799,
    "totalData": 809003,
    "sizePerRequest": 13,
    "sizePerSec": 80897.34380881386
  },
  "responseTimeHistogram": {
    "0.005864727": 1,
    "0.0087172389": 50216,
    "0.0115697508": 10277,
    "0.0144222627": 1382,
    "0.0172747746": 251,
    "0.0201272865": 52,
    "0.0229797984": 15,
    "0.0258323103": 7,
    "0.0286848222": 9,
    "0.0315373341": 10,
    "0.034389846": 11
  },
  "latencyPercentiles": {
    "p10": 0.006374193,
    "p25": 0.007397704,
    "p50": 0.007713153,
    "p75": 0.008406047,
    "p90": 0.009692609,
    "p95": 0.010818976,
    "p99": 0.013446863
  },
  "rps": {
    "mean": 6223.8542367379505,
    "stddev": 970.7314651127117,
    "max": 7997.253803782429,
    "percentiles": {
      "p10": 4900.172976105676,
      "p25": 5794.50195289961,
      "p50": 6359.935395170718,
      "p75": 6664.550840071493,
      "p90": 7619.203756425098,
      "p95": 7785.667253928448,
      "p99": 7886.450481533564
    }
  },
  "details": {
    "DNSDialup": {
      "average": 0.0011732895199999998,
      "fastest": 0.000119103,
      "slowest": 0.001871156
    },
    "DNSLookup": {
      "average": 0.000010618880000000001,
      "fastest": 0.000004208,
      "slowest": 0.000053551
    }
  },
  "statusCodeDistribution": {
    "200": 62231
  },
  "errorDistribution": {}
}