{
  "summary": {
    "successRate": 1,
    "total": 10.000728684,
    "slowest": 0.305631426,
    "fastest": 0.00125717,
    "average": 0.005861216877734031,
    "requestsPerSec": 8521.779031596814,
    "totalData": 1107912,
    "sizePerRequest": 13,
    "sizePerSec": 110783.12741075858
  },
  "responseTimeHistogram": {
    "0.00125717": 1,
    "0.0316945956": 85183,
    "0.062132021200000005": 8,
    "0.09256944680000001": 5,
    "0.12300687240000001": 5,
    "0.153444298": 4,
    "0.18388172360000002": 4,
    "0.2143191492": 4,
    "0.24475657480000002": 3,
    "0.27519400039999997": 3,
    "0.305631426": 4
  },
  "latencyPercentiles": {
    "p10": 0.004529489,
    "p25": 0.00514191,
    "p50": 0.00570069,
    "p75": 0.005928488,
    "p90": 0.007298079,
    "p95": 0.008287656,
    "p99": 0.009776332
  },
  "rps": {
    "mean": 8515.967944571124,
    "stddev": 1608.3987080415843,
    "max": 11541.798623715718,
    "percentiles": {
      "p10": 6340.767967647876,
      "p25": 8015.288361019898,
      "p50": 8693.705100425874,
      "p75": 9013.225105196165,
      "p90": 10792.881378567849,
      "p95": 11109.520859376584,
      "p99": 11370.898690424357
    }
  },
  "details": {
    "DNSDialup": {
      "average": 0.0005304251200000001,
      "fastest": 0.000074691,
      "slowest": 0.001122969
    },
    "DNSLookup": {
      "average": 0.000006161559999999999,
      "fastest": 0.000002952,
      "slowest": 0.000035047
    }
  },
  "statusCodeDistribution": {
    "200": 85224
  },
  "errorDistribution": {}
}