{
  "summary": {
    "successRate": 1,
    "total": 10.00065016,
    "slowest": 0.355284192,
    "fastest": 0.000972952,
    "average": 0.008009724297563824,
    "requestsPerSec": 6234.894632090601,
    "totalData": 810589,
    "sizePerRequest": 13,
    "sizePerSec": 81053.63021717781
  },
  "responseTimeHistogram": {
    "0.000972952": 1,
    "0.036404075999999994": 62313,
    "0.07183519999999999": 7,
    "0.10726632399999998": 6,
    "0.14269744799999998": 5,
    "0.17812857199999996": 4,
    "0.21355969599999997": 4,
    "0.24899081999999997": 3,
    "0.284421944": 4,
    "0.31985306799999996": 2,
    "0.35528419199999994": 4
  },
  "latencyPercentiles": {
    "p10": 0.006743338,
    "p25": 0.007452269,
    "p50": 0.007745677,
    "p75": 0.008090114,
    "p90": 0.009226338,
    "p95": 0.010333532,
    "p99": 0.01162342
  },
  "rps": {
    "mean": 6235.94107435542,
    "stddev": 916.0751998944737,
    "max": 8530.246873754693,
    "percentiles": {
      "p10": 4868.125028460767,
      "p25": 6065.932439464157,
      "p50": 6386.364078709256,
      "p75": 6672.736160517639,
      "p90": 7112.128312411061,
      "p95": 7693.679004932073,
      "p99": 8095.2904736948285
    }
  },
  "details": {
    "DNSDialup": {
      "average": 0.0007612135800000001,
      "fastest": 0.000086373,
      "slowest": 0.001416889
    },
    "DNSLookup": {
      "average": 0.000007106960000000002,
      "fastest": 0.000003566,
      "slowest": 0.000035346
    }
  },
  "statusCodeDistribution": {
    "200": 62353
  },
  "errorDistribution": {}
}