{
  "summary": {
    "successRate": 1,
    "total": 10.000400815,
    "slowest": 0.0331884,
    "fastest": 0.005674697,
    "average": 0.007602401622815535,
    "requestsPerSec": 6568.9367071633715,
    "totalData": 853996,
    "sizePerRequest": 13,
    "sizePerSec": 85396.17719312383
  },
  "responseTimeHistogram": {
    "0.005674697": 1,
    "0.0084260673": 56898,
    "0.0111774376": 6433,
    "0.0139288079": 1859,
    "0.0166801782": 423,
    "0.0194315485": 27,
    "0.0221829188": 16,
    "0.0249342891": 4,
    "0.0276856594": 9,
    "0.0304370297": 9,
    "0.0331884": 13
  },
  "latencyPercentiles": {
    "p10": 0.006180852,
    "p25": 0.00690602,
    "p50": 0.007397922,
    "p75": 0.007769888,
    "p90": 0.008923298,
    "p95": 0.010395814,
    "p99": 0.013444385
  },
  "rps": {
    "mean": 6571.550317286639,
    "stddev": 1008.1731007905573,
    "max": 8385.016521008198,
    "percentiles": {
      "p10": 5099.19827345228,
      "p25": 6249.263569645836,
      "p50": 6697.587194213125,
      "p75": 6973.986323506965,
      "p90": 7888.247401328097,
      "p95": 7995.634990558357,
      "p99": 8146.962349769156
    }
  },
  "details": {
    "DNSDialup": {
      "average": 0.0009219879400000001,
      "fastest": 0.000116998,
      "slowest": 0.002305156
    },
    "DNSLookup": {
      "average": 0.000011934080000000002,
      "fastest": 0.000004739,
      "slowest": 0.000042159
    }
  },
  "statusCodeDistribution": {
    "200": 65692
  },
  "errorDistribution": {}
}