{
  "summary": {
    "successRate": 1,
    "total": 10.000369762,
    "slowest": 0.077381844,
    "fastest": 0.006028315,
    "average": 0.0077825236983731704,
    "requestsPerSec": 6416.962725102884,
    "totalData": 834236,
    "sizePerRequest": 13,
    "sizePerSec": 83420.51542633749
  },
  "responseTimeHistogram": {
    "0.006028315": 1,
    "0.0131636679": 63501,
    "0.0202990208": 614,
    "0.0274343737": 6,
    "0.0345697266": 0,
    "0.0417050795": 0,
    "0.0488404324": 0,
    "0.0559757853": 0,
    "0.0631111382": 10,
    "0.0702464911": 14,
    "0.077381844": 26
  },
  "latencyPercentiles": {
    "p10": 0.006239681,
    "p25": 0.007317569,
    "p50": 0.007453977,
    "p75": 0.007890916,
    "p90": 0.009281916,
    "p95": 0.010568525,
    "p99": 0.013271472
  },
  "rps": {
    "mean": 6446.298474626813,
    "stddev": 976.8838425620419,
    "max": 8096.8832566069195,
    "percentiles": {
      "p10": 4907.35170358707,
      "p25": 6164.2705338673195,
      "p50": 6668.907823871667,
      "p75": 6787.610402509615,
      "p90": 7787.368039509034,
      "p95": 7946.734747047972,
      "p99": 8038.377626301144
    }
  },
  "details": {
    "DNSDialup": {
      "average": 0.00091286686,
      "fastest": 0.000089807,
      "slowest": 0.002103545
    },
    "DNSLookup": {
      "average": 0.0000093177,
      "fastest": 0.000003767,
      "slowest": 0.000039574
    }
  },
  "statusCodeDistribution": {
    "200": 64172
  },
  "errorDistribution": {}
}