{
  "summary": {
    "successRate": 1,
    "total": 10.000652377,
    "slowest": 0.359575441,
    "fastest": 0.001299069,
    "average": 0.00803969721218823,
    "requestsPerSec": 6210.594835077328,
    "totalData": 807430,
    "sizePerRequest": 13,
    "sizePerSec": 80737.73285600526
  },
  "responseTimeHistogram": {
    "0.001299069": 1,
    "0.0371267062": 62070,
    "0.0729543434": 7,
    "0.1087819806": 6,
    "0.14460961779999998": 5,
    "0.18043725499999996": 4,
    "0.2162648922": 4,
    "0.2520925294": 3,
    "0.28792016659999997": 4,
    "0.32374780379999996": 3,
    "0.35957544099999994": 3
  },
  "latencyPercentiles": {
    "p10": 0.006579795,
    "p25": 0.007524435,
    "p50": 0.007759121,
    "p75": 0.008083168,
    "p90": 0.009376454,
    "p95": 0.010483857,
    "p99": 0.011806244
  },
  "rps": {
    "mean": 6210.885176949355,
    "stddev": 939.4553413781131,
    "max": 8062.499691357222,
    "percentiles": {
      "p10": 4771.593465515912,
      "p25": 6088.423390585981,
      "p50": 6389.072616982791,
      "p75": 6614.748242681752,
      "p90": 7128.286466355896,
      "p95": 7749.058514549808,
      "p99": 8010.742405565494
    }
  },
  "details": {
    "DNSDialup": {
      "average": 0.0007452561800000001,
      "fastest": 0.000083706,
      "slowest": 0.001509624
    },
    "DNSLookup": {
      "average": 0.000007409579999999997,
      "fastest": 0.000003015,
      "slowest": 0.000036348
    }
  },
  "statusCodeDistribution": {
    "200": 62110
  },
  "errorDistribution": {}
}