{
  "summary": {
    "successRate": 1,
    "total": 10.000399415,
    "slowest": 0.036694434,
    "fastest": 0.005938963,
    "average": 0.008005343040267383,
    "requestsPerSec": 6238.0508428922585,
    "totalData": 810979,
    "sizePerRequest": 13,
    "sizePerSec": 81094.66095759936
  },
  "responseTimeHistogram": {
    "0.005938963": 1,
    "0.009014510100000001": 53281,
    "0.0120900572": 7213,
    "0.015165604300000001": 1593,
    "0.018241151400000002": 222,
    "0.0213166985": 30,
    "0.0243922456": 11,
    "0.0274677927": 5,
    "0.0305433398": 10,
    "0.0336188869": 10,
    "0.036694434": 7
  },
  "latencyPercentiles": {
    "p10": 0.006422062,
    "p25": 0.007272969,
    "p50": 0.007694753,
    "p75": 0.008184614,
    "p90": 0.00978879,
    "p95": 0.011281742,
    "p99": 0.014334946
  },
  "rps": {
    "mean": 6239.417585617074,
    "stddev": 1018.9986307398688,
    "max": 7915.590547141698,
    "percentiles": {
      "p10": 4708.234784520472,
      "p25": 5928.484589909228,
      "p50": 6443.696640025014,
      "p75": 6618.498703877331,
      "p90": 7573.22322337945,
      "p95": 7697.920629576624,
      "p99": 7796.272268102511
    }
  },
  "details": {
    "DNSDialup": {
      "average": 0.0010800585399999996,
      "fastest": 0.000128668,
      "slowest": 0.002182155
    },
    "DNSLookup": {
      "average": 0.00003398862,
      "fastest": 0.000004518,
      "slowest": 0.001248023
    }
  },
  "statusCodeDistribution": {
    "200": 62383
  },
  "errorDistribution": {}
}