{
  "summary": {
    "successRate": 1,
    "total": 10.000583002,
    "slowest": 0.352289769,
    "fastest": 0.00135194,
    "average": 0.007925404407532019,
    "requestsPerSec": 6300.732666025424,
    "totalData": 819143,
    "sizePerRequest": 13,
    "sizePerSec": 81909.52465833051
  },
  "responseTimeHistogram": {
    "0.00135194": 1,
    "0.0364457229": 62971,
    "0.07153950579999999": 7,
    "0.10663328869999998": 6,
    "0.14172707159999998": 5,
    "0.17682085449999996": 4,
    "0.21191463739999997": 4,
    "0.24700842029999998": 4,
    "0.28210220319999996": 3,
    "0.31719598609999994": 3,
    "0.3522897689999999": 3
  },
  "latencyPercentiles": {
    "p10": 0.006362139,
    "p25": 0.007289392,
    "p50": 0.007543608,
    "p75": 0.008173945,
    "p90": 0.009295063,
    "p95": 0.010339323,
    "p99": 0.012237163
  },
  "rps": {
    "mean": 6300.11917239185,
    "stddev": 998.8807517049756,
    "max": 8410.143474043904,
    "percentiles": {
      "p10": 4945.325390803627,
      "p25": 5981.641632145197,
      "p50": 6543.0868814232945,
      "p75": 6795.358587522801,
      "p90": 7399.1238423787045,
      "p95": 7901.905149331394,
      "p99": 8136.742273410066
    }
  },
  "details": {
    "DNSDialup": {
      "average": 0.0008163121200000002,
      "fastest": 0.000078529,
      "slowest": 0.001808402
    },
    "DNSLookup": {
      "average": 0.000009293480000000002,
      "fastest": 0.000004017,
      "slowest": 0.000060614
    }
  },
  "statusCodeDistribution": {
    "200": 63011
  },
  "errorDistribution": {}
}