{
  "summary": {
    "successRate": 1,
    "total": 10.000232519,
    "slowest": 0.032798188,
    "fastest": 0.006098502,
    "average": 0.007878300305240869,
    "requestsPerSec": 6338.452618933549,
    "totalData": 824018,
    "sizePerRequest": 13,
    "sizePerSec": 82399.88404613614
  },
  "responseTimeHistogram": {
    "0.006098502": 1,
    "0.0087684706": 54861,
    "0.0114384392": 6427,
    "0.0141084078": 1413,
    "0.0167783764": 591,
    "0.019448345": 47,
    "0.0221183136": 13,
    "0.0247882822": 5,
    "0.0274582508": 8,
    "0.0301282194": 10,
    "0.032798188": 10
  },
  "latencyPercentiles": {
    "p10": 0.006358517,
    "p25": 0.007422048,
    "p50": 0.007591492,
    "p75": 0.008024767,
    "p90": 0.009254619,
    "p95": 0.010597291,
    "p99": 0.014211395
  },
  "rps": {
    "mean": 6338.950665865806,
    "stddev": 950.6360784071127,
    "max": 7978.286940604188,
    "percentiles": {
      "p10": 4966.279469167533,
      "p25": 6076.637950163754,
      "p50": 6542.295284785899,
      "p75": 6682.399329654874,
      "p90": 7558.173751732588,
      "p95": 7840.102910396505,
      "p99": 7942.560208879335
    }
  },
  "details": {
    "DNSDialup": {
      "average": 0.00118659846,
      "fastest": 0.000096036,
      "slowest": 0.00247505
    },
    "DNSLookup": {
      "average": 0.00001175686,
      "fastest": 0.000004498,
      "slowest": 0.000142847
    }
  },
  "statusCodeDistribution": {
    "200": 63386
  },
  "errorDistribution": {}
}