{
  "summary": {
    "successRate": 1,
    "total": 10.001078141,
    "slowest": 0.045771496,
    "fastest": 0.00127512,
    "average": 0.00909951991728449,
    "requestsPerSec": 5489.30817517947,
    "totalData": 713687,
    "sizePerRequest": 13,
    "sizePerSec": 71361.00627733312
  },
  "responseTimeHistogram": {
    "0.00127512": 1,
    "0.005724757600000001": 647,
    "0.0101743952": 44262,
    "0.0146240328": 6745,
    "0.019073670400000003": 2405,
    "0.023523308000000003": 678,
    "0.027972945600000004": 96,
    "0.0324225832": 27,
    "0.0368722208": 19,
    "0.0413218584": 12,
    "0.045771496": 7
  },
  "latencyPercentiles": {
    "p10": 0.007673819,
    "p25": 0.00779492,
    "p50": 0.008023625,
    "p75": 0.008884638,
    "p90": 0.012744498,
    "p95": 0.015314537,
    "p99": 0.019881585
  },
  "rps": {
    "mean": 5502.413346395374,
    "stddev": 1403.2880380864694,
    "max": 9743.305093820612,
    "percentiles": {
      "p10": 3127.2104838621954,
      "p25": 5241.906949296755,
      "p50": 6148.292997003824,
      "p75": 6360.775299756669,
      "p90": 6469.055223797477,
      "p95": 6511.294491424911,
      "p99": 6717.967203285027
    }
  },
  "details": {
    "DNSDialup": {
      "average": 0.00171003938,
      "fastest": 0.0001101,
      "slowest": 0.003608316
    },
    "DNSLookup": {
      "average": 0.000005780040000000003,
      "fastest": 0.0000042,
      "slowest": 0.000035501
    }
  },
  "statusCodeDistribution": {
    "200": 54899
  },
  "errorDistribution": {}
}