{
  "summary": {
    "successRate": 1,
    "total": 10.000219407,
    "slowest": 0.032336227,
    "fastest": 0.006004917,
    "average": 0.008001753286865945,
    "requestsPerSec": 6240.063088647791,
    "totalData": 811226,
    "sizePerRequest": 13,
    "sizePerSec": 81120.8201524213
  },
  "responseTimeHistogram": {
    "0.006004917": 1,
    "0.008638048": 51625,
    "0.011271179000000001": 8078,
    "0.013904310000000001": 2014,
    "0.016537441": 581,
    "0.019170572000000004": 45,
    "0.021803703": 20,
    "0.024436834000000004": 9,
    "0.027069965": 10,
    "0.029703096000000005": 9,
    "0.032336227": 10
  },
  "latencyPercentiles": {
    "p10": 0.006315364,
    "p25": 0.007349878,
    "p50": 0.007759071,
    "p75": 0.008307318,
    "p90": 0.009690111,
    "p95": 0.011001158,
    "p99": 0.01405816
  },
  "rps": {
    "mean": 6238.266097287028,
    "stddev": 995.9448409256796,
    "max": 7988.6702453888665,
    "percentiles": {
      "p10": 4944.274993713618,
      "p25": 5914.658890593951,
      "p50": 6324.652864399819,
      "p75": 6667.690392868147,
      "p90": 7688.624467651422,
      "p95": 7837.9363959501425,
      "p99": 7957.645181696606
    }
  },
  "details": {
    "DNSDialup": {
      "average": 0.00117094494,
      "fastest": 0.000306433,
      "slowest": 0.001714413
    },
    "DNSLookup": {
      "average": 0.000010464940000000001,
      "fastest": 0.00000522,
      "slowest": 0.000036769
    }
  },
  "statusCodeDistribution": {
    "200": 62402
  },
  "errorDistribution": {}
}