{
  "summary": {
    "successRate": 1,
    "total": 10.001509102,
    "slowest": 0.036832578,
    "fastest": 0.00074931,
    "average": 0.007430050950076594,
    "requestsPerSec": 6723.285387657492,
    "totalData": 874159,
    "sizePerRequest": 13,
    "sizePerSec": 87402.7100395474
  },
  "responseTimeHistogram": {
    "0.00074931": 1,
    "0.0043576368": 112,
    "0.007965963599999999": 56307,
    "0.0115742904": 6913,
    "0.015182617199999998": 2740,
    "0.018790943999999997": 852,
    "0.0223992708": 243,
    "0.026007597599999998": 37,
    "0.029615924399999997": 13,
    "0.0332242512": 13,
    "0.036832578": 12
  },
  "latencyPercentiles": {
    "p10": 0.006447566,
    "p25": 0.006530667,
    "p50": 0.006636668,
    "p75": 0.006929671,
    "p90": 0.010125904,
    "p95": 0.011880022,
    "p99": 0.016843519
  },
  "rps": {
    "mean": 6854.290724610833,
    "stddev": 4126.493948160885,
    "max": 126027.51000505249,
    "percentiles": {
      "p10": 4178.332026160848,
      "p25": 6536.651659520046,
      "p50": 7486.013547054252,
      "p75": 7627.380771493782,
      "p90": 7737.136708774507,
      "p95": 7781.077268927498,
      "p99": 7871.791166771904
    }
  },
  "details": {
    "DNSDialup": {
      "average": 0.0016352672600000006,
      "fastest": 0.000086301,
      "slowest": 0.001828524
    },
    "DNSLookup": {
      "average": 0.000004946100000000001,
      "fastest": 0.0000039,
      "slowest": 0.000036501
    }
  },
  "statusCodeDistribution": {
    "200": 67243
  },
  "errorDistribution": {}
}