{
  "summary": {
    "successRate": 1,
    "total": 10.00075349,
    "slowest": 0.349982353,
    "fastest": 0.001325712,
    "average": 0.0077555012424100865,
    "requestsPerSec": 6439.014826671825,
    "totalData": 837135,
    "sizePerRequest": 13,
    "sizePerSec": 83707.19274673374
  },
  "responseTimeHistogram": {
    "0.001325712": 1,
    "0.036191376100000006": 64355,
    "0.07105704020000002": 7,
    "0.10592270430000003": 6,
    "0.14078836840000003": 4,
    "0.17565403250000003": 5,
    "0.21051969660000006": 3,
    "0.24538536070000005": 4,
    "0.2802510248": 4,
    "0.31511668890000005": 3,
    "0.349982353": 3
  },
  "latencyPercentiles": {
    "p10": 0.006683913,
    "p25": 0.007171053,
    "p50": 0.007326265,
    "p75": 0.007996466,
    "p90": 0.009073533,
    "p95": 0.009939735,
    "p99": 0.011741302
  },
  "rps": {
    "mean": 6437.332329794968,
    "stddev": 954.4183232968462,
    "max": 8384.134792644623,
    "percentiles": {
      "p10": 5195.918335959516,
      "p25": 6095.9762695841955,
      "p50": 6773.305452925304,
      "p75": 6933.785563536844,
      "p90": 7174.375314005023,
      "p95": 7759.607754851322,
      "p99": 8216.409813680086
    }
  },
  "details": {
    "DNSDialup": {
      "average": 0.00092478152,
      "fastest": 0.000162593,
      "slowest": 0.001429719
    },
    "DNSLookup": {
      "average": 0.00000814684,
      "fastest": 0.000004338,
      "slowest": 0.000050083
    }
  },
  "statusCodeDistribution": {
    "200": 64395
  },
  "errorDistribution": {}
}