{
  "summary": {
    "successRate": 1,
    "total": 10.000646752,
    "slowest": 0.038390395,
    "fastest": 0.000576514,
    "average": 0.007686106154412917,
    "requestsPerSec": 6499.67963191987,
    "totalData": 845013,
    "sizePerRequest": 13,
    "sizePerSec": 84495.83521495831
  },
  "responseTimeHistogram": {
    "0.000576514": 1,
    "0.0043579021": 161,
    "0.0081392902": 54476,
    "0.011920678300000001": 7489,
    "0.0157020664": 2210,
    "0.0194834545": 504,
    "0.023264842600000002": 101,
    "0.0270462307": 24,
    "0.0308276188": 11,
    "0.0346090069": 11,
    "0.038390395": 13
  },
  "latencyPercentiles": {
    "p10": 0.00684896,
    "p25": 0.006909861,
    "p50": 0.007030264,
    "p75": 0.00731317,
    "p90": 0.009979033,
    "p95": 0.011513669,
    "p99": 0.015743268
  },
  "rps": {
    "mean": 6496.849375236892,
    "stddev": 1230.338630472669,
    "max": 9690.185588251343,
    "percentiles": {
      "p10": 4515.745501414312,
      "p25": 6553.201468976843,
      "p50": 7078.83629189867,
      "p75": 7208.265718299478,
      "p90": 7285.583015120542,
      "p95": 7309.624582687923,
      "p99": 7352.918217117217
    }
  },
  "details": {
    "DNSDialup": {
      "average": 0.00142062912,
      "fastest": 0.000075302,
      "slowest": 0.001586937
    },
    "DNSLookup": {
      "average": 0.000004562080000000001,
      "fastest": 0.0000033,
      "slowest": 0.000049401
    }
  },
  "statusCodeDistribution": {
    "200": 65001
  },
  "errorDistribution": {}
}