{
  "summary": {
    "successRate": 1,
    "total": 10.00021661,
    "slowest": 0.081970315,
    "fastest": 0.005973459,
    "average": 0.008042410125499258,
    "requestsPerSec": 6209.465496767874,
    "totalData": 807248,
    "sizePerRequest": 13,
    "sizePerSec": 80723.05145798236
  },
  "responseTimeHistogram": {
    "0.005973459": 1,
    "0.0135731446": 61569,
    "0.0211728302": 472,
    "0.028772515800000002": 4,
    "0.0363722014": 0,
    "0.043971887": 0,
    "0.051571572600000004": 0,
    "0.0591712582": 0,
    "0.06677094380000001": 9,
    "0.0743706294": 14,
    "0.081970315": 27
  },
  "latencyPercentiles": {
    "p10": 0.006381528,
    "p25": 0.007409234,
    "p50": 0.00776989,
    "p75": 0.008221509,
    "p90": 0.009484406,
    "p95": 0.010759638,
    "p99": 0.013254683
  },
  "rps": {
    "mean": 6241.26542236007,
    "stddev": 933.5549992731344,
    "max": 8077.316884955456,
    "percentiles": {
      "p10": 4947.7127733585085,
      "p25": 5961.223554269296,
      "p50": 6332.62505100003,
      "p75": 6652.608830632122,
      "p90": 7483.233764188847,
      "p95": 7805.7965845437,
      "p99": 8037.754134947214
    }
  },
  "details": {
    "DNSDialup": {
      "average": 0.0010232930000000002,
      "fastest": 0.000181691,
      "slowest": 0.001674097
    },
    "DNSLookup": {
      "average": 0.000008533,
      "fastest": 0.000004899,
      "slowest": 0.000031279
    }
  },
  "statusCodeDistribution": {
    "200": 62096
  },
  "errorDistribution": {}
}