{
  "summary": {
    "successRate": 1,
    "total": 10.000900943,
    "slowest": 0.050869316,
    "fastest": 0.003560093,
    "average": 0.013013337863195789,
    "requestsPerSec": 3837.254285261248,
    "totalData": 498888,
    "sizePerRequest": 13,
    "sizePerSec": 49884.30570839622
  },
  "responseTimeHistogram": {
    "0.003560093": 1,
    "0.0082910153": 210,
    "0.0130219376": 25729,
    "0.0177528599": 9406,
    "0.0224837822": 2376,
    "0.0272147045": 425,
    "0.0319456268": 171,
    "0.0366765491": 22,
    "0.0414074714": 11,
    "0.0461383937": 13,
    "0.050869316": 12
  },
  "latencyPercentiles": {
    "p10": 0.010516983,
    "p25": 0.011083476,
    "p50": 0.01192178,
    "p75": 0.01398177,
    "p90": 0.017212271,
    "p95": 0.018861059,
    "p99": 0.024329459
  },
  "rps": {
    "mean": 3849.2461425734286,
    "stddev": 932.1850024023562,
    "max": 9761.945982172105,
    "percentiles": {
      "p10": 2695.82216308186,
      "p25": 3324.709908985825,
      "p50": 4113.912016265421,
      "p75": 4453.901562094721,
      "p90": 4705.844321053693,
      "p95": 4840.964727621308,
      "p99": 5142.902607844682
    }
  },
  "details": {
    "DNSDialup": {
      "average": 0.0022723522,
      "fastest": 0.0000771,
      "slowest": 0.004415292
    },
    "DNSLookup": {
      "average": 0.000007122000000000001,
      "fastest": 0.0000046,
      "slowest": 0.0000435
    }
  },
  "statusCodeDistribution": {
    "200": 38376
  },
  "errorDistribution": {}
}