{
  "summary": {
    "successRate": 1,
    "total": 10.000790735,
    "slowest": 0.036956196,
    "fastest": 0.000781315,
    "average": 0.007816483167190934,
    "requestsPerSec": 6389.794736565897,
    "totalData": 830739,
    "sizePerRequest": 13,
    "sizePerSec": 83067.33157535667
  },
  "responseTimeHistogram": {
    "0.000781315": 1,
    "0.0043988031": 136,
    "0.0080162912": 49636,
    "0.0116337793": 10305,
    "0.015251267399999999": 2715,
    "0.0188687555": 835,
    "0.0224862436": 183,
    "0.0261037317": 55,
    "0.0297212198": 11,
    "0.03333870789999999": 13,
    "0.036956196": 13
  },
  "latencyPercentiles": {
    "p10": 0.006640918,
    "p25": 0.006697019,
    "p50": 0.006792628,
    "p75": 0.007322938,
    "p90": 0.011192911,
    "p95": 0.011936313,
    "p99": 0.016399893
  },
  "rps": {
    "mean": 6381.796230069319,
    "stddev": 1531.4107213268617,
    "max": 11693.563711323455,
    "percentiles": {
      "p10": 4280.832389511944,
      "p25": 5007.221414724207,
      "p50": 7281.931928905044,
      "p75": 7430.324640923997,
      "p90": 7511.95979118381,
      "p95": 7539.372866923065,
      "p99": 7573.862580038792
    }
  },
  "details": {
    "DNSDialup": {
      "average": 0.0014189707999999997,
      "fastest": 0.000067601,
      "slowest": 0.001651731
    },
    "DNSLookup": {
      "average": 0.00000544208,
      "fastest": 0.0000034,
      "slowest": 0.000079701
    }
  },
  "statusCodeDistribution": {
    "200": 63903
  },
  "errorDistribution": {}
}