{
  "summary": {
    "successRate": 1,
    "total": 10.000599572,
    "slowest": 0.349295535,
    "fastest": 0.001360132,
    "average": 0.007854950336075153,
    "requestsPerSec": 6357.7188089818255,
    "totalData": 826553,
    "sizePerRequest": 13,
    "sizePerSec": 82650.34451676374
  },
  "responseTimeHistogram": {
    "0.001360132": 1,
    "0.036153672299999995": 63540,
    "0.07094721259999999": 8,
    "0.10574075289999998": 6,
    "0.1405342932": 5,
    "0.17532783349999997": 4,
    "0.21012137379999996": 4,
    "0.2449149141": 3,
    "0.2797084544": 4,
    "0.31450199469999995": 2,
    "0.34929553499999993": 4
  },
  "latencyPercentiles": {
    "p10": 0.006865805,
    "p25": 0.007247375,
    "p50": 0.007443965,
    "p75": 0.008019215,
    "p90": 0.009023905,
    "p95": 0.010058823,
    "p99": 0.011711838
  },
  "rps": {
    "mean": 6355.673328215673,
    "stddev": 935.5533244269883,
    "max": 8447.238647967,
    "percentiles": {
      "p10": 5100.024480116921,
      "p25": 6067.2868175354115,
      "p50": 6639.115677839002,
      "p75": 6860.074357153101,
      "p90": 7043.925922049885,
      "p95": 7719.432900383345,
      "p99": 8230.978109211692
    }
  },
  "details": {
    "DNSDialup": {
      "average": 0.0005930945799999999,
      "fastest": 0.00009097,
      "slowest": 0.000907405
    },
    "DNSLookup": {
      "average": 0.00000925184,
      "fastest": 0.000004108,
      "slowest": 0.000045575
    }
  },
  "statusCodeDistribution": {
    "200": 63581
  },
  "errorDistribution": {}
}