{
  "summary": {
    "successRate": 1,
    "total": 10.000732198,
    "slowest": 0.30089579,
    "fastest": 0.001231818,
    "average": 0.005647070587460527,
    "requestsPerSec": 8845.052367034696,
    "totalData": 1149941,
    "sizePerRequest": 13,
    "sizePerSec": 114985.68077145105
  },
  "responseTimeHistogram": {
    "0.001231818": 1,
    "0.0311982152": 88416,
    "0.061164612400000005": 8,
    "0.09113100960000001": 5,
    "0.1210974068": 5,
    "0.151063804": 4,
    "0.18103020120000002": 4,
    "0.2109965984": 4,
    "0.2409629956": 3,
    "0.2709293928": 3,
    "0.30089579": 4
  },
  "latencyPercentiles": {
    "p10": 0.004352616,
    "p25": 0.005336553,
    "p50": 0.005464311,
    "p75": 0.005630226,
    "p90": 0.007005565,
    "p95": 0.007743355,
    "p99": 0.009174403
  },
  "rps": {
    "mean": 8836.304045126208,
    "stddev": 1526.9114911551155,
    "max": 12038.64546826533,
    "percentiles": {
      "p10": 6966.335536882838,
      "p25": 8569.974700426937,
      "p50": 9102.082556488831,
      "p75": 9267.797646906032,
      "p90": 10666.341443878824,
      "p95": 11510.768323766604,
      "p99": 11794.756716508899
    }
  },
  "details": {
    "DNSDialup": {
      "average": 0.0005457464399999999,
      "fastest": 0.000074338,
      "slowest": 0.001061537
    },
    "DNSLookup": {
      "average": 0.00000558306,
      "fastest": 0.000002963,
      "slowest": 0.000033661
    }
  },
  "statusCodeDistribution": {
    "200": 88457
  },
  "errorDistribution": {}
}