{
  "summary": {
    "successRate": 1,
    "total": 10.000705592,
    "slowest": 0.329918989,
    "fastest": 0.001202131,
    "average": 0.0066368067218516465,
    "requestsPerSec": 7523.869121813861,
    "totalData": 978172,
    "sizePerRequest": 13,
    "sizePerSec": 97810.2985835802
  },
  "responseTimeHistogram": {
    "0.001202131": 1,
    "0.034073816800000004": 75204,
    "0.0669455026": 8,
    "0.0998171884": 4,
    "0.1326888742": 5,
    "0.16556056": 5,
    "0.19843224580000002": 4,
    "0.2313039316": 3,
    "0.2641756174": 3,
    "0.2970473032": 4,
    "0.329918989": 3
  },
  "latencyPercentiles": {
    "p10": 0.004793886,
    "p25": 0.006311486,
    "p50": 0.006544689,
    "p75": 0.006700233,
    "p90": 0.008293936,
    "p95": 0.00886073,
    "p99": 0.011161729
  },
  "rps": {
    "mean": 7521.053854355322,
    "stddev": 1502.8114688269625,
    "max": 10774.682557208065,
    "percentiles": {
      "p10": 5830.253793279689,
      "p25": 7003.128998036303,
      "p50": 7605.958507895109,
      "p75": 7727.979148507861,
      "p90": 10080.490702157396,
      "p95": 10461.891503948522,
      "p99": 10627.734134998953
    }
  },
  "details": {
    "DNSDialup": {
      "average": 0.00064784596,
      "fastest": 0.000064345,
      "slowest": 0.001478232
    },
    "DNSLookup": {
      "average": 0.0000048931799999999995,
      "fastest": 0.000002935,
      "slowest": 0.000033129
    }
  },
  "statusCodeDistribution": {
    "200": 75244
  },
  "errorDistribution": {}
}