{
  "summary": {
    "successRate": 1,
    "total": 10.000726259,
    "slowest": 0.351837134,
    "fastest": 0.001266069,
    "average": 0.007519192518156579,
    "requestsPerSec": 6641.7176392789015,
    "totalData": 863486,
    "sizePerRequest": 13,
    "sizePerSec": 86342.32931062572
  },
  "responseTimeHistogram": {
    "0.001266069": 1,
    "0.036323175500000006": 66383,
    "0.071380282": 7,
    "0.10643738850000001": 5,
    "0.14149449500000003": 5,
    "0.17655160150000002": 4,
    "0.21160870800000003": 4,
    "0.24666581450000005": 3,
    "0.281722921": 4,
    "0.3167800275": 3,
    "0.351837134": 3
  },
  "latencyPercentiles": {
    "p10": 0.00637524,
    "p25": 0.007135217,
    "p50": 0.00723905,
    "p75": 0.00743791,
    "p90": 0.008636094,
    "p95": 0.009504868,
    "p99": 0.011388785
  },
  "rps": {
    "mean": 6639.5901657823415,
    "stddev": 938.8213890908912,
    "max": 8484.815059819724,
    "percentiles": {
      "p10": 5366.379973722932,
      "p25": 6505.211324792016,
      "p50": 6891.884674039551,
      "p75": 6995.06857803034,
      "p90": 7418.039187696404,
      "p95": 8161.188510860331,
      "p99": 8395.675438158365
    }
  },
  "details": {
    "DNSDialup": {
      "average": 0.0006965480399999999,
      "fastest": 0.000073237,
      "slowest": 0.001544849
    },
    "DNSLookup": {
      "average": 0.000006946439999999999,
      "fastest": 0.000003396,
      "slowest": 0.000031959
    }
  },
  "statusCodeDistribution": {
    "200": 66422
  },
  "errorDistribution": {}
}