{
  "summary": {
    "successRate": 1,
    "total": 10.000737375,
    "slowest": 0.033767182,
    "fastest": 0.000210498,
    "average": 0.006201408742043991,
    "requestsPerSec": 8056.205955513356,
    "totalData": 1047384,
    "sizePerRequest": 13,
    "sizePerSec": 104730.67742167362
  },
  "responseTimeHistogram": {
    "0.000210498": 1,
    "0.0035661663999999997": 380,
    "0.006921834799999999": 68149,
    "0.0102775032": 10017,
    "0.013633171599999999": 1573,
    "0.016988839999999998": 277,
    "0.0203445084": 69,
    "0.023700176799999997": 36,
    "0.027055845199999998": 39,
    "0.0304115136": 13,
    "0.033767182": 14
  },
  "latencyPercentiles": {
    "p10": 0.005595031,
    "p25": 0.005629431,
    "p50": 0.005682929,
    "p75": 0.005817527,
    "p90": 0.008207698,
    "p95": 0.008888589,
    "p99": 0.012476145
  },
  "rps": {
    "mean": 8056.468537346443,
    "stddev": 1395.3597244090267,
    "max": 10894.149418101077,
    "percentiles": {
      "p10": 5862.448560804593,
      "p25": 7786.210479672904,
      "p50": 8768.503053253287,
      "p75": 8861.162401241889,
      "p90": 8914.461931591646,
      "p95": 8937.739605484005,
      "p99": 8974.147095547689
    }
  },
  "details": {
    "DNSDialup": {
      "average": 0.0013319515200000001,
      "fastest": 0.000069399,
      "slowest": 0.001527981
    },
    "DNSLookup": {
      "average": 0.00000452794,
      "fastest": 0.000003099,
      "slowest": 0.000054099
    }
  },
  "statusCodeDistribution": {
    "200": 80568
  },
  "errorDistribution": {}
}