{
  "summary": {
    "successRate": 1,
    "total": 10.000611973,
    "slowest": 0.384357568,
    "fastest": 0.001428182,
    "average": 0.00866660677127048,
    "requestsPerSec": 5765.84714572247,
    "totalData": 749606,
    "sizePerRequest": 13,
    "sizePerSec": 74956.0128943921
  },
  "responseTimeHistogram": {
    "0.001428182": 1,
    "0.0397211206": 57622,
    "0.0780140592": 7,
    "0.1163069978": 6,
    "0.1545999364": 5,
    "0.192892875": 4,
    "0.2311858136": 4,
    "0.2694787522": 3,
    "0.3077716908": 4,
    "0.3460646294": 3,
    "0.384357568": 3
  },
  "latencyPercentiles": {
    "p10": 0.006489317,
    "p25": 0.008134772,
    "p50": 0.00849873,
    "p75": 0.00893894,
    "p90": 0.009908807,
    "p95": 0.011040672,
    "p99": 0.012632538
  },
  "rps": {
    "mean": 5765.7563559143,
    "stddev": 951.6075312632681,
    "max": 8152.832802410268,
    "percentiles": {
      "p10": 4601.493184538602,
      "p25": 5542.178751387425,
      "p50": 5814.521185208069,
      "p75": 6072.301067115396,
      "p90": 6607.424834443318,
      "p95": 7832.655122471139,
      "p99": 8054.08397933093
    }
  },
  "details": {
    "DNSDialup": {
      "average": 0.0006910965599999999,
      "fastest": 0.00011762,
      "slowest": 0.00108215
    },
    "DNSLookup": {
      "average": 0.0000063530800000000005,
      "fastest": 0.000003316,
      "slowest": 0.000035696
    }
  },
  "statusCodeDistribution": {
    "200": 57662
  },
  "errorDistribution": {}
}