{
  "summary": {
    "successRate": 1,
    "total": 10.001640184,
    "slowest": 0.045959268,
    "fastest": 0.001960306,
    "average": 0.008071587867836297,
    "requestsPerSec": 6188.285007394344,
    "totalData": 804609,
    "sizePerRequest": 13,
    "sizePerSec": 80447.70509612646
  },
  "responseTimeHistogram": {
    "0.001960306": 1,
    "0.0063602022": 719,
    "0.0107600984": 54732,
    "0.015159994599999999": 4641,
    "0.0195598908": 1420,
    "0.023959786999999996": 252,
    "0.0283596832": 72,
    "0.032759579399999995": 22,
    "0.0371594756": 9,
    "0.0415593718": 11,
    "0.045959268": 14
  },
  "latencyPercentiles": {
    "p10": 0.006836862,
    "p25": 0.007097575,
    "p50": 0.007347689,
    "p75": 0.007628004,
    "p90": 0.010886185,
    "p95": 0.012762675,
    "p99": 0.018496594
  },
  "rps": {
    "mean": 6178.276274501751,
    "stddev": 1465.7837074599151,
    "max": 9202.766371797248,
    "percentiles": {
      "p10": 3700.9919275197617,
      "p25": 6307.356269617246,
      "p50": 6761.308844075365,
      "p75": 6996.105501271129,
      "p90": 7240.746577288764,
      "p95": 7403.184099339997,
      "p99": 7704.065489421794
    }
  },
  "details": {
    "DNSDialup": {
      "average": 0.0014771733799999994,
      "fastest": 0.000065203,
      "slowest": 0.003006862
    },
    "DNSLookup": {
      "average": 0.000006324480000000002,
      "fastest": 0.0000031,
      "slowest": 0.000106706
    }
  },
  "statusCodeDistribution": {
    "200": 61893
  },
  "errorDistribution": {}
}