{
  "summary": {
    "successRate": 1,
    "total": 10.000663583,
    "slowest": 0.036567781,
    "fastest": 0.000428708,
    "average": 0.007728728009173534,
    "requestsPerSec": 6463.7710751398645,
    "totalData": 840346,
    "sizePerRequest": 13,
    "sizePerSec": 84029.02397681824
  },
  "responseTimeHistogram": {
    "0.000428708": 1,
    "0.0040426153": 317,
    "0.0076565226": 51636,
    "0.0112704299": 6178,
    "0.0148843372": 5264,
    "0.0184982445": 972,
    "0.0221121518": 145,
    "0.0257260591": 91,
    "0.0293399664": 11,
    "0.0329538737": 14,
    "0.036567781": 13
  },
  "latencyPercentiles": {
    "p10": 0.006626723,
    "p25": 0.006750726,
    "p50": 0.006903428,
    "p75": 0.007168633,
    "p90": 0.011290511,
    "p95": 0.012058925,
    "p99": 0.016700411
  },
  "rps": {
    "mean": 6472.398366767127,
    "stddev": 1534.683795627031,
    "max": 11959.216058312659,
    "percentiles": {
      "p10": 4241.317215789431,
      "p25": 5818.861256877964,
      "p50": 7185.519175013635,
      "p75": 7364.524279474104,
      "p90": 7520.3153799673055,
      "p95": 7576.763984306993,
      "p99": 7648.810886673359
    }
  },
  "details": {
    "DNSDialup": {
      "average": 0.00158451548,
      "fastest": 0.000082201,
      "slowest": 0.001711231
    },
    "DNSLookup": {
      "average": 0.00000497814,
      "fastest": 0.0000039,
      "slowest": 0.0000448
    }
  },
  "statusCodeDistribution": {
    "200": 64642
  },
  "errorDistribution": {}
}