{
  "summary": {
    "successRate": 1,
    "total": 10.000637956,
    "slowest": 0.358957184,
    "fastest": 0.0014524,
    "average": 0.007906949680913409,
    "requestsPerSec": 6314.497162864796,
    "totalData": 820937,
    "sizePerRequest": 13,
    "sizePerSec": 82088.46311724235
  },
  "responseTimeHistogram": {
    "0.0014524": 1,
    "0.03720287839999999": 63109,
    "0.0729533568": 7,
    "0.10870383519999999": 6,
    "0.14445431359999997": 5,
    "0.18020479199999997": 4,
    "0.21595527039999995": 4,
    "0.25170574879999996": 3,
    "0.28745622719999997": 4,
    "0.3232067056": 2,
    "0.358957184": 4
  },
  "latencyPercentiles": {
    "p10": 0.006509875,
    "p25": 0.007465969,
    "p50": 0.007624936,
    "p75": 0.007892595,
    "p90": 0.009188042,
    "p95": 0.010058676,
    "p99": 0.012013411
  },
  "rps": {
    "mean": 6312.495721272611,
    "stddev": 933.8632202842308,
    "max": 8218.560960415038,
    "percentiles": {
      "p10": 5018.570215367632,
      "p25": 6162.071158991681,
      "p50": 6524.22182595091,
      "p75": 6658.262459828414,
      "p90": 7188.858605680772,
      "p95": 7816.714480573967,
      "p99": 8016.740557632129
    }
  },
  "details": {
    "DNSDialup": {
      "average": 0.00079330228,
      "fastest": 0.000277175,
      "slowest": 0.001266723
    },
    "DNSLookup": {
      "average": 0.000010108220000000002,
      "fastest": 0.000003186,
      "slowest": 0.000181188
    }
  },
  "statusCodeDistribution": {
    "200": 63149
  },
  "errorDistribution": {}
}