{
  "summary": {
    "successRate": 1,
    "total": 10.001808962,
    "slowest": 0.053651188,
    "fastest": 0.004640916,
    "average": 0.012550227009402917,
    "requestsPerSec": 3976.780615498423,
    "totalData": 517075,
    "sizePerRequest": 13,
    "sizePerSec": 51698.148001479494
  },
  "responseTimeHistogram": {
    "0.004640916": 1,
    "0.0095419432": 267,
    "0.0144429704": 31068,
    "0.0193439976": 6292,
    "0.0242450248": 1631,
    "0.029146052": 381,
    "0.0340470792": 53,
    "0.0389481064": 45,
    "0.0438491336": 12,
    "0.0487501608": 12,
    "0.053651187999999995": 13
  },
  "latencyPercentiles": {
    "p10": 0.010384635,
    "p25": 0.010639835,
    "p50": 0.011079238,
    "p75": 0.013153746,
    "p90": 0.016642556,
    "p95": 0.019754969,
    "p99": 0.024924884
  },
  "rps": {
    "mean": 3989.471523105581,
    "stddev": 1056.9365455551574,
    "max": 13191.14534946297,
    "percentiles": {
      "p10": 2530.1507949633574,
      "p25": 3213.550578725428,
      "p50": 4435.468221634326,
      "p75": 4672.121198886604,
      "p90": 4778.543485711699,
      "p95": 4849.93836031438,
      "p99": 5072.365922912745
    }
  },
  "details": {
    "DNSDialup": {
      "average": 0.0020851312399999995,
      "fastest": 0.000097601,
      "slowest": 0.002421708
    },
    "DNSLookup": {
      "average": 0.0000065480199999999995,
      "fastest": 0.0000055,
      "slowest": 0.0000379
    }
  },
  "statusCodeDistribution": {
    "200": 39775
  },
  "errorDistribution": {}
}