{
  "summary": {
    "successRate": 1,
    "total": 10.000746518,
    "slowest": 0.295850184,
    "fastest": 0.001239273,
    "average": 0.005601128354565652,
    "requestsPerSec": 8918.134245225952,
    "totalData": 1159444,
    "sizePerRequest": 13,
    "sizePerSec": 115935.74518793738
  },
  "responseTimeHistogram": {
    "0.001239273": 1,
    "0.030700364100000002": 89147,
    "0.060161455200000005": 8,
    "0.08962254630000001": 6,
    "0.11908363740000001": 4,
    "0.14854472850000003": 4,
    "0.17800581960000003": 4,
    "0.20746691070000003": 4,
    "0.23692800180000004": 3,
    "0.2663890929": 3,
    "0.295850184": 4
  },
  "latencyPercentiles": {
    "p10": 0.004341788,
    "p25": 0.005154509,
    "p50": 0.005504284,
    "p75": 0.005628439,
    "p90": 0.006917041,
    "p95": 0.007797905,
    "p99": 0.008994111
  },
  "rps": {
    "mean": 8912.079689857866,
    "stddev": 1553.0794692869806,
    "max": 12016.547988234715,
    "percentiles": {
      "p10": 6854.404090708352,
      "p25": 8655.824876961731,
      "p50": 9034.6451537708,
      "p75": 9432.595276236047,
      "p90": 11188.214596810085,
      "p95": 11553.836255415736,
      "p99": 11794.111109598764
    }
  },
  "details": {
    "DNSDialup": {
      "average": 0.00054905664,
      "fastest": 0.000081637,
      "slowest": 0.000742253
    },
    "DNSLookup": {
      "average": 0.00000506432,
      "fastest": 0.000003049,
      "slowest": 0.000029995
    }
  },
  "statusCodeDistribution": {
    "200": 89188
  },
  "errorDistribution": {}
}