{
  "summary": {
    "successRate": 1,
    "total": 10.000617853,
    "slowest": 0.35078284,
    "fastest": 0.001333047,
    "average": 0.007657521254020803,
    "requestsPerSec": 6521.897042634652,
    "totalData": 847899,
    "sizePerRequest": 13,
    "sizePerSec": 84784.66155425047
  },
  "responseTimeHistogram": {
    "0.001333047": 1,
    "0.036278026299999995": 65183,
    "0.0712230056": 7,
    "0.1061679849": 6,
    "0.1411129642": 5,
    "0.1760579435": 4,
    "0.2110029228": 4,
    "0.24594790209999998": 3,
    "0.28089288139999996": 4,
    "0.3158378607": 3,
    "0.35078284": 3
  },
  "latencyPercentiles": {
    "p10": 0.006631664,
    "p25": 0.007187472,
    "p50": 0.007358832,
    "p75": 0.007742804,
    "p90": 0.008681039,
    "p95": 0.009609727,
    "p99": 0.011355422
  },
  "rps": {
    "mean": 6520.583749400144,
    "stddev": 915.7320165858973,
    "max": 8525.39117252971,
    "percentiles": {
      "p10": 5365.8958844086865,
      "p25": 6333.851904890387,
      "p50": 6726.102659199518,
      "p75": 6922.746066751594,
      "p90": 7114.130798003838,
      "p95": 8002.6584831482505,
      "p99": 8365.924063598311
    }
  },
  "details": {
    "DNSDialup": {
      "average": 0.0006724728399999999,
      "fastest": 0.000102559,
      "slowest": 0.000997509
    },
    "DNSLookup": {
      "average": 0.00000760528,
      "fastest": 0.000003387,
      "slowest": 0.000036529
    }
  },
  "statusCodeDistribution": {
    "200": 65223
  },
  "errorDistribution": {}
}