{
  "summary": {
    "successRate": 1,
    "total": 10.000725859,
    "slowest": 0.349854781,
    "fastest": 0.001356216,
    "average": 0.007678566699913949,
    "requestsPerSec": 6504.327877507117,
    "totalData": 845624,
    "sizePerRequest": 13,
    "sizePerSec": 84556.26240759251
  },
  "responseTimeHistogram": {
    "0.001356216": 1,
    "0.0362060725": 65008,
    "0.07105592899999999": 8,
    "0.10590578549999999": 5,
    "0.140755642": 5,
    "0.17560549849999998": 4,
    "0.21045535499999998": 4,
    "0.24530521149999998": 3,
    "0.280155068": 4,
    "0.3150049245": 2,
    "0.349854781": 4
  },
  "latencyPercentiles": {
    "p10": 0.006376547,
    "p25": 0.007259311,
    "p50": 0.007442206,
    "p75": 0.007679234,
    "p90": 0.008821078,
    "p95": 0.009890714,
    "p99": 0.011238786
  },
  "rps": {
    "mean": 6503.266803937479,
    "stddev": 929.4814572550795,
    "max": 8264.218764755447,
    "percentiles": {
      "p10": 5145.836019762496,
      "p25": 6387.146223067322,
      "p50": 6686.480261104934,
      "p75": 6845.646772680216,
      "p90": 7528.634408107721,
      "p95": 7900.076630743512,
      "p99": 8135.605477371915
    }
  },
  "details": {
    "DNSDialup": {
      "average": 0.0007455599599999999,
      "fastest": 0.000091253,
      "slowest": 0.001067303
    },
    "DNSLookup": {
      "average": 0.000009234719999999998,
      "fastest": 0.000003247,
      "slowest": 0.000170975
    }
  },
  "statusCodeDistribution": {
    "200": 65048
  },
  "errorDistribution": {}
}