{
  "summary": {
    "successRate": 1,
    "total": 10.000701389,
    "slowest": 0.076007288,
    "fastest": 0.001121208,
    "average": 0.01257899344028012,
    "requestsPerSec": 3969.9215540691116,
    "totalData": 516126,
    "sizePerRequest": 13,
    "sizePerSec": 51608.98020289845
  },
  "responseTimeHistogram": {
    "0.001121208": 1,
    "0.008609816000000001": 464,
    "0.016098424": 34578,
    "0.023587032": 4045,
    "0.03107564": 509,
    "0.038564248": 48,
    "0.046052856": 5,
    "0.053541464000000004": 8,
    "0.061030072000000005": 9,
    "0.06851868000000001": 16,
    "0.076007288": 19
  },
  "latencyPercentiles": {
    "p10": 0.010665968,
    "p25": 0.010955869,
    "p50": 0.011371272,
    "p75": 0.01261888,
    "p90": 0.016648407,
    "p95": 0.019299322,
    "p99": 0.025551364
  },
  "rps": {
    "mean": 3990.084147092803,
    "stddev": 951.8690800790434,
    "max": 11289.729479648875,
    "percentiles": {
      "p10": 2601.4141287203765,
      "p25": 3794.964041690095,
      "p50": 4355.328349217146,
      "p75": 4535.89571794306,
      "p90": 4660.557891069115,
      "p95": 4720.978138456162,
      "p99": 5014.258545600163
    }
  },
  "details": {
    "DNSDialup": {
      "average": 0.0026842172199999996,
      "fastest": 0.000088401,
      "slowest": 0.002940219
    },
    "DNSLookup": {
      "average": 0.000016474079999999994,
      "fastest": 0.0000063,
      "slowest": 0.000432803
    }
  },
  "statusCodeDistribution": {
    "200": 39702
  },
  "errorDistribution": {}
}