{
  "summary": {
    "successRate": 1,
    "total": 10.000277697,
    "slowest": 0.070931506,
    "fastest": 0.006007622,
    "average": 0.007770333599047841,
    "requestsPerSec": 6427.021523540398,
    "totalData": 835536,
    "sizePerRequest": 13,
    "sizePerSec": 83551.27980602518
  },
  "responseTimeHistogram": {
    "0.006007622": 1,
    "0.0125000104": 63245,
    "0.0189923988": 963,
    "0.0254847872": 13,
    "0.0319771756": 0,
    "0.038469564": 0,
    "0.0449619524": 0,
    "0.0514543408": 1,
    "0.0579467292": 11,
    "0.0644391176": 15,
    "0.070931506": 23
  },
  "latencyPercentiles": {
    "p10": 0.006271766,
    "p25": 0.00725009,
    "p50": 0.00748804,
    "p75": 0.007971766,
    "p90": 0.009213968,
    "p95": 0.010580006,
    "p99": 0.013366474
  },
  "rps": {
    "mean": 6452.539685017159,
    "stddev": 958.9149367210377,
    "max": 8128.285621132998,
    "percentiles": {
      "p10": 5132.267076335693,
      "p25": 6119.540304144538,
      "p50": 6615.594278834389,
      "p75": 6791.289876781455,
      "p90": 7755.299941764865,
      "p95": 7880.451529666842,
      "p99": 8019.091050062912
    }
  },
  "details": {
    "DNSDialup": {
      "average": 0.0011425932799999999,
      "fastest": 0.000100671,
      "slowest": 0.002300025
    },
    "DNSLookup": {
      "average": 0.00000991534,
      "fastest": 0.00000497,
      "slowest": 0.000030877
    }
  },
  "statusCodeDistribution": {
    "200": 64272
  },
  "errorDistribution": {}
}