{
  "summary": {
    "successRate": 1,
    "total": 10.000159238,
    "slowest": 0.03183514,
    "fastest": 0.00606755,
    "average": 0.008028660844800804,
    "requestsPerSec": 6219.000969872356,
    "totalData": 808483,
    "sizePerRequest": 13,
    "sizePerSec": 80847.01260834062
  },
  "responseTimeHistogram": {
    "0.00606755": 1,
    "0.008644309": 50951,
    "0.011221068": 8571,
    "0.013797827": 2091,
    "0.016374586": 452,
    "0.018951345": 73,
    "0.021528104": 14,
    "0.024104862999999997": 9,
    "0.026681622000000002": 10,
    "0.029258381": 9,
    "0.03183514": 10
  },
  "latencyPercentiles": {
    "p10": 0.006459429,
    "p25": 0.00742041,
    "p50": 0.007706452,
    "p75": 0.00825976,
    "p90": 0.009641223,
    "p95": 0.010880872,
    "p99": 0.013674741
  },
  "rps": {
    "mean": 6219.159020878746,
    "stddev": 934.9532765207055,
    "max": 8019.140887383964,
    "percentiles": {
      "p10": 4953.731640989769,
      "p25": 5920.25021586346,
      "p50": 6376.598894217221,
      "p75": 6680.926057332705,
      "p90": 7319.621648757357,
      "p95": 7733.872039369628,
      "p99": 7894.791178724328
    }
  },
  "details": {
    "DNSDialup": {
      "average": 0.0010735875599999997,
      "fastest": 0.000115485,
      "slowest": 0.002494694
    },
    "DNSLookup": {
      "average": 0.000011343919999999998,
      "fastest": 0.000004518,
      "slowest": 0.000068327
    }
  },
  "statusCodeDistribution": {
    "200": 62191
  },
  "errorDistribution": {}
}