{
  "summary": {
    "successRate": 1,
    "total": 10.000440345,
    "slowest": 0.031115307,
    "fastest": 0.005583688,
    "average": 0.007436453654253358,
    "requestsPerSec": 6715.6042817232565,
    "totalData": 873067,
    "sizePerRequest": 13,
    "sizePerSec": 87302.85566240233
  },
  "responseTimeHistogram": {
    "0.005583688": 1,
    "0.0081368499": 56774,
    "0.0106900118": 7879,
    "0.0132431737": 1975,
    "0.0157963356": 440,
    "0.0183494975": 40,
    "0.0209026594": 13,
    "0.0234558213": 6,
    "0.0260089832": 10,
    "0.0285621451": 9,
    "0.031115307": 12
  },
  "latencyPercentiles": {
    "p10": 0.006099502,
    "p25": 0.006545734,
    "p50": 0.007319727,
    "p75": 0.007679586,
    "p90": 0.008740214,
    "p95": 0.010178516,
    "p99": 0.012799532
  },
  "rps": {
    "mean": 6717.24299844066,
    "stddev": 1019.7077856304932,
    "max": 8701.154608869416,
    "percentiles": {
      "p10": 5305.324423591595,
      "p25": 6353.231182788407,
      "p50": 6781.054624026715,
      "p75": 7249.628053805402,
      "p90": 7995.490138726833,
      "p95": 8150.493940057827,
      "p99": 8487.944441149471
    }
  },
  "details": {
    "DNSDialup": {
      "average": 0.0012074384799999997,
      "fastest": 0.000147545,
      "slowest": 0.002413429
    },
    "DNSLookup": {
      "average": 0.000023043659999999995,
      "fastest": 0.000004979,
      "slowest": 0.000673425
    }
  },
  "statusCodeDistribution": {
    "200": 67159
  },
  "errorDistribution": {}
}