{
  "summary": {
    "successRate": 1,
    "total": 10.000177434,
    "slowest": 0.062898974,
    "fastest": 0.005559973,
    "average": 0.007450368515753211,
    "requestsPerSec": 6703.281061002823,
    "totalData": 871442,
    "sizePerRequest": 13,
    "sizePerSec": 87142.65379303669
  },
  "responseTimeHistogram": {
    "0.005559973": 1,
    "0.0112938731": 65408,
    "0.0170277732": 1550,
    "0.022761673299999997": 25,
    "0.028495573399999998": 0,
    "0.0342294735": 0,
    "0.0399633736": 0,
    "0.0456972737": 5,
    "0.0514311738": 12,
    "0.0571650739": 13,
    "0.062898974": 20
  },
  "latencyPercentiles": {
    "p10": 0.00607443,
    "p25": 0.006874573,
    "p50": 0.007230867,
    "p75": 0.007616287,
    "p90": 0.008659041,
    "p95": 0.009790923,
    "p99": 0.013100389
  },
  "rps": {
    "mean": 6723.820977657186,
    "stddev": 990.0545909273621,
    "max": 8613.960646019035,
    "percentiles": {
      "p10": 5412.790423771335,
      "p25": 6413.015214378075,
      "p50": 6854.371617417918,
      "p75": 7164.10729774334,
      "p90": 7964.622302026403,
      "p95": 8211.729634610734,
      "p99": 8444.26059189322
    }
  },
  "details": {
    "DNSDialup": {
      "average": 0.0007527429400000001,
      "fastest": 0.000074638,
      "slowest": 0.001760902
    },
    "DNSLookup": {
      "average": 0.00000718374,
      "fastest": 0.000003797,
      "slowest": 0.000032981
    }
  },
  "statusCodeDistribution": {
    "200": 67034
  },
  "errorDistribution": {}
}