{
  "summary": {
    "successRate": 1,
    "total": 10.00042348,
    "slowest": 0.033531273,
    "fastest": 0.006117847,
    "average": 0.007924468249119323,
    "requestsPerSec": 6301.933125735991,
    "totalData": 819286,
    "sizePerRequest": 13,
    "sizePerSec": 81925.13063456789
  },
  "responseTimeHistogram": {
    "0.006117847": 1,
    "0.008859189600000001": 55376,
    "0.0116005322": 5849,
    "0.014341874800000001": 1480,
    "0.0170832174": 253,
    "0.01982456": 16,
    "0.0225659026": 12,
    "0.025307245199999998": 6,
    "0.0280485878": 9,
    "0.030789930400000002": 10,
    "0.033531273": 10
  },
  "latencyPercentiles": {
    "p10": 0.006715187,
    "p25": 0.007448137,
    "p50": 0.007580424,
    "p75": 0.007941668,
    "p90": 0.009453311,
    "p95": 0.010784514,
    "p99": 0.013366545
  },
  "rps": {
    "mean": 6301.809943781815,
    "stddev": 880.1541189774323,
    "max": 7960.631352634544,
    "percentiles": {
      "p10": 4911.715915974515,
      "p25": 6151.144924705446,
      "p50": 6548.489600948295,
      "p75": 6677.32678280851,
      "p90": 7091.264575081037,
      "p95": 7653.794696021193,
      "p99": 7787.190052137905
    }
  },
  "details": {
    "DNSDialup": {
      "average": 0.0012905678799999998,
      "fastest": 0.0000845,
      "slowest": 0.002410552
    },
    "DNSLookup": {
      "average": 0.000029481320000000007,
      "fastest": 0.000004559,
      "slowest": 0.001063377
    }
  },
  "statusCodeDistribution": {
    "200": 63022
  },
  "errorDistribution": {}
}