{
  "summary": {
    "successRate": 1,
    "total": 10.000699705,
    "slowest": 0.355327064,
    "fastest": 0.00137164,
    "average": 0.007718402848708714,
    "requestsPerSec": 6469.847301549386,
    "totalData": 841139,
    "sizePerRequest": 13,
    "sizePerSec": 84108.01492014203
  },
  "responseTimeHistogram": {
    "0.00137164": 1,
    "0.0367671824": 64663,
    "0.0721627248": 8,
    "0.10755826719999999": 5,
    "0.1429538096": 4,
    "0.17834935200000002": 5,
    "0.2137448944": 4,
    "0.2491404368": 3,
    "0.2845359792": 3,
    "0.3199315216": 4,
    "0.355327064": 3
  },
  "latencyPercentiles": {
    "p10": 0.005968527,
    "p25": 0.007221068,
    "p50": 0.007514886,
    "p75": 0.007813574,
    "p90": 0.009265464,
    "p95": 0.009945601,
    "p99": 0.012111563
  },
  "rps": {
    "mean": 6466.082880188494,
    "stddev": 1075.5893609042146,
    "max": 8423.668824664122,
    "percentiles": {
      "p10": 5178.162982472997,
      "p25": 6156.022886276574,
      "p50": 6620.932076760921,
      "p75": 6759.180682381899,
      "p90": 8124.985956814407,
      "p95": 8296.077705515447,
      "p99": 8367.326015317018
    }
  },
  "details": {
    "DNSDialup": {
      "average": 0.0007066506000000002,
      "fastest": 0.000084598,
      "slowest": 0.001185177
    },
    "DNSLookup": {
      "average": 0.0000070599800000000005,
      "fastest": 0.000003196,
      "slowest": 0.000046146
    }
  },
  "statusCodeDistribution": {
    "200": 64703
  },
  "errorDistribution": {}
}