{
  "summary": {
    "successRate": 1,
    "total": 10.000725594,
    "slowest": 0.301707335,
    "fastest": 0.001238559,
    "average": 0.005746953211151332,
    "requestsPerSec": 8688.869540839438,
    "totalData": 1129635,
    "sizePerRequest": 13,
    "sizePerSec": 112955.3040309127
  },
  "responseTimeHistogram": {
    "0.001238559": 1,
    "0.0312854366": 86854,
    "0.06133231420000001": 8,
    "0.09137919180000001": 6,
    "0.12142606940000002": 5,
    "0.15147294700000002": 4,
    "0.18151982460000002": 4,
    "0.21156670220000004": 3,
    "0.24161357980000003": 4,
    "0.2716604574": 3,
    "0.301707335": 3
  },
  "latencyPercentiles": {
    "p10": 0.004467633,
    "p25": 0.005209957,
    "p50": 0.005510238,
    "p75": 0.005760739,
    "p90": 0.007181085,
    "p95": 0.008086365,
    "p99": 0.009491638
  },
  "rps": {
    "mean": 8677.496740729133,
    "stddev": 1602.9393419636228,
    "max": 11594.437855779108,
    "percentiles": {
      "p10": 6517.334807120001,
      "p25": 7922.769246537618,
      "p50": 8996.031739213488,
      "p75": 9388.619176406404,
      "p90": 10803.890480963826,
      "p95": 11224.133008381537,
      "p99": 11493.46601498031
    }
  },
  "details": {
    "DNSDialup": {
      "average": 0.00049980876,
      "fastest": 0.000075125,
      "slowest": 0.001061734
    },
    "DNSLookup": {
      "average": 0.000008239860000000001,
      "fastest": 0.000003034,
      "slowest": 0.000147442
    }
  },
  "statusCodeDistribution": {
    "200": 86895
  },
  "errorDistribution": {}
}