{
  "summary": {
    "successRate": 1,
    "total": 10.000416707,
    "slowest": 0.033863985,
    "fastest": 0.006028524,
    "average": 0.007728416254553347,
    "requestsPerSec": 6462.0307226563655,
    "totalData": 840099,
    "sizePerRequest": 13,
    "sizePerSec": 84006.39939453275
  },
  "responseTimeHistogram": {
    "0.006028524": 1,
    "0.0088120701": 56690,
    "0.0115956162": 6157,
    "0.014379162300000001": 1429,
    "0.0171627084": 274,
    "0.0199462545": 28,
    "0.022729800600000002": 10,
    "0.0255133467": 4,
    "0.0282968928": 9,
    "0.0310804389": 11,
    "0.033863985": 10
  },
  "latencyPercentiles": {
    "p10": 0.006281605,
    "p25": 0.007183833,
    "p50": 0.007492217,
    "p75": 0.007875261,
    "p90": 0.009176119,
    "p95": 0.010518525,
    "p99": 0.013423661
  },
  "rps": {
    "mean": 6462.418118594134,
    "stddev": 971.8027809846432,
    "max": 8070.368773482792,
    "percentiles": {
      "p10": 5033.926145255764,
      "p25": 6211.522374003948,
      "p50": 6625.937896489586,
      "p75": 6827.291435162874,
      "p90": 7756.203779446801,
      "p95": 7878.171153268149,
      "p99": 7983.856843585113
    }
  },
  "details": {
    "DNSDialup": {
      "average": 0.0008876055,
      "fastest": 0.000079976,
      "slowest": 0.001946295
    },
    "DNSLookup": {
      "average": 0.000009388480000000002,
      "fastest": 0.000003697,
      "slowest": 0.000039784
    }
  },
  "statusCodeDistribution": {
    "200": 64623
  },
  "errorDistribution": {}
}