{
  "summary": {
    "successRate": 1,
    "total": 10.000592838,
    "slowest": 0.036261405,
    "fastest": 0.006284372,
    "average": 0.008361844832688675,
    "requestsPerSec": 5972.345936637962,
    "totalData": 776451,
    "sizePerRequest": 13,
    "sizePerSec": 77640.4971762935
  },
  "responseTimeHistogram": {
    "0.006284372": 1,
    "0.0092820753": 49657,
    "0.0122797786": 8433,
    "0.015277481899999999": 1345,
    "0.0182751852": 154,
    "0.021272888499999996": 92,
    "0.024270591799999998": 10,
    "0.027268295099999996": 5,
    "0.030265998399999997": 10,
    "0.033263701699999995": 9,
    "0.036261405": 11
  },
  "latencyPercentiles": {
    "p10": 0.006998237,
    "p25": 0.007684143,
    "p50": 0.007894709,
    "p75": 0.008542566,
    "p90": 0.010183329,
    "p95": 0.011383363,
    "p99": 0.014108639
  },
  "rps": {
    "mean": 5974.67312825444,
    "stddev": 905.8063849786334,
    "max": 7753.087717528235,
    "percentiles": {
      "p10": 4631.144912651732,
      "p25": 5494.76323624867,
      "p50": 6247.210167233866,
      "p75": 6462.551031432629,
      "p90": 6865.473272409223,
      "p95": 7311.5174577203115,
      "p99": 7635.10851950517
    }
  },
  "details": {
    "DNSDialup": {
      "average": 0.00056084092,
      "fastest": 0.000076514,
      "slowest": 0.000968866
    },
    "DNSLookup": {
      "average": 0.000008269180000000004,
      "fastest": 0.000003536,
      "slowest": 0.000054563
    }
  },
  "statusCodeDistribution": {
    "200": 59727
  },
  "errorDistribution": {}
}