{
  "summary": {
    "successRate": 1,
    "total": 10.000807949,
    "slowest": 0.034001764,
    "fastest": 0.0001579,
    "average": 0.006416167902351339,
    "requestsPerSec": 7786.470892862858,
    "totalData": 1012323,
    "sizePerRequest": 13,
    "sizePerSec": 101224.12160721715
  },
  "responseTimeHistogram": {
    "0.0001579": 1,
    "0.0035422863999999992": 211,
    "0.006926672799999999": 66179,
    "0.010311059199999998": 8941,
    "0.013695445599999998": 1765,
    "0.017079831999999996": 548,
    "0.020464218399999994": 151,
    "0.023848604799999996": 21,
    "0.027232991199999994": 16,
    "0.030617377599999992": 23,
    "0.034001764": 15
  },
  "latencyPercentiles": {
    "p10": 0.005749811,
    "p25": 0.005789211,
    "p50": 0.005852811,
    "p75": 0.006015611,
    "p90": 0.008535316,
    "p95": 0.009562118,
    "p99": 0.013675726
  },
  "rps": {
    "mean": 7775.381842974684,
    "stddev": 1468.2162768818482,
    "max": 8791.243827374945,
    "percentiles": {
      "p10": 5592.602877709315,
      "p25": 7701.294587620752,
      "p50": 8502.449555717098,
      "p75": 8609.367853160937,
      "p90": 8679.40089527047,
      "p95": 8703.4657200491,
      "p99": 8748.625736707208
    }
  },
  "details": {
    "DNSDialup": {
      "average": 0.00121853032,
      "fastest": 0.000067501,
      "slowest": 0.001412103
    },
    "DNSLookup": {
      "average": 0.000004786019999999999,
      "fastest": 0.0000031,
      "slowest": 0.0000452
    }
  },
  "statusCodeDistribution": {
    "200": 77871
  },
  "errorDistribution": {}
}