{
  "summary": {
    "successRate": 1,
    "total": 10.000655254,
    "slowest": 0.355237147,
    "fastest": 0.001298091,
    "average": 0.007876526485426753,
    "requestsPerSec": 6339.984569975059,
    "totalData": 824252,
    "sizePerRequest": 13,
    "sizePerSec": 82419.79940967576
  },
  "responseTimeHistogram": {
    "0.001298091": 1,
    "0.0366919966": 63364,
    "0.0720859022": 7,
    "0.1074798078": 6,
    "0.1428737134": 5,
    "0.178267619": 4,
    "0.21366152459999999": 4,
    "0.24905543019999998": 4,
    "0.2844493358": 3,
    "0.3198432414": 2,
    "0.355237147": 4
  },
  "latencyPercentiles": {
    "p10": 0.006485952,
    "p25": 0.007331284,
    "p50": 0.007534701,
    "p75": 0.008084292,
    "p90": 0.009050068,
    "p95": 0.010121249,
    "p99": 0.011641412
  },
  "rps": {
    "mean": 6337.896267809096,
    "stddev": 965.5877773188005,
    "max": 8289.658919911308,
    "percentiles": {
      "p10": 5007.670750054923,
      "p25": 6045.329086556478,
      "p50": 6574.984409700649,
      "p75": 6786.204476848921,
      "p90": 7310.289232094127,
      "p95": 7826.552361541904,
      "p99": 8174.134495392554
    }
  },
  "details": {
    "DNSDialup": {
      "average": 0.0007449262999999999,
      "fastest": 0.000097041,
      "slowest": 0.00157112
    },
    "DNSLookup": {
      "average": 0.000007578420000000002,
      "fastest": 0.000003857,
      "slowest": 0.000031419
    }
  },
  "statusCodeDistribution": {
    "200": 63404
  },
  "errorDistribution": {}
}