{
  "summary": {
    "successRate": 1,
    "total": 10.001232583,
    "slowest": 0.357431309,
    "fastest": 0.001285025,
    "average": 0.007554539504175731,
    "requestsPerSec": 6608.78541234501,
    "totalData": 859248,
    "sizePerRequest": 13,
    "sizePerSec": 85914.21036048513
  },
  "responseTimeHistogram": {
    "0.001285025": 1,
    "0.0368996534": 66056,
    "0.0725142818": 7,
    "0.1081289102": 5,
    "0.1437435386": 5,
    "0.179358167": 5,
    "0.2149727954": 3,
    "0.2505874238": 4,
    "0.2862020522": 3,
    "0.3218166806": 3,
    "0.35743130900000003": 4
  },
  "latencyPercentiles": {
    "p10": 0.006064363,
    "p25": 0.006226681,
    "p50": 0.007489402,
    "p75": 0.007786258,
    "p90": 0.009265688,
    "p95": 0.010196146,
    "p99": 0.012489262
  },
  "rps": {
    "mean": 6606.900750182417,
    "stddev": 1215.9201320582392,
    "max": 8437.012329387762,
    "percentiles": {
      "p10": 4938.479147977309,
      "p25": 6193.415282709195,
      "p50": 6622.157739797531,
      "p75": 7656.2774675248875,
      "p90": 8146.68703405469,
      "p95": 8220.12533285243,
      "p99": 8360.121816040166
    }
  },
  "details": {
    "DNSDialup": {
      "average": 0.0007598510399999999,
      "fastest": 0.00011658,
      "slowest": 0.001246337
    },
    "DNSLookup": {
      "average": 0.00000713524,
      "fastest": 0.000003056,
      "slowest": 0.000036128
    }
  },
  "statusCodeDistribution": {
    "200": 66096
  },
  "errorDistribution": {}
}