{
  "summary": {
    "successRate": 1,
    "total": 10.000332485,
    "slowest": 0.034973898,
    "fastest": 0.005512837,
    "average": 0.008134028917756716,
    "requestsPerSec": 6138.895890919971,
    "totalData": 798083,
    "sizePerRequest": 13,
    "sizePerSec": 79805.64658195962
  },
  "responseTimeHistogram": {
    "0.005512837": 1,
    "0.0084589431": 47986,
    "0.0114050492": 10745,
    "0.014351155300000001": 2133,
    "0.0172972614": 428,
    "0.0202433675": 52,
    "0.023189473600000003": 12,
    "0.0261355797": 6,
    "0.029081685800000003": 7,
    "0.032027791900000005": 10,
    "0.034973898": 11
  },
  "latencyPercentiles": {
    "p10": 0.006494895,
    "p25": 0.007521616,
    "p50": 0.007800608,
    "p75": 0.00832628,
    "p90": 0.009775284,
    "p95": 0.011148744,
    "p99": 0.014110275
  },
  "rps": {
    "mean": 6140.161757248098,
    "stddev": 953.8726944422212,
    "max": 7840.853197414502,
    "percentiles": {
      "p10": 4727.95022333526,
      "p25": 5836.374033891467,
      "p50": 6324.004022066679,
      "p75": 6593.724519058696,
      "p90": 7342.006556311375,
      "p95": 7669.443745336708,
      "p99": 7791.553086229126
    }
  },
  "details": {
    "DNSDialup": {
      "average": 0.0010988966799999995,
      "fastest": 0.000081775,
      "slowest": 0.002557707
    },
    "DNSLookup": {
      "average": 0.0000104042,
      "fastest": 0.000003176,
      "slowest": 0.000182161
    }
  },
  "statusCodeDistribution": {
    "200": 61391
  },
  "errorDistribution": {}
}