{
  "summary": {
    "successRate": 1,
    "total": 10.000140646,
    "slowest": 0.03400743,
    "fastest": 0.006058416,
    "average": 0.007721834928251125,
    "requestsPerSec": 6466.909045511038,
    "totalData": 840710,
    "sizePerRequest": 13,
    "sizePerSec": 84069.8175916435
  },
  "responseTimeHistogram": {
    "0.006058416": 1,
    "0.0088533174": 56285,
    "0.011648218799999999": 6584,
    "0.0144431202": 1410,
    "0.0172380216": 322,
    "0.020032923": 25,
    "0.0228278244": 9,
    "0.0256227258": 5,
    "0.0284176272": 9,
    "0.0312125286": 9,
    "0.03400743": 11
  },
  "latencyPercentiles": {
    "p10": 0.006261861,
    "p25": 0.006995651,
    "p50": 0.007493674,
    "p75": 0.007899124,
    "p90": 0.009311598,
    "p95": 0.010615222,
    "p99": 0.013262604
  },
  "rps": {
    "mean": 6467.267031364043,
    "stddev": 995.5667734462169,
    "max": 8045.184167842021,
    "percentiles": {
      "p10": 5048.792031067467,
      "p25": 6165.073584701896,
      "p50": 6625.229536598773,
      "p75": 6817.943401462082,
      "p90": 7782.981369058479,
      "p95": 7899.016542059536,
      "p99": 7977.970299329189
    }
  },
  "details": {
    "DNSDialup": {
      "average": 0.0011127065,
      "fastest": 0.000105457,
      "slowest": 0.002342345
    },
    "DNSLookup": {
      "average": 0.000013718699999999996,
      "fastest": 0.000004819,
      "slowest": 0.0001667
    }
  },
  "statusCodeDistribution": {
    "200": 64670
  },
  "errorDistribution": {}
}