{
  "summary": {
    "successRate": 1,
    "total": 10.000746747,
    "slowest": 0.357896031,
    "fastest": 0.001533751,
    "average": 0.007763511835089798,
    "requestsPerSec": 6432.719638590804,
    "totalData": 836316,
    "sizePerRequest": 13,
    "sizePerSec": 83625.35530168045
  },
  "responseTimeHistogram": {
    "0.001533751": 1,
    "0.037169979": 64292,
    "0.072806207": 8,
    "0.108442435": 5,
    "0.144078663": 5,
    "0.179714891": 4,
    "0.215351119": 4,
    "0.250987347": 3,
    "0.286623575": 4,
    "0.322259803": 3,
    "0.357896031": 3
  },
  "latencyPercentiles": {
    "p10": 0.006389995,
    "p25": 0.007361614,
    "p50": 0.007529808,
    "p75": 0.007744351,
    "p90": 0.008906007,
    "p95": 0.010036251,
    "p99": 0.011626977
  },
  "rps": {
    "mean": 6431.766614634858,
    "stddev": 950.7666014084151,
    "max": 8352.383644503449,
    "percentiles": {
      "p10": 5039.2263457207155,
      "p25": 6353.910388078704,
      "p50": 6607.869311562936,
      "p75": 6756.228032175076,
      "p90": 7397.3228784499925,
      "p95": 7948.2682433880955,
      "p99": 8186.275981193534
    }
  },
  "details": {
    "DNSDialup": {
      "average": 0.0007937177199999999,
      "fastest": 0.000104136,
      "slowest": 0.00130179
    },
    "DNSLookup": {
      "average": 0.000006988419999999998,
      "fastest": 0.000003196,
      "slowest": 0.000039133
    }
  },
  "statusCodeDistribution": {
    "200": 64332
  },
  "errorDistribution": {}
}