{
  "summary": {
    "successRate": 1,
    "total": 10.000671385,
    "slowest": 0.356563842,
    "fastest": 0.001300236,
    "average": 0.007909153336295199,
    "requestsPerSec": 6313.076149536934,
    "totalData": 820755,
    "sizePerRequest": 13,
    "sizePerSec": 82069.98994398014
  },
  "responseTimeHistogram": {
    "0.001300236": 1,
    "0.036826596600000004": 63095,
    "0.0723529572": 7,
    "0.1078793178": 6,
    "0.14340567840000001": 5,
    "0.17893203900000001": 4,
    "0.21445839960000002": 4,
    "0.24998476020000002": 3,
    "0.2855111208": 4,
    "0.32103748140000005": 3,
    "0.356563842": 3
  },
  "latencyPercentiles": {
    "p10": 0.006571019,
    "p25": 0.007388708,
    "p50": 0.007610532,
    "p75": 0.007967858,
    "p90": 0.009178347,
    "p95": 0.010307444,
    "p99": 0.011661351
  },
  "rps": {
    "mean": 6310.736602836412,
    "stddev": 946.7872962046821,
    "max": 8255.622254942837,
    "percentiles": {
      "p10": 4911.103513934654,
      "p25": 6168.037150593366,
      "p50": 6504.456853836569,
      "p75": 6723.4878323934445,
      "p90": 7203.79351766644,
      "p95": 7880.850432673914,
      "p99": 8120.536837662586
    }
  },
  "details": {
    "DNSDialup": {
      "average": 0.0007489542199999999,
      "fastest": 0.000074249,
      "slowest": 0.001203025
    },
    "DNSLookup": {
      "average": 0.00000711944,
      "fastest": 0.000003437,
      "slowest": 0.000039313
    }
  },
  "statusCodeDistribution": {
    "200": 63135
  },
  "errorDistribution": {}
}