{
  "summary": {
    "successRate": 1,
    "total": 10.000427588,
    "slowest": 0.034402253,
    "fastest": 0.006073373,
    "average": 0.007968361579398382,
    "requestsPerSec": 6266.232063436445,
    "totalData": 814645,
    "sizePerRequest": 13,
    "sizePerSec": 81461.01682467379
  },
  "responseTimeHistogram": {
    "0.006073373": 1,
    "0.008906261": 52912,
    "0.011739149": 7357,
    "0.014572037": 1978,
    "0.017404925": 329,
    "0.020237813": 43,
    "0.023070701": 11,
    "0.025903589": 7,
    "0.028736477": 7,
    "0.031569365": 9,
    "0.034402253": 11
  },
  "latencyPercentiles": {
    "p10": 0.006390093,
    "p25": 0.007025087,
    "p50": 0.007674757,
    "p75": 0.008298511,
    "p90": 0.009684665,
    "p95": 0.011205322,
    "p99": 0.01398968
  },
  "rps": {
    "mean": 6266.124006485547,
    "stddev": 1019.7962127798094,
    "max": 7875.802233759516,
    "percentiles": {
      "p10": 4804.378710757529,
      "p25": 5861.436648228422,
      "p50": 6446.506386372454,
      "p75": 6707.64940337938,
      "p90": 7623.429849298386,
      "p95": 7736.906591824343,
      "p99": 7812.904574484927
    }
  },
  "details": {
    "DNSDialup": {
      "average": 0.0011892602000000002,
      "fastest": 0.000092935,
      "slowest": 0.002601586
    },
    "DNSLookup": {
      "average": 0.000011045219999999997,
      "fastest": 0.000003637,
      "slowest": 0.000183744
    }
  },
  "statusCodeDistribution": {
    "200": 62665
  },
  "errorDistribution": {}
}