{
  "summary": {
    "successRate": 1,
    "total": 10.000200221,
    "slowest": 0.033961742,
    "fastest": 0.005854642,
    "average": 0.008080624608446387,
    "requestsPerSec": 6179.8762658994165,
    "totalData": 803400,
    "sizePerRequest": 13,
    "sizePerSec": 80338.39145669242
  },
  "responseTimeHistogram": {
    "0.005854642": 1,
    "0.008665352000000001": 49035,
    "0.011476062": 10458,
    "0.014286772": 1798,
    "0.017097482": 387,
    "0.019908192": 71,
    "0.022718902": 9,
    "0.025529612": 8,
    "0.028340322": 10,
    "0.031151032000000002": 11,
    "0.033961742": 12
  },
  "latencyPercentiles": {
    "p10": 0.006421944,
    "p25": 0.007423927,
    "p50": 0.007829546,
    "p75": 0.008361968,
    "p90": 0.00971666,
    "p95": 0.011002478,
    "p99": 0.013817861
  },
  "rps": {
    "mean": 6181.090584140155,
    "stddev": 956.1002038032085,
    "max": 7989.121849884426,
    "percentiles": {
      "p10": 4841.637599189265,
      "p25": 5794.93435305282,
      "p50": 6230.996716264979,
      "p75": 6677.191674351458,
      "p90": 7381.649159517998,
      "p95": 7760.623663875034,
      "p99": 7913.823074764987
    }
  },
  "details": {
    "DNSDialup": {
      "average": 0.00112945328,
      "fastest": 0.000098715,
      "slowest": 0.002400896
    },
    "DNSLookup": {
      "average": 0.00001007206,
      "fastest": 0.000005179,
      "slowest": 0.000040266
    }
  },
  "statusCodeDistribution": {
    "200": 61800
  },
  "errorDistribution": {}
}