{
  "summary": {
    "successRate": 1,
    "total": 10.000634683,
    "slowest": 0.302483704,
    "fastest": 0.001282011,
    "average": 0.005745123782393181,
    "requestsPerSec": 8694.94814642256,
    "totalData": 1130415,
    "sizePerRequest": 13,
    "sizePerSec": 113034.32590349327
  },
  "responseTimeHistogram": {
    "0.001282011": 1,
    "0.0314021803": 86914,
    "0.0615223496": 8,
    "0.0916425189": 6,
    "0.1217626882": 4,
    "0.1518828575": 4,
    "0.1820030268": 4,
    "0.2121231961": 4,
    "0.2422433654": 4,
    "0.2723635347": 2,
    "0.302483704": 4
  },
  "latencyPercentiles": {
    "p10": 0.00448711,
    "p25": 0.005355209,
    "p50": 0.005612182,
    "p75": 0.005745469,
    "p90": 0.007121453,
    "p95": 0.007973308,
    "p99": 0.009163703
  },
  "rps": {
    "mean": 8691.905804774282,
    "stddev": 1508.213094415096,
    "max": 11510.383516971286,
    "percentiles": {
      "p10": 6734.057495785338,
      "p25": 8476.95207555135,
      "p50": 8844.843355814031,
      "p75": 9124.301665054214,
      "p90": 10878.464186484756,
      "p95": 11133.020463032017,
      "p99": 11391.44022986926
    }
  },
  "details": {
    "DNSDialup": {
      "average": 0.0003937412199999999,
      "fastest": 0.00005048,
      "slowest": 0.000880295
    },
    "DNSLookup": {
      "average": 0.00000621744,
      "fastest": 0.000003127,
      "slowest": 0.000044778
    }
  },
  "statusCodeDistribution": {
    "200": 86955
  },
  "errorDistribution": {}
}