{
  "summary": {
    "successRate": 1,
    "total": 10.000705343,
    "slowest": 0.037665418,
    "fastest": 0.000411509,
    "average": 0.00762844812078971,
    "requestsPerSec": 6548.93807523712,
    "totalData": 851422,
    "sizePerRequest": 13,
    "sizePerSec": 85136.19497808255
  },
  "responseTimeHistogram": {
    "0.000411509": 1,
    "0.0041368999": 196,
    "0.007862290800000001": 55048,
    "0.011587681700000001": 6926,
    "0.015313072600000002": 2421,
    "0.0190384635": 682,
    "0.022763854400000002": 154,
    "0.026489245300000002": 20,
    "0.030214636200000002": 22,
    "0.0339400271": 11,
    "0.037665418": 13
  },
  "latencyPercentiles": {
    "p10": 0.006798446,
    "p25": 0.006854048,
    "p50": 0.006943449,
    "p75": 0.007149455,
    "p90": 0.010167821,
    "p95": 0.011612549,
    "p99": 0.016071345
  },
  "rps": {
    "mean": 6550.740321564493,
    "stddev": 1363.9705950152556,
    "max": 11160.13527290445,
    "percentiles": {
      "p10": 4343.164540788603,
      "p25": 6753.137058948231,
      "p50": 7171.27313228035,
      "p75": 7273.966786057469,
      "p90": 7341.616688359609,
      "p95": 7370.37752386181,
      "p99": 7443.908639501772
    }
  },
  "details": {
    "DNSDialup": {
      "average": 0.00151622696,
      "fastest": 0.000075101,
      "slowest": 0.002798161
    },
    "DNSLookup": {
      "average": 0.000004804059999999998,
      "fastest": 0.0000033,
      "slowest": 0.000065402
    }
  },
  "statusCodeDistribution": {
    "200": 65494
  },
  "errorDistribution": {}
}