{
  "summary": {
    "successRate": 1,
    "total": 10.000627466,
    "slowest": 0.037441481,
    "fastest": 0.000406305,
    "average": 0.0076203817890362095,
    "requestsPerSec": 6555.688652826377,
    "totalData": 852293,
    "sizePerRequest": 13,
    "sizePerSec": 85223.9524867429
  },
  "responseTimeHistogram": {
    "0.000406305": 1,
    "0.004109822599999999": 156,
    "0.0078133402": 55150,
    "0.011516857799999999": 6867,
    "0.015220375399999998": 2554,
    "0.018923892999999997": 599,
    "0.022627410599999998": 157,
    "0.026330928199999996": 32,
    "0.030034445799999997": 20,
    "0.0337379634": 12,
    "0.037441481": 13
  },
  "latencyPercentiles": {
    "p10": 0.00680457,
    "p25": 0.006873971,
    "p50": 0.006973572,
    "p75": 0.007210974,
    "p90": 0.009855926,
    "p95": 0.01158112,
    "p99": 0.015799463
  },
  "rps": {
    "mean": 6555.283573667408,
    "stddev": 1300.5254937924833,
    "max": 9962.036590459707,
    "percentiles": {
      "p10": 4414.08003248754,
      "p25": 6710.449511980137,
      "p50": 7143.215022241286,
      "p75": 7252.141446572612,
      "p90": 7331.228835470103,
      "p95": 7373.959337361699,
      "p99": 7484.266239483408
    }
  },
  "details": {
    "DNSDialup": {
      "average": 0.0014662727800000004,
      "fastest": 0.000081701,
      "slowest": 0.001743123
    },
    "DNSLookup": {
      "average": 0.00000552214,
      "fastest": 0.0000034,
      "slowest": 0.000049001
    }
  },
  "statusCodeDistribution": {
    "200": 65561
  },
  "errorDistribution": {}
}