{
  "summary": {
    "successRate": 1,
    "total": 10.00073037,
    "slowest": 0.344246592,
    "fastest": 0.00129912,
    "average": 0.007542019802986789,
    "requestsPerSec": 6621.9163550951735,
    "totalData": 860912,
    "sizePerRequest": 13,
    "sizePerSec": 86084.91261623726
  },
  "responseTimeHistogram": {
    "0.00129912": 1,
    "0.035593867200000004": 66184,
    "0.06988861440000001": 7,
    "0.10418336160000001": 6,
    "0.1384781088": 4,
    "0.172772856": 5,
    "0.2070676032": 4,
    "0.2413623504": 3,
    "0.2756570976": 4,
    "0.30995184480000004": 2,
    "0.344246592": 4
  },
  "latencyPercentiles": {
    "p10": 0.006257659,
    "p25": 0.007174507,
    "p50": 0.007316471,
    "p75": 0.007524779,
    "p90": 0.008607231,
    "p95": 0.009676697,
    "p99": 0.011047738
  },
  "rps": {
    "mean": 6621.318410394682,
    "stddev": 933.4528109863475,
    "max": 8501.930788482669,
    "percentiles": {
      "p10": 5273.934764063879,
      "p25": 6537.522108139672,
      "p50": 6804.907699432886,
      "p75": 6935.408032166992,
      "p90": 7579.350494128118,
      "p95": 8085.511561725996,
      "p99": 8348.636652546227
    }
  },
  "details": {
    "DNSDialup": {
      "average": 0.0008562432999999997,
      "fastest": 0.000104575,
      "slowest": 0.001446986
    },
    "DNSLookup": {
      "average": 0.000007141820000000002,
      "fastest": 0.000003697,
      "slowest": 0.000037691
    }
  },
  "statusCodeDistribution": {
    "200": 66224
  },
  "errorDistribution": {}
}