{
  "summary": {
    "successRate": 1,
    "total": 10.000360136,
    "slowest": 0.095012382,
    "fastest": 0.00598734,
    "average": 0.00807884016984824,
    "requestsPerSec": 6181.17739354982,
    "totalData": 803582,
    "sizePerRequest": 13,
    "sizePerSec": 80355.30611614767
  },
  "responseTimeHistogram": {
    "0.00598734": 1,
    "0.014889844200000002": 61193,
    "0.023792348400000003": 567,
    "0.032694852600000004": 2,
    "0.041597356800000006": 1,
    "0.05049986100000001": 0,
    "0.05940236520000001": 0,
    "0.06830486940000001": 0,
    "0.0772073736": 6,
    "0.0861098778": 16,
    "0.095012382": 28
  },
  "latencyPercentiles": {
    "p10": 0.006380675,
    "p25": 0.007409289,
    "p50": 0.007773358,
    "p75": 0.00827387,
    "p90": 0.00951425,
    "p95": 0.010867491,
    "p99": 0.014891054
  },
  "rps": {
    "mean": 6217.888194860474,
    "stddev": 1008.1645394295588,
    "max": 7906.061577411034,
    "percentiles": {
      "p10": 4954.961924151279,
      "p25": 5928.114081029402,
      "p50": 6332.180139468779,
      "p75": 6648.82431156717,
      "p90": 7611.72586369392,
      "p95": 7762.099904072683,
      "p99": 7861.155816755669
    }
  },
  "details": {
    "DNSDialup": {
      "average": 0.0012032897800000005,
      "fastest": 0.000164206,
      "slowest": 0.001811037
    },
    "DNSLookup": {
      "average": 0.00001421892,
      "fastest": 0.000004378,
      "slowest": 0.000116106
    }
  },
  "statusCodeDistribution": {
    "200": 61814
  },
  "errorDistribution": {}
}