{
  "summary": {
    "successRate": 1,
    "total": 10.000578854,
    "slowest": 0.354664982,
    "fastest": 0.001346363,
    "average": 0.007818346232063959,
    "requestsPerSec": 6386.230330502826,
    "totalData": 830258,
    "sizePerRequest": 13,
    "sizePerSec": 83020.99429653674
  },
  "responseTimeHistogram": {
    "0.001346363": 1,
    "0.0366782249": 63826,
    "0.0720100868": 7,
    "0.1073419487": 6,
    "0.14267381059999998": 5,
    "0.17800567249999996": 4,
    "0.21333753439999997": 4,
    "0.24866939629999998": 3,
    "0.2840012582": 4,
    "0.3193331201": 2,
    "0.35466498199999996": 4
  },
  "latencyPercentiles": {
    "p10": 0.006562089,
    "p25": 0.007199241,
    "p50": 0.007400929,
    "p75": 0.008044616,
    "p90": 0.009037682,
    "p95": 0.009903068,
    "p99": 0.011950698
  },
  "rps": {
    "mean": 6383.632641955882,
    "stddev": 974.4782346386214,
    "max": 8439.460384921778,
    "percentiles": {
      "p10": 5153.947919052782,
      "p25": 6022.205678999765,
      "p50": 6658.42300093721,
      "p75": 6893.952857731019,
      "p90": 7157.322278395519,
      "p95": 7855.959571217716,
      "p99": 8339.063509102116
    }
  },
  "details": {
    "DNSDialup": {
      "average": 0.00075906666,
      "fastest": 0.000077324,
      "slowest": 0.001744424
    },
    "DNSLookup": {
      "average": 0.000008383739999999998,
      "fastest": 0.000004228,
      "slowest": 0.00005345
    }
  },
  "statusCodeDistribution": {
    "200": 63866
  },
  "errorDistribution": {}
}