{
  "summary": {
    "successRate": 1,
    "total": 10.000782788,
    "slowest": 0.364067979,
    "fastest": 0.001384357,
    "average": 0.007954484731711918,
    "requestsPerSec": 6278.208549368605,
    "totalData": 816231,
    "sizePerRequest": 13,
    "sizePerSec": 81616.71114179186
  },
  "responseTimeHistogram": {
    "0.001384357": 1,
    "0.037652719200000004": 62747,
    "0.0739210814": 7,
    "0.1101894436": 6,
    "0.1464578058": 5,
    "0.18272616800000002": 4,
    "0.2189945302": 4,
    "0.2552628924": 3,
    "0.2915312546": 3,
    "0.3277996168": 3,
    "0.36406797900000004": 4
  },
  "latencyPercentiles": {
    "p10": 0.006869271,
    "p25": 0.007391487,
    "p50": 0.007578447,
    "p75": 0.00799546,
    "p90": 0.009193355,
    "p95": 0.010264012,
    "p99": 0.011978875
  },
  "rps": {
    "mean": 6276.518021875261,
    "stddev": 948.6232644098169,
    "max": 8305.799271115564,
    "percentiles": {
      "p10": 4928.505985771264,
      "p25": 6117.697274676236,
      "p50": 6540.950273280581,
      "p75": 6732.358407449419,
      "p90": 6910.039596529936,
      "p95": 7659.392461021148,
      "p99": 8121.454446210683
    }
  },
  "details": {
    "DNSDialup": {
      "average": 0.0008340789999999999,
      "fastest": 0.000125003,
      "slowest": 0.001221239
    },
    "DNSLookup": {
      "average": 0.00000634794,
      "fastest": 0.000003266,
      "slowest": 0.000031669
    }
  },
  "statusCodeDistribution": {
    "200": 62787
  },
  "errorDistribution": {}
}