{
  "summary": {
    "successRate": 1,
    "total": 10.000368401,
    "slowest": 0.066161065,
    "fastest": 0.006077976,
    "average": 0.008103249654502041,
    "requestsPerSec": 6162.472973879396,
    "totalData": 801151,
    "sizePerRequest": 13,
    "sizePerSec": 80112.14866043214
  },
  "responseTimeHistogram": {
    "0.006077976": 1,
    "0.0120862849": 60125,
    "0.0180945938": 1434,
    "0.024102902699999998": 17,
    "0.0301112116": 0,
    "0.0361195205": 0,
    "0.0421278294": 0,
    "0.0481361383": 2,
    "0.0541444472": 11,
    "0.0601527561": 14,
    "0.066161065": 23
  },
  "latencyPercentiles": {
    "p10": 0.006484669,
    "p25": 0.007504426,
    "p50": 0.007830295,
    "p75": 0.00828449,
    "p90": 0.009701375,
    "p95": 0.010886753,
    "p99": 0.013840978
  },
  "rps": {
    "mean": 6184.476585992401,
    "stddev": 926.1291314412832,
    "max": 8017.878264955528,
    "percentiles": {
      "p10": 4829.54182438562,
      "p25": 5938.587157775249,
      "p50": 6302.2019893749375,
      "p75": 6580.162833721897,
      "p90": 7374.36680201538,
      "p95": 7708.764093898419,
      "p99": 7911.758455416612
    }
  },
  "details": {
    "DNSDialup": {
      "average": 0.00097892566,
      "fastest": 0.000125275,
      "slowest": 0.001507395
    },
    "DNSLookup": {
      "average": 0.000009788599999999998,
      "fastest": 0.000004619,
      "slowest": 0.000050104
    }
  },
  "statusCodeDistribution": {
    "200": 61627
  },
  "errorDistribution": {}
}