{
  "summary": {
    "successRate": 1,
    "total": 10.00009388,
    "slowest": 0.004183507,
    "fastest": 0.000045362,
    "average": 0.0006475922751349773,
    "requestsPerSec": 77047.27668016653,
    "totalData": 10016240,
    "sizePerRequest": 13,
    "sizePerSec": 1001614.5968421649
  },
  "responseTimeHistogram": {
    "0.000045362": 1,
    "0.00045917650000000006": 180364,
    "0.000872991": 448584,
    "0.0012868055000000002": 121122,
    "0.0017006200000000001": 16060,
    "0.0021144345000000003": 4098,
    "0.0025282490000000006": 129,
    "0.0029420635000000006": 70,
    "0.0033558780000000005": 30,
    "0.0037696925000000004": 14,
    "0.004183507": 8
  },
  "latencyPercentiles": {
    "p10": 0.000356757,
    "p25": 0.000469064,
    "p50": 0.000599468,
    "p75": 0.000785525,
    "p90": 0.000986336,
    "p95": 0.001094889,
    "p99": 0.001573853
  },
  "rps": {
    "mean": 77010.81812118794,
    "stddev": 16541.166612801924,
    "max": 98404.5659718608,
    "percentiles": {
      "p10": 54406.871587881054,
      "p25": 58994.98080351573,
      "p50": 82015.71951226488,
      "p75": 92049.46738377096,
      "p90": 95442.2427366357,
      "p95": 96601.57460566114,
      "p99": 97591.66785360854
    }
  },
  "details": {
    "DNSDialup": {
      "average": 0.00097307468,
      "fastest": 0.000186397,
      "slowest": 0.001414224
    },
    "DNSLookup": {
      "average": 0.000008248340000000001,
      "fastest": 0.000004318,
      "slowest": 0.000041908
    }
  },
  "statusCodeDistribution": {
    "200": 770480
  },
  "errorDistribution": {}
}