{
  "summary": {
    "successRate": 1,
    "total": 10.000761352,
    "slowest": 0.012953907,
    "fastest": 0.0000278,
    "average": 0.0007511725813767328,
    "requestsPerSec": 66347.44862372955,
    "totalData": 8625825,
    "sizePerRequest": 13,
    "sizePerSec": 862516.8321084841
  },
  "responseTimeHistogram": {
    "0.0000278": 1,
    "0.0013204107": 649672,
    "0.0026130214000000002": 12482,
    "0.0039056321": 438,
    "0.0051982428": 271,
    "0.0064908535": 33,
    "0.0077834641999999996": 42,
    "0.0090760749": 520,
    "0.0103686856": 21,
    "0.0116612963": 2,
    "0.012953907": 43
  },
  "latencyPercentiles": {
    "p10": 0.000464396,
    "p25": 0.000538596,
    "p50": 0.000676996,
    "p75": 0.000770094,
    "p90": 0.001181192,
    "p95": 0.001219291,
    "p99": 0.001613188
  },
  "rps": {
    "mean": 66373.65674981847,
    "stddev": 17669.24920954671,
    "max": 85710.774670505,
    "percentiles": {
      "p10": 41277.791704428266,
      "p25": 42356.58807043732,
      "p50": 77823.91528916845,
      "p75": 81022.46753023581,
      "p90": 82012.23698866271,
      "p95": 82529.47953008814,
      "p99": 83421.25476851099
    }
  },
  "details": {
    "DNSDialup": {
      "average": 0.0012823751999999997,
      "fastest": 0.000065799,
      "slowest": 0.00151589
    },
    "DNSLookup": {
      "average": 0.00000515998,
      "fastest": 0.0000031,
      "slowest": 0.0000439
    }
  },
  "statusCodeDistribution": {
    "200": 663525
  },
  "errorDistribution": {}
}