{
  "summary": {
    "successRate": 1,
    "total": 10.000786326,
    "slowest": 0.016818478,
    "fastest": 0.0000278,
    "average": 0.000782872677354778,
    "requestsPerSec": 63641.99566441172,
    "totalData": 8274110,
    "sizePerRequest": 13,
    "sizePerSec": 827345.9436373523
  },
  "responseTimeHistogram": {
    "0.0000278": 1,
    "0.0017068678": 630772,
    "0.0033859356000000003": 5210,
    "0.0050650034": 209,
    "0.0067440712": 20,
    "0.008423139": 136,
    "0.010102206800000001": 100,
    "0.0117812746": 1,
    "0.0134603424": 19,
    "0.0151394102": 0,
    "0.016818478": 2
  },
  "latencyPercentiles": {
    "p10": 0.0004717,
    "p25": 0.000565999,
    "p50": 0.000674999,
    "p75": 0.001105899,
    "p90": 0.001186698,
    "p95": 0.001224698,
    "p99": 0.001542498
  },
  "rps": {
    "mean": 63664.13645915305,
    "stddev": 15655.531665042354,
    "max": 88942.11549825768,
    "percentiles": {
      "p10": 41670.90488219298,
      "p25": 47833.54566557549,
      "p50": 66518.69840612184,
      "p75": 79304.06829870393,
      "p90": 81963.16384710696,
      "p95": 82860.57936957665,
      "p99": 86001.31833340056
    }
  },
  "details": {
    "DNSDialup": {
      "average": 0.0012701386599999996,
      "fastest": 0.0000669,
      "slowest": 0.001510998
    },
    "DNSLookup": {
      "average": 0.000005697979999999999,
      "fastest": 0.0000031,
      "slowest": 0.0000646
    }
  },
  "statusCodeDistribution": {
    "200": 636470
  },
  "errorDistribution": {}
}