{
  "summary": {
    "successRate": 1,
    "total": 10.000221626,
    "slowest": 0.003428734,
    "fastest": 0.000029984,
    "average": 0.0006293960966374403,
    "requestsPerSec": 79262.54333595706,
    "totalData": 10304359,
    "sizePerRequest": 13,
    "sizePerSec": 1030413.0633674418
  },
  "responseTimeHistogram": {
    "0.000029984": 1,
    "0.000369859": 78674,
    "0.0007097340000000001": 469487,
    "0.0010496090000000002": 200542,
    "0.001389484": 31545,
    "0.001729359": 10683,
    "0.002069234": 1603,
    "0.002409109": 44,
    "0.002748984": 24,
    "0.003088859": 18,
    "0.0034287339999999997": 22
  },
  "latencyPercentiles": {
    "p10": 0.000370511,
    "p25": 0.000454615,
    "p50": 0.000571623,
    "p75": 0.000780117,
    "p90": 0.000947788,
    "p95": 0.001070366,
    "p99": 0.001499644
  },
  "rps": {
    "mean": 79260.96292717235,
    "stddev": 16430.81675977521,
    "max": 105005.38756090528,
    "percentiles": {
      "p10": 58159.49077154226,
      "p25": 62549.34281089232,
      "p50": 79568.99659186187,
      "p75": 95402.43276203539,
      "p90": 100432.0380003589,
      "p95": 101810.29108833069,
      "p99": 103512.19277340335
    }
  },
  "details": {
    "DNSDialup": {
      "average": 0.0007354150000000001,
      "fastest": 0.000083366,
      "slowest": 0.001681052
    },
    "DNSLookup": {
      "average": 0.000007753700000000002,
      "fastest": 0.000004168,
      "slowest": 0.000044343
    }
  },
  "statusCodeDistribution": {
    "200": 792643
  },
  "errorDistribution": {}
}