{
  "summary": {
    "successRate": 1,
    "total": 10.000611904,
    "slowest": 0.004083336,
    "fastest": 0.000042008,
    "average": 0.0006967696848627424,
    "requestsPerSec": 71589.81939031558,
    "totalData": 9307246,
    "sizePerRequest": 13,
    "sizePerSec": 930667.6520741025
  },
  "responseTimeHistogram": {
    "0.000042008": 1,
    "0.00044614080000000004": 154092,
    "0.0008502736": 361460,
    "0.0012544064000000001": 169940,
    "0.0016585392000000002": 24268,
    "0.002062672": 5789,
    "0.0024668048000000002": 300,
    "0.0028709376000000003": 44,
    "0.0032750704000000003": 27,
    "0.0036792032000000003": 10,
    "0.004083336": 11
  },
  "latencyPercentiles": {
    "p10": 0.000381924,
    "p25": 0.00046523,
    "p50": 0.000665156,
    "p75": 0.000875901,
    "p90": 0.00101523,
    "p95": 0.001196989,
    "p99": 0.001627015
  },
  "rps": {
    "mean": 71565.61960856729,
    "stddev": 11257.5162930541,
    "max": 100871.02328749649,
    "percentiles": {
      "p10": 57035.350510244374,
      "p25": 63156.88802554348,
      "p50": 70831.88851622028,
      "p75": 79912.94095945859,
      "p90": 87008.60109157846,
      "p95": 90417.33457507924,
      "p99": 94905.3336797536
    }
  },
  "details": {
    "DNSDialup": {
      "average": 0.00088488496,
      "fastest": 0.000082983,
      "slowest": 0.001367516
    },
    "DNSLookup": {
      "average": 0.00001774238,
      "fastest": 0.000003276,
      "slowest": 0.000538418
    }
  },
  "statusCodeDistribution": {
    "200": 715942
  },
  "errorDistribution": {}
}