{
  "summary": {
    "successRate": 1,
    "total": 10.001016941,
    "slowest": 0.016577278,
    "fastest": 0.000033802,
    "average": 0.0009469869451571265,
    "requestsPerSec": 52621.348719301204,
    "totalData": 6841471,
    "sizePerRequest": 13,
    "sizePerSec": 684077.5333509156
  },
  "responseTimeHistogram": {
    "0.000033802": 2,
    "0.0016881496000000003": 507598,
    "0.0033424972000000003": 17348,
    "0.004996844800000001": 612,
    "0.006651192400000001": 151,
    "0.00830554": 224,
    "0.009959887600000002": 266,
    "0.011614235200000001": 14,
    "0.013268582800000001": 45,
    "0.014922930400000001": 4,
    "0.016577278": 3
  },
  "latencyPercentiles": {
    "p10": 0.000584839,
    "p25": 0.000674145,
    "p50": 0.000846257,
    "p75": 0.000929062,
    "p90": 0.001557801,
    "p95": 0.001633706,
    "p99": 0.002189242
  },
  "rps": {
    "mean": 52628.51598935876,
    "stddev": 14513.511710130799,
    "max": 68223.42792515036,
    "percentiles": {
      "p10": 30917.77772219023,
      "p25": 35720.185476813494,
      "p50": 60623.23688669497,
      "p75": 64816.94756530714,
      "p90": 65809.69171545557,
      "p95": 66520.15306744142,
      "p99": 67480.59630253582
    }
  },
  "details": {
    "DNSDialup": {
      "average": 0.0015570291599999997,
      "fastest": 0.000078105,
      "slowest": 0.002651873
    },
    "DNSLookup": {
      "average": 0.000011876759999999998,
      "fastest": 0.0000038,
      "slowest": 0.000100106
    }
  },
  "statusCodeDistribution": {
    "200": 526267
  },
  "errorDistribution": {}
}