{
  "summary": {
    "successRate": 1,
    "total": 10.000702033,
    "slowest": 0.004078576,
    "fastest": 0.000051568,
    "average": 0.0007072499351484895,
    "requestsPerSec": 70520.74921068695,
    "totalData": 9168341,
    "sizePerRequest": 13,
    "sizePerSec": 916769.7397389302
  },
  "responseTimeHistogram": {
    "0.000051568": 1,
    "0.0004542688": 162728,
    "0.0008569696000000001": 327743,
    "0.0012596704000000002": 184976,
    "0.0016623712000000002": 23154,
    "0.0020650720000000003": 6306,
    "0.0024677728000000003": 251,
    "0.0028704736000000003": 45,
    "0.0032731744000000004": 24,
    "0.0036758752000000004": 13,
    "0.004078576": 16
  },
  "latencyPercentiles": {
    "p10": 0.000381468,
    "p25": 0.000464756,
    "p50": 0.000683244,
    "p75": 0.000902262,
    "p90": 0.001014131,
    "p95": 0.001198085,
    "p99": 0.001648885
  },
  "rps": {
    "mean": 70508.92906131291,
    "stddev": 12187.878775100164,
    "max": 103405.32160658178,
    "percentiles": {
      "p10": 55877.39213778889,
      "p25": 60145.01252737779,
      "p50": 70313.53535555949,
      "p75": 78945.74116242946,
      "p90": 87511.52526787722,
      "p95": 92370.93241042645,
      "p99": 97951.76750912925
    }
  },
  "details": {
    "DNSDialup": {
      "average": 0.00071527028,
      "fastest": 0.000067837,
      "slowest": 0.001228133
    },
    "DNSLookup": {
      "average": 0.000006505319999999998,
      "fastest": 0.000003016,
      "slowest": 0.00003209
    }
  },
  "statusCodeDistribution": {
    "200": 705257
  },
  "errorDistribution": {}
}