{
  "summary": {
    "successRate": 1,
    "total": 10.000631096,
    "slowest": 0.010140334,
    "fastest": 0.000048577,
    "average": 0.0006821328076025261,
    "requestsPerSec": 73123.68519347692,
    "totalData": 9506679,
    "sizePerRequest": 13,
    "sizePerSec": 950607.9075152
  },
  "responseTimeHistogram": {
    "0.000048577": 1,
    "0.0010577527000000001": 675810,
    "0.0020669284000000006": 55109,
    "0.003076104100000001": 249,
    "0.004085279800000001": 17,
    "0.005094455500000001": 16,
    "0.006103631200000002": 14,
    "0.007112806900000002": 18,
    "0.008121982600000001": 25,
    "0.0091311583": 18,
    "0.010140334": 6
  },
  "latencyPercentiles": {
    "p10": 0.000385421,
    "p25": 0.000487343,
    "p50": 0.000628896,
    "p75": 0.000836373,
    "p90": 0.000997553,
    "p95": 0.001178831,
    "p99": 0.001563109
  },
  "rps": {
    "mean": 73109.99462446682,
    "stddev": 10932.411981729954,
    "max": 100641.05148490274,
    "percentiles": {
      "p10": 58434.03013492042,
      "p25": 64920.47591810491,
      "p50": 74019.31904226924,
      "p75": 79056.03491754939,
      "p90": 87101.5242766713,
      "p95": 91993.7692489938,
      "p99": 97856.8056149751
    }
  },
  "details": {
    "DNSDialup": {
      "average": 0.00061010656,
      "fastest": 0.000104701,
      "slowest": 0.000862685
    },
    "DNSLookup": {
      "average": 0.000006724940000000002,
      "fastest": 0.000003807,
      "slowest": 0.000030737
    }
  },
  "statusCodeDistribution": {
    "200": 731283
  },
  "errorDistribution": {}
}