{
  "summary": {
    "successRate": 1,
    "total": 10.000328687,
    "slowest": 0.003927743,
    "fastest": 0.000033102,
    "average": 0.0006345210995542991,
    "requestsPerSec": 78638.91524108662,
    "totalData": 10223395,
    "sizePerRequest": 13,
    "sizePerSec": 1022305.898134126
  },
  "responseTimeHistogram": {
    "0.000033102": 1,
    "0.0004225661": 131890,
    "0.0008120302": 479767,
    "0.0012014942999999999": 149829,
    "0.0015909583999999999": 19425,
    "0.0019804225": 5191,
    "0.0023698866": 151,
    "0.0027593507": 78,
    "0.0031488148": 36,
    "0.0035382789": 27,
    "0.003927743": 20
  },
  "latencyPercentiles": {
    "p10": 0.000374508,
    "p25": 0.000463257,
    "p50": 0.000577953,
    "p75": 0.000773947,
    "p90": 0.000957806,
    "p95": 0.001070812,
    "p99": 0.001511275
  },
  "rps": {
    "mean": 78631.02191997213,
    "stddev": 16369.77301554832,
    "max": 101758.58241589725,
    "percentiles": {
      "p10": 56979.519674683295,
      "p25": 61704.52128861206,
      "p50": 81235.2804823158,
      "p75": 94516.62547442182,
      "p90": 97888.3453774204,
      "p95": 99021.81450573092,
      "p99": 100411.49711641898
    }
  },
  "details": {
    "DNSDialup": {
      "average": 0.00089503698,
      "fastest": 0.000094527,
      "slowest": 0.001646873
    },
    "DNSLookup": {
      "average": 0.00001094284,
      "fastest": 0.000004459,
      "slowest": 0.000063158
    }
  },
  "statusCodeDistribution": {
    "200": 786415
  },
  "errorDistribution": {}
}