{
  "summary": {
    "successRate": 1,
    "total": 10.000619482,
    "slowest": 0.004242876,
    "fastest": 0.000043839,
    "average": 0.0006255809391841985,
    "requestsPerSec": 79735.86050696614,
    "totalData": 10366304,
    "sizePerRequest": 13,
    "sizePerSec": 1036566.1865905599
  },
  "responseTimeHistogram": {
    "0.000043839": 1,
    "0.0004637426999999999": 206036,
    "0.0008836463999999998": 475699,
    "0.0013035500999999997": 99811,
    "0.0017234537999999996": 13305,
    "0.0021433574999999996": 2421,
    "0.0025632611999999995": 71,
    "0.0029831648999999994": 27,
    "0.0034030685999999993": 16,
    "0.0038229722999999992": 10,
    "0.004242876": 11
  },
  "latencyPercentiles": {
    "p10": 0.000369257,
    "p25": 0.000459845,
    "p50": 0.000573124,
    "p75": 0.000738007,
    "p90": 0.00095923,
    "p95": 0.001078579,
    "p99": 0.001478303
  },
  "rps": {
    "mean": 79733.95562742311,
    "stddev": 11998.336312950056,
    "max": 100081.49636247748,
    "percentiles": {
      "p10": 61167.61122671089,
      "p25": 72224.1011825637,
      "p50": 82756.54604782007,
      "p75": 89029.7893675223,
      "p90": 92960.2475364283,
      "p95": 94414.41708148827,
      "p99": 96348.49310552828
    }
  },
  "details": {
    "DNSDialup": {
      "average": 0.0008576539399999999,
      "fastest": 0.000131255,
      "slowest": 0.001317631
    },
    "DNSLookup": {
      "average": 0.00000800228,
      "fastest": 0.000003797,
      "slowest": 0.000044173
    }
  },
  "statusCodeDistribution": {
    "200": 797408
  },
  "errorDistribution": {}
}