{
  "summary": {
    "successRate": 1,
    "total": 10.000683497,
    "slowest": 0.004486086,
    "fastest": 0.00005362,
    "average": 0.0006855349804557805,
    "requestsPerSec": 72763.42664161806,
    "totalData": 9459892,
    "sizePerRequest": 13,
    "sizePerSec": 945924.5463410349
  },
  "responseTimeHistogram": {
    "0.00005362": 1,
    "0.0004968666000000001": 231799,
    "0.0009401132000000001": 382312,
    "0.0013833598000000003": 95717,
    "0.0018266064000000003": 15952,
    "0.002269853": 1753,
    "0.0027130996000000003": 84,
    "0.0031563462": 34,
    "0.0035995928000000003": 13,
    "0.0040428394000000005": 7,
    "0.004486086": 12
  },
  "latencyPercentiles": {
    "p10": 0.000372301,
    "p25": 0.000455202,
    "p50": 0.000658996,
    "p75": 0.000866356,
    "p90": 0.000997899,
    "p95": 0.001167992,
    "p99": 0.001600074
  },
  "rps": {
    "mean": 72743.56611542673,
    "stddev": 12341.289583677062,
    "max": 102849.05942277411,
    "percentiles": {
      "p10": 57423.91131667302,
      "p25": 62452.41006252456,
      "p50": 72223.8410899438,
      "p75": 82156.91148524899,
      "p90": 89907.08467827183,
      "p95": 93636.01325645029,
      "p99": 98450.64799613686
    }
  },
  "details": {
    "DNSDialup": {
      "average": 0.0006964477199999999,
      "fastest": 0.000084274,
      "slowest": 0.001340247
    },
    "DNSLookup": {
      "average": 0.000006036120000000001,
      "fastest": 0.000003307,
      "slowest": 0.000028563
    }
  },
  "statusCodeDistribution": {
    "200": 727684
  },
  "errorDistribution": {}
}