{
  "summary": {
    "successRate": 1,
    "total": 10.000803328,
    "slowest": 0.004887392,
    "fastest": 0.0000426,
    "average": 0.0006225592138547961,
    "requestsPerSec": 80125.96325701887,
    "totalData": 10417212,
    "sizePerRequest": 13,
    "sizePerSec": 1041637.5223412453
  },
  "responseTimeHistogram": {
    "0.0000426": 1,
    "0.0005270791999999999": 324112,
    "0.0010115584": 421117,
    "0.0014960376": 49284,
    "0.0019805167999999997": 6477,
    "0.0024649959999999997": 251,
    "0.0029494751999999996": 38,
    "0.0034339543999999996": 13,
    "0.0039184336": 10,
    "0.0044029128": 8,
    "0.004887392": 13
  },
  "latencyPercentiles": {
    "p10": 0.000362156,
    "p25": 0.000455908,
    "p50": 0.000572816,
    "p75": 0.000739419,
    "p90": 0.000951253,
    "p95": 0.001071277,
    "p99": 0.001459162
  },
  "rps": {
    "mean": 80126.52048562083,
    "stddev": 12279.34029051879,
    "max": 99523.89568735374,
    "percentiles": {
      "p10": 60507.757094457724,
      "p25": 72779.839483915,
      "p50": 82907.79333257185,
      "p75": 89431.60755367315,
      "p90": 93941.92864884998,
      "p95": 95605.06706855135,
      "p99": 98120.03611137802
    }
  },
  "details": {
    "DNSDialup": {
      "average": 0.0008874995800000001,
      "fastest": 0.000152041,
      "slowest": 0.001402216
    },
    "DNSLookup": {
      "average": 0.000008298339999999996,
      "fastest": 0.000004078,
      "slowest": 0.000045766
    }
  },
  "statusCodeDistribution": {
    "200": 801324
  },
  "errorDistribution": {}
}