{
  "summary": {
    "successRate": 1,
    "total": 10.000764021,
    "slowest": 0.003074211,
    "fastest": 0.000029865,
    "average": 0.0004963110938682863,
    "requestsPerSec": 100564.11669030022,
    "totalData": 13074334,
    "sizePerRequest": 13,
    "sizePerSec": 1307333.5169739027
  },
  "responseTimeHistogram": {
    "0.000029865": 1,
    "0.0003342996": 133559,
    "0.0006387342": 729433,
    "0.0009431688": 124548,
    "0.0012476034": 16743,
    "0.001552038": 1246,
    "0.0018564726": 153,
    "0.0021609072": 24,
    "0.0024653418": 7,
    "0.0027697764": 1,
    "0.003074211": 3
  },
  "latencyPercentiles": {
    "p10": 0.000309077,
    "p25": 0.000396463,
    "p50": 0.000481868,
    "p75": 0.000579741,
    "p90": 0.000684274,
    "p95": 0.000786929,
    "p99": 0.001021077
  },
  "rps": {
    "mean": 100562.85686696017,
    "stddev": 7167.493591198941,
    "max": 118620.85755760813,
    "percentiles": {
      "p10": 91844.92512525954,
      "p25": 95898.22855551325,
      "p50": 101005.650079005,
      "p75": 105417.05509798083,
      "p90": 109177.61436605763,
      "p95": 110829.5582431804,
      "p99": 115480.12010733114
    }
  },
  "details": {
    "DNSDialup": {
      "average": 0.0006857314200000001,
      "fastest": 0.00008275,
      "slowest": 0.001038317
    },
    "DNSLookup": {
      "average": 0.000004189339999999998,
      "fastest": 0.000002003,
      "slowest": 0.000030987
    }
  },
  "statusCodeDistribution": {
    "200": 1005718
  },
  "errorDistribution": {}
}