{
  "summary": {
    "successRate": 1,
    "total": 10.000113902,
    "slowest": 0.00636386,
    "fastest": 0.000044914,
    "average": 0.0006261319110373435,
    "requestsPerSec": 79683.09239364101,
    "totalData": 10358920,
    "sizePerRequest": 13,
    "sizePerSec": 1035880.2011173331
  },
  "responseTimeHistogram": {
    "0.000044914": 1,
    "0.0006768086": 543315,
    "0.0013087032": 236185,
    "0.0019405978000000001": 16798,
    "0.0025724924": 429,
    "0.0032043870000000004": 78,
    "0.0038362816": 30,
    "0.0044681762": 2,
    "0.0051000708": 1,
    "0.0057319654000000005": 0,
    "0.006363860000000001": 1
  },
  "latencyPercentiles": {
    "p10": 0.000362774,
    "p25": 0.000457465,
    "p50": 0.000572731,
    "p75": 0.000750828,
    "p90": 0.000953903,
    "p95": 0.001067556,
    "p99": 0.001508944
  },
  "rps": {
    "mean": 79654.34595578551,
    "stddev": 16298.35994108352,
    "max": 100404.49812151561,
    "percentiles": {
      "p10": 56328.03446275403,
      "p25": 63105.74893372846,
      "p50": 84433.03864802871,
      "p75": 94526.7699812592,
      "p90": 97551.75150464405,
      "p95": 98574.92680186279,
      "p99": 99695.04925996801
    }
  },
  "details": {
    "DNSDialup": {
      "average": 0.0009146552200000001,
      "fastest": 0.000089507,
      "slowest": 0.00187955
    },
    "DNSLookup": {
      "average": 0.000032344119999999996,
      "fastest": 0.000004178,
      "slowest": 0.001117074
    }
  },
  "statusCodeDistribution": {
    "200": 796840
  },
  "errorDistribution": {}
}