{
  "summary": {
    "successRate": 1,
    "total": 10.000660593,
    "slowest": 0.005781943,
    "fastest": 0.000046497,
    "average": 0.0006755905538233834,
    "requestsPerSec": 73840.32216000634,
    "totalData": 9599876,
    "sizePerRequest": 13,
    "sizePerSec": 959924.1880800824
  },
  "responseTimeHistogram": {
    "0.000046497": 1,
    "0.0006200416": 352981,
    "0.0011935862": 351464,
    "0.0017671308": 30977,
    "0.0023406754": 2941,
    "0.00291422": 51,
    "0.0034877646": 17,
    "0.004061309200000001": 15,
    "0.004634853800000001": 2,
    "0.0052083984000000005": 0,
    "0.005781943": 3
  },
  "latencyPercentiles": {
    "p10": 0.000368657,
    "p25": 0.000446841,
    "p50": 0.000640711,
    "p75": 0.000854646,
    "p90": 0.000993509,
    "p95": 0.0011652,
    "p99": 0.001593073
  },
  "rps": {
    "mean": 73819.72250804196,
    "stddev": 12057.086468924072,
    "max": 101915.9192665872,
    "percentiles": {
      "p10": 57786.92887711038,
      "p25": 64251.29323296183,
      "p50": 74081.67790689776,
      "p75": 82576.39141970265,
      "p90": 90168.47077078848,
      "p95": 93648.49199300486,
      "p99": 99447.44637667244
    }
  },
  "details": {
    "DNSDialup": {
      "average": 0.0007212211199999999,
      "fastest": 0.000114281,
      "slowest": 0.001250095
    },
    "DNSLookup": {
      "average": 0.0000064560000000000005,
      "fastest": 0.000003587,
      "slowest": 0.000034203
    }
  },
  "statusCodeDistribution": {
    "200": 738452
  },
  "errorDistribution": {}
}