{
  "summary": {
    "successRate": 1,
    "total": 10.000695309,
    "slowest": 0.005197382,
    "fastest": 0.000031927,
    "average": 0.000679214833518456,
    "requestsPerSec": 73460.09225367152,
    "totalData": 9550476,
    "sizePerRequest": 13,
    "sizePerSec": 954981.1992977298
  },
  "responseTimeHistogram": {
    "0.000031927": 1,
    "0.0005484725": 258901,
    "0.001065018": 422909,
    "0.0015815635000000002": 46108,
    "0.0020981090000000003": 6300,
    "0.0026146545000000003": 274,
    "0.0031312000000000006": 54,
    "0.0036477455000000006": 22,
    "0.0041642910000000005": 21,
    "0.0046808365000000005": 56,
    "0.005197382": 6
  },
  "latencyPercentiles": {
    "p10": 0.00040834,
    "p25": 0.000496316,
    "p50": 0.000621549,
    "p75": 0.000827362,
    "p90": 0.001000504,
    "p95": 0.001159462,
    "p99": 0.001561053
  },
  "rps": {
    "mean": 73471.16465272565,
    "stddev": 9334.763222146412,
    "max": 98251.61206257158,
    "percentiles": {
      "p10": 61714.83624663473,
      "p25": 67352.85487137765,
      "p50": 74028.45653869241,
      "p75": 80320.97907763973,
      "p90": 84922.54693621589,
      "p95": 87347.56497627123,
      "p99": 92241.22797464176
    }
  },
  "details": {
    "DNSDialup": {
      "average": 0.0006608594799999999,
      "fastest": 0.000090962,
      "slowest": 0.00103978
    },
    "DNSLookup": {
      "average": 0.000005549559999999999,
      "fastest": 0.000002584,
      "slowest": 0.000029876
    }
  },
  "statusCodeDistribution": {
    "200": 734652
  },
  "errorDistribution": {}
}