{
  "summary": {
    "successRate": 1,
    "total": 10.000753274,
    "slowest": 0.003530211,
    "fastest": 0.000028505,
    "average": 0.00047019291845617274,
    "requestsPerSec": 106105.5073480058,
    "totalData": 13794755,
    "sizePerRequest": 13,
    "sizePerSec": 1379371.5955240754
  },
  "responseTimeHistogram": {
    "0.000028505": 1,
    "0.0003786756": 315025,
    "0.0007288462": 678911,
    "0.0010790168": 61911,
    "0.0014291874": 4789,
    "0.0017793580000000002": 329,
    "0.0021295285999999997": 79,
    "0.0024796991999999998": 56,
    "0.0028298698": 15,
    "0.0031800404": 0,
    "0.003530211": 19
  },
  "latencyPercentiles": {
    "p10": 0.000296939,
    "p25": 0.000363849,
    "p50": 0.000451332,
    "p75": 0.000552614,
    "p90": 0.000671283,
    "p95": 0.000764328,
    "p99": 0.000990105
  },
  "rps": {
    "mean": 106098.88466222353,
    "stddev": 8592.547763228327,
    "max": 131384.0463744677,
    "percentiles": {
      "p10": 95913.25521187866,
      "p25": 101026.12242580231,
      "p50": 106516.68051216938,
      "p75": 111660.19888734138,
      "p90": 116514.44186972905,
      "p95": 118556.75837160274,
      "p99": 121600.24316039152
    }
  },
  "details": {
    "DNSDialup": {
      "average": 0.00051477424,
      "fastest": 0.000073426,
      "slowest": 0.00201686
    },
    "DNSLookup": {
      "average": 0.000006647660000000001,
      "fastest": 0.000003592,
      "slowest": 0.00004007
    }
  },
  "statusCodeDistribution": {
    "200": 1061135
  },
  "errorDistribution": {}
}