{
  "summary": {
    "successRate": 1,
    "total": 10.001198231,
    "slowest": 0.011460959,
    "fastest": 0.0000933,
    "average": 0.0009427634704124349,
    "requestsPerSec": 52933.15738498934,
    "totalData": 6882135,
    "sizePerRequest": 13,
    "sizePerSec": 688131.0460048615
  },
  "responseTimeHistogram": {
    "0.0000933": 1,
    "0.0012300659": 458171,
    "0.0023668318": 69664,
    "0.0035035977": 834,
    "0.0046403636": 621,
    "0.0057771294999999995": 92,
    "0.0069138954": 5,
    "0.0080506613": 3,
    "0.009187427199999999": 2,
    "0.010324193099999998": 1,
    "0.011460958999999998": 1
  },
  "latencyPercentiles": {
    "p10": 0.000765897,
    "p25": 0.000775797,
    "p50": 0.000787597,
    "p75": 0.000803497,
    "p90": 0.001919594,
    "p95": 0.001979493,
    "p99": 0.002049793
  },
  "rps": {
    "mean": 52912.8280227165,
    "stddev": 14968.92745187485,
    "max": 63004.62453943906,
    "percentiles": {
      "p10": 25047.17384722334,
      "p25": 47493.51025436785,
      "p50": 61368.33363950512,
      "p75": 61928.703954282944,
      "p90": 62200.217700759196,
      "p95": 62309.5582862419,
      "p99": 62480.18707208733
    }
  },
  "details": {
    "DNSDialup": {
      "average": 0.0013254673999999994,
      "fastest": 0.0000712,
      "slowest": 0.001567495
    },
    "DNSLookup": {
      "average": 0.000005569979999999999,
      "fastest": 0.0000031,
      "slowest": 0.0000753
    }
  },
  "statusCodeDistribution": {
    "200": 529395
  },
  "errorDistribution": {}
}