{
  "summary": {
    "successRate": 1,
    "total": 10.000240332,
    "slowest": 0.004055836,
    "fastest": 0.000037067,
    "average": 0.0006251089172764427,
    "requestsPerSec": 79809.68191795252,
    "totalData": 10375508,
    "sizePerRequest": 13,
    "sizePerSec": 1037525.8649333828
  },
  "responseTimeHistogram": {
    "0.000037067": 1,
    "0.0004389439": 163066,
    "0.0008408208": 488700,
    "0.0012426976999999999": 128115,
    "0.0016445746": 14342,
    "0.0020464515": 3754,
    "0.0024483283999999998": 73,
    "0.0028502053": 25,
    "0.0032520822": 17,
    "0.0036539591": 13,
    "0.004055836": 10
  },
  "latencyPercentiles": {
    "p10": 0.000367743,
    "p25": 0.000460511,
    "p50": 0.000574995,
    "p75": 0.000749766,
    "p90": 0.000944798,
    "p95": 0.001052081,
    "p99": 0.00147768
  },
  "rps": {
    "mean": 79752.57280521613,
    "stddev": 16030.909016319185,
    "max": 100603.57127631972,
    "percentiles": {
      "p10": 56405.3528679854,
      "p25": 62675.64221975599,
      "p50": 84346.67042520354,
      "p75": 94699.96215031372,
      "p90": 97272.22462678481,
      "p95": 98185.73029372527,
      "p99": 99726.148196057
    }
  },
  "details": {
    "DNSDialup": {
      "average": 0.0010472992000000003,
      "fastest": 0.000170698,
      "slowest": 0.001606296
    },
    "DNSLookup": {
      "average": 0.000008626040000000001,
      "fastest": 0.000004769,
      "slowest": 0.000045024
    }
  },
  "statusCodeDistribution": {
    "200": 798116
  },
  "errorDistribution": {}
}