{
  "summary": {
    "successRate": 1,
    "total": 10.000243938,
    "slowest": 0.005079907,
    "fastest": 0.000038724,
    "average": 0.0006096642836799516,
    "requestsPerSec": 81843.403528383,
    "totalData": 10639902,
    "sizePerRequest": 13,
    "sizePerSec": 1063964.245868979
  },
  "responseTimeHistogram": {
    "0.000038724": 1,
    "0.0005428422999999999": 371717,
    "0.0010469605999999998": 408654,
    "0.0015510788999999997": 33258,
    "0.0020551971999999996": 4669,
    "0.0025593154999999997": 103,
    "0.0030634337999999994": 38,
    "0.003567552099999999": 4,
    "0.0040716704": 0,
    "0.0045757887": 9,
    "0.005079907": 1
  },
  "latencyPercentiles": {
    "p10": 0.000362967,
    "p25": 0.000453454,
    "p50": 0.000563902,
    "p75": 0.000717537,
    "p90": 0.000915867,
    "p95": 0.001035049,
    "p99": 0.001428787
  },
  "rps": {
    "mean": 81853.80965445255,
    "stddev": 15018.003757540992,
    "max": 100701.04729089119,
    "percentiles": {
      "p10": 58148.32125495966,
      "p25": 68217.07414264364,
      "p50": 87158.79732468049,
      "p75": 94604.5270865226,
      "p90": 97402.73701690946,
      "p95": 98500.65782222166,
      "p99": 99669.17040426722
    }
  },
  "details": {
    "DNSDialup": {
      "average": 0.0010857596600000003,
      "fastest": 0.000088716,
      "slowest": 0.002513799
    },
    "DNSLookup": {
      "average": 0.0000075088999999999985,
      "fastest": 0.000003486,
      "slowest": 0.000041969
    }
  },
  "statusCodeDistribution": {
    "200": 818454
  },
  "errorDistribution": {}
}