{
  "summary": {
    "successRate": 1,
    "total": 10.000885385,
    "slowest": 0.016400527,
    "fastest": 0.0000351,
    "average": 0.0011402476868062684,
    "requestsPerSec": 43710.92989983306,
    "totalData": 5682924,
    "sizePerRequest": 13,
    "sizePerSec": 568242.0886978299
  },
  "responseTimeHistogram": {
    "0.0000351": 1,
    "0.0016716427000000001": 378749,
    "0.0033081854000000005": 49062,
    "0.0049447281": 7291,
    "0.0065812708000000004": 1274,
    "0.0082178135": 293,
    "0.0098543562": 412,
    "0.011490898900000001": 25,
    "0.013127441600000001": 35,
    "0.014763984300000001": 5,
    "0.016400527": 1
  },
  "latencyPercentiles": {
    "p10": 0.000598905,
    "p25": 0.000741606,
    "p50": 0.000906407,
    "p75": 0.001100608,
    "p90": 0.002366718,
    "p95": 0.002979623,
    "p99": 0.003772728
  },
  "rps": {
    "mean": 43719.05226711843,
    "stddev": 16394.94565621709,
    "max": 68721.48233537926,
    "percentiles": {
      "p10": 16982.40883712271,
      "p25": 29566.898063558656,
      "p50": 49918.599670238655,
      "p75": 57391.12220650595,
      "p90": 60957.45850037889,
      "p95": 62871.471555193995,
      "p99": 65511.563294086314
    }
  },
  "details": {
    "DNSDialup": {
      "average": 0.0021437507600000003,
      "fastest": 0.000155601,
      "slowest": 0.00379933
    },
    "DNSLookup": {
      "average": 0.00001579808,
      "fastest": 0.0000053,
      "slowest": 0.000164101
    }
  },
  "statusCodeDistribution": {
    "200": 437148
  },
  "errorDistribution": {}
}