{
  "summary": {
    "successRate": 1,
    "total": 10.000780034,
    "slowest": 0.017024095,
    "fastest": 0.0000413,
    "average": 0.0013487067944058025,
    "requestsPerSec": 36946.11807717318,
    "totalData": 4803370,
    "sizePerRequest": 13,
    "sizePerSec": 480299.53500325134
  },
  "responseTimeHistogram": {
    "0.0000413": 1,
    "0.0017395794999999997": 288359,
    "0.0034378589999999997": 74212,
    "0.005136138499999999": 5410,
    "0.006834417999999999": 1176,
    "0.008532697499999999": 182,
    "0.010230976999999997": 129,
    "0.011929256499999997": 5,
    "0.013627535999999997": 12,
    "0.015325815499999998": 3,
    "0.017024095": 1
  },
  "latencyPercentiles": {
    "p10": 0.000685104,
    "p25": 0.000842207,
    "p50": 0.001021005,
    "p75": 0.001513512,
    "p90": 0.002699922,
    "p95": 0.002948416,
    "p99": 0.004244136
  },
  "rps": {
    "mean": 36934.36835906308,
    "stddev": 13522.916701907794,
    "max": 61690.98031039864,
    "percentiles": {
      "p10": 17957.74985358909,
      "p25": 24666.216458081828,
      "p50": 38903.197295744205,
      "p75": 48072.18037883454,
      "p90": 54461.078099083286,
      "p95": 56701.95621749142,
      "p99": 58725.516236804935
    }
  },
  "details": {
    "DNSDialup": {
      "average": 0.0026030589800000005,
      "fastest": 0.000115301,
      "slowest": 0.004177733
    },
    "DNSLookup": {
      "average": 0.0000139021,
      "fastest": 0.0000073,
      "slowest": 0.000067301
    }
  },
  "statusCodeDistribution": {
    "200": 369490
  },
  "errorDistribution": {}
}