{
  "summary": {
    "successRate": 1,
    "total": 10.000351864,
    "slowest": 0.004270485,
    "fastest": 0.000041587,
    "average": 0.0006478558848918774,
    "requestsPerSec": 77004.89047512178,
    "totalData": 10010988,
    "sizePerRequest": 13,
    "sizePerSec": 1001063.5761765832
  },
  "responseTimeHistogram": {
    "0.000041587": 1,
    "0.0004644768": 180126,
    "0.0008873666000000001": 459498,
    "0.0013102564000000002": 111785,
    "0.0017331462000000001": 15325,
    "0.002156036": 3175,
    "0.0025789258000000004": 89,
    "0.0030018156000000003": 34,
    "0.0034247054000000002": 22,
    "0.0038475952": 17,
    "0.004270485": 4
  },
  "latencyPercentiles": {
    "p10": 0.000378416,
    "p25": 0.000472011,
    "p50": 0.000590802,
    "p75": 0.000785817,
    "p90": 0.000982533,
    "p95": 0.001103901,
    "p99": 0.001556205
  },
  "rps": {
    "mean": 76968.84436100998,
    "stddev": 15466.717975498323,
    "max": 99907.59297706661,
    "percentiles": {
      "p10": 55392.55160943498,
      "p25": 60236.26825711761,
      "p50": 80589.0215500474,
      "p75": 91314.72408236624,
      "p90": 94919.52494628241,
      "p95": 96375.77879912026,
      "p99": 97677.81991912458
    }
  },
  "details": {
    "DNSDialup": {
      "average": 0.0011100123600000001,
      "fastest": 0.000093565,
      "slowest": 0.001873688
    },
    "DNSLookup": {
      "average": 0.000011840099999999999,
      "fastest": 0.000005219,
      "slowest": 0.000083907
    }
  },
  "statusCodeDistribution": {
    "200": 770076
  },
  "errorDistribution": {}
}