{
  "summary": {
    "successRate": 1,
    "total": 10.001648339,
    "slowest": 0.016826355,
    "fastest": 0.0000695,
    "average": 0.0009384914382784698,
    "requestsPerSec": 53164.73664911565,
    "totalData": 6912555,
    "sizePerRequest": 13,
    "sizePerSec": 691141.5764385035
  },
  "responseTimeHistogram": {
    "0.0000695": 1,
    "0.0017451855": 498633,
    "0.0034208710000000002": 31884,
    "0.0050965565": 590,
    "0.006772242": 217,
    "0.0084479275": 205,
    "0.010123613": 138,
    "0.011799298500000001": 51,
    "0.013474984": 12,
    "0.0151506695": 2,
    "0.016826355": 2
  },
  "latencyPercentiles": {
    "p10": 0.000776807,
    "p25": 0.000789308,
    "p50": 0.000804608,
    "p75": 0.000827708,
    "p90": 0.001530214,
    "p95": 0.00210692,
    "p99": 0.002313221
  },
  "rps": {
    "mean": 53157.35010390892,
    "stddev": 12069.730166760439,
    "max": 60176.47226094966,
    "percentiles": {
      "p10": 23711.22461241191,
      "p25": 57046.81832379851,
      "p50": 58556.260855431436,
      "p75": 59111.27843192473,
      "p90": 59511.3488142183,
      "p95": 59690.77773477893,
      "p99": 59955.20675437961
    }
  },
  "details": {
    "DNSDialup": {
      "average": 0.0016227809999999996,
      "fastest": 0.000141801,
      "slowest": 0.001980719
    },
    "DNSLookup": {
      "average": 0.000007716060000000001,
      "fastest": 0.0000039,
      "slowest": 0.0000401
    }
  },
  "statusCodeDistribution": {
    "200": 531735
  },
  "errorDistribution": {}
}