{
  "summary": {
    "successRate": 1,
    "total": 10.000094897,
    "slowest": 0.003798371,
    "fastest": 0.000040105,
    "average": 0.0006137123676340282,
    "requestsPerSec": 81303.7284520081,
    "totalData": 10569585,
    "sizePerRequest": 13,
    "sizePerSec": 1056948.4698761054
  },
  "responseTimeHistogram": {
    "0.000040105": 1,
    "0.0004159316": 138400,
    "0.0007917582": 511769,
    "0.0011675848": 138492,
    "0.0015434113999999999": 18157,
    "0.0019192379999999998": 5717,
    "0.0022950646": 381,
    "0.0026708912": 72,
    "0.0030467178": 37,
    "0.0034225443999999997": 8,
    "0.0037983709999999996": 11
  },
  "latencyPercentiles": {
    "p10": 0.000362855,
    "p25": 0.000454772,
    "p50": 0.000563433,
    "p75": 0.000719083,
    "p90": 0.000936513,
    "p95": 0.001045223,
    "p99": 0.0014719
  },
  "rps": {
    "mean": 81300.00829945493,
    "stddev": 16137.05878690938,
    "max": 101275.30755738448,
    "percentiles": {
      "p10": 56661.642200548464,
      "p25": 65105.90930213643,
      "p50": 87887.83265194405,
      "p75": 95115.32307855063,
      "p90": 98333.17261567664,
      "p95": 99328.17940450172,
      "p99": 100382.41492440147
    }
  },
  "details": {
    "DNSDialup": {
      "average": 0.0006375980599999998,
      "fastest": 0.000131485,
      "slowest": 0.001039468
    },
    "DNSLookup": {
      "average": 0.000007495280000000001,
      "fastest": 0.000003907,
      "slowest": 0.000030226
    }
  },
  "statusCodeDistribution": {
    "200": 813045
  },
  "errorDistribution": {}
}