{
  "summary": {
    "successRate": 1,
    "total": 10.000448425,
    "slowest": 0.005052262,
    "fastest": 0.00003577,
    "average": 0.0005991145663834142,
    "requestsPerSec": 83295.66481415057,
    "totalData": 10828922,
    "sizePerRequest": 13,
    "sizePerSec": 1082843.6425839574
  },
  "responseTimeHistogram": {
    "0.00003577": 1,
    "0.0005374192": 382474,
    "0.0010390684000000001": 414800,
    "0.0015407176000000002": 30728,
    "0.0020423668": 4789,
    "0.002544016": 131,
    "0.0030456652000000004": 42,
    "0.0035473144000000003": 23,
    "0.0040489636": 2,
    "0.0045506128": 1,
    "0.005052262": 3
  },
  "latencyPercentiles": {
    "p10": 0.000352168,
    "p25": 0.000445595,
    "p50": 0.000555672,
    "p75": 0.000701159,
    "p90": 0.000906683,
    "p95": 0.001011298,
    "p99": 0.001425759
  },
  "rps": {
    "mean": 83304.67536768195,
    "stddev": 15807.577117603483,
    "max": 103172.17223277366,
    "percentiles": {
      "p10": 58699.74260262606,
      "p25": 67954.32427041717,
      "p50": 89326.65507387581,
      "p75": 96747.63853721527,
      "p90": 99737.86049184151,
      "p95": 100659.07103821063,
      "p99": 101438.46546610919
    }
  },
  "details": {
    "DNSDialup": {
      "average": 0.0006651154199999999,
      "fastest": 0.000099465,
      "slowest": 0.000933183
    },
    "DNSLookup": {
      "average": 0.000007834500000000003,
      "fastest": 0.000003857,
      "slowest": 0.000059932
    }
  },
  "statusCodeDistribution": {
    "200": 832994
  },
  "errorDistribution": {}
}