{
  "summary": {
    "successRate": 1,
    "total": 10.000591777,
    "slowest": 0.006765461,
    "fastest": 0.000033125,
    "average": 0.0007032668430935385,
    "requestsPerSec": 70921.50302857022,
    "totalData": 9220341,
    "sizePerRequest": 13,
    "sizePerSec": 921979.539371413
  },
  "responseTimeHistogram": {
    "0.000033125": 1,
    "0.0007063586": 386257,
    "0.0013795922": 301889,
    "0.0020528258000000006": 20583,
    "0.0027260594000000004": 454,
    "0.0033992930000000003": 44,
    "0.004072526600000001": 20,
    "0.004745760200000001": 7,
    "0.005418993800000001": 0,
    "0.0060922274000000005": 1,
    "0.006765461": 1
  },
  "latencyPercentiles": {
    "p10": 0.00037235,
    "p25": 0.000466495,
    "p50": 0.000667791,
    "p75": 0.000899582,
    "p90": 0.001030017,
    "p95": 0.001203774,
    "p99": 0.001655423
  },
  "rps": {
    "mean": 70943.56164193971,
    "stddev": 12347.201453553487,
    "max": 102002.89688227154,
    "percentiles": {
      "p10": 55795.41015135873,
      "p25": 61047.28278544161,
      "p50": 70248.77989093238,
      "p75": 79549.25689987201,
      "p90": 88724.61827815563,
      "p95": 92612.4471128874,
      "p99": 97572.76000713657
    }
  },
  "details": {
    "DNSDialup": {
      "average": 0.0007094119799999997,
      "fastest": 0.000091732,
      "slowest": 0.001466086
    },
    "DNSLookup": {
      "average": 0.00002569748,
      "fastest": 0.000003567,
      "slowest": 0.000972776
    }
  },
  "statusCodeDistribution": {
    "200": 709257
  },
  "errorDistribution": {}
}