{
  "summary": {
    "successRate": 1,
    "total": 10.000703563,
    "slowest": 0.005334457,
    "fastest": 0.00004271,
    "average": 0.0006995454653872792,
    "requestsPerSec": 71315.58249948299,
    "totalData": 9271678,
    "sizePerRequest": 13,
    "sizePerSec": 927102.5724932789
  },
  "responseTimeHistogram": {
    "0.00004271": 1,
    "0.0005718847": 277651,
    "0.0011010594": 388695,
    "0.0016302341": 39592,
    "0.0021594088": 6974,
    "0.0026885835": 244,
    "0.0032177582": 25,
    "0.0037469329": 14,
    "0.0042761076": 7,
    "0.0048052823": 1,
    "0.005334457": 2
  },
  "latencyPercentiles": {
    "p10": 0.000384226,
    "p25": 0.000473853,
    "p50": 0.00066717,
    "p75": 0.000877396,
    "p90": 0.00100379,
    "p95": 0.001203762,
    "p99": 0.00163444
  },
  "rps": {
    "mean": 71310.28593466115,
    "stddev": 11502.896871300041,
    "max": 101590.45161965734,
    "percentiles": {
      "p10": 57197.76125955571,
      "p25": 61706.21998697547,
      "p50": 70345.85509595448,
      "p75": 80317.48511650304,
      "p90": 87035.85006664308,
      "p95": 91020.77093992708,
      "p99": 97660.11956960459
    }
  },
  "details": {
    "DNSDialup": {
      "average": 0.0006645684199999999,
      "fastest": 0.000085038,
      "slowest": 0.001391993
    },
    "DNSLookup": {
      "average": 0.0000069929199999999984,
      "fastest": 0.000003496,
      "slowest": 0.000039954
    }
  },
  "statusCodeDistribution": {
    "200": 713206
  },
  "errorDistribution": {}
}