{
  "summary": {
    "successRate": 1,
    "total": 10.000306379,
    "slowest": 0.004328073,
    "fastest": 0.000039584,
    "average": 0.0006222572531534063,
    "requestsPerSec": 80189.24316998669,
    "totalData": 10424921,
    "sizePerRequest": 13,
    "sizePerSec": 1042460.1612098269
  },
  "responseTimeHistogram": {
    "0.000039584": 1,
    "0.00046843290000000005": 209633,
    "0.0008972818": 493318,
    "0.0013261307000000003": 85313,
    "0.0017549796000000002": 11835,
    "0.0021838285000000002": 1691,
    "0.0026126774000000005": 63,
    "0.0030415263000000002": 45,
    "0.0034703752000000004": 6,
    "0.0038992241000000006": 8,
    "0.004328073": 4
  },
  "latencyPercentiles": {
    "p10": 0.000362646,
    "p25": 0.000462838,
    "p50": 0.000578475,
    "p75": 0.000741395,
    "p90": 0.00092802,
    "p95": 0.001041143,
    "p99": 0.001468043
  },
  "rps": {
    "mean": 80199.14832282091,
    "stddev": 15519.960235589633,
    "max": 99832.67523460556,
    "percentiles": {
      "p10": 57314.52923315752,
      "p25": 64524.325670780425,
      "p50": 85908.11805621602,
      "p75": 94292.15171987514,
      "p90": 96642.28036278569,
      "p95": 97636.53360402583,
      "p99": 98662.4450002115
    }
  },
  "details": {
    "DNSDialup": {
      "average": 0.0012434564599999997,
      "fastest": 0.000121464,
      "slowest": 0.00288919
    },
    "DNSLookup": {
      "average": 0.000010859219999999996,
      "fastest": 0.000004007,
      "slowest": 0.000196582
    }
  },
  "statusCodeDistribution": {
    "200": 801917
  },
  "errorDistribution": {}
}