{
  "summary": {
    "successRate": 1,
    "total": 10.000705143,
    "slowest": 0.004879831,
    "fastest": 0.000045996,
    "average": 0.0006900429890365104,
    "requestsPerSec": 72307.60128011106,
    "totalData": 9400651,
    "sizePerRequest": 13,
    "sizePerSec": 939998.8166414438
  },
  "responseTimeHistogram": {
    "0.000045996": 1,
    "0.0005293795": 213093,
    "0.001012763": 433238,
    "0.0014961465": 65679,
    "0.00197953": 9971,
    "0.0024629135": 960,
    "0.002946297": 123,
    "0.0034296805": 36,
    "0.003913064": 17,
    "0.0043964475": 8,
    "0.004879831": 1
  },
  "latencyPercentiles": {
    "p10": 0.000417161,
    "p25": 0.00050734,
    "p50": 0.000631973,
    "p75": 0.000824782,
    "p90": 0.001023689,
    "p95": 0.001189658,
    "p99": 0.001602101
  },
  "rps": {
    "mean": 72310.34275682914,
    "stddev": 8699.094219150364,
    "max": 98757.251171036,
    "percentiles": {
      "p10": 61253.77468879967,
      "p25": 67302.11161131934,
      "p50": 72709.67048660123,
      "p75": 78268.16011654906,
      "p90": 82628.94921841958,
      "p95": 85028.97787565792,
      "p99": 89804.13997085014
    }
  },
  "details": {
    "DNSDialup": {
      "average": 0.0006462853,
      "fastest": 0.000063359,
      "slowest": 0.001322064
    },
    "DNSLookup": {
      "average": 0.00002571992,
      "fastest": 0.000002716,
      "slowest": 0.001032375
    }
  },
  "statusCodeDistribution": {
    "200": 723127
  },
  "errorDistribution": {}
}