{
  "summary": {
    "successRate": 1,
    "total": 10.000827223,
    "slowest": 0.016695583,
    "fastest": 0.000027799,
    "average": 0.0007808399489376939,
    "requestsPerSec": 63822.620446044675,
    "totalData": 8297627,
    "sizePerRequest": 13,
    "sizePerSec": 829694.0657985808
  },
  "responseTimeHistogram": {
    "0.000027799": 1,
    "0.0016945774000000002": 631510,
    "0.0033613558": 5938,
    "0.005028134200000001": 290,
    "0.006694912600000001": 165,
    "0.008361691000000001": 156,
    "0.010028469400000002": 170,
    "0.011695247800000001": 6,
    "0.013362026200000002": 38,
    "0.015028804600000003": 1,
    "0.016695583": 4
  },
  "latencyPercentiles": {
    "p10": 0.00047169,
    "p25": 0.000562889,
    "p50": 0.000681087,
    "p75": 0.001099577,
    "p90": 0.001193176,
    "p95": 0.001243974,
    "p99": 0.001874062
  },
  "rps": {
    "mean": 63822.555888536466,
    "stddev": 17638.238041362965,
    "max": 87440.09648228686,
    "percentiles": {
      "p10": 40865.870481698046,
      "p25": 42200.447324742076,
      "p50": 71021.34901751638,
      "p75": 80313.55373939157,
      "p90": 81691.54354369624,
      "p95": 82122.78360094197,
      "p99": 84718.58423601519
    }
  },
  "details": {
    "DNSDialup": {
      "average": 0.00070876854,
      "fastest": 0.000052999,
      "slowest": 0.000905383
    },
    "DNSLookup": {
      "average": 0.000005361879999999998,
      "fastest": 0.000003,
      "slowest": 0.000079298
    }
  },
  "statusCodeDistribution": {
    "200": 638279
  },
  "errorDistribution": {}
}