{
  "summary": {
    "successRate": 1,
    "total": 10.000648923,
    "slowest": 0.006325141,
    "fastest": 0.000047055,
    "average": 0.0007152918247049757,
    "requestsPerSec": 69749.87377026633,
    "totalData": 9068072,
    "sizePerRequest": 13,
    "sizePerSec": 906748.3590134624
  },
  "responseTimeHistogram": {
    "0.000047055": 1,
    "0.0006748636000000001": 378104,
    "0.0013026722000000002": 291031,
    "0.0019304808000000003": 26151,
    "0.0025582894": 2029,
    "0.003186098": 81,
    "0.0038139066000000004": 110,
    "0.004441715200000001": 33,
    "0.0050695238000000005": 2,
    "0.0056973324": 0,
    "0.006325141": 2
  },
  "latencyPercentiles": {
    "p10": 0.000425825,
    "p25": 0.000516639,
    "p50": 0.00064835,
    "p75": 0.000881064,
    "p90": 0.001055961,
    "p95": 0.001239423,
    "p99": 0.001674436
  },
  "rps": {
    "mean": 69751.72802273752,
    "stddev": 9603.065878009931,
    "max": 93241.13424671191,
    "percentiles": {
      "p10": 57337.48151167034,
      "p25": 63120.08481098499,
      "p50": 70471.47253512156,
      "p75": 76825.50606801473,
      "p90": 81829.14754235507,
      "p95": 84424.97428944065,
      "p99": 87617.74387926598
    }
  },
  "details": {
    "DNSDialup": {
      "average": 0.00061109524,
      "fastest": 0.00007995,
      "slowest": 0.001635077
    },
    "DNSLookup": {
      "average": 0.0000057406600000000005,
      "fastest": 0.000002494,
      "slowest": 0.000050143
    }
  },
  "statusCodeDistribution": {
    "200": 697544
  },
  "errorDistribution": {}
}