{
  "summary": {
    "successRate": 1,
    "total": 10.0006478,
    "slowest": 0.005222722,
    "fastest": 0.000045838,
    "average": 0.0006865083698702579,
    "requestsPerSec": 72662.39293018599,
    "totalData": 9446723,
    "sizePerRequest": 13,
    "sizePerSec": 944611.1080924178
  },
  "responseTimeHistogram": {
    "0.000045838": 1,
    "0.0005635264": 280807,
    "0.0010812148": 399012,
    "0.0015989032000000001": 39701,
    "0.0021165916": 6882,
    "0.0026342799999999997": 198,
    "0.0031519684": 40,
    "0.0036696568": 5,
    "0.0041873452": 7,
    "0.0047050336": 12,
    "0.005222722": 6
  },
  "latencyPercentiles": {
    "p10": 0.000373035,
    "p25": 0.000465279,
    "p50": 0.000658966,
    "p75": 0.000862358,
    "p90": 0.00099099,
    "p95": 0.001167328,
    "p99": 0.001595594
  },
  "rps": {
    "mean": 72658.79955691576,
    "stddev": 11618.511777928854,
    "max": 102910.97030943084,
    "percentiles": {
      "p10": 58702.37744628641,
      "p25": 63713.9715523164,
      "p50": 71043.2369139934,
      "p75": 81511.88443274895,
      "p90": 88803.69423368007,
      "p95": 92881.25372440401,
      "p99": 99324.51320976029
    }
  },
  "details": {
    "DNSDialup": {
      "average": 0.0007840593599999998,
      "fastest": 0.000079428,
      "slowest": 0.001503325
    },
    "DNSLookup": {
      "average": 0.000005281160000000001,
      "fastest": 0.000002625,
      "slowest": 0.000024887
    }
  },
  "statusCodeDistribution": {
    "200": 726671
  },
  "errorDistribution": {}
}