{
  "summary": {
    "successRate": 1,
    "total": 10.001818657,
    "slowest": 0.018961613,
    "fastest": 0.0001386,
    "average": 0.0015594031938794169,
    "requestsPerSec": 31955.288429101143,
    "totalData": 4154943,
    "sizePerRequest": 13,
    "sizePerSec": 415418.74957831483
  },
  "responseTimeHistogram": {
    "0.0001386": 1,
    "0.0020209013": 281348,
    "0.0039032026": 28685,
    "0.0057855039": 8404,
    "0.0076678052": 669,
    "0.009550106499999999": 367,
    "0.011432407799999999": 89,
    "0.013314709099999999": 32,
    "0.015197010399999999": 12,
    "0.0170793117": 2,
    "0.018961613": 2
  },
  "latencyPercentiles": {
    "p10": 0.001182995,
    "p25": 0.0012493,
    "p50": 0.001320301,
    "p75": 0.001450401,
    "p90": 0.002444902,
    "p95": 0.003419084,
    "p99": 0.004260803
  },
  "rps": {
    "mean": 31942.428615498615,
    "stddev": 7666.355650513964,
    "max": 42870.7109506421,
    "percentiles": {
      "p10": 14817.622598556345,
      "p25": 31787.16057947694,
      "p50": 35133.83531887985,
      "p75": 36373.28489440581,
      "p90": 37221.202427355616,
      "p95": 37894.33415544421,
      "p99": 39831.65421560359
    }
  },
  "details": {
    "DNSDialup": {
      "average": 0.0026047657600000006,
      "fastest": 0.0001345,
      "slowest": 0.004290503
    },
    "DNSLookup": {
      "average": 0.000012092020000000005,
      "fastest": 0.0000059,
      "slowest": 0.000067001
    }
  },
  "statusCodeDistribution": {
    "200": 319611
  },
  "errorDistribution": {}
}