{
  "summary": {
    "successRate": 1,
    "total": 10.000402668,
    "slowest": 0.00517319,
    "fastest": 0.000039253,
    "average": 0.000630028740477752,
    "requestsPerSec": 79200.8108367902,
    "totalData": 10296520,
    "sizePerRequest": 13,
    "sizePerSec": 1029610.5408782726
  },
  "responseTimeHistogram": {
    "0.000039253": 1,
    "0.0005526467": 346989,
    "0.0010660404": 405045,
    "0.0015794341": 33612,
    "0.0020928278": 6117,
    "0.0026062215": 160,
    "0.0031196152": 67,
    "0.0036330089000000004": 20,
    "0.004146402600000001": 14,
    "0.0046597963000000004": 12,
    "0.00517319": 3
  },
  "latencyPercentiles": {
    "p10": 0.000356626,
    "p25": 0.000461261,
    "p50": 0.000582177,
    "p75": 0.000752718,
    "p90": 0.000962146,
    "p95": 0.001068225,
    "p99": 0.001526328
  },
  "rps": {
    "mean": 79209.30555292034,
    "stddev": 15944.7559280717,
    "max": 99825.80047375889,
    "percentiles": {
      "p10": 55463.49529142169,
      "p25": 62859.49651344984,
      "p50": 84859.0449234572,
      "p75": 93211.8658705239,
      "p90": 96110.00505152771,
      "p95": 97417.9151545931,
      "p99": 98643.09378563079
    }
  },
  "details": {
    "DNSDialup": {
      "average": 0.0009602243000000002,
      "fastest": 0.000100878,
      "slowest": 0.001421456
    },
    "DNSLookup": {
      "average": 0.00002757466000000001,
      "fastest": 0.000004508,
      "slowest": 0.000863612
    }
  },
  "statusCodeDistribution": {
    "200": 792040
  },
  "errorDistribution": {}
}