{
  "summary": {
    "successRate": 1,
    "total": 10.000750104,
    "slowest": 0.016610783,
    "fastest": 0.0000309,
    "average": 0.0008507443438638496,
    "requestsPerSec": 58593.50487776172,
    "totalData": 7617727,
    "sizePerRequest": 13,
    "sizePerSec": 761715.5634109024
  },
  "responseTimeHistogram": {
    "0.0000309": 1,
    "0.0016888883": 573664,
    "0.0033468766": 11053,
    "0.005004864900000001": 484,
    "0.006662853200000001": 90,
    "0.0083208415": 276,
    "0.009978829800000002": 356,
    "0.011636818100000001": 8,
    "0.013294806400000001": 44,
    "0.0149527947": 0,
    "0.016610783": 3
  },
  "latencyPercentiles": {
    "p10": 0.000515406,
    "p25": 0.000602506,
    "p50": 0.000759608,
    "p75": 0.000875109,
    "p90": 0.001355115,
    "p95": 0.001447916,
    "p99": 0.001848521
  },
  "rps": {
    "mean": 58610.904901673406,
    "stddev": 16019.203440749308,
    "max": 77520.8626763325,
    "percentiles": {
      "p10": 35591.43439496071,
      "p25": 37534.869894130556,
      "p50": 68695.41793551363,
      "p75": 72033.06317599671,
      "p90": 73131.37335917033,
      "p95": 73737.53240399633,
      "p99": 74823.64788351528
    }
  },
  "details": {
    "DNSDialup": {
      "average": 0.0014826783399999996,
      "fastest": 0.000091201,
      "slowest": 0.002488827
    },
    "DNSLookup": {
      "average": 0.000009966059999999997,
      "fastest": 0.0000038,
      "slowest": 0.000091301
    }
  },
  "statusCodeDistribution": {
    "200": 585979
  },
  "errorDistribution": {}
}