{
  "summary": {
    "successRate": 1,
    "total": 10.00064668,
    "slowest": 0.005914883,
    "fastest": 0.000043525,
    "average": 0.0006867140010985534,
    "requestsPerSec": 72637.3026909096,
    "totalData": 9443460,
    "sizePerRequest": 13,
    "sizePerSec": 944284.9349818247
  },
  "responseTimeHistogram": {
    "0.000043525": 1,
    "0.0006306608": 346136,
    "0.0012177966": 347564,
    "0.0018049324": 30051,
    "0.0023920682": 2567,
    "0.002979204": 70,
    "0.0035663398": 15,
    "0.0041534755999999996": 12,
    "0.0047406114": 1,
    "0.0053277472": 0,
    "0.005914883": 3
  },
  "latencyPercentiles": {
    "p10": 0.000373709,
    "p25": 0.000460768,
    "p50": 0.000651817,
    "p75": 0.000867069,
    "p90": 0.001004367,
    "p95": 0.001179681,
    "p99": 0.001609011
  },
  "rps": {
    "mean": 72626.21478391698,
    "stddev": 11791.877942858317,
    "max": 102346.8953474399,
    "percentiles": {
      "p10": 57742.46380789109,
      "p25": 62886.83414058163,
      "p50": 71723.51814160311,
      "p75": 81091.30881373285,
      "p90": 89389.17430958923,
      "p95": 93052.06262903645,
      "p99": 96612.45334523599
    }
  },
  "details": {
    "DNSDialup": {
      "average": 0.0005941582,
      "fastest": 0.000091978,
      "slowest": 0.001018795
    },
    "DNSLookup": {
      "average": 0.000005944299999999998,
      "fastest": 0.000003136,
      "slowest": 0.000028373
    }
  },
  "statusCodeDistribution": {
    "200": 726420
  },
  "errorDistribution": {}
}