{
  "summary": {
    "successRate": 1,
    "total": 10.000308427,
    "slowest": 0.005305982,
    "fastest": 0.000037181,
    "average": 0.0006435756173204848,
    "requestsPerSec": 77533.50865725253,
    "totalData": 10079667,
    "sizePerRequest": 13,
    "sizePerSec": 1007935.6125442829
  },
  "responseTimeHistogram": {
    "0.000037181": 1,
    "0.0005640611": 343522,
    "0.0010909412": 394409,
    "0.0016178213": 32162,
    "0.0021447014": 4963,
    "0.0026715815": 187,
    "0.0031984616": 45,
    "0.0037253417": 19,
    "0.0042522218": 20,
    "0.0047791019": 21,
    "0.005305982": 10
  },
  "latencyPercentiles": {
    "p10": 0.000379487,
    "p25": 0.000470908,
    "p50": 0.000591912,
    "p75": 0.000776286,
    "p90": 0.000960476,
    "p95": 0.001084529,
    "p99": 0.001520951
  },
  "rps": {
    "mean": 77471.12333442931,
    "stddev": 16441.0156287081,
    "max": 99914.28406157292,
    "percentiles": {
      "p10": 55828.47810668438,
      "p25": 60702.519154544374,
      "p50": 80835.47869159852,
      "p75": 93119.39677034963,
      "p90": 96533.1687968014,
      "p95": 97702.60865965002,
      "p99": 98950.67037570821
    }
  },
  "details": {
    "DNSDialup": {
      "average": 0.0011864361199999999,
      "fastest": 0.000086463,
      "slowest": 0.002226764
    },
    "DNSLookup": {
      "average": 0.000011989939999999998,
      "fastest": 0.000003617,
      "slowest": 0.000225339
    }
  },
  "statusCodeDistribution": {
    "200": 775359
  },
  "errorDistribution": {}
}