{
  "summary": {
    "successRate": 1,
    "total": 10.00068332,
    "slowest": 0.004346628,
    "fastest": 0.000045772,
    "average": 0.0006806377152182506,
    "requestsPerSec": 73283.39239923058,
    "totalData": 9527492,
    "sizePerRequest": 13,
    "sizePerSec": 952684.1011899975
  },
  "responseTimeHistogram": {
    "0.000045772": 1,
    "0.0004758576": 208495,
    "0.0009059431999999999": 381459,
    "0.0013360287999999998": 122028,
    "0.0017661143999999998": 18007,
    "0.0021961999999999997": 2697,
    "0.0026262855999999997": 128,
    "0.0030563711999999996": 33,
    "0.0034864567999999996": 9,
    "0.0039165423999999996": 14,
    "0.004346628": 13
  },
  "latencyPercentiles": {
    "p10": 0.000372713,
    "p25": 0.000456404,
    "p50": 0.00064652,
    "p75": 0.000860303,
    "p90": 0.000994876,
    "p95": 0.001157121,
    "p99": 0.001591114
  },
  "rps": {
    "mean": 73258.0190471191,
    "stddev": 11738.483204020447,
    "max": 101168.27230234937,
    "percentiles": {
      "p10": 58173.87006284397,
      "p25": 64231.72880801972,
      "p50": 72605.75763658131,
      "p75": 81501.81749053737,
      "p90": 89750.9336548484,
      "p95": 93107.85180119875,
      "p99": 97735.76475081788
    }
  },
  "details": {
    "DNSDialup": {
      "average": 0.00049431646,
      "fastest": 0.000073077,
      "slowest": 0.000895637
    },
    "DNSLookup": {
      "average": 0.0000062266000000000015,
      "fastest": 0.000003266,
      "slowest": 0.000027833
    }
  },
  "statusCodeDistribution": {
    "200": 732884
  },
  "errorDistribution": {}
}