{
  "summary": {
    "successRate": 1,
    "total": 10.000570182,
    "slowest": 0.004191384,
    "fastest": 0.000036551,
    "average": 0.0006478354426955565,
    "requestsPerSec": 76978.31083527712,
    "totalData": 10007751,
    "sizePerRequest": 13,
    "sizePerSec": 1000718.0408586026
  },
  "responseTimeHistogram": {
    "0.000036551": 1,
    "0.0004520343": 168689,
    "0.0008675176": 463141,
    "0.0012830009": 117900,
    "0.0016984842": 16942,
    "0.0021139675": 2939,
    "0.0025294508": 118,
    "0.0029449341": 49,
    "0.0033604174000000002": 26,
    "0.0037759007000000002": 15,
    "0.004191384": 7
  },
  "latencyPercentiles": {
    "p10": 0.000373949,
    "p25": 0.000468379,
    "p50": 0.000596369,
    "p75": 0.000784615,
    "p90": 0.000973848,
    "p95": 0.001106326,
    "p99": 0.001511126
  },
  "rps": {
    "mean": 76976.88728575397,
    "stddev": 11860.691196009617,
    "max": 99119.0630412284,
    "percentiles": {
      "p10": 58939.73717079954,
      "p25": 68428.24033478739,
      "p50": 79444.42532263814,
      "p75": 86182.03668071641,
      "p90": 90715.08979288636,
      "p95": 92870.87905489469,
      "p99": 96126.56161717707
    }
  },
  "details": {
    "DNSDialup": {
      "average": 0.0006829223600000001,
      "fastest": 0.000115728,
      "slowest": 0.001165646
    },
    "DNSLookup": {
      "average": 0.000009168440000000003,
      "fastest": 0.000004278,
      "slowest": 0.000050265
    }
  },
  "statusCodeDistribution": {
    "200": 769827
  },
  "errorDistribution": {}
}