{
  "summary": {
    "successRate": 1,
    "total": 10.000719138,
    "slowest": 0.020437984,
    "fastest": 0.000030201,
    "average": 0.0008335237443888726,
    "requestsPerSec": 59805.29917367629,
    "totalData": 7775248,
    "sizePerRequest": 13,
    "sizePerSec": 777468.8892577918
  },
  "responseTimeHistogram": {
    "0.000030201": 1,
    "0.0020709793": 589873,
    "0.004111757599999999": 7268,
    "0.006152535899999999": 355,
    "0.0081933142": 159,
    "0.0102340925": 365,
    "0.012274870799999999": 22,
    "0.014315649099999998": 47,
    "0.016356427399999998": 3,
    "0.0183972057": 2,
    "0.020437984": 1
  },
  "latencyPercentiles": {
    "p10": 0.000508307,
    "p25": 0.000587908,
    "p50": 0.00073721,
    "p75": 0.000840412,
    "p90": 0.001326318,
    "p95": 0.001402919,
    "p99": 0.002291032
  },
  "rps": {
    "mean": 59829.156458828176,
    "stddev": 16902.633204064132,
    "max": 78578.06575480718,
    "percentiles": {
      "p10": 36502.412809486115,
      "p25": 40316.77984377084,
      "p50": 69025.8970410525,
      "p75": 74394.00553209937,
      "p90": 75560.6081942055,
      "p95": 76044.57733123378,
      "p99": 76793.59328959788
    }
  },
  "details": {
    "DNSDialup": {
      "average": 0.0015977022,
      "fastest": 0.000095202,
      "slowest": 0.001861526
    },
    "DNSLookup": {
      "average": 0.00000775808,
      "fastest": 0.0000039,
      "slowest": 0.000138602
    }
  },
  "statusCodeDistribution": {
    "200": 598096
  },
  "errorDistribution": {}
}