{
  "summary": {
    "successRate": 1,
    "total": 10.000612073,
    "slowest": 0.013023853,
    "fastest": 0.000973991,
    "average": 0.0029023611244574877,
    "requestsPerSec": 17186.348070037773,
    "totalData": 2234362,
    "sizePerRequest": 13,
    "sizePerSec": 223422.52491049108
  },
  "responseTimeHistogram": {
    "0.000973991": 1,
    "0.0021789772": 273,
    "0.0033839634": 149684,
    "0.0045889495999999995": 19457,
    "0.0057939358": 1077,
    "0.0069989219999999994": 106,
    "0.0082039082": 1111,
    "0.0094088944": 115,
    "0.0106138806": 10,
    "0.011818866800000001": 12,
    "0.013023853": 28
  },
  "latencyPercentiles": {
    "p10": 0.002578161,
    "p25": 0.002661538,
    "p50": 0.002756028,
    "p75": 0.002885655,
    "p90": 0.003524191,
    "p95": 0.003719111,
    "p99": 0.005155282
  },
  "rps": {
    "mean": 17199.55731396079,
    "stddev": 2178.7477530873452,
    "max": 22327.067808310683,
    "percentiles": {
      "p10": 15432.604463449074,
      "p25": 16507.6744178388,
      "p50": 17555.237554967385,
      "p75": 18445.30350995125,
      "p90": 19196.418817920265,
      "p95": 19531.146319035088,
      "p99": 20259.87538215876
    }
  },
  "details": {
    "DNSDialup": {
      "average": 0.00092341304,
      "fastest": 0.000153093,
      "slowest": 0.001499055
    },
    "DNSLookup": {
      "average": 0.00000874812,
      "fastest": 0.000003897,
      "slowest": 0.000045826
    }
  },
  "statusCodeDistribution": {
    "200": 171874
  },
  "errorDistribution": {}
}