{
  "summary": {
    "successRate": 1,
    "total": 10.000580374,
    "slowest": 0.014993532,
    "fastest": 0.001931802,
    "average": 0.0030936877452642565,
    "requestsPerSec": 16126.364067758053,
    "totalData": 2096549,
    "sizePerRequest": 13,
    "sizePerSec": 209642.7328808547
  },
  "responseTimeHistogram": {
    "0.001931802": 1,
    "0.003237975": 136074,
    "0.0045441480000000005": 22103,
    "0.005850321": 1695,
    "0.007156494": 212,
    "0.008462667": 744,
    "0.00976884": 389,
    "0.011075013": 14,
    "0.012381186": 8,
    "0.013687359000000001": 15,
    "0.014993532": 18
  },
  "latencyPercentiles": {
    "p10": 0.00277882,
    "p25": 0.002844205,
    "p50": 0.002920836,
    "p75": 0.003035524,
    "p90": 0.003774888,
    "p95": 0.004008494,
    "p99": 0.005457861
  },
  "rps": {
    "mean": 16147.92514635199,
    "stddev": 2069.9918132818666,
    "max": 21863.419220140902,
    "percentiles": {
      "p10": 14727.170156221246,
      "p25": 15541.15608955634,
      "p50": 16538.536443767844,
      "p75": 17341.835443824017,
      "p90": 17908.31130938849,
      "p95": 18155.754835764903,
      "p99": 18829.446333579577
    }
  },
  "details": {
    "DNSDialup": {
      "average": 0.0007659480200000002,
      "fastest": 0.00010718,
      "slowest": 0.001221789
    },
    "DNSLookup": {
      "average": 0.000007139039999999999,
      "fastest": 0.000003466,
      "slowest": 0.000035636
    }
  },
  "statusCodeDistribution": {
    "200": 161273
  },
  "errorDistribution": {}
}