{
  "summary": {
    "successRate": 1,
    "total": 10.000659728,
    "slowest": 0.015113443,
    "fastest": 0.001803918,
    "average": 0.003218913478392669,
    "requestsPerSec": 15498.377528638977,
    "totalData": 2014922,
    "sizePerRequest": 13,
    "sizePerSec": 201478.9078723067
  },
  "responseTimeHistogram": {
    "0.001803918": 1,
    "0.0031348705000000003": 110363,
    "0.004465823": 41042,
    "0.0057967755": 2276,
    "0.007127728": 161,
    "0.0084586805": 407,
    "0.009789633": 690,
    "0.0111205855": 6,
    "0.012451538": 10,
    "0.0137824905": 20,
    "0.015113442999999999": 18
  },
  "latencyPercentiles": {
    "p10": 0.002898082,
    "p25": 0.002976293,
    "p50": 0.003058133,
    "p75": 0.003154875,
    "p90": 0.003941317,
    "p95": 0.004176172,
    "p99": 0.005277502
  },
  "rps": {
    "mean": 15510.15965832118,
    "stddev": 1990.591880328485,
    "max": 22136.60488768204,
    "percentiles": {
      "p10": 13959.158915484131,
      "p25": 14935.122928591198,
      "p50": 15909.615771772153,
      "p75": 16607.600474005256,
      "p90": 17148.024758136427,
      "p95": 17400.664584688086,
      "p99": 18121.37416082435
    }
  },
  "details": {
    "DNSDialup": {
      "average": 0.0007351406,
      "fastest": 0.00009663,
      "slowest": 0.001441271
    },
    "DNSLookup": {
      "average": 0.000007411020000000001,
      "fastest": 0.000004038,
      "slowest": 0.000034725
    }
  },
  "statusCodeDistribution": {
    "200": 154994
  },
  "errorDistribution": {}
}