{
  "summary": {
    "successRate": 1,
    "total": 10.002081228,
    "slowest": 0.015488118,
    "fastest": 0.000416598,
    "average": 0.0022607515216224307,
    "requestsPerSec": 22090.502462774042,
    "totalData": 2872363,
    "sizePerRequest": 13,
    "sizePerSec": 287176.5320160625
  },
  "responseTimeHistogram": {
    "0.000416598": 1,
    "0.00192375": 4310,
    "0.0034309019999999996": 200955,
    "0.004938054": 14176,
    "0.006445205999999999": 478,
    "0.007952358": 29,
    "0.00945951": 2,
    "0.010966662": 7,
    "0.012473814": 400,
    "0.013980966": 540,
    "0.015488117999999999": 53
  },
  "latencyPercentiles": {
    "p10": 0.00202449,
    "p25": 0.00204099,
    "p50": 0.002060289,
    "p75": 0.002085489,
    "p90": 0.002468987,
    "p95": 0.00392888,
    "p99": 0.004373377
  },
  "rps": {
    "mean": 22275.502691012884,
    "stddev": 4523.8275314114,
    "max": 45363.131870557285,
    "percentiles": {
      "p10": 18407.642853312744,
      "p25": 20045.808682000235,
      "p50": 23608.858043537446,
      "p75": 24128.841203890475,
      "p90": 26028.971852398212,
      "p95": 26462.250956204018,
      "p99": 27557.48480971545
    }
  },
  "details": {
    "DNSDialup": {
      "average": 0.00148218622,
      "fastest": 0.000073,
      "slowest": 0.002999184
    },
    "DNSLookup": {
      "average": 0.000004539999999999999,
      "fastest": 0.000003,
      "slowest": 0.0000404
    }
  },
  "statusCodeDistribution": {
    "200": 220951
  },
  "errorDistribution": {}
}