{
  "summary": {
    "successRate": 1,
    "total": 10.00064565,
    "slowest": 0.01368559,
    "fastest": 0.00134604,
    "average": 0.0029014366562981637,
    "requestsPerSec": 17191.989999165704,
    "totalData": 2235103,
    "sizePerRequest": 13,
    "sizePerSec": 223495.86998915416
  },
  "responseTimeHistogram": {
    "0.00134604": 1,
    "0.002579995": 18726,
    "0.00381395": 148006,
    "0.005047904999999999": 3497,
    "0.006281859999999999": 367,
    "0.0075158149999999995": 306,
    "0.008749769999999999": 935,
    "0.009983724999999999": 49,
    "0.011217679999999999": 7,
    "0.012451634999999999": 16,
    "0.01368559": 21
  },
  "latencyPercentiles": {
    "p10": 0.002572385,
    "p25": 0.002665317,
    "p50": 0.002768742,
    "p75": 0.002895189,
    "p90": 0.003486839,
    "p95": 0.00369077,
    "p99": 0.005008058
  },
  "rps": {
    "mean": 17201.127548365617,
    "stddev": 2150.6005173175517,
    "max": 23426.651862915714,
    "percentiles": {
      "p10": 15520.777665059302,
      "p25": 16495.70975758496,
      "p50": 17607.64700109386,
      "p75": 18437.161943613417,
      "p90": 19184.62722762753,
      "p95": 19504.858445788814,
      "p99": 20075.655636573258
    }
  },
  "details": {
    "DNSDialup": {
      "average": 0.0008666389800000001,
      "fastest": 0.00013744,
      "slowest": 0.00127643
    },
    "DNSLookup": {
      "average": 0.00000810302,
      "fastest": 0.000003847,
      "slowest": 0.000045294
    }
  },
  "statusCodeDistribution": {
    "200": 171931
  },
  "errorDistribution": {}
}