{
  "summary": {
    "successRate": 1,
    "total": 10.0005773,
    "slowest": 0.014932718,
    "fastest": 0.001482999,
    "average": 0.002901843796852732,
    "requestsPerSec": 17188.507707450048,
    "totalData": 2234635,
    "sizePerRequest": 13,
    "sizePerSec": 223450.60019685063
  },
  "responseTimeHistogram": {
    "0.001482999": 1,
    "0.0028279709": 116959,
    "0.004172942799999999": 51327,
    "0.0055179146999999994": 2100,
    "0.0068628866": 242,
    "0.0082078585": 1042,
    "0.009552830399999998": 173,
    "0.010897802299999999": 1,
    "0.012242774199999999": 12,
    "0.013587746099999999": 12,
    "0.014932718": 26
  },
  "latencyPercentiles": {
    "p10": 0.002574249,
    "p25": 0.002649269,
    "p50": 0.0027439,
    "p75": 0.002880175,
    "p90": 0.003538123,
    "p95": 0.003751869,
    "p99": 0.005118385
  },
  "rps": {
    "mean": 17202.457357958727,
    "stddev": 2267.278714616529,
    "max": 20753.805467033748,
    "percentiles": {
      "p10": 15356.206788085732,
      "p25": 16272.029766966372,
      "p50": 17564.870580025727,
      "p75": 18621.18532254078,
      "p90": 19327.392571824403,
      "p95": 19645.108542825237,
      "p99": 20142.09011386132
    }
  },
  "details": {
    "DNSDialup": {
      "average": 0.00063480336,
      "fastest": 0.000076746,
      "slowest": 0.001059342
    },
    "DNSLookup": {
      "average": 0.00000859436,
      "fastest": 0.000003907,
      "slowest": 0.000055052
    }
  },
  "statusCodeDistribution": {
    "200": 171895
  },
  "errorDistribution": {}
}