{
  "summary": {
    "successRate": 1,
    "total": 10.000602357,
    "slowest": 0.014015144,
    "fastest": 0.001448422,
    "average": 0.0031787884184574003,
    "requestsPerSec": 15695.754555237338,
    "totalData": 2040571,
    "sizePerRequest": 13,
    "sizePerSec": 204044.80921808537
  },
  "responseTimeHistogram": {
    "0.001448422": 1,
    "0.0027050942": 2552,
    "0.0039617664": 141315,
    "0.0052184386": 11098,
    "0.0064751107999999995": 686,
    "0.007731782999999999": 153,
    "0.0089884552": 925,
    "0.0102451274": 191,
    "0.0115017996": 10,
    "0.012758471799999999": 17,
    "0.014015143999999998": 19
  },
  "latencyPercentiles": {
    "p10": 0.002832943,
    "p25": 0.00291082,
    "p50": 0.003001839,
    "p75": 0.003128466,
    "p90": 0.00388838,
    "p95": 0.004163898,
    "p99": 0.00579832
  },
  "rps": {
    "mean": 15706.481303831006,
    "stddev": 2070.245999197984,
    "max": 19190.140373646183,
    "percentiles": {
      "p10": 14102.658895161487,
      "p25": 15132.251367340157,
      "p50": 16094.037898414032,
      "p75": 16926.522642270782,
      "p90": 17547.194935499767,
      "p95": 17838.61646933943,
      "p99": 18440.32530337244
    }
  },
  "details": {
    "DNSDialup": {
      "average": 0.0007305720600000001,
      "fastest": 0.000068417,
      "slowest": 0.001642318
    },
    "DNSLookup": {
      "average": 0.00000689816,
      "fastest": 0.000003216,
      "slowest": 0.0000324
    }
  },
  "statusCodeDistribution": {
    "200": 156967
  },
  "errorDistribution": {}
}