{
  "summary": {
    "successRate": 1,
    "total": 10.000972453,
    "slowest": 0.014555941,
    "fastest": 0.000241497,
    "average": 0.0022573026694742717,
    "requestsPerSec": 22127.748180489867,
    "totalData": 2876887,
    "sizePerRequest": 13,
    "sizePerSec": 287660.72634636826
  },
  "responseTimeHistogram": {
    "0.000241497": 1,
    "0.0016729414": 1562,
    "0.0031043857999999997": 194074,
    "0.0045358302": 23499,
    "0.0059672746": 445,
    "0.007398719": 208,
    "0.0088301634": 69,
    "0.0102616078": 673,
    "0.0116930522": 616,
    "0.0131244966": 45,
    "0.014555941": 107
  },
  "latencyPercentiles": {
    "p10": 0.001992879,
    "p25": 0.002015678,
    "p50": 0.002042178,
    "p75": 0.002078977,
    "p90": 0.003145365,
    "p95": 0.003246065,
    "p99": 0.004491451
  },
  "rps": {
    "mean": 22232.13280376021,
    "stddev": 4273.5873762684905,
    "max": 48450.08188074344,
    "percentiles": {
      "p10": 20636.751991622394,
      "p25": 21772.255461539076,
      "p50": 22525.31861240207,
      "p75": 24225.223302502985,
      "p90": 24739.357844393064,
      "p95": 25069.21359180611,
      "p99": 26523.629901880005
    }
  },
  "details": {
    "DNSDialup": {
      "average": 0.0012167026799999995,
      "fastest": 0.000058699,
      "slowest": 0.002603672
    },
    "DNSLookup": {
      "average": 0.00000439394,
      "fastest": 0.0000029,
      "slowest": 0.0000406
    }
  },
  "statusCodeDistribution": {
    "200": 221299
  },
  "errorDistribution": {}
}