{
  "summary": {
    "successRate": 1,
    "total": 10.00173284,
    "slowest": 0.014887922,
    "fastest": 0.000289502,
    "average": 0.0025927012140818145,
    "requestsPerSec": 19262.66208886259,
    "totalData": 2504580,
    "sizePerRequest": 13,
    "sizePerSec": 250414.6071552137
  },
  "responseTimeHistogram": {
    "0.000289502": 1,
    "0.001749344": 637,
    "0.0032091859999999997": 174031,
    "0.0046690279999999995": 6881,
    "0.006128869999999999": 9865,
    "0.007588711999999998": 457,
    "0.009048554": 51,
    "0.010508396": 32,
    "0.011968237999999999": 666,
    "0.013428079999999998": 22,
    "0.014887921999999998": 17
  },
  "latencyPercentiles": {
    "p10": 0.002280715,
    "p25": 0.002302114,
    "p50": 0.002328415,
    "p75": 0.002371015,
    "p90": 0.003069919,
    "p95": 0.004847738,
    "p99": 0.005458334
  },
  "rps": {
    "mean": 19342.39757622546,
    "stddev": 3827.929544207788,
    "max": 24031.977243189085,
    "percentiles": {
      "p10": 15123.498892579584,
      "p25": 15790.720870459572,
      "p50": 21338.208687254486,
      "p75": 21627.990772634086,
      "p90": 21827.015012729997,
      "p95": 22129.296976265996,
      "p99": 22928.713628078174
    }
  },
  "details": {
    "DNSDialup": {
      "average": 0.00163554738,
      "fastest": 0.000083101,
      "slowest": 0.003521429
    },
    "DNSLookup": {
      "average": 0.0000056020799999999996,
      "fastest": 0.000004,
      "slowest": 0.000045201
    }
  },
  "statusCodeDistribution": {
    "200": 192660
  },
  "errorDistribution": {}
}