{
  "summary": {
    "successRate": 1,
    "total": 10.00128443,
    "slowest": 0.014511244,
    "fastest": 0.000327184,
    "average": 0.0024377715845219586,
    "requestsPerSec": 20468.97090397018,
    "totalData": 2661308,
    "sizePerRequest": 13,
    "sizePerSec": 266096.62175161234
  },
  "responseTimeHistogram": {
    "0.000327184": 1,
    "0.00174559": 1443,
    "0.003163996": 178034,
    "0.004582402": 22997,
    "0.006000808000000001": 754,
    "0.007419214000000001": 41,
    "0.00883762": 1266,
    "0.010256026": 96,
    "0.011674432": 36,
    "0.013092838": 10,
    "0.014511244000000001": 38
  },
  "latencyPercentiles": {
    "p10": 0.002143455,
    "p25": 0.002192974,
    "p50": 0.002245327,
    "p75": 0.002316868,
    "p90": 0.0032714,
    "p95": 0.00346406,
    "p99": 0.004802275
  },
  "rps": {
    "mean": 20500.307540379195,
    "stddev": 3090.431184335883,
    "max": 25207.014844072797,
    "percentiles": {
      "p10": 18575.789220017774,
      "p25": 19708.56731421183,
      "p50": 20889.247779258563,
      "p75": 22401.543466343686,
      "p90": 23355.586295382775,
      "p95": 23709.78502828054,
      "p99": 24313.80008306865
    }
  },
  "details": {
    "DNSDialup": {
      "average": 0.00055732014,
      "fastest": 0.000063685,
      "slowest": 0.001323578
    },
    "DNSLookup": {
      "average": 0.0000041344799999999986,
      "fastest": 0.000001753,
      "slowest": 0.000024316
    }
  },
  "statusCodeDistribution": {
    "200": 204716
  },
  "errorDistribution": {}
}