{
  "summary": {
    "successRate": 1,
    "total": 10.00059678,
    "slowest": 0.019109668,
    "fastest": 0.000651406,
    "average": 0.0041212011103244316,
    "requestsPerSec": 12117.176871118685,
    "totalData": 1575327,
    "sizePerRequest": 13,
    "sizePerSec": 157523.2993245429
  },
  "responseTimeHistogram": {
    "0.000651406": 1,
    "0.0024972322": 734,
    "0.0043430584": 79006,
    "0.0061888846": 32020,
    "0.008034710799999999": 6793,
    "0.009880537": 1565,
    "0.0117263632": 520,
    "0.0135721894": 246,
    "0.0154180156": 163,
    "0.0172638418": 88,
    "0.019109668": 43
  },
  "latencyPercentiles": {
    "p10": 0.002935527,
    "p25": 0.003085228,
    "p50": 0.00337583,
    "p75": 0.005053246,
    "p90": 0.005836353,
    "p95": 0.007045864,
    "p99": 0.009536587
  },
  "rps": {
    "mean": 12178.718876236217,
    "stddev": 2515.1044100164872,
    "max": 22605.000226034797,
    "percentiles": {
      "p10": 9038.78452049863,
      "p25": 10900.464562589692,
      "p50": 12503.637308093184,
      "p75": 13821.712528211365,
      "p90": 14892.907074538305,
      "p95": 15537.976924328632,
      "p99": 16225.087206987071
    }
  },
  "details": {
    "DNSDialup": {
      "average": 0.00130701342,
      "fastest": 0.000066601,
      "slowest": 0.003895334
    },
    "DNSLookup": {
      "average": 0.000007968060000000001,
      "fastest": 0.0000051,
      "slowest": 0.000096701
    }
  },
  "statusCodeDistribution": {
    "200": 121179
  },
  "errorDistribution": {}
}