{
  "summary": {
    "successRate": 1,
    "total": 10.001625248,
    "slowest": 0.014791293,
    "fastest": 0.000409005,
    "average": 0.002537981542436879,
    "requestsPerSec": 19677.801869186773,
    "totalData": 2558530,
    "sizePerRequest": 13,
    "sizePerSec": 255811.42429942804
  },
  "responseTimeHistogram": {
    "0.000409005": 1,
    "0.0018472338": 994,
    "0.0032854626": 178631,
    "0.0047236914": 12740,
    "0.0061619202": 3498,
    "0.007600149": 173,
    "0.0090383778": 60,
    "0.0104766066": 564,
    "0.0119148354": 111,
    "0.0133530642": 25,
    "0.014791293": 13
  },
  "latencyPercentiles": {
    "p10": 0.00227073,
    "p25": 0.00229643,
    "p50": 0.002325031,
    "p75": 0.002361431,
    "p90": 0.002815236,
    "p95": 0.004488658,
    "p99": 0.005054966
  },
  "rps": {
    "mean": 19705.19158977499,
    "stddev": 3473.088477356292,
    "max": 23919.04525910453,
    "percentiles": {
      "p10": 15342.14487196229,
      "p25": 16640.747777517583,
      "p50": 21369.523618826322,
      "p75": 21736.71813160741,
      "p90": 22251.509645354057,
      "p95": 22736.30988688929,
      "p99": 23139.73091798567
    }
  },
  "details": {
    "DNSDialup": {
      "average": 0.0016089650200000003,
      "fastest": 0.000082301,
      "slowest": 0.001802524
    },
    "DNSLookup": {
      "average": 0.0000048260399999999995,
      "fastest": 0.0000037,
      "slowest": 0.000039101
    }
  },
  "statusCodeDistribution": {
    "200": 196810
  },
  "errorDistribution": {}
}