{
  "summary": {
    "successRate": 1,
    "total": 10.002442077,
    "slowest": 0.015869862,
    "fastest": 0.000382402,
    "average": 0.002381835726103589,
    "requestsPerSec": 20959.38155763639,
    "totalData": 2725385,
    "sizePerRequest": 13,
    "sizePerSec": 272471.96024927305
  },
  "responseTimeHistogram": {
    "0.000382402": 1,
    "0.0019311479999999997": 113860,
    "0.0034798939999999994": 85179,
    "0.005028639999999999": 8471,
    "0.006577385999999999": 734,
    "0.008126132": 56,
    "0.009674877999999998": 66,
    "0.011223623999999998": 891,
    "0.012772369999999998": 327,
    "0.014321115999999998": 27,
    "0.015869862": 33
  },
  "latencyPercentiles": {
    "p10": 0.001874907,
    "p25": 0.001895606,
    "p50": 0.001924208,
    "p75": 0.00302411,
    "p90": 0.00327921,
    "p95": 0.003487411,
    "p99": 0.00506192
  },
  "rps": {
    "mean": 21223.479263765334,
    "stddev": 4487.702730955154,
    "max": 44353.31165707114,
    "percentiles": {
      "p10": 19145.698868629213,
      "p25": 19933.224698929924,
      "p50": 21532.8612996292,
      "p75": 23435.56629163239,
      "p90": 25099.706419984883,
      "p95": 25429.720820362425,
      "p99": 27192.522733332607
    }
  },
  "details": {
    "DNSDialup": {
      "average": 0.00125989286,
      "fastest": 0.0000636,
      "slowest": 0.002700011
    },
    "DNSLookup": {
      "average": 0.0000049140200000000004,
      "fastest": 0.0000031,
      "slowest": 0.000049701
    }
  },
  "statusCodeDistribution": {
    "200": 209645
  },
  "errorDistribution": {}
}