{
  "summary": {
    "successRate": 1,
    "total": 10.000658573,
    "slowest": 0.01488496,
    "fastest": 0.000984366,
    "average": 0.003006011795204292,
    "requestsPerSec": 16596.906972518438,
    "totalData": 2157740,
    "sizePerRequest": 13,
    "sizePerSec": 215759.79064273968
  },
  "responseTimeHistogram": {
    "0.000984366": 1,
    "0.0023744253999999996": 169,
    "0.0037644847999999996": 155530,
    "0.0051545442": 8716,
    "0.006544603599999999": 299,
    "0.007934663": 603,
    "0.009324722399999999": 612,
    "0.0107147818": 0,
    "0.012104841199999999": 10,
    "0.013494900599999998": 19,
    "0.01488496": 21
  },
  "latencyPercentiles": {
    "p10": 0.002720031,
    "p25": 0.002793117,
    "p50": 0.002866157,
    "p75": 0.002944673,
    "p90": 0.003647172,
    "p95": 0.003798654,
    "p99": 0.004978226
  },
  "rps": {
    "mean": 16609.2696185669,
    "stddev": 1973.0615788333678,
    "max": 19936.02702285114,
    "percentiles": {
      "p10": 15401.948346465942,
      "p25": 16045.97331815426,
      "p50": 16819.547678311606,
      "p75": 17800.78323446268,
      "p90": 18387.592976662894,
      "p95": 18635.30645160188,
      "p99": 19155.31615784015
    }
  },
  "details": {
    "DNSDialup": {
      "average": 0.0008294265799999997,
      "fastest": 0.000115205,
      "slowest": 0.001648748
    },
    "DNSLookup": {
      "average": 0.000005875839999999999,
      "fastest": 0.000002475,
      "slowest": 0.000028914
    }
  },
  "statusCodeDistribution": {
    "200": 165980
  },
  "errorDistribution": {}
}