{
  "summary": {
    "successRate": 1,
    "total": 10.00040419,
    "slowest": 0.014437733,
    "fastest": 0.001018528,
    "average": 0.0029356740763825675,
    "requestsPerSec": 16990.113276611475,
    "totalData": 2208804,
    "sizePerRequest": 13,
    "sizePerSec": 220871.47259594916
  },
  "responseTimeHistogram": {
    "0.001018528": 1,
    "0.0023604485": 2900,
    "0.0037023690000000005": 154623,
    "0.005044289500000001": 10618,
    "0.006386210000000001": 529,
    "0.0077281305": 194,
    "0.009070051": 928,
    "0.0104119715": 66,
    "0.011753892": 12,
    "0.0130958125": 13,
    "0.014437733": 24
  },
  "latencyPercentiles": {
    "p10": 0.002586181,
    "p25": 0.002689026,
    "p50": 0.002801682,
    "p75": 0.002935689,
    "p90": 0.003596641,
    "p95": 0.003805985,
    "p99": 0.005100099
  },
  "rps": {
    "mean": 17006.829787478197,
    "stddev": 2344.7903069788536,
    "max": 31465.9329886303,
    "percentiles": {
      "p10": 15273.654142370848,
      "p25": 16123.677620584764,
      "p50": 17381.70967902934,
      "p75": 18253.39849194829,
      "p90": 18951.44179360271,
      "p95": 19514.66407633765,
      "p99": 21763.250535029325
    }
  },
  "details": {
    "DNSDialup": {
      "average": 0.0008656315800000002,
      "fastest": 0.000139189,
      "slowest": 0.001347992
    },
    "DNSLookup": {
      "average": 0.000007808499999999998,
      "fastest": 0.000003977,
      "slowest": 0.000043952
    }
  },
  "statusCodeDistribution": {
    "200": 169908
  },
  "errorDistribution": {}
}