{
  "summary": {
    "successRate": 1,
    "total": 10.001081006,
    "slowest": 0.016975005,
    "fastest": 0.000187905,
    "average": 0.0026120092493215796,
    "requestsPerSec": 19123.032788681725,
    "totalData": 2486263,
    "sizePerRequest": 13,
    "sizePerSec": 248599.4262528624
  },
  "responseTimeHistogram": {
    "0.000187905": 1,
    "0.0018666150000000003": 905,
    "0.0035453250000000006": 174426,
    "0.005224035000000002": 11971,
    "0.006902745000000002": 2582,
    "0.008581455000000002": 393,
    "0.010260165000000003": 56,
    "0.011938875000000003": 61,
    "0.013617585000000003": 579,
    "0.015296295000000003": 275,
    "0.016975005": 2
  },
  "latencyPercentiles": {
    "p10": 0.002301855,
    "p25": 0.002328655,
    "p50": 0.002356057,
    "p75": 0.002389231,
    "p90": 0.002763066,
    "p95": 0.004644911,
    "p99": 0.006452854
  },
  "rps": {
    "mean": 19238.79087048613,
    "stddev": 4063.575234188017,
    "max": 24213.955960476876,
    "percentiles": {
      "p10": 15502.864877753342,
      "p25": 16626.202513924247,
      "p50": 21118.820184439293,
      "p75": 21377.97282090098,
      "p90": 21682.637284191114,
      "p95": 22010.115162374226,
      "p99": 22810.78743240109
    }
  },
  "details": {
    "DNSDialup": {
      "average": 0.0018461480799999998,
      "fastest": 0.000082302,
      "slowest": 0.002257454
    },
    "DNSLookup": {
      "average": 0.000004704120000000002,
      "fastest": 0.0000035,
      "slowest": 0.000041001
    }
  },
  "statusCodeDistribution": {
    "200": 191251
  },
  "errorDistribution": {}
}