{
  "summary": {
    "successRate": 1,
    "total": 10.000655211,
    "slowest": 0.013828169,
    "fastest": 0.000593656,
    "average": 0.002949059850029838,
    "requestsPerSec": 16915.59167182651,
    "totalData": 2199171,
    "sizePerRequest": 13,
    "sizePerSec": 219902.69173374464
  },
  "responseTimeHistogram": {
    "0.000593656": 1,
    "0.0019171073": 98,
    "0.0032405586": 145267,
    "0.004564009899999999": 21621,
    "0.005887461199999999": 880,
    "0.0072109125": 106,
    "0.008534363799999998": 1079,
    "0.009857815099999999": 70,
    "0.011181266399999999": 9,
    "0.0125047177": 18,
    "0.013828169": 18
  },
  "latencyPercentiles": {
    "p10": 0.002681977,
    "p25": 0.002744599,
    "p50": 0.002804879,
    "p75": 0.002876849,
    "p90": 0.003595997,
    "p95": 0.003735503,
    "p99": 0.005028056
  },
  "rps": {
    "mean": 16928.127068695707,
    "stddev": 2083.2984912457478,
    "max": 21144.179326111418,
    "percentiles": {
      "p10": 15303.853510313638,
      "p25": 16167.872729719342,
      "p50": 17282.99119542062,
      "p75": 18281.305758641898,
      "p90": 18796.420997101817,
      "p95": 19031.255629858497,
      "p99": 19406.122380237277
    }
  },
  "details": {
    "DNSDialup": {
      "average": 0.00075717348,
      "fastest": 0.000084778,
      "slowest": 0.001705191
    },
    "DNSLookup": {
      "average": 0.00000623272,
      "fastest": 0.000003126,
      "slowest": 0.000035646
    }
  },
  "statusCodeDistribution": {
    "200": 169167
  },
  "errorDistribution": {}
}