{
  "summary": {
    "successRate": 1,
    "total": 10.001852853,
    "slowest": 0.023907523,
    "fastest": 0.0010041,
    "average": 0.004784224488635875,
    "requestsPerSec": 10434.466646717023,
    "totalData": 1356732,
    "sizePerRequest": 13,
    "sizePerSec": 135648.06640732128
  },
  "responseTimeHistogram": {
    "0.0010041": 1,
    "0.0032944423": 947,
    "0.0055847846": 89708,
    "0.007875126900000001": 11052,
    "0.010165469199999999": 1668,
    "0.0124558115": 552,
    "0.014746153800000002": 377,
    "0.0170364961": 13,
    "0.0193268384": 14,
    "0.021617180700000002": 18,
    "0.023907523": 14
  },
  "latencyPercentiles": {
    "p10": 0.004110104,
    "p25": 0.004231904,
    "p50": 0.004410405,
    "p75": 0.004726305,
    "p90": 0.006425306,
    "p95": 0.007099707,
    "p99": 0.01007161
  },
  "rps": {
    "mean": 10486.07672378969,
    "stddev": 2103.2542009918716,
    "max": 19171.185413379615,
    "percentiles": {
      "p10": 7602.044950091462,
      "p25": 9926.49381198384,
      "p50": 11029.769347469366,
      "p75": 11735.699375508426,
      "p90": 12507.116549316901,
      "p95": 12856.970755960463,
      "p99": 13450.160430525473
    }
  },
  "details": {
    "DNSDialup": {
      "average": 0.0020169019000000005,
      "fastest": 0.0000806,
      "slowest": 0.002367102
    },
    "DNSLookup": {
      "average": 0.000007126000000000001,
      "fastest": 0.000006,
      "slowest": 0.0000358
    }
  },
  "statusCodeDistribution": {
    "200": 104364
  },
  "errorDistribution": {}
}