{
  "summary": {
    "successRate": 1,
    "total": 10.000599092,
    "slowest": 0.016559396,
    "fastest": 0.000538677,
    "average": 0.003145683619386283,
    "requestsPerSec": 15861.849729272199,
    "totalData": 2062164,
    "sizePerRequest": 13,
    "sizePerSec": 206204.0464805386
  },
  "responseTimeHistogram": {
    "0.000538677": 1,
    "0.0021407489": 692,
    "0.0037428208": 139296,
    "0.005344892699999999": 16911,
    "0.006946964599999999": 495,
    "0.0085490365": 1006,
    "0.010151108399999999": 177,
    "0.011753180299999999": 4,
    "0.013355252199999999": 9,
    "0.014957324099999999": 17,
    "0.016559396": 20
  },
  "latencyPercentiles": {
    "p10": 0.002818307,
    "p25": 0.0029054,
    "p50": 0.002993893,
    "p75": 0.003093574,
    "p90": 0.003820508,
    "p95": 0.00402331,
    "p99": 0.005532157
  },
  "rps": {
    "mean": 15873.831200564347,
    "stddev": 1993.577553521208,
    "max": 20601.592633755037,
    "percentiles": {
      "p10": 14559.414056883403,
      "p25": 15339.516127496134,
      "p50": 16141.079046172646,
      "p75": 17026.08566584941,
      "p90": 17528.905368777465,
      "p95": 17816.065708926293,
      "p99": 18399.91376201872
    }
  },
  "details": {
    "DNSDialup": {
      "average": 0.00102869252,
      "fastest": 0.00010049,
      "slowest": 0.002129605
    },
    "DNSLookup": {
      "average": 0.00000603022,
      "fastest": 0.000002665,
      "slowest": 0.000033563
    }
  },
  "statusCodeDistribution": {
    "200": 158628
  },
  "errorDistribution": {}
}