{
  "summary": {
    "successRate": 1,
    "total": 10.000656389,
    "slowest": 0.016057129,
    "fastest": 0.000327854,
    "average": 0.0030441273131272613,
    "requestsPerSec": 16390.02417684206,
    "totalData": 2130843,
    "sizePerRequest": 13,
    "sizePerSec": 213070.31429894676
  },
  "responseTimeHistogram": {
    "0.000327854": 1,
    "0.0019007815000000002": 637,
    "0.003473709": 141187,
    "0.005046636500000001": 19908,
    "0.0066195640000000005": 915,
    "0.008192491500000001": 268,
    "0.009765419000000003": 904,
    "0.011338346500000002": 42,
    "0.012911274000000002": 11,
    "0.014484201500000002": 16,
    "0.016057129": 22
  },
  "latencyPercentiles": {
    "p10": 0.002706741,
    "p25": 0.002795921,
    "p50": 0.002886264,
    "p75": 0.002990366,
    "p90": 0.00378375,
    "p95": 0.004007116,
    "p99": 0.005633958
  },
  "rps": {
    "mean": 16398.375687933745,
    "stddev": 2204.040669385803,
    "max": 20160.92227493042,
    "percentiles": {
      "p10": 15004.522363040242,
      "p25": 15723.476460645292,
      "p50": 16766.719421412083,
      "p75": 17662.55192765242,
      "p90": 18344.433433203765,
      "p95": 18591.28320051497,
      "p99": 19152.15898979244
    }
  },
  "details": {
    "DNSDialup": {
      "average": 0.0006829089799999999,
      "fastest": 0.000074109,
      "slowest": 0.001531246
    },
    "DNSLookup": {
      "average": 0.000007831139999999998,
      "fastest": 0.000003817,
      "slowest": 0.00003152
    }
  },
  "statusCodeDistribution": {
    "200": 163911
  },
  "errorDistribution": {}
}