{
  "summary": {
    "successRate": 1,
    "total": 10.00014518,
    "slowest": 0.013497177,
    "fastest": 0.001066459,
    "average": 0.002906749773003329,
    "requestsPerSec": 17158.15089796526,
    "totalData": 2230592,
    "sizePerRequest": 13,
    "sizePerSec": 223055.96167354842
  },
  "responseTimeHistogram": {
    "0.001066459": 1,
    "0.0023095308": 849,
    "0.0035526026": 155033,
    "0.0047956744": 13576,
    "0.0060387462": 734,
    "0.007281818000000001": 124,
    "0.0085248898": 1164,
    "0.0097679616": 55,
    "0.0110110334": 10,
    "0.0122541052": 11,
    "0.013497177": 27
  },
  "latencyPercentiles": {
    "p10": 0.002553979,
    "p25": 0.002646816,
    "p50": 0.002762269,
    "p75": 0.002913961,
    "p90": 0.003515295,
    "p95": 0.00375084,
    "p99": 0.005234084
  },
  "rps": {
    "mean": 17172.47810136936,
    "stddev": 2253.9871456082383,
    "max": 26821.521629288938,
    "percentiles": {
      "p10": 15351.755372888421,
      "p25": 16411.61778422902,
      "p50": 17592.21310342386,
      "p75": 18513.327482853583,
      "p90": 19218.611504624172,
      "p95": 19606.904997831785,
      "p99": 20345.953264073043
    }
  },
  "details": {
    "DNSDialup": {
      "average": 0.00062018564,
      "fastest": 0.000077195,
      "slowest": 0.001131612
    },
    "DNSLookup": {
      "average": 0.0000076826,
      "fastest": 0.000004338,
      "slowest": 0.000029506
    }
  },
  "statusCodeDistribution": {
    "200": 171584
  },
  "errorDistribution": {}
}