{
  "summary": {
    "successRate": 1,
    "total": 10.000131427,
    "slowest": 0.013117932,
    "fastest": 0.000876867,
    "average": 0.002943756101566365,
    "requestsPerSec": 16943.37731827492,
    "totalData": 2202668,
    "sizePerRequest": 13,
    "sizePerSec": 220263.90513757395
  },
  "responseTimeHistogram": {
    "0.000876867": 1,
    "0.0021009735": 211,
    "0.0033250800000000002": 145888,
    "0.004549186500000001": 20678,
    "0.0057732930000000005": 1215,
    "0.006997399500000001": 190,
    "0.008221506000000002": 1025,
    "0.0094456125": 176,
    "0.010669719000000001": 11,
    "0.011893825500000002": 15,
    "0.013117932000000002": 26
  },
  "latencyPercentiles": {
    "p10": 0.002590677,
    "p25": 0.002688461,
    "p50": 0.002798619,
    "p75": 0.002935287,
    "p90": 0.003592951,
    "p95": 0.003805761,
    "p99": 0.0052264
  },
  "rps": {
    "mean": 16952.06209292785,
    "stddev": 2211.8995532719605,
    "max": 21071.50021865318,
    "percentiles": {
      "p10": 15342.232563577874,
      "p25": 16221.194612881456,
      "p50": 17344.028535582544,
      "p75": 18242.773831804243,
      "p90": 18958.94506346559,
      "p95": 19340.21604524337,
      "p99": 19894.526396122747
    }
  },
  "details": {
    "DNSDialup": {
      "average": 0.0011770648799999993,
      "fastest": 0.000220601,
      "slowest": 0.001601199
    },
    "DNSLookup": {
      "average": 0.000009757419999999999,
      "fastest": 0.00000527,
      "slowest": 0.000044523
    }
  },
  "statusCodeDistribution": {
    "200": 169436
  },
  "errorDistribution": {}
}