{
  "summary": {
    "successRate": 1,
    "total": 10.000330824,
    "slowest": 0.013442938,
    "fastest": 0.000986145,
    "average": 0.002970010378981272,
    "requestsPerSec": 16793.94441601325,
    "totalData": 2183285,
    "sizePerRequest": 13,
    "sizePerSec": 218321.27740817226
  },
  "responseTimeHistogram": {
    "0.000986145": 1,
    "0.0022318243": 194,
    "0.0034775036": 145882,
    "0.0047231829": 20434,
    "0.0059688622": 756,
    "0.0072145415": 72,
    "0.008460220800000001": 556,
    "0.009705900100000001": 7,
    "0.010951579400000001": 15,
    "0.012197258700000001": 16,
    "0.013442938000000001": 12
  },
  "latencyPercentiles": {
    "p10": 0.002638619,
    "p25": 0.002732834,
    "p50": 0.002849014,
    "p75": 0.002976608,
    "p90": 0.003602445,
    "p95": 0.003770745,
    "p99": 0.004551027
  },
  "rps": {
    "mean": 16796.926565745845,
    "stddev": 1818.6292008064809,
    "max": 20195.326459161883,
    "percentiles": {
      "p10": 15242.005442800577,
      "p25": 15988.823710386483,
      "p50": 17018.189040446287,
      "p75": 17896.566292400257,
      "p90": 18724.60787967466,
      "p95": 19115.743726533994,
      "p99": 19609.381127930214
    }
  },
  "details": {
    "DNSDialup": {
      "average": 0.00105677226,
      "fastest": 0.000143727,
      "slowest": 0.002028421
    },
    "DNSLookup": {
      "average": 0.000010857800000000001,
      "fastest": 0.00000537,
      "slowest": 0.000052437
    }
  },
  "statusCodeDistribution": {
    "200": 167945
  },
  "errorDistribution": {}
}