{
  "summary": {
    "successRate": 1,
    "total": 10.00068962,
    "slowest": 0.013511467,
    "fastest": 0.000156518,
    "average": 0.0021338261654397046,
    "requestsPerSec": 23388.7870624666,
    "totalData": 3040752,
    "sizePerRequest": 13,
    "sizePerSec": 304054.2318120658
  },
  "responseTimeHistogram": {
    "0.000156518": 1,
    "0.0014920129": 691,
    "0.0028275077999999998": 205186,
    "0.0041630027": 25855,
    "0.005498497599999999": 468,
    "0.0068339924999999985": 53,
    "0.0081694874": 911,
    "0.0095049823": 689,
    "0.010840477199999999": 7,
    "0.012175972099999998": 10,
    "0.013511466999999997": 33
  },
  "latencyPercentiles": {
    "p10": 0.001868751,
    "p25": 0.001904264,
    "p50": 0.001944781,
    "p75": 0.002000417,
    "p90": 0.003046333,
    "p95": 0.003200919,
    "p99": 0.00400497
  },
  "rps": {
    "mean": 23479.70423821027,
    "stddev": 3883.5223864264713,
    "max": 39441.658788982255,
    "percentiles": {
      "p10": 20704.68132844812,
      "p25": 21525.445228807752,
      "p50": 23858.660058404235,
      "p75": 26208.671636071616,
      "p90": 27141.89335205672,
      "p95": 27530.63785534497,
      "p99": 28029.529798891752
    }
  },
  "details": {
    "DNSDialup": {
      "average": 0.0004599814399999999,
      "fastest": 0.000063385,
      "slowest": 0.0009343
    },
    "DNSLookup": {
      "average": 0.000005054860000000001,
      "fastest": 0.000002184,
      "slowest": 0.000030072
    }
  },
  "statusCodeDistribution": {
    "200": 233904
  },
  "errorDistribution": {}
}