{
  "summary": {
    "successRate": 1,
    "total": 10.001089206,
    "slowest": 0.013511163,
    "fastest": 0.000910084,
    "average": 0.002814627834682869,
    "requestsPerSec": 17719.769952024963,
    "totalData": 2303821,
    "sizePerRequest": 13,
    "sizePerSec": 230357.00937632454
  },
  "responseTimeHistogram": {
    "0.000910084": 1,
    "0.0021701919": 160,
    "0.0034302997999999998": 158705,
    "0.0046904077": 16067,
    "0.0059505156": 886,
    "0.0072106235": 93,
    "0.0084707314": 1151,
    "0.0097308393": 104,
    "0.0109909472": 9,
    "0.0122510551": 12,
    "0.013511163": 29
  },
  "latencyPercentiles": {
    "p10": 0.002503914,
    "p25": 0.0025717,
    "p50": 0.002656565,
    "p75": 0.002779665,
    "p90": 0.003449529,
    "p95": 0.003678342,
    "p99": 0.005187155
  },
  "rps": {
    "mean": 17739.228438701783,
    "stddev": 2368.077630368623,
    "max": 20794.405710739342,
    "percentiles": {
      "p10": 15844.280009341697,
      "p25": 16905.14423539191,
      "p50": 18324.67967859175,
      "p75": 19121.119276240886,
      "p90": 19762.76651557383,
      "p95": 20088.095815565157,
      "p99": 20507.388549179268
    }
  },
  "details": {
    "DNSDialup": {
      "average": 0.0008651377999999998,
      "fastest": 0.000148188,
      "slowest": 0.001676653
    },
    "DNSLookup": {
      "average": 0.000007342999999999999,
      "fastest": 0.000003897,
      "slowest": 0.000037791
    }
  },
  "statusCodeDistribution": {
    "200": 177217
  },
  "errorDistribution": {}
}