{
  "summary": {
    "successRate": 1,
    "total": 10.000304096,
    "slowest": 0.013941911,
    "fastest": 0.000933684,
    "average": 0.0028638146914039785,
    "requestsPerSec": 17414.470432919923,
    "totalData": 2263950,
    "sizePerRequest": 13,
    "sizePerSec": 226388.115627959
  },
  "responseTimeHistogram": {
    "0.000933684": 1,
    "0.0022345066999999996": 284,
    "0.0035353293999999995": 158808,
    "0.004836152099999999": 13890,
    "0.006136974799999999": 500,
    "0.007437797499999999": 555,
    "0.0087386202": 62,
    "0.0100394429": 0,
    "0.0113402656": 10,
    "0.012641088299999999": 26,
    "0.013941911": 14
  },
  "latencyPercentiles": {
    "p10": 0.002538673,
    "p25": 0.002625018,
    "p50": 0.002735724,
    "p75": 0.002883481,
    "p90": 0.003488408,
    "p95": 0.0036755,
    "p99": 0.004357875
  },
  "rps": {
    "mean": 17425.701901506895,
    "stddev": 1892.4409862065133,
    "max": 20894.274968657966,
    "percentiles": {
      "p10": 15629.039261835349,
      "p25": 16538.683981833514,
      "p50": 17638.408069343117,
      "p75": 18702.71002268266,
      "p90": 19402.183182410612,
      "p95": 19841.32930292536,
      "p99": 20267.825445805924
    }
  },
  "details": {
    "DNSDialup": {
      "average": 0.0010970087999999996,
      "fastest": 0.000594112,
      "slowest": 0.001542313
    },
    "DNSLookup": {
      "average": 0.000010760079999999997,
      "fastest": 0.000004639,
      "slowest": 0.000059922
    }
  },
  "statusCodeDistribution": {
    "200": 174150
  },
  "errorDistribution": {}
}