{
  "summary": {
    "successRate": 0.8152838014808765,
    "total": 10.000565971,
    "slowest": 0.015659199,
    "fastest": 0.000958694,
    "average": 0.0029010144655807276,
    "requestsPerSec": 20081.56344174573,
    "totalData": 2128503,
    "sizePerRequest": 13,
    "sizePerSec": 212838.25397205612
  },
  "responseTimeHistogram": {
    "0.000958694": 1,
    "0.0024287444999999998": 1107,
    "0.0038987949999999996": 157987,
    "0.0053688454999999986": 3055,
    "0.006838895999999999": 331,
    "0.008308946499999999": 1110,
    "0.009778996999999998": 90,
    "0.011249047499999998": 0,
    "0.012719097999999998": 4,
    "0.014189148499999998": 9,
    "0.015659199": 37
  },
  "latencyPercentiles": {
    "p10": 0.00260815,
    "p25": 0.002676225,
    "p50": 0.002747646,
    "p75": 0.002832707,
    "p90": 0.00352413,
    "p95": 0.003725984,
    "p99": 0.005207763
  },
  "rps": {
    "mean": 17207.816308452446,
    "stddev": 2156.3536442706845,
    "max": 21507.571694307702,
    "percentiles": {
      "p10": 15539.331602218577,
      "p25": 16734.79498573459,
      "p50": 17629.328150310866,
      "p75": 18392.041368778693,
      "p90": 19080.277833203912,
      "p95": 19339.154350214172,
      "p99": 19814.784218458302
    }
  },
  "details": {
    "DNSDialup": {
      "average": 0.0008945048999999999,
      "fastest": 0.000093745,
      "slowest": 0.001387413
    },
    "DNSLookup": {
      "average": 0.000006963900000000001,
      "fastest": 0.000004038,
      "slowest": 0.000013085
    }
  },
  "statusCodeDistribution": {
    "200": 163731
  },
  "errorDistribution": {
    "Connection refused (os error 111)": 37096
  }
}