{
  "summary": {
    "successRate": 1,
    "total": 10.000815,
    "slowest": 0.014033731,
    "fastest": 0.000219672,
    "average": 0.0028491183641390443,
    "requestsPerSec": 17503.97342616577,
    "totalData": 2275702,
    "sizePerRequest": 13,
    "sizePerSec": 227551.654540155
  },
  "responseTimeHistogram": {
    "0.000219672": 1,
    "0.0016010778999999999": 121,
    "0.0029824838": 146098,
    "0.004363889699999999": 26728,
    "0.005745295599999999": 1350,
    "0.0071267015": 315,
    "0.0085081074": 391,
    "0.0098895133": 0,
    "0.0112709192": 14,
    "0.0126523251": 22,
    "0.014033731": 14
  },
  "latencyPercentiles": {
    "p10": 0.00250695,
    "p25": 0.002610904,
    "p50": 0.00272554,
    "p75": 0.002853388,
    "p90": 0.00352399,
    "p95": 0.003703349,
    "p99": 0.004518471
  },
  "rps": {
    "mean": 17513.60967012158,
    "stddev": 1973.353584338494,
    "max": 21015.15455332853,
    "percentiles": {
      "p10": 15757.733488945274,
      "p25": 16582.56958875302,
      "p50": 17790.616029028824,
      "p75": 18840.981017811013,
      "p90": 19522.309751071927,
      "p95": 19847.047425923214,
      "p99": 20367.708372944307
    }
  },
  "details": {
    "DNSDialup": {
      "average": 0.0011159023199999998,
      "fastest": 0.000140042,
      "slowest": 0.002203953
    },
    "DNSLookup": {
      "average": 0.000011184760000000002,
      "fastest": 0.000005701,
      "slowest": 0.000071815
    }
  },
  "statusCodeDistribution": {
    "200": 175054
  },
  "errorDistribution": {}
}