{
  "summary": {
    "successRate": 1,
    "total": 10.001253706,
    "slowest": 0.018536783,
    "fastest": 0.000160202,
    "average": 0.0026793318688678887,
    "requestsPerSec": 18641.46290861027,
    "totalData": 2423694,
    "sizePerRequest": 13,
    "sizePerSec": 242339.0178119335
  },
  "responseTimeHistogram": {
    "0.000160202": 1,
    "0.0019978600999999998": 3462,
    "0.0038355181999999996": 168023,
    "0.005673176299999999": 12304,
    "0.007510834399999999": 915,
    "0.0093484925": 369,
    "0.011186150599999998": 359,
    "0.013023808699999999": 833,
    "0.014861466799999999": 122,
    "0.0166991249": 39,
    "0.018536783": 11
  },
  "latencyPercentiles": {
    "p10": 0.002054021,
    "p25": 0.00207962,
    "p50": 0.002117619,
    "p75": 0.003355833,
    "p90": 0.003759735,
    "p95": 0.004179841,
    "p99": 0.006873768
  },
  "rps": {
    "mean": 18791.164486926053,
    "stddev": 4516.362101328873,
    "max": 46296.29629591685,
    "percentiles": {
      "p10": 15227.717491377658,
      "p25": 16236.090628333526,
      "p50": 20732.274294208506,
      "p75": 21931.58367364803,
      "p90": 22502.252475472775,
      "p95": 22839.528371752007,
      "p99": 24382.718238625785
    }
  },
  "details": {
    "DNSDialup": {
      "average": 0.0018977087800000003,
      "fastest": 0.000075801,
      "slowest": 0.002455524
    },
    "DNSLookup": {
      "average": 0.000005182079999999999,
      "fastest": 0.0000039,
      "slowest": 0.000052901
    }
  },
  "statusCodeDistribution": {
    "200": 186438
  },
  "errorDistribution": {}
}