{
  "summary": {
    "successRate": 1,
    "total": 10.001335306,
    "slowest": 0.014087968,
    "fastest": 0.000706407,
    "average": 0.0030351009674523728,
    "requestsPerSec": 16438.304983272603,
    "totalData": 2137265,
    "sizePerRequest": 13,
    "sizePerSec": 213697.96478254383
  },
  "responseTimeHistogram": {
    "0.000706407": 1,
    "0.0020445631": 65,
    "0.0033827192000000002": 141377,
    "0.004720875300000001": 20442,
    "0.0060590314000000004": 1236,
    "0.0073971875": 112,
    "0.0087353436": 1062,
    "0.010073499700000002": 60,
    "0.0114116558": 8,
    "0.012749811900000001": 8,
    "0.014087968": 34
  },
  "latencyPercentiles": {
    "p10": 0.002721371,
    "p25": 0.002804262,
    "p50": 0.00288957,
    "p75": 0.002975838,
    "p90": 0.003698963,
    "p95": 0.003875725,
    "p99": 0.005243319
  },
  "rps": {
    "mean": 16448.39083872196,
    "stddev": 2014.9286754771306,
    "max": 20472.833709458948,
    "percentiles": {
      "p10": 15209.078298836639,
      "p25": 15914.177085912594,
      "p50": 16741.049052275375,
      "p75": 17629.65396472948,
      "p90": 18238.041466467046,
      "p95": 18460.09869731911,
      "p99": 18961.333754882056
    }
  },
  "details": {
    "DNSDialup": {
      "average": 0.0007728699199999999,
      "fastest": 0.000092166,
      "slowest": 0.001123078
    },
    "DNSLookup": {
      "average": 0.00000693754,
      "fastest": 0.000003367,
      "slowest": 0.000030217
    }
  },
  "statusCodeDistribution": {
    "200": 164405
  },
  "errorDistribution": {}
}