{
  "summary": {
    "successRate": 1,
    "total": 10.001610078,
    "slowest": 0.014107619,
    "fastest": 0.001242883,
    "average": 0.0032286908901894684,
    "requestsPerSec": 15452.31205723075,
    "totalData": 2009124,
    "sizePerRequest": 13,
    "sizePerSec": 200880.05674399977
  },
  "responseTimeHistogram": {
    "0.001242883": 1,
    "0.0025293566": 311,
    "0.0038158302": 135557,
    "0.0051023038": 17095,
    "0.0063887774": 404,
    "0.007675251": 88,
    "0.0089617246": 1030,
    "0.0102481982": 18,
    "0.0115346718": 7,
    "0.012821145400000001": 17,
    "0.014107619": 20
  },
  "latencyPercentiles": {
    "p10": 0.002903206,
    "p25": 0.002987586,
    "p50": 0.003081749,
    "p75": 0.003187928,
    "p90": 0.003926237,
    "p95": 0.004127002,
    "p99": 0.005128504
  },
  "rps": {
    "mean": 15464.936950338937,
    "stddev": 1848.7998529167023,
    "max": 18698.565749636215,
    "percentiles": {
      "p10": 14076.368522143099,
      "p25": 14951.90854088189,
      "p50": 15794.711407483595,
      "p75": 16476.45028701138,
      "p90": 17055.406192557977,
      "p95": 17365.366713382315,
      "p99": 17919.28473423106
    }
  },
  "details": {
    "DNSDialup": {
      "average": 0.0007558530399999999,
      "fastest": 0.000071122,
      "slowest": 0.001297496
    },
    "DNSLookup": {
      "average": 0.0000068735,
      "fastest": 0.000003376,
      "slowest": 0.00002708
    }
  },
  "statusCodeDistribution": {
    "200": 154548
  },
  "errorDistribution": {}
}