{
  "summary": {
    "successRate": 1,
    "total": 10.000553793,
    "slowest": 0.016092811,
    "fastest": 0.001272457,
    "average": 0.0031796950746245255,
    "requestsPerSec": 15688.331191200463,
    "totalData": 2039596,
    "sizePerRequest": 13,
    "sizePerSec": 203948.30548560602
  },
  "responseTimeHistogram": {
    "0.001272457": 1,
    "0.0027544924": 4443,
    "0.0042365278": 148450,
    "0.0057185632": 2670,
    "0.0072005986": 150,
    "0.008682634": 1062,
    "0.0101646694": 66,
    "0.0116467048": 2,
    "0.013128740199999999": 10,
    "0.014610775599999999": 16,
    "0.016092811": 22
  },
  "latencyPercentiles": {
    "p10": 0.002864347,
    "p25": 0.002956269,
    "p50": 0.003042989,
    "p75": 0.003127993,
    "p90": 0.003803965,
    "p95": 0.003994873,
    "p99": 0.005221749
  },
  "rps": {
    "mean": 15703.485149762775,
    "stddev": 1865.2483060314357,
    "max": 21666.855514685376,
    "percentiles": {
      "p10": 14551.756231388916,
      "p25": 15170.460244931492,
      "p50": 15978.895798002475,
      "p75": 16772.229720616142,
      "p90": 17237.169082264387,
      "p95": 17576.81040894667,
      "p99": 18121.213101575522
    }
  },
  "details": {
    "DNSDialup": {
      "average": 0.00085361842,
      "fastest": 0.000105777,
      "slowest": 0.001254265
    },
    "DNSLookup": {
      "average": 0.000011364519999999997,
      "fastest": 0.000003236,
      "slowest": 0.000161611
    }
  },
  "statusCodeDistribution": {
    "200": 156892
  },
  "errorDistribution": {}
}