{
  "summary": {
    "successRate": 1,
    "total": 10.001743206,
    "slowest": 0.024222367,
    "fastest": 0.000192901,
    "average": 0.004263876582909942,
    "requestsPerSec": 11708.858904690418,
    "totalData": 1522417,
    "sizePerRequest": 13,
    "sizePerSec": 152215.16576097545
  },
  "responseTimeHistogram": {
    "0.000192901": 1,
    "0.0025958476000000003": 651,
    "0.0049987942": 101873,
    "0.0074017408": 10952,
    "0.009804687400000001": 1933,
    "0.012207634000000002": 1097,
    "0.0146105806": 46,
    "0.0170135272": 22,
    "0.0194164738": 480,
    "0.0218194204": 23,
    "0.024222367": 31
  },
  "latencyPercentiles": {
    "p10": 0.003566925,
    "p25": 0.003678926,
    "p50": 0.003829226,
    "p75": 0.004090828,
    "p90": 0.005612339,
    "p95": 0.006854648,
    "p99": 0.010597473
  },
  "rps": {
    "mean": 11828.138978175157,
    "stddev": 2667.356382639539,
    "max": 22148.23072560972,
    "percentiles": {
      "p10": 8612.946119312312,
      "p25": 10792.185249154845,
      "p50": 12440.594905235337,
      "p75": 13562.292653410897,
      "p90": 14508.202089446666,
      "p95": 14764.122058512534,
      "p99": 15415.093928419337
    }
  },
  "details": {
    "DNSDialup": {
      "average": 0.0014765142000000002,
      "fastest": 0.000080901,
      "slowest": 0.002189815
    },
    "DNSLookup": {
      "average": 0.000008766060000000001,
      "fastest": 0.0000063,
      "slowest": 0.000042601
    }
  },
  "statusCodeDistribution": {
    "200": 117109
  },
  "errorDistribution": {}
}