{
  "summary": {
    "successRate": 1,
    "total": 10.000377846,
    "slowest": 0.014367499,
    "fastest": 0.000922534,
    "average": 0.0030139568510661996,
    "requestsPerSec": 16549.674677162195,
    "totalData": 2151539,
    "sizePerRequest": 13,
    "sizePerSec": 215145.77080310852
  },
  "responseTimeHistogram": {
    "0.000922534": 1,
    "0.0022670305": 1073,
    "0.003611527": 145906,
    "0.004956023499999999": 16656,
    "0.0063005199999999996": 612,
    "0.0076450165": 55,
    "0.008989512999999998": 1142,
    "0.010334009499999998": 9,
    "0.011678505999999998": 12,
    "0.013023002499999999": 17,
    "0.014367498999999999": 20
  },
  "latencyPercentiles": {
    "p10": 0.002688827,
    "p25": 0.002784815,
    "p50": 0.002875935,
    "p75": 0.002981408,
    "p90": 0.003691366,
    "p95": 0.003910314,
    "p99": 0.005136121
  },
  "rps": {
    "mean": 16555.334794411796,
    "stddev": 2147.2950160341006,
    "max": 24444.177780686656,
    "percentiles": {
      "p10": 15143.47540353695,
      "p25": 15823.913905007626,
      "p50": 16916.234510259903,
      "p75": 17772.771159931286,
      "p90": 18362.47464749273,
      "p95": 18746.6792312865,
      "p99": 19531.28912517614
    }
  },
  "details": {
    "DNSDialup": {
      "average": 0.0011596781000000002,
      "fastest": 0.000104404,
      "slowest": 0.00249906
    },
    "DNSLookup": {
      "average": 0.000009086100000000001,
      "fastest": 0.000004398,
      "slowest": 0.000047989
    }
  },
  "statusCodeDistribution": {
    "200": 165503
  },
  "errorDistribution": {}
}