{
  "summary": {
    "successRate": 1,
    "total": 10.00060292,
    "slowest": 0.013733212,
    "fastest": 0.001263663,
    "average": 0.0029508012752952765,
    "requestsPerSec": 16906.280686524846,
    "totalData": 2197949,
    "sizePerRequest": 13,
    "sizePerSec": 219781.648924823
  },
  "responseTimeHistogram": {
    "0.001263663": 1,
    "0.0025106179": 1754,
    "0.0037575728": 156608,
    "0.005004527700000001": 9033,
    "0.0062514826": 416,
    "0.0074984375": 64,
    "0.0087453924": 1089,
    "0.009992347300000001": 64,
    "0.0112393022": 7,
    "0.0124862571": 18,
    "0.013733212": 19
  },
  "latencyPercentiles": {
    "p10": 0.002658458,
    "p25": 0.00272505,
    "p50": 0.002796429,
    "p75": 0.002889112,
    "p90": 0.003603532,
    "p95": 0.003817003,
    "p99": 0.004980068
  },
  "rps": {
    "mean": 16921.063595268257,
    "stddev": 2152.3690523771015,
    "max": 22146.510024117375,
    "percentiles": {
      "p10": 15298.170061644892,
      "p25": 16047.837239268598,
      "p50": 17301.35642634271,
      "p75": 18216.155442267765,
      "p90": 18948.701953760832,
      "p95": 19220.154253750632,
      "p99": 19725.053094962648
    }
  },
  "details": {
    "DNSDialup": {
      "average": 0.0007411678999999999,
      "fastest": 0.000067556,
      "slowest": 0.001193585
    },
    "DNSLookup": {
      "average": 0.00000815046,
      "fastest": 0.000003376,
      "slowest": 0.000040245
    }
  },
  "statusCodeDistribution": {
    "200": 169073
  },
  "errorDistribution": {}
}