{
  "summary": {
    "successRate": 1,
    "total": 10.000358031,
    "slowest": 0.015825817,
    "fastest": 0.001143458,
    "average": 0.0033187368907399055,
    "requestsPerSec": 15030.561859290696,
    "totalData": 1954043,
    "sizePerRequest": 13,
    "sizePerSec": 195397.30417077907
  },
  "responseTimeHistogram": {
    "0.001143458": 1,
    "0.0026116939": 55277,
    "0.0040799298": 59674,
    "0.0055481657": 29077,
    "0.0070164016": 4599,
    "0.0084846375": 1257,
    "0.0099528734": 134,
    "0.0114211093": 231,
    "0.0128893452": 27,
    "0.014357581099999999": 14,
    "0.015825817": 20
  },
  "latencyPercentiles": {
    "p10": 0.002467734,
    "p25": 0.002559403,
    "p50": 0.002670051,
    "p75": 0.003930251,
    "p90": 0.005126923,
    "p95": 0.005380701,
    "p99": 0.007307032
  },
  "rps": {
    "mean": 15047.570168473245,
    "stddev": 1923.7990691877892,
    "max": 18862.400593644015,
    "percentiles": {
      "p10": 13316.625807320806,
      "p25": 14353.378770201702,
      "p50": 15590.293388849215,
      "p75": 16177.709062333048,
      "p90": 16615.30188744779,
      "p95": 16849.99945545739,
      "p99": 17405.594157961823
    }
  },
  "details": {
    "DNSDialup": {
      "average": 0.00127823596,
      "fastest": 0.000086472,
      "slowest": 0.002937093
    },
    "DNSLookup": {
      "average": 0.00000938022,
      "fastest": 0.000004178,
      "slowest": 0.000057357
    }
  },
  "statusCodeDistribution": {
    "200": 150311
  },
  "errorDistribution": {}
}