{
  "summary": {
    "successRate": 1,
    "total": 10.001633259,
    "slowest": 0.014284367,
    "fastest": 0.000640012,
    "average": 0.002608870647411608,
    "requestsPerSec": 19143.27340764175,
    "totalData": 2489032,
    "sizePerRequest": 13,
    "sizePerSec": 248862.55429934277
  },
  "responseTimeHistogram": {
    "0.000640012": 1,
    "0.0020044475": 1991,
    "0.003368883": 172585,
    "0.004733318499999999": 5862,
    "0.0060977539999999995": 8928,
    "0.0074621895": 888,
    "0.008826625": 456,
    "0.0101910605": 52,
    "0.011555496": 515,
    "0.0129199315": 124,
    "0.014284367000000001": 62
  },
  "latencyPercentiles": {
    "p10": 0.002299543,
    "p25": 0.002327743,
    "p50": 0.002356544,
    "p75": 0.002393044,
    "p90": 0.002941655,
    "p95": 0.00484209,
    "p99": 0.006298317
  },
  "rps": {
    "mean": 19227.87794746326,
    "stddev": 3914.9772274868856,
    "max": 41782.14788105585,
    "percentiles": {
      "p10": 15208.07074064543,
      "p25": 16234.277052569032,
      "p50": 21083.53115834915,
      "p75": 21371.460018005266,
      "p90": 21653.75579522182,
      "p95": 22129.906355447118,
      "p99": 23332.20192620838
    }
  },
  "details": {
    "DNSDialup": {
      "average": 0.0016393486399999995,
      "fastest": 0.000083101,
      "slowest": 0.001800434
    },
    "DNSLookup": {
      "average": 0.0000049081,
      "fastest": 0.0000038,
      "slowest": 0.000035101
    }
  },
  "statusCodeDistribution": {
    "200": 191464
  },
  "errorDistribution": {}
}