{
  "summary": {
    "successRate": 1,
    "total": 10.000557477,
    "slowest": 0.01456362,
    "fastest": 0.000901937,
    "average": 0.00310027690509002,
    "requestsPerSec": 16093.302835381526,
    "totalData": 2092246,
    "sizePerRequest": 13,
    "sizePerSec": 209212.93685995982
  },
  "responseTimeHistogram": {
    "0.000901937": 1,
    "0.0022681053": 179,
    "0.0036342735999999997": 139946,
    "0.0050004419": 19080,
    "0.0063666102": 506,
    "0.0077327785": 71,
    "0.0090989468": 1045,
    "0.0104651151": 61,
    "0.0118312834": 17,
    "0.0131974517": 17,
    "0.01456362": 19
  },
  "latencyPercentiles": {
    "p10": 0.002794726,
    "p25": 0.002863646,
    "p50": 0.002936792,
    "p75": 0.003018424,
    "p90": 0.003875134,
    "p95": 0.004032638,
    "p99": 0.005077255
  },
  "rps": {
    "mean": 16098.873017091995,
    "stddev": 1972.0759518079333,
    "max": 19667.50733183967,
    "percentiles": {
      "p10": 14931.713466230674,
      "p25": 15438.782220939142,
      "p50": 16431.311507208058,
      "p75": 17308.60064365851,
      "p90": 17779.702005955012,
      "p95": 17992.714659368332,
      "p99": 18435.002198811617
    }
  },
  "details": {
    "DNSDialup": {
      "average": 0.00063026076,
      "fastest": 0.000104374,
      "slowest": 0.00104654
    },
    "DNSLookup": {
      "average": 0.000006593880000000001,
      "fastest": 0.000003407,
      "slowest": 0.00003198
    }
  },
  "statusCodeDistribution": {
    "200": 160942
  },
  "errorDistribution": {}
}