{
  "summary": {
    "successRate": 1,
    "total": 10.000564456,
    "slowest": 0.01485481,
    "fastest": 0.000830505,
    "average": 0.0028762776868119554,
    "requestsPerSec": 17341.321158722403,
    "totalData": 2254499,
    "sizePerRequest": 13,
    "sizePerSec": 225437.17506339125
  },
  "responseTimeHistogram": {
    "0.000830505": 1,
    "0.0022329355": 284,
    "0.0036353659999999997": 162527,
    "0.0050377965": 8860,
    "0.006440227": 428,
    "0.0078426575": 775,
    "0.009245088": 496,
    "0.0106475185": 3,
    "0.012049948999999999": 11,
    "0.013452379499999998": 17,
    "0.014854809999999998": 21
  },
  "latencyPercentiles": {
    "p10": 0.002555075,
    "p25": 0.002634916,
    "p50": 0.002729857,
    "p75": 0.002853204,
    "p90": 0.003496199,
    "p95": 0.003682288,
    "p99": 0.005060046
  },
  "rps": {
    "mean": 17354.73655915144,
    "stddev": 2205.63442976746,
    "max": 20571.696952950406,
    "percentiles": {
      "p10": 15543.90375615923,
      "p25": 16710.09561703311,
      "p50": 17790.419808677547,
      "p75": 18644.343707072727,
      "p90": 19249.47307073907,
      "p95": 19643.435647179624,
      "p99": 20141.407521840905
    }
  },
  "details": {
    "DNSDialup": {
      "average": 0.0006403858399999998,
      "fastest": 0.000106187,
      "slowest": 0.001054897
    },
    "DNSLookup": {
      "average": 0.000008861559999999997,
      "fastest": 0.000003908,
      "slowest": 0.000059352
    }
  },
  "statusCodeDistribution": {
    "200": 173423
  },
  "errorDistribution": {}
}