{
  "summary": {
    "successRate": 1,
    "total": 10.000115635,
    "slowest": 0.015296248,
    "fastest": 0.000824784,
    "average": 0.002860491272746008,
    "requestsPerSec": 17436.898368425715,
    "totalData": 2266823,
    "sizePerRequest": 13,
    "sizePerSec": 226679.67878953432
  },
  "responseTimeHistogram": {
    "0.000824784": 1,
    "0.0022719304": 627,
    "0.0037190768": 162472,
    "0.0051662232": 9552,
    "0.0066133696": 437,
    "0.008060516": 973,
    "0.0095076624": 257,
    "0.0109548088": 11,
    "0.0124019552": 12,
    "0.0138491016": 23,
    "0.015296248": 6
  },
  "latencyPercentiles": {
    "p10": 0.002506987,
    "p25": 0.002590792,
    "p50": 0.002696125,
    "p75": 0.002848916,
    "p90": 0.003538763,
    "p95": 0.00382012,
    "p99": 0.005140782
  },
  "rps": {
    "mean": 17454.170120911323,
    "stddev": 2372.651022222239,
    "max": 21192.39057662287,
    "percentiles": {
      "p10": 15546.875383968862,
      "p25": 16640.824642620308,
      "p50": 18019.01727082831,
      "p75": 18903.16021624833,
      "p90": 19514.390749584472,
      "p95": 19851.343514867138,
      "p99": 20470.225217616768
    }
  },
  "details": {
    "DNSDialup": {
      "average": 0.0008709728399999999,
      "fastest": 0.000093855,
      "slowest": 0.001896067
    },
    "DNSLookup": {
      "average": 0.000009098959999999998,
      "fastest": 0.000004298,
      "slowest": 0.000047268
    }
  },
  "statusCodeDistribution": {
    "200": 174371
  },
  "errorDistribution": {}
}