{
  "summary": {
    "successRate": 1,
    "total": 10.00062357,
    "slowest": 0.013117584,
    "fastest": 0.00025408,
    "average": 0.002346791525075635,
    "requestsPerSec": 21264.374017429396,
    "totalData": 2764541,
    "sizePerRequest": 13,
    "sizePerSec": 276436.86222658213
  },
  "responseTimeHistogram": {
    "0.00025408": 1,
    "0.0015404304": 947,
    "0.0028267808": 183443,
    "0.0041131312": 25359,
    "0.0053994816000000005": 1237,
    "0.006685832000000001": 139,
    "0.0079721824": 923,
    "0.0092585328": 556,
    "0.0105448832": 13,
    "0.011831233600000001": 15,
    "0.013117584000000002": 24
  },
  "latencyPercentiles": {
    "p10": 0.002060322,
    "p25": 0.002106585,
    "p50": 0.002161986,
    "p75": 0.002268073,
    "p90": 0.003109702,
    "p95": 0.003306053,
    "p99": 0.004546162
  },
  "rps": {
    "mean": 21284.013713859822,
    "stddev": 3040.5195834793417,
    "max": 26353.373566151004,
    "percentiles": {
      "p10": 19321.603484856132,
      "p25": 20703.979304822456,
      "p50": 21811.653966714377,
      "p75": 22939.619016002867,
      "p90": 23629.34291803576,
      "p95": 24310.061556548848,
      "p99": 25192.56698516179
    }
  },
  "details": {
    "DNSDialup": {
      "average": 0.00060750326,
      "fastest": 0.000070394,
      "slowest": 0.001417676
    },
    "DNSLookup": {
      "average": 0.000004802699999999999,
      "fastest": 0.000001823,
      "slowest": 0.000034431
    }
  },
  "statusCodeDistribution": {
    "200": 212657
  },
  "errorDistribution": {}
}