{
  "summary": {
    "successRate": 1,
    "total": 10.000600996,
    "slowest": 0.014847063,
    "fastest": 0.001125973,
    "average": 0.002832917009132057,
    "requestsPerSec": 17607.241811810007,
    "totalData": 2289079,
    "sizePerRequest": 13,
    "sizePerSec": 228894.1435535301
  },
  "responseTimeHistogram": {
    "0.001125973": 1,
    "0.002498082": 15186,
    "0.0038701910000000003": 155846,
    "0.0052423": 3562,
    "0.006614409": 201,
    "0.007986518": 1096,
    "0.009358627000000001": 139,
    "0.010730736000000001": 13,
    "0.012102845000000001": 13,
    "0.013474954": 19,
    "0.014847063": 7
  },
  "latencyPercentiles": {
    "p10": 0.002508792,
    "p25": 0.002588996,
    "p50": 0.002680173,
    "p75": 0.002800052,
    "p90": 0.003496597,
    "p95": 0.003683452,
    "p99": 0.004969806
  },
  "rps": {
    "mean": 17620.797701665644,
    "stddev": 2280.257390748932,
    "max": 21625.692211629037,
    "percentiles": {
      "p10": 15808.101652096677,
      "p25": 16790.664551378763,
      "p50": 18158.4283749818,
      "p75": 19011.06443950365,
      "p90": 19682.483383112187,
      "p95": 19976.66640806319,
      "p99": 20488.216144100454
    }
  },
  "details": {
    "DNSDialup": {
      "average": 0.00083383788,
      "fastest": 0.000099566,
      "slowest": 0.001805949
    },
    "DNSLookup": {
      "average": 0.000041810999999999997,
      "fastest": 0.000003837,
      "slowest": 0.00169468
    }
  },
  "statusCodeDistribution": {
    "200": 176083
  },
  "errorDistribution": {}
}