{
  "summary": {
    "successRate": 1,
    "total": 10.002215416,
    "slowest": 0.019713669,
    "fastest": 0.000253898,
    "average": 0.004190032395873738,
    "requestsPerSec": 11916.060096980418,
    "totalData": 1549431,
    "sizePerRequest": 13,
    "sizePerSec": 154908.78126074543
  },
  "responseTimeHistogram": {
    "0.000253898": 1,
    "0.0021998751": 447,
    "0.0041458522": 88725,
    "0.0060918293": 20615,
    "0.0080378064": 6102,
    "0.009983783500000001": 2212,
    "0.0119297606": 551,
    "0.013875737700000002": 351,
    "0.0158217148": 134,
    "0.0177676919": 29,
    "0.019713669": 20
  },
  "latencyPercentiles": {
    "p10": 0.003395577,
    "p25": 0.003602276,
    "p50": 0.003850374,
    "p75": 0.004148872,
    "p90": 0.005458364,
    "p95": 0.006973653,
    "p99": 0.009804635
  },
  "rps": {
    "mean": 11966.489306093232,
    "stddev": 2665.4858127728453,
    "max": 25579.580983208645,
    "percentiles": {
      "p10": 8448.551289696285,
      "p25": 11003.264668626827,
      "p50": 12556.967193064229,
      "p75": 13687.926678338901,
      "p90": 14513.012366888137,
      "p95": 14929.111096352248,
      "p99": 15622.130309796903
    }
  },
  "details": {
    "DNSDialup": {
      "average": 0.00202863252,
      "fastest": 0.0000873,
      "slowest": 0.002503283
    },
    "DNSLookup": {
      "average": 0.000007977960000000003,
      "fastest": 0.000005899,
      "slowest": 0.0000364
    }
  },
  "statusCodeDistribution": {
    "200": 119187
  },
  "errorDistribution": {}
}