{
  "summary": {
    "successRate": 1,
    "total": 10.000641806,
    "slowest": 0.021855142,
    "fastest": 0.000368204,
    "average": 0.003244937545149183,
    "requestsPerSec": 15389.112317537993,
    "totalData": 2000713,
    "sizePerRequest": 13,
    "sizePerSec": 200058.4601279939
  },
  "responseTimeHistogram": {
    "0.000368204": 1,
    "0.0025168978": 72152,
    "0.0046655915999999995": 63719,
    "0.0068142854": 13540,
    "0.0089629792": 2354,
    "0.011111673": 1043,
    "0.0132603668": 572,
    "0.0154090606": 374,
    "0.0175577544": 105,
    "0.0197064482": 3,
    "0.021855142": 38
  },
  "latencyPercentiles": {
    "p10": 0.002181723,
    "p25": 0.002300724,
    "p50": 0.002592026,
    "p75": 0.003796438,
    "p90": 0.004870451,
    "p95": 0.005951063,
    "p99": 0.009900004
  },
  "rps": {
    "mean": 15507.711441189265,
    "stddev": 4275.4973654205,
    "max": 36319.28281518215,
    "percentiles": {
      "p10": 9930.820798890385,
      "p25": 13809.107106136635,
      "p50": 16049.251620368066,
      "p75": 18575.238666487574,
      "p90": 19636.651259749127,
      "p95": 20306.22878908529,
      "p99": 21802.90067118624
    }
  },
  "details": {
    "DNSDialup": {
      "average": 0.002669263460000001,
      "fastest": 0.000125401,
      "slowest": 0.004335748
    },
    "DNSLookup": {
      "average": 0.000015514179999999997,
      "fastest": 0.0000041,
      "slowest": 0.000247802
    }
  },
  "statusCodeDistribution": {
    "200": 153901
  },
  "errorDistribution": {}
}